id,generation_source,content,datetime,phoneNumber,direction,generation_source_continue
SMS-0,159-5,博哥，节后投资策略会的时间我这边没问题，具体是1月4号上午10点吗？地点还是公司大会议室？,2025-01-01 09:15:00,+8613787349876,0,159-a
SMS-1,159-3,妈，我在咖啡馆休息，刚拍完照。您和爸今天怎么样？晚上降温，注意保暖。,2025-01-01 17:05:00,+8613907128765,0,159-a
SMS-2,,【步步高超市】尊敬的会员，您于2025-01-01 18:15:34的消费订单（单号：202501011234567）已完成支付，消费金额287.60元。积分已累计，感谢您的光临！,2025-01-01 18:16:00,106900008888,1,
SMS-3,159-5,我：轩子，我刚从超市回来，买了些不错的牛排和红酒。周末有空来我家吃饭不？我下厨。,2025-01-01 19:05:00,+8613622345678,0,159-a
SMS-4,,妈，我早上跑步回来了，今天天气不错。您和爸在家注意保暖，我晚上下班回来吃饭。,2025-01-02 08:15:30,+8613907128765,0,
SMS-5,,我：雨晴，我下班了，现在开车过来，晚高峰有点堵，大概6点左右到咖啡厅。,2025-01-02 17:20:00,+8613787344567,0,
SMS-6,,彭雨晴：好的浩子，不着急，路上注意安全。我已经到了，还是老位置。,2025-01-02 17:25:00,+8613787344567,1,
SMS-7,,彭雨晴：你上次在潮宗街拍的那组光影照片太绝了！后期用的什么滤镜？,2025-01-02 18:45:00,+8613787344567,1,
SMS-8,,我：妈，我刚到家，准备弄点吃的。你和我爸晚饭吃了吗？,2025-01-02 19:45:00,+8613907128765,0,
SMS-9,160-2-1,钱总，上午9点半的部门年初工作会议，我已提前到会议室调试好设备，汇报材料已准备就绪。,2025-01-03 09:00:00,+8613973111222,0,160-b
SMS-10,160-2-1,文博，会议中提到的那个高净值客户跨境税务案例，会后方便把详细数据发我一份吗？我补充到报告里。,2025-01-03 12:05:00,+8613787349876,0,160-b
SMS-11,160-2-1,晓雅，刚才会上讨论的季度重点，我整理了一份初步的客户分层服务策略草稿，发你邮箱了，有空帮忙看看。,2025-01-03 12:15:00,+8613857123456,0,160-b
SMS-12,,妈妈，今天工作有点忙，晚上回家吃饭。最近降温，你和爸注意保暖。,2025-01-03 13:45:00,+8613907128765,0,
SMS-13,,轩子，下班路上堵死了。周末有空吗？听说新开了家不错的湘菜馆，一起去尝尝？,2025-01-03 17:35:00,+8613622345678,0,
SMS-14,,妈，我晚上准备做番茄鸡蛋面，家里还有鸡蛋和番茄吗？我下班顺路去便利店买点东西。,2025-01-03 17:45:00,+8613907128765,0,
SMS-15,,妈，今天视频通话很开心，您和爸多注意身体，周末我再打给您。晚安。,2025-01-03 19:40:00,+8613907128765,0,
SMS-16,,妈，早上好。今天长沙阴冷有雾，您和爸出门记得多穿点，注意保暖。我早餐吃了煎蛋和面包。,2025-01-04 08:15:30,+8613907128765,0,
SMS-17,,小然，我刚检查了家里存货，牛奶和水果快没了，准备去超市采购。你那边最近怎么样？工作还顺利吗？,2025-01-04 10:20:15,+8613817765432,0,
SMS-18,,【步步高超市】尊敬的会员，您于10:42在砂之船奥莱店消费128.50元，获得积分65分。当前积分余额为2530分。,2025-01-04 10:45:00,106900001234,1,
SMS-19,,已到超市，牛奶、橙子、鸡蛋、意面酱和备用咖啡豆都买齐了，正在排队结账，大概11点20左右到家。,2025-01-04 11:05:22,+8613907128765,0,
SMS-20,,浩然，上次潮宗街拍的照片后期处理得怎么样了？我这边刚弄完一组，想跟你交流下调色思路。,2025-01-04 12:30:45,+8613622344321,1,
SMS-21,175-2,沈老板您好，我已经出发前往咖啡馆了，大概12点50左右能到。期待今天的品鉴会。,2025-01-04 12:40:10,+8613787346789,0,175-a
SMS-22,175-4,轩子，在心怡咖啡馆参加手冲品鉴会，沈老板的云南日晒豆风味很特别，有酒香和热带水果味。给你也带了一包，下周碰面拿给你。,2025-01-04 15:45:30,+8613622345678,0,175-a
SMS-23,175-4,【心怡手冲咖啡馆】尊敬的冯先生，您购买的云南日晒咖啡豆（250g）订单已确认，消费金额98元。感谢您的光临，期待下次再见！,2025-01-04 16:05:18,106900005678,1,175-a
SMS-24,,【金融在线教育平台】尊敬的学员，您已成功报名“科技行业ESG投资评估实战专项课”。课程资料包及深度分析报告下载链接已发送至您的注册邮箱，请注意查收。如有疑问请联系客服。,2025-01-05 20:10:00,106900001234,1,
SMS-25,,妈，我晨跑回来了，今天岳麓山空气特别好。你和我爸今天有什么安排吗？,2025-01-06 08:30:15,+8613907128765,0,
SMS-26,,【XX天气】长沙市01月07日天气预报：晴，气温5~15℃，北风2级，空气质量良。祝您生活愉快。,2025-01-06 22:35:10,106900001234,1,
SMS-27,,妈，今天晨跑感觉不错，长沙降温了，你和爸在家注意保暖，别感冒了。,2025-01-07 09:10:22,+8613907128765,0,
SMS-28,,【华泰证券】尊敬的客户，您关注的10年期国债收益率今日早盘报2.85%，较昨日下行2BP。市场流动性保持合理充裕。,2025-01-07 10:35:05,106900009588,1,
SMS-29,1-2-1,博哥，中午老地方兰州拉面？我请客，顺便聊聊CFA的题。,2025-01-07 11:40:18,+8613787349876,0,1-b
SMS-30,,钱总，债券市场分析报告的初稿已完成，重点分析了近期波动对固收产品久期的影响，已发您邮箱，请您审阅。,2025-01-07 11:55:10,+8613973111222,0,
SMS-31,,【中国移动】尊敬的客户，您当前套餐内流量已使用80%，剩余流量2.1GB。点击 http://10086.cn 查询详情。,2025-01-07 13:45:33,10086,1,
SMS-32,,我：小雨，我看了几款轻量化帐篷和便携咖啡器具，链接发你了，周末有空我们视频讨论下？,2025-01-07 22:10:00,+8613622345566,0,
SMS-33,,云飞，早！看外面下雨了，今天户外跑估计不行了，我改去王府井的健身中心室内跑。你那边怎么安排？,2025-01-08 07:05:30,+8613787343210,0,
SMS-34,,钱总，黄思琪女士的季度投资回顾报告初稿已发您邮箱，请您审阅。报告重点分析了科技主题组合的近期表现，并加入了ESG因子应用趋势的初步看法。,2025-01-08 16:10:20,+8613973111222,0,
SMS-35,,黄女士您好，我是华泰证券的冯浩然。您本季度的投资报告已初步完成，稍后我会将详细版本发送给您。其中关于科技板块的仓位调整建议，想和您约个时间电话沟通一下，您看明天上午方便吗？,2025-01-08 16:45:05,+8613622341234,0,
SMS-36,,妈，我晚上准备做沙拉和鸡胸肉，简单吃点。你和爸晚上吃的什么？,2025-01-08 18:05:00,+8613907128765,0,
SMS-37,161-2-1,【美年大健康】尊敬的冯浩然先生，您于2025-01-09完成的年度体检报告已生成，电子版预计3个工作日内发送至您预留邮箱。体检号：MN20250109XXXX。祝您健康！,2025-01-09 11:15:00,106900009999,1,161-b
SMS-38,,晓雅，上午提到的客户持仓分析报告初稿我发你邮箱了，麻烦抽空看看，下午我们过一下细节。,2025-01-09 13:50:00,+8613857123456,0,
SMS-39,162-1,雨晴，周六晚上‘麓山小院’的包厢我已经订好了，6点，我们5个人。地址和包厢号晚点发你。,2025-01-09 15:35:00,+8613787344567,0,162-a
SMS-40,161-2-1,妈，我上午体检完了，医生说都挺好的，就是让我多锻炼一下腰背。你和爸最近身体怎么样？,2025-01-09 16:20:00,+8613907128765,0,161-b
SMS-41,,我：妈，我下班了，开车去罗比零食店买点杏仁和酸奶，大概半小时后到家。,2025-01-09 17:35:00,+8613907128765,0,
SMS-42,,【罗比零食】尊敬的会员，您于17:42分消费68.5元，获得积分15分，当前余额1250分。感谢您的光临！,2025-01-09 17:43:00,106900008888,1,
SMS-43,161-2-2,我：博哥，今天体检报告出来了，医生建议加强力量训练预防劳损，你平时健身有什么好用的APP推荐吗？,2025-01-09 19:40:00,+8613787349876,0,161-b
SMS-44,16-3,文博，今天午餐聊得很受启发。关于明天上午一起研究CFA三级衍生品习题的事，我初步想了几个实务案例可以结合讨论，你看我们9点半开始线上会议如何？,2025-01-10 13:05:00,+8613787349876,0,16-c
SMS-45,3-1,晓雅，杭州客户黄总的项目进展已同步到你邮箱，核心数据已更新，请查收。,2025-01-10 14:15:00,+8613857123456,0,3-i
SMS-46,161-4-2,我：云飞，今天跑完感觉不错，核心训练也坚持下来了。刚在超市买了鲜奶，准备回家。你到家了吗？,2025-01-11 09:00:00,+8613787343210,0,161-d
SMS-47,161-4-1,妈妈：浩然，今天晨跑怎么样？看你最近在锻炼，别太累着自己。家里一切都好，不用惦记。,2025-01-11 09:40:00,+8613907128765,1,161-d
SMS-48,,我：妈，我在咖啡店休息，顺便在网上看了几家保险公司的医疗险，想给你和爸了解一下。你们最近身体都好吧？,2025-01-11 13:30:00,+8613907128765,0,
SMS-49,,【平安保险】尊敬的客户，您咨询的平安福保险产品已为您生成初步方案，投保年龄18-55周岁，保障范围涵盖120种重疾+20种中症+40种轻症，年缴保费约8500元。详情可登录平安金管家APP查看，或回复1由专员为您服务。,2025-01-11 14:30:00,106900009555,1,
SMS-50,,钱总，我刚学完科技行业ESG投资的第一模块，针对互联网公司草拟了几个评估观察点，包括数据隐私、能耗管理和供应链责任，稍后整理成文档发您邮箱，请您指点。,2025-01-11 16:45:00,+8613973111222,0,
SMS-51,172-2-2,【平安健康】尊敬的客户，您为父母咨询的医疗险和防癌险条款已初步整理，保单号尾号分别为P12345和F67890。如需详细对比或预约顾问解读，请回复‘1’。,2025-01-12 09:45:30,106900009551,1,172-b
SMS-52,172-2-2,妈，我上午在家看了下您和爸的保险条款，保障范围都挺全的。您最近身体感觉怎么样？有没有定期去社区医院量血压？,2025-01-12 09:55:00,+8613907128765,0,172-b
SMS-53,162-3,我：清单我细化好了，帐篷、睡袋、防潮垫这些大件我来准备。你负责采购食材和公共用品清单怎么样？比如烧烤架、木炭、一次性餐具。,2025-01-12 13:45:00,+8613787344567,0,162-c
SMS-54,162-3,彭雨晴：没问题，食材清单我晚点发你确认。对了，谢雨桐说她可以带天幕和折叠桌椅，这样我们的营地就更舒服了。,2025-01-12 14:10:00,+8613787344567,1,162-c
SMS-55,,【罗比零食】尊敬的会员，您于15:40消费68.5元，获得积分15分。感谢您的光临，新品无糖黑巧上市，欢迎下次选购。,2025-01-12 15:41:05,106900008866,1,
SMS-56,163-4,佳宁，我刚把上周拍的街拍照片整理好，挑了几张感觉还不错的，晚上方便的时候想听听你的专业意见。,2025-01-12 19:05:00,+8613622344321,0,163-d
SMS-57,172-2-2,【XX保险】尊敬的客户，您咨询的关于父母健康险的条款对比分析已通过邮件发送，请注意查收。如有疑问，可随时联系您的专属顾问。,2025-01-12 20:35:00,106900008888,1,172-b
SMS-58,,妈，我出发去公司了，路上有点堵，估计九点半到。你上午去买菜记得穿暖和点。,2025-01-13 08:45:10,+8613907128765,0,
SMS-59,171-1,钱总，上午好。下午与黄思琪客户的ESG整合投资方案已最终打磨完毕，核心优势和数据支撑已强化。会议材料已发您邮箱，请您审阅。,2025-01-13 10:15:22,+8613973111222,0,171-a
SMS-60,171-1,晓雅，上午好。下午客户会议需要的行业对标数据，特别是新能源板块的ESG评分，麻烦你再帮我复核一下，确保是最新的。谢谢！,2025-01-13 11:05:45,+8613857123456,0,171-a
SMS-61,3-4,"【招商银行】尊敬的客户，您尾号8890的账户于13:35完成货币基金申购，金额50,000.00元。当前七日年化收益率2.15%。",2025-01-13 13:36:05,10657558558955,1,3-l
SMS-62,164-1-3,钱总，会议纪要已整理完毕，客户的新需求及反馈已重点标注。修订后的方案草案已补充ESG行业对标部分，发您邮箱了，请审阅。,2025-01-13 16:05:30,+8613973111222,0,164-a
SMS-63,164-1-3,晓雅，客户提到的几个数据点，我这边已经核对并更新到方案里了。你方便时也看一下，确保我们口径一致。,2025-01-13 16:20:15,+8613857123456,0,164-a
SMS-64,165-2,"【华泰证券】尊敬的客户，您账户尾号8888于10:15完成一笔卖出交易，成交金额1,250,000.00元，详情请登录APP查看。",2025-01-14 10:16:30,106900009558,1,165-b
SMS-65,165-2,钱总，市场开盘后已按计划执行减持，并买入目标ETF。操作日志已记录，待您审阅。,2025-01-14 10:18:00,+8613973111222,0,165-b
SMS-66,,妈，我中午吃了拉面，腰背还是有点酸，晚上回去再热敷一下。您和爸注意保暖。,2025-01-14 13:20:00,+8613907128765,0,
SMS-67,171-2,黄总，下午好。关于股权激励的案例研究已有初步框架，重点分析了腾讯、阿里的工具和节奏，稍后整理好摘要发您邮箱参考。,2025-01-14 15:50:00,+8613622341234,0,171-b
SMS-68,172-3-2,【XX保险】尊敬的客户，您为父母投保的医疗险（保单号：HB20250113XXXX）已于2025年1月14日生效，保障详情请查阅电子保单。客服热线：400-820-XXXX。,2025-01-14 20:30:00,10690000XXXX,1,172-c
SMS-69,172-3-2,爸妈的医疗险电子保单已经生效了，我刚和他们视频确认完，保障内容和条款都解释清楚了，他们挺放心的。,2025-01-14 20:46:00,+8613817765432,0,172-c
SMS-70,,最近工作忙吗？我这边老毛病又有点犯了，刚做完热敷。你也要注意身体，别总熬夜。,2025-01-14 20:48:00,+8613817765432,0,
SMS-71,,妈，今天下雨没晨跑，刚做完拉伸。你那边天气怎么样？记得带伞出门。,2025-01-15 08:15:30,13907128765,0,
SMS-72,,文博，早上在电梯里忘了说，昨天你提的那个市场异动点，我复盘时也觉得很有意思，中午吃饭细聊？,2025-01-15 09:05:22,13787349876,0,
SMS-73,,【XX银行】尊敬的客户，您尾号8899的信用卡本期账单已出，金额为12，345.67元，还款日为01月25日。登录手机银行可一键还款。,2025-01-15 11:20:15,106900009889,1,
SMS-74,162-4,雨晴，露营装备清单我更新了，发你邮箱了。另外，我看周末好像还有雨，我们备选方案去室内玩桌游怎么样？,2025-01-15 17:35:18,13787344567,0,162-d
SMS-75,162-4,小雨，松雅湖露营的定金我已经付了，确认邮件也转发给你了。我们选的是临湖帐篷位和早餐套餐，出发前再一起细化一下计划吧。,2025-01-15 19:05:00,+8613787344567,0,162-d
SMS-76,,佳宁，上周拍的那张雨滴特写我调好色了，感觉光影效果还不错，发你看看。,2025-01-15 21:15:00,+8613622344321,0,
SMS-77,,云飞，周末跑步还是老时间老地方吗？我这边没问题。,2025-01-15 21:25:00,+8613787343210,0,
SMS-78,172-4,【平安健康】尊敬的客户，您为投保人冯建国（保单号：PA20250116WH420102196503124517）办理的商业补充医疗保险已生效，保障期间2025-01-16至2026-01-15。电子保单已发送至您预留邮箱，请注意查收。理赔指引：请拨打客服热线95511或登录平安健康APP在线申请。,2025-01-16 13:45:00,10695511,1,172-d
SMS-79,166-4,尊敬的客户，您好。根据您最终确认的方案，相关操作指令已准确执行。请您关注执行结果，如有任何疑问或需进行后续确认，请随时与我联系。,2025-01-16 14:30:00,13800138000,0,166-a
SMS-80,,沈老板，我大概半小时后到咖啡厅，麻烦帮我留个靠窗的安静位置，谢谢。,2025-01-17 13:00:00,+8613787346789,0,
SMS-81,,云飞，明早老地方6点半晨跑，没问题吧？,2025-01-17 19:25:00,+8613787343210,0,
SMS-82,,佳宁，刚在论坛看到个阴雨天街拍的帖子，想起上次在潮宗街拍的那组，感觉低饱和和引导线用好了氛围感绝了。你最近有拍新片吗？,2025-01-17 21:35:00,+8613622344321,0,
SMS-83,,妈，今天感冒好点了，在家收拾东西，下午准备出门看个展。你和我爸注意保暖。,2025-01-18 09:45:00,13907128765,0,
SMS-84,46-2,我：雨晴，我准备出发了，大概35分钟车程，我们直接在谢子龙影像艺术馆正门口碰面吧？,2025-01-18 13:02:00,13787344567,0,46-a
SMS-85,46-2,彭雨晴：好的，我已经在路上了，大概20分钟到。门口见！记得带伞，雨还没停。,2025-01-18 13:05:00,13787344567,1,46-a
SMS-86,46-2,我：收到，我也带伞了。待会见！,2025-01-18 13:06:00,13787344567,0,46-a
SMS-87,46-4,彭雨晴：刚才那幅《市场博弈》的隐喻太绝了，把资本流动和自然法则结合，你觉得投资里真有这种不变的“道”吗？,2025-01-18 15:20:00,13787344567,1,46-a
SMS-88,46-4,我：我觉得有，就像价值投资的“安全边际”，本质是对抗市场情绪的理性法则。不过今天脑子有点晕，感冒药劲上来了，我们咖啡喝完这杯就撤？,2025-01-18 15:25:00,13787344567,0,46-a
SMS-89,46-5,【美团买菜】您的订单（尾号7782）已由配送员放置于小区西门门卫处，请及时领取。如有问题请致电10109777。,2025-01-18 17:30:00,106900001010,1,46-a
SMS-90,46-5,今天去看了个建筑展，拍了几张很有感觉的照片，发朋友圈了，有空看看。,2025-01-18 18:05:12,+8613622344321,0,46-a
SMS-91,,妈，我感冒好多了，刚吃了药准备睡了，你和爸也早点休息。,2025-01-18 21:15:22,+8613907128765,0,
SMS-92,174-1,浩然，最近手头有笔积蓄，想咨询你关于个人储蓄理财和基金定投的建议，方便时聊聊吗？,2025-01-19 10:30:00,+86 13800138000,1,174-a
SMS-93,171-7,钱总，上午好。关于林志豪林总那个项目的尽调报告初稿我已经完成，核心数据已核对完毕，预计下午三点前可以发您审阅。您看这个时间点合适吗？,2025-01-20 10:05:15,+8613973111222,0,171-g
SMS-94,171-7,林总，您好。您上周提到的关于投资组合调整的初步方案，我们内部已经讨论并形成了几个方向，相关资料已整理好。您方便的时候，我发给您先看看？,2025-01-20 11:20:30,+8613818987654,0,171-g
SMS-95,,妈，我中午和同事吃的，挺健康的。您和爸中午吃的啥？最近天冷，你们注意保暖，晚上我回去吃饭。,2025-01-20 13:15:22,+8613907128765,0,
SMS-96,168-2-1,老罗，在论坛上看到你发的那个‘全国山河一片红’的票，品相真不错！我手头也有几枚JT票想交流下，下午有空聊聊吗？,2025-01-20 13:25:10,+8613622346677,0,168-b
SMS-97,168-2-2,刚在咖啡厅整理思路，想到一个关于‘文旅+金融’的跨界点子，感觉和咱们之前聊的有些关联。我把初步想法记下来了，晚点发你瞅瞅？,2025-01-20 13:50:45,+8613622344321,0,168-b
SMS-98,171-7,林总，关于您关心的投资组合优化方案，我们团队已初步完成分析，您看明天上午10点方便线上会议沟通一下细节吗？,2025-01-20 14:25:00,+8613818987654,0,171-g
SMS-99,170-1,【铁路12306】订单E202501201430123456，冯浩然先生，您已成功预订2025-01-28 G1002次列车（长沙南-武汉）08:30开，座位号06车12A号，请携带购票证件准时乘车。,2025-01-20 14:35:00,+86106912306,1,170-a
SMS-100,177-1,爸，春节回家的高铁票已经买好了，28号早上8点半那趟，大概10点多到武汉。你们不用来接，我自己打车回去就行。,2025-01-20 14:40:00,+8613807123456,0,177-a
SMS-101,174-2-1,徐佳宁你好，我是华泰证券的冯浩然。关于你的理财方案，有几个关键信息想和你同步确认一下：1. 你每月可用于储蓄的金额大约是多少？2. 购房首付的目标金额和时间点是？3. 你的风险承受能力如何？这样我能为你制定更精准的方案。,2025-01-21 09:30:15,+8613622344321,0,174-b
SMS-102,174-2-1,林总，您的季度投资回顾报告初稿已完成，已发送至您的工作邮箱。核心要点是：组合整体稳健，跑赢基准2.1%，建议维持当前配置。请您审阅，有任何问题随时沟通。,2025-01-21 11:20:45,+8613818987654,0,174-b
SMS-103,,哥，我们新项目今天内部评审通过了！虽然累但挺有成就感的。你最近理财市场怎么样？,2025-01-21 20:45:10,+8613817765432,1,
SMS-104,,恭喜小然！项目通过是好事，注意休息。市场下午有些波动，我刚处理完。你的理财计划我周末帮你看看，先别急着操作。,2025-01-21 20:48:30,+8613817765432,0,
SMS-105,,郑文博，上午提到的林志豪项目需要一些近期城市更新政策对商业地产融资影响的数据，方便的话下午会议前发我一份摘要，谢谢。,2025-01-22 10:45:00,+8613787349876,0,
SMS-106,,老罗，我刚在论坛发了篇关于JT票价值锚点的帖子，引用了J166做案例，有空看看，给点专业意见。,2025-01-22 11:50:00,+8613622346677,0,
SMS-107,,林总，会议纪要已整理，核心思路是优先盘活债券及高流动性权益资产以应对短期资金需求。详细财务模型预计今天下班前发您审阅。,2025-01-22 14:50:00,+8613818987654,0,
SMS-108,,老罗，你那条关于印刷工艺的评论太专业了，我仔细看了，确实对品相定价影响很大。你提到的那个版别差异，我手头正好有一套，回头拍细节图给你看看。,2025-01-22 15:10:00,+8613622346677,0,
SMS-109,,妈，我下班了，今天特别累，没去买沙拉，在拉面馆简单吃了碗面。现在开车回家，大概半小时后到。,2025-01-22 18:10:00,+8613907128765,0,
SMS-110,,【中国移动】尊敬的客户，您当前套餐内流量已使用80%，剩余流量2.1GB。点击 http://10086.cn 可便捷查询或办理流量包。,2025-01-22 19:05:00,10658086,1,
SMS-111,,阿杰，今天脑力彻底透支了。周六早上8点，麓山南路老地方见，先跑步，然后去刘聋子嗦粉，如何？,2025-01-22 21:16:00,+8613787345678,0,
SMS-112,,钱总，我已到办公室，正在处理邮件并准备10点的视频会议，股权激励方案的PPT已检查完毕，会议系统测试正常。,2025-01-23 09:15:00,+8613973111222,0,
SMS-113,174-4,佳宁，早上好。关于昨天讨论的方案，你这边还有其他疑问吗？如果有任何不清楚的地方，随时告诉我。如果你决定开始执行，也请随时联系我，我们可以一起调整细节。很高兴能和你这样跨领域交流合作，期待你的反馈！,2025-01-23 09:30:00,+86 13800138000,0,174-d
SMS-114,,黄总，上午的会议纪要我已整理好，核心要点包括行权条件优化、退出机制细节及税务筹划建议，稍后发您邮箱，请查收。下周提交优化版方案前我们再同步一次。,2025-01-23 11:35:00,+8613622341234,0,
SMS-115,1-7,文博，林志豪项目的新数据我已标记好重点，风险对冲部分有几个期权策略思路，下午有空时我们碰一下？,2025-01-23 11:50:00,+8613787349876,0,1-i
SMS-116,,妈，我今早跑了5公里，配速不错。早餐吃了燕麦和鸡蛋。你和我爸今天出门记得加件衣服，长沙降温了。,2025-01-24 08:10:15,+8613907128765,0,
SMS-117,176-1,钱总，上午好。我已开始整理重点客户的近期表现报告，包括黄思琪、林志豪等几位，摘要文档预计今天上午完成，完成后发您审阅。,2025-01-24 09:25:30,+8613973111222,0,176-a
SMS-118,176-1,晓雅，你那边有上周市场周报的电子版吗？我整理客户报告需要参考一下，方便的话发我一份，谢谢。,2025-01-24 09:45:10,+8613857123456,0,176-a
SMS-119,176-1,博哥，客户林志豪的项目数据我这边已经核对完毕，最终报告初稿发你邮箱了，麻烦有空帮我过一眼，下午会议要用。,2025-01-24 10:15:05,+8613787349876,0,176-a
SMS-120,,【Keep】您已连续跑步打卡7天！明日（1月25日）长沙天气晴，气温5-12℃，东北风2级，空气质量良，适合晨跑。,2025-01-24 10:35:20,106900009999,1,
SMS-121,178-1-1,黄总您好，我是华泰证券冯浩然。您本季度的持仓数据已更新完毕，整体表现稳健。详细的季度报告初稿已准备，您看下周什么时间方便，我向您汇报一下？,2025-01-24 11:30:45,+8613622341234,0,178-a
SMS-122,176-1,林总，下午好。最终报告和会议材料我已准备妥当，视频会议链接已发至您邮箱。我们下午1点半准时开始，期待与您最终确认。,2025-01-24 12:50:00,+8613818987654,0,176-a
SMS-123,176-1,林总，感谢您的时间，会议很顺利。项目最终版报告（含电子签章）已发送至您的工作邮箱，请注意查收。后续有任何需要，随时联系我。,2025-01-24 15:35:10,+8613818987654,0,176-a
SMS-124,176-1,钱总，林志豪项目已正式关闭，最终报告已发送给客户并抄送您和项目组。相关归档文件已同步至部门共享盘。,2025-01-24 15:45:30,+8613973111222,0,176-a
SMS-125,2-2,今天晨跑超额完成月度目标，6公里跑完累计82公里了！和云飞、俊杰击掌庆祝，下个月继续互相监督！,2025-01-25 08:50:00,+8613787343210,0,2-d
SMS-126,50-3-1,妈，我今天去参加摄影工作坊，晚上可能晚点回去，不用等我吃饭。,2025-01-25 09:45:00,+8613907128765,0,50-c
SMS-127,174-5,佳宁，你分享的街拍作品我看了，构图和色彩真的很棒！特别是光影的运用，下次线上交流向你多请教。,2025-01-25 12:35:00,+8613622344321,0,174-e
SMS-128,50-3-1,今天下午实战拍摄收获很大，我们小组配合得不错。你那边拍的样片出来了吗？期待看看。,2025-01-25 16:55:00,+8613622345566,0,50-c
SMS-129,,妈，我明天下午3点左右到武汉站，车次是G1012。家里需要我带点什么回去吗？,2025-01-26 08:30:15,+8613907128765,0,
SMS-130,169-2-1,云飞，钥匙在地垫下，绿萝和龟背竹在阳台，浇水一次就行，麻烦你了！我大概初八回来。,2025-01-26 11:50:20,+8613682345678,0,169-b
SMS-131,,妈，我明天下午3点到武汉站，G1012次。午饭吃过了，简单做了鸡胸肉沙拉。你和我爸吃饭了吗？,2025-01-26 12:45:10,+8613907128765,0,
SMS-132,170-2,我：妈，我开车去IFS买点东西，大概下午三四点回来，晚上在家吃饭。,2025-01-26 13:15:00,+8613907128765,0,170-b
SMS-133,,妈，我明天就回家了，家里需要我带点什么吗？长沙这边降温了，你和爸注意保暖。,2025-01-27 09:10:22,+8613907128765,0,
SMS-134,,文博，中午还是老地方？我大概12点10分到。,2025-01-27 11:45:15,+8613787349876,0,
SMS-135,,好的，我也刚忙完，待会儿见。,2025-01-27 11:47:05,+8613787349876,1,
SMS-136,169-3-1,晓雅，假期客户紧急对接流程的文档我发你邮箱了，麻烦你再看一下，有问题随时电话我。,2025-01-27 14:05:33,+8613857123456,0,169-c
SMS-137,169-3-1,收到，已查阅，流程清晰。假期愉快，一路顺风！,2025-01-27 14:18:50,+8613857123456,1,169-c
SMS-138,,钱总，工作已全部交接完毕，祝您和家人新春快乐，万事如意！,2025-01-27 16:30:10,+8613973111222,0,
SMS-139,,浩然辛苦了，也祝你春节快乐，阖家幸福！明年见。,2025-01-27 16:32:45,+8613973111222,1,
SMS-140,169-3-2,【米家智能家居】您已成功启动“春节离家”安防模式。所有传感器（门窗*3，摄像头*1）已在线并进入警戒状态。灯光随机开关已开启。祝您旅途愉快！,2025-01-27 19:05:00,106900008888,1,169-c
SMS-141,,妈，我聚餐结束了，刚到家。准备在小区里走两圈消消食，然后检查下行李就休息。你们也早点休息。,2025-01-27 21:35:00,+8613907128765,0,
SMS-142,169-4,【中国铁路】尊敬的旅客，您购买的G1002次（长沙南-武汉）列车将于今日09:50发车，请提前1小时到达长沙南站，检票口A12-A13。祝您旅途愉快！,2025-01-28 07:05:00,106900000000,1,169-d
SMS-143,169-4,我：云飞，出发去高铁站了，准备回家过年。新年快乐，年后回来约跑！,2025-01-28 08:15:00,+8613787343210,0,169-d
SMS-144,169-4,我：妈，我已经到长沙南站了，刚过安检，在候车室等车。车是G1002，中午1点20到武汉。,2025-01-28 09:00:00,+8613907128765,0,169-d
SMS-145,,我：钱总，我已上高铁，正在回武汉的路上。年前的工作总结和Q1规划初稿已发您邮箱，请您审阅。提前祝您和家人新年快乐！,2025-01-28 10:30:00,+8613973111222,0,
SMS-146,170-4-1,我：爸，我出站了，现在去排队打车，大概40分钟到家。,2025-01-28 13:25:00,+8613807123456,0,170-d
SMS-147,170-4-1,爸，梯子和胶带我都准备好了，您看看春联贴正了没？我这就开始贴。,2025-01-28 15:15:00,+8613807123456,0,170-d
SMS-148,170-4-1,妈，排骨我已经焯好水了，莲藕也切好了，您看看大小合适吗？,2025-01-28 17:00:00,+8613907128765,0,170-d
SMS-149,170-4-1,妈，武昌鱼处理好了，葱姜也备齐了，可以上锅蒸了。,2025-01-28 17:45:00,+8613907128765,0,170-d
SMS-150,170-4-1,妈，汤的火候我调小了，让它慢慢煨着。您炒菜辛苦了，我给您拍了几张帅气的下厨照！,2025-01-28 18:30:00,+8613907128765,0,170-d
SMS-151,170-4-1,钱总，新年好！感谢您过去一年的悉心指导与支持，祝您和家人新春快乐，龙年大吉，万事顺意！冯浩然敬上。,2025-01-28 21:05:00,+8613973111222,0,170-d
SMS-152,170-4-1,博哥/晓雅，新年快乐！过去一年承蒙关照，合作愉快。祝两位新春吉祥，阖家幸福，新的一年业绩长虹！,2025-01-28 21:15:00,+8613787349876,0,170-d
SMS-153,170-4-1,林总，给您拜年了！感谢您一直以来的信任与支持。衷心祝愿您及家人新春快乐，龙年行大运，事业更上一层楼！,2025-01-28 21:25:00,+8613818987654,0,170-d
SMS-154,170-4-2,爸妈，新年快乐！祝你们身体健康，万事如意，新的一年里笑口常开！,2025-01-29 10:30:05,13807123456,0,170-d
SMS-155,177-2-1,爸，妈，初四天气不错，我们上午9点出发去东湖绿道徒步怎么样？我查了路线，从磨山那边开始走风景很好。,2025-01-29 10:45:20,13907128765,0,177-b
SMS-156,170-4-2,妈，我们大概下午两点四十到姑姑家，水果和糕点都买好了，路上有点堵，你们别着急。,2025-01-29 14:10:00,+8613907128765,0,170-d
SMS-157,170-4-2,姑姑，新年好！我们带着爸妈马上就到了，给您和姑父、表弟拜年啦！,2025-01-29 14:35:00,+8613611122233,0,170-d
SMS-158,170-4-2,明，上次聊的那个科技股ETF，我整理了一份最新的行业研报和持仓分析，晚点发你邮箱，回头见面细聊。,2025-01-29 16:20:00,+8613912345678,0,170-d
SMS-159,170-4-2,爸，妈，我们准备从姑姑家出发回去了，路上我开慢点，你们累了可以在车上休息会儿。,2025-01-29 17:15:00,+8613807123456,0,170-d
SMS-160,,浩子，上次说的那个空气炸锅链接发我一下呗，我妈想看看。,2025-01-30 14:50:00,+8613622348877,1,
SMS-161,177-2-4,妈，我到市场了，鲈鱼看着很新鲜，芦笋和番茄也买好了，还需要别的吗？,2025-01-30 15:05:00,+8613907128765,0,177-b
SMS-162,,我：云飞，节后训练我这边没问题，时间地点你定好直接发我就行。最近天气不错，可以多安排几次户外跑。,2025-01-30 16:45:00,+8613787343210,0,
SMS-163,16-6,妈，我上午在家复习CFA，制定下个月的学习计划。你和我爸去东湖注意安全，多穿点，外面风大。,2025-01-31 08:45:00,+8613907128765,0,16-f
SMS-164,170-5,妈，我大概12点15分到餐厅，你们到了吗？,2025-01-31 12:10:00,+8613907128765,0,170-e
SMS-165,170-6-1,妈，我明天下午G1001次高铁回长沙，座位是8车12F，大概晚上7点到。你们别担心，路上我会注意安全。,2025-02-01 08:10:15,+8613907128765,0,170-f
SMS-166,170-6-1,爸，我和妈开始大扫除了，您今天上午在家吗？书房有些旧书可能需要您看看哪些要处理。,2025-02-01 08:35:22,+8613807123456,0,170-f
SMS-167,170-6-2,小然，我刚把关于你那个新消费品牌营销预算的建议整理了一下，发到你微信了。核心是建议你把KOL投放预算的20%挪到内容种草和私域运营上，ROI可能会更高。你看看？,2025-02-01 14:15:00,+8613817765432,0,170-f
SMS-168,170-6-2,哥，建议收到了，很专业！特别是关于私域那部分，我之前确实忽略了。对了，你之前提的那个基金定投组合，我按你说的微调了科技和消费的比例，感觉更均衡了。,2025-02-01 15:45:00,+8613817765432,1,170-f
SMS-169,170-6-1,浩然，你刚才教的那个手机缴费步骤，我跟你妈又试了一遍，成功交上电费了！那个流程图贴冰箱上真管用。路上注意安全。,2025-02-01 20:15:00,+8613807123456,1,170-f
SMS-170,,妈，我起床了，早餐马上来。昨晚睡得好吗？,2025-02-02 08:35:00,+8613907128765,0,
SMS-171,170-6-4,【12306】订单E20250202XXXX，冯浩然您购买的2月3日G1005次列车（武汉-长沙南）已出票，座位号08车12F号，请提前至车站候车。,2025-02-02 10:45:00,+86106900012306,1,170-f
SMS-172,,爸，妈，谢谢你们准备的午餐，很好吃。我到了长沙会给你们报平安的，你们在家多注意身体。,2025-02-02 13:15:00,+8613807123456,0,
SMS-173,,浩子，回长沙了吧？周末有空不，约个饭，顺便把上次露营的照片拷给你。,2025-02-02 19:30:00,+8613622345566,1,
SMS-174,,钱总，节后第一周的工作计划我初步构思了一下，重点在客户材料准备和团队例会。您看明天上午方便的话，我电话跟您简要汇报一下思路？,2025-02-02 20:15:00,+8613973111222,0,
SMS-175,,好的，浩然。思路可以先发我邮件，明天上午10点后我有个空档，可以电话沟通。,2025-02-02 20:18:00,+8613973111222,1,
SMS-176,170-6-4,【铁路12306】订单E20250202XXXX，冯浩然先生，您购买的2025年02月03日G1001次（武汉-长沙南，07:30开）列车已可在线选座，请及时登录APP操作。,2025-02-02 21:45:00,10690012306,1,170-f
SMS-177,170-6-3,已确认，行李和证件都检查完毕，明天早上6点闹钟。爸妈你们也早点休息。,2025-02-02 21:50:00,+8613907128765,0,170-f
SMS-178,170-6-5,妈，我准备出门去火车站了，东西都带齐了，你们在家多注意身体，等我到长沙了跟你们说。,2025-02-03 10:05:00,+8613907128765,0,170-f
SMS-179,,云飞，我下午三点左右到长沙南站，明天早上老地方晨跑？,2025-02-03 11:15:00,+8613787343210,0,
SMS-180,,好的浩哥，没问题，明天早上六点半，橘子洲头见，路上注意安全。,2025-02-03 11:20:00,+8613787343210,1,
SMS-181,170-6-5,【铁路12306】尊敬的旅客，您乘坐的G1005次列车（武汉-长沙南）将于12:30开始检票，检票口为A12，请提前做好准备。,2025-02-03 12:05:00,10690012306,1,170-f
SMS-182,170-6-5,爸，我安全到长沙南站了，现在打车回家，一切顺利。,2025-02-03 15:10:00,+8613807123456,0,170-f
SMS-183,170-6-5,好的，到了就好，好好休息。,2025-02-03 15:15:00,+8613807123456,1,170-f
SMS-184,,妈，我待会去超市采购一周的食材，牛奶鸡蛋蔬菜水果这些，您看看家里还缺什么吗？我一起买了。,2025-02-03 16:15:00,+8613907128765,0,
SMS-185,,俊杰，晚上八点左右方便视频吗？好久没聊了，正好拜个晚年，聊聊近况。,2025-02-03 19:20:00,+8613787345678,0,
SMS-186,,好的，没问题，八点我准时打给你。正好我也有点投资方面的事想听听你的看法。,2025-02-03 19:25:00,+8613787345678,1,
SMS-187,,假期拍的照片终于整理好了，刚发了几张到朋友圈，感觉那张古镇的调色特别有感觉，你看了吗？,2025-02-03 19:45:00,+8613622344321,0,
SMS-188,170-6-5,钱总，明天复工，我这边已经初步梳理了节后的工作重点和会议安排草案，上午10点方便跟您过一下吗？,2025-02-03 21:05:00,+8613973111222,0,170-f
SMS-189,,云飞，早上好。外面下雨了，我改去公司健身房跑室内。你那边怎么安排？,2025-02-04 06:20:00,+8613787343210,0,
SMS-190,178-2-2,钱总，早。今日上午我会系统整理最新的宏观数据和行业政策，更新团队共享盘，为明天的复盘会做准备。您那边对会议有什么特别指示吗？,2025-02-04 08:50:00,+8613973111222,0,178-b
SMS-191,178-2-2,晓雅，上午好。我已将整理好的节后数据包更新到共享盘‘Q1复盘资料’文件夹里，重点数据和批注已高亮，你方便时可以先看一下，下午我们简单对一下。,2025-02-04 10:15:00,+8613857123456,0,178-b
SMS-192,178-2-2,文博，我草拟了明天复盘会的几个核心议题和引导问题，发到你钉钉了，重点在客户策略回顾和节后布局。你看看有没有需要补充或调整的地方。,2025-02-04 11:20:00,+8613787349876,0,178-b
SMS-193,,我：佳宁，春节拍的那组武汉东湖的照片我整理好了，挑了9张发群里了，你有空看看给点意见？,2025-02-04 15:20:00,+8613622344321,0,
SMS-194,,妈妈：浩然，今天降温了，你晚上出门吃饭多穿点，别感冒了。,2025-02-04 17:35:00,+8613907128765,1,
SMS-195,,吴俊杰：我到了，老位置，给你点了壶铁观音先喝着。,2025-02-04 18:25:00,+8613787345678,1,
SMS-196,,"【招商银行】尊敬的客户，您尾号8899的信用卡本期账单已出，应还款金额为人民币5,236.78元，到期还款日为2025-02-15。登录掌上生活App可便捷还款。",2025-02-05 10:05:00,10657525558999,1,
SMS-197,179-1,我：周六晚上西湖建新安置小区那家湘菜馆的包厢我已经订好了，7点钟，大家记得准时到啊！,2025-02-05 10:15:00,+8613622348877,0,179-a
SMS-198,179-1,董浩然：收到！包厢号是多少？我这边大概6点50能到。,2025-02-05 10:18:00,+8613622348877,1,179-a
SMS-199,,我：妈，刚忙完一段，起来活动下。你最近血压怎么样？药按时吃了吗？,2025-02-05 15:32:00,+8613907128765,0,
SMS-200,182-1,我：爸，关于家庭财务规划的事，我们定在2月14号晚上八点视频聊吧，您方便吗？方便的话请提前把相关的存单、保单信息找一下。,2025-02-05 15:46:00,+8613807123456,0,182-a
SMS-201,,【焕熊真选】尊敬的会员，您于18:25在本店消费86.5元，获得积分86分。点击链接查看电子小票：https://xxx.xxx,2025-02-05 19:16:00,106900008888,1,
SMS-202,,我：佳宁，晚上好。刚整理了几张上周在梅溪湖拍的夜景，感觉构图和色彩还行，发你邮箱了，有空帮我看看给点意见？,2025-02-05 19:20:00,+8613622344321,0,
SMS-203,178-2-3,我：钱总，明天复盘会我的个人陈述要点已准备完毕，主要围绕Q1市场分析框架和两个重点客户案例的跟进策略展开，您看还有什么需要补充或调整的方向吗？,2025-02-05 21:35:00,+8613973111222,0,178-b
SMS-204,,云飞，今天早上跑步状态不错，心率控制得挺好。周末有空再约个长距离？,2025-02-06 07:25:00,+8613787343210,0,
SMS-205,178-3-2,钱总，季度复盘会已开始，正在围绕客户黄思琪的科技股组合进行复盘，预计中午前形成初步优化方案向您汇报。,2025-02-06 09:35:00,+8613973111222,0,178-c
SMS-206,,妈，我晚上和同事在外面聚一下，会晚点回家，别担心。,2025-02-06 18:20:00,+8613907128765,0,
SMS-207,,佳宁，今天拍的那组街景照片调完色了，光影感觉还不错，发你看看。,2025-02-06 22:45:00,+8613622344321,0,
SMS-208,,云飞，今天晨跑状态不错，跑了3.5公里。你最近跑步计划怎么样？,2025-02-08 08:45:00,+8613787343210,0,
SMS-209,181-2,妈，我下楼了，马上到厨房帮你。今天早餐是热干面吗？,2025-02-09 07:40:00,+8613907128765,0,181-b
SMS-210,181-2,爸，你的茶已经泡好了，还是按你习惯的浓度。,2025-02-09 07:50:00,+8613807123456,0,181-b
SMS-211,,钱总，新年好！感谢您过去一年的指导与支持。祝您和家人龙年大吉，万事如意，身体健康，事业长虹！,2025-02-09 23:58:00,+8613973111222,0,
SMS-212,181-2,【家庭群】爸妈、小然，新年快乐！过去一年感谢家的温暖，新的一年愿我们全家健康平安，喜乐顺遂，万事胜意！,2025-02-10 00:00:05,+8613807123456,0,181-b
SMS-213,,林总，新年快乐！感谢您一直以来的信任与合作。祝您龙年生意兴隆，财源广进，阖家幸福安康！,2025-02-10 00:02:30,+8613818987654,0,
SMS-214,,妈，明天大年初一，家里拜年人多，我大概九点起来帮忙准备。你们也早点休息，别太累。,2025-02-10 08:45:30,+8613907128765,0,
SMS-215,,轩子，新年好！我回武汉过年了，这几天都在家。看你啥时候有空，咱们聚聚，喝点小酒聊聊。,2025-02-10 09:35:15,+8613622345678,0,
SMS-216,,【中国移动】尊敬的客户，春节期间流量翻倍活动已开启，回复“是”即可为当前套餐叠加10GB国内流量，有效期至2月17日。祝您新春快乐！,2025-02-10 12:55:10,10658086,1,
SMS-217,,明轩，刚吃完饭收拾完。你那边聚会时间定了吗？我下午可能陪家人去东湖走走，晚上应该有空。,2025-02-10 13:05:20,+8613622345678,0,
SMS-218,,爸，我们准备出发去东湖了，我开车。你和我妈、小然大概五分钟后楼下等我就行。,2025-02-10 13:55:40,+8613807123456,0,
SMS-219,,妈，我中午想吃您做的红烧排骨，需要我回来路上带点什么调料或者配菜吗？,2025-02-11 11:45:00,+8613907128765,0,
SMS-220,4-3-3,薇薇，感谢下午的视频讨论，你的专业意见非常宝贵。我已经根据你的建议优化了表格，最终锁定了两款产品，方案文档发你邮箱了，有空帮我再看一眼？,2025-02-11 20:45:00,+8613818901234,0,4-c
SMS-221,182-2,妈，我上午在书房做方案，中午吃饭时再跟爸详细聊。您上午在家还好吗？,2025-02-12 09:45:22,+8613907128765,0,182-b
SMS-222,,轩子，我大概三点十分到江汉路，你到了吗？还是老地方那家咖啡店？,2025-02-12 14:25:05,+8613622345678,0,
SMS-223,182-2,钱总，今日复盘已完成。资产方案和保险对比的初步框架已整理好，明天上午可以同步给您审阅。,2025-02-12 20:45:00,+8613973111222,0,182-b
SMS-224,198-2,晓雅，今天讨论的案例框架，我补充了关键数据指标和概括性陈述，已发到你工作邮箱，方便你明天一早查看。,2025-02-12 20:50:00,+8613857123456,0,198-b
SMS-225,,妈，我起床了，刚称了体重77.2公斤，准备开始拉伸了。您和爸昨晚睡得好吗？,2025-02-13 08:20:00,13907128765,0,
SMS-226,197-4-1,爸，妈，我中午就吃七分饱，鱼和菜都很好吃。保险的事咱们上午定下来了，我下午继续复习，返程的车票我晚上再查一下。,2025-02-13 12:15:00,13807123456,0,197-d
SMS-227,,妈，我行李快整理好了，您帮我看看明天要带走的点心是不是放在厨房台面上那个红色袋子里？,2025-02-13 19:05:22,+8613907128765,0,
SMS-228,,浩子，我刚做完拉伸，感觉好多了。你上次说那个缓解腰背酸痛的筋膜枪链接方便再发我一下吗？我看看型号。,2025-02-13 20:20:15,+8613622348899,0,
SMS-229,,【铁路12306】订单E2025021300012345购票成功！G1103次，2025-02-15，武汉站09:24开，长沙南站11:42到，02车12F号，二等座。,2025-02-13 20:46:05,10690012306,1,
SMS-230,183-3-3,雨晴，情人节快乐！虽然你单身我单身，但友谊万岁！武汉特产周黑鸭给你带了一份，回长沙约饭给你。,2025-02-14 11:05:00,+8613787344567,0,183-c
SMS-231,,【武汉站便利店】您购买的培根三明治和矿泉水共计18.5元，支付成功。祝您旅途愉快！,2025-02-14 11:55:00,106900001234,1,
SMS-232,183-3-3,陆家明，我回长沙了，家里一切正常。另外，小区附近那个罗比零食店，你之前说他们家的牛奶新鲜，我今天去买了，确实不错。,2025-02-14 16:45:00,+8613787345689,0,183-c
SMS-233,183-3-4,钱总，我已返回长沙，假期期间的非紧急邮件已初步处理，节后第一周的工作安排已了解。如有需要提前准备的事项，请随时指示。,2025-02-14 17:45:00,+8613973111222,0,183-c
SMS-234,183-3-1,妈，我回到长沙了，刚简单吃了晚饭。家里一切都好，你们不用担心。今天情人节，你和爸晚上吃点好的。,2025-02-14 18:05:00,+8613907128765,0,183-c
SMS-235,197-5-1,爸，刚才给家里买的那个保险，电子保单已经发你微信了。保障内容和注意事项我都跟你电话里说过了，你和我妈都看看，有不清楚的随时问我。,2025-02-15 09:20:00,+8613807123456,0,197-e
SMS-236,4-5,浩子，CFA三级复习得咋样了？我这边也在看行为金融学，有个关于心理账户的案例不太明白，有空聊聊？,2025-02-15 11:05:00,+8613622348899,1,4-e
SMS-237,,哥，妈说你今天帮家里办保险了？办的什么险种啊？也发我看看，我研究研究给我自己也配点。,2025-02-15 12:45:00,+8613817765432,1,
SMS-238,,妈，我起床了，刚称完重77.2公斤，准备拉伸一下。您和爸昨晚睡得好吗？,2025-02-16 08:05:30,+8613907128765,0,
SMS-239,182-3-1,妈，昨天和爸一起做的家庭资产配置图和新增的医疗补充保险详情，我整理好了，等会早餐后跟您详细说一下，您看看有没有什么疑问。,2025-02-16 09:05:15,+8613907128765,0,182-c
SMS-240,184-1,妈，我行李都收拾好了，明天早上7点从家里打车去武汉站，高铁是G1001次，8点30分开。腊鱼和藕带都装好了，放心吧。,2025-02-16 15:45:00,+8613907128765,0,184-a
SMS-241,,林总，新年好！假期关注到海外市场有一些新的流动性信号，节后开盘值得重点关注。我已初步整理，方便时我们可以约个时间交流下。祝开工大吉！,2025-02-17 10:30:00,+8613818987654,0,
SMS-242,,妈，我中午想吃您做的排骨藕汤，还有吗？我大概11点半到家帮忙。,2025-02-17 10:50:00,+8613907128765,0,
SMS-243,,高云飞，明早老地方6点半晨跑，我准时到，你那边方便吗？,2025-02-17 20:50:00,+8613787343210,0,
SMS-244,179-3,雨晴、俊杰，早啊！通勤路上突然想起，咱们之前聊的露营计划，这周找个时间详细碰一下？看看天气和地点。,2025-02-18 08:55:00,+8613787344567,0,179-c
SMS-245,,妈，我到公司了。今天长沙下雨，您出门买菜记得带伞，注意路滑。,2025-02-18 09:45:00,+8613907128765,0,
SMS-246,,文博，中午一起吃饭？楼下盖码饭王，边吃边聊下上午会上说的客户策略。,2025-02-18 11:50:00,+8613787349876,0,
SMS-247,,妈，我下班了，在地铁上。等会去便利店买点菜和水果，晚上煎鸡胸肉吃。你和我爸晚饭吃了吗？,2025-02-18 17:35:12,+8613907128765,0,
SMS-248,16-6,轩子，最近在忙啥？我这边开始细化CFA复习计划了，感觉任务量不小。你之前考过，有没有什么时间管理或者资料筛选上的建议可以分享？,2025-02-18 20:15:08,+8613622345678,0,16-f
SMS-249,,云飞，今天晨跑状态不错。下周岳麓山约个长距离？我这边周末早上都可以。,2025-02-19 09:15:30,+8613787343210,0,
SMS-250,,【中国移动】尊敬的客户，您当前套餐内流量剩余5.2GB，通话剩余120分钟。如需办理流量包，请回复“LLB”了解详情。,2025-02-19 10:48:22,10658086,1,
SMS-251,,博哥，中午那家‘老味湘厨’的剁椒鱼头确实地道，下次可以再去。对了，你上次说的那家科技公司的研报，方便发我一份参考下吗？,2025-02-19 12:45:10,+8613787349876,0,
SMS-252,,浩然，研报已发你邮箱。另外，我想到上午会上提的大学城资源，我有个同学在湖大产研院，可以引荐聊聊。,2025-02-19 13:05:35,+8613787349876,1,
SMS-253,,林总您好，我是华泰证券的冯浩然。您咨询的信托产品季度报告已准备完毕，已按约定发送至您邮箱。我们预约的周五下午3点电话沟通，我会准时致电。,2025-02-19 14:20:00,+8613818987654,0,
SMS-254,185-2-2,晓雅，关于大学科技城自动驾驶公司的客户画像，我初步整理了几个关键决策人的背景信息，发你共享文档了，麻烦你结合行业数据补充一下市场切入点分析。,2025-02-19 14:50:15,+8613857123456,0,185-b
SMS-255,198-3,博哥，晋升材料里关于黄思琪跨市场方案的团队贡献部分，我梳理了我们协作的关键点，已发你邮箱，方便时请核对下是否有补充。,2025-02-19 16:15:00,+8613787349876,0,198-c
SMS-256,186-1,钱总，黄思琪的汇报材料已最终定稿，备份至云盘。明日视频会议已设置提醒，您这边还有需要调整的地方吗？,2025-02-19 17:45:00,+8613973111222,0,186-a
SMS-257,186-1,思思，明天上午10点的视频会议材料我已准备完毕并上传，会议链接稍后发您，请查收。,2025-02-19 17:50:00,+8613622341234,0,186-a
SMS-258,,妈妈，我下班到家了，晚饭吃了三文鱼。周末计划和朋友去宁乡露营，天气好，您和爸在家注意身体。,2025-02-19 19:35:00,+8613907128765,0,
SMS-259,186-1,晓雅，黄思琪的材料已最终完善并上传云盘，路径已同步给你。另外，今天团队规划会提到的几个数据点，方便时发我一下吗？,2025-02-19 21:35:00,+8613857123456,0,186-a
SMS-260,,轩子，最近怎么样？我周末去露营，你要不要一起？或者下周找个时间聚聚，好久没见了。,2025-02-19 21:40:00,+8613622345678,0,
SMS-261,,轩子，周末露营的装备清单我整理好了，发你微信了，你看看还缺啥不？,2025-02-20 08:35:15,+8613622345678,0,
SMS-262,,妈妈，今天工作挺顺利的，晚上想吃啥？我下班回去带点菜。,2025-02-20 14:50:22,+8613907128765,0,
SMS-263,,钱总，今日债券市场波动解读说明已整理完毕，已发您邮箱，请查收。,2025-02-20 17:25:00,+8613973111222,0,
SMS-264,,黄总，关于您咨询的近期市场策略，我们的初步分析报告已准备就绪，稍后发您参考。,2025-02-20 17:28:00,+8613622341234,0,
SMS-265,,【长沙地铁】您尾号8899的储值卡于18:05在溁湾镇站进站，本次乘车消费2元，余额15.6元。,2025-02-20 18:06:00,106900009888,1,
SMS-266,,妈，我聚餐结束了，现在走路回家，您和爸晚上吃的什么？,2025-02-20 20:35:00,+8613907128765,0,
SMS-267,,轩子，周末露营的集合时间还是周六早上8点老地方吧？我这边装备都检查好了。,2025-02-20 22:05:00,+8613622345678,0,
SMS-268,,我：雨晴，露营的公共物资清单我更新好了，我负责帐篷和天幕，你和俊杰确认下炊具和食材清单，晚上视频时我们过一下。,2025-02-21 19:10:00,+8613787344567,0,
SMS-269,,彭雨晴：收到，食材清单我发群里了。另外天气预报说可能有小雨，应急预案里要不要加上备用雨衣和地布？,2025-02-21 19:12:30,+8613787344567,1,
SMS-270,,我：妈，我明天一早去露营，今晚在核对装备，后天回来。家里都好吧？,2025-02-21 19:20:00,+8613907128765,0,
SMS-271,,张明轩：浩子，上次说的那个新开的湘菜馆，周末有空去试试不？,2025-02-21 21:05:00,+8613622345678,1,
SMS-272,,妈，我出门去晨跑了，今天天气不错，跑完直接在外面吃早饭，不用等我。,2025-02-22 06:05:00,+8613907128765,0,
SMS-273,162-5,装备都检查好了，帐篷和睡垫状态不错，LED灯和咖啡滤具也买到了，清单完成。,2025-02-22 11:05:00,+8613622345566,0,162-e
SMS-274,,钱总，刚看到亚太科技股那篇深度分析，有几个关键点想跟您同步一下，特别是关于供应链风险的部分。报告摘要已发您邮箱。,2025-02-23 11:05:00,+8613973111222,0,
SMS-275,,郑文博，华尔街日报那篇分析里提到的几个数据点，和我们上周讨论的模型预测方向很吻合。我把相关段落截图发你了，有空可以看看。,2025-02-23 11:20:00,+8613787349876,0,
SMS-276,,【中国石化】尊敬的客户，您于2025-02-24 09:05在河西加油站完成加油，消费金额328元，卡号尾号5678，余额1250.60元。,2025-02-24 09:06:30,106900008888,1,
SMS-277,,黄总，明天上午10点的电话会议材料我已准备完毕，核心议题是回顾Q1表现、探讨数字经济配置机会及下半年策略微调。您看还有需要补充的吗？,2025-02-24 11:45:00,+8613622341234,0,
SMS-278,,好的，议题很全面。我这边也准备了一些关于近期政策动向的看法，明天会上交流。,2025-02-24 11:48:20,+8613622341234,1,
SMS-279,190-1,博哥，中午老地方‘湘聚缘’，12点半见？聊聊上周市场和那个论坛的事。,2025-02-24 12:05:00,+8613787349876,0,190-a
SMS-280,191-1,钱总，早上好。月度财务数据已初步整理完毕，收支、投资、资产三个板块已分类汇总，预计上午完成初步分析后向您汇报。,2025-02-25 09:40:00,+8613973112222,0,191-a
SMS-281,,文博，早。今天市场开盘后，方便时同步下你对新能源板块的看法？我这边在做客户报告，想参考下。,2025-02-25 09:45:00,+8613787349876,0,
SMS-282,191-1,"【XX银行】尊敬的客户，您尾号8899的账户于09:50完成一笔活期理财申购，金额50,000.00元。",2025-02-25 09:50:00,106900008899,1,191-a
SMS-283,,妈，我上班到公司了。今天长沙下雨，您出门买菜记得带伞，别着凉。,2025-02-25 09:55:00,+8613907128765,0,
SMS-284,,黄总，下午会议的材料和PPT已准备就绪，重点突出了您关注的科技+消费交叉赛道分析及风险对冲初步思路。会议链接稍后发您。,2025-02-25 11:30:00,+8613622341234,0,
SMS-285,189-4,佳宁，午休时发了几张上周的街拍，你提的暗部细节建议很到位，我试着用Lightroom调了下，感觉好多了。你最近有拍新片吗？,2025-02-25 12:45:00,+8613622344321,0,189-d
SMS-286,189-4,浩然，你发的照片构图真绝了！尤其是光影那张。我们摄影群这周末有个外拍活动，去梅溪湖，你有兴趣一起吗？,2025-02-25 12:50:00,+8613622344321,1,189-d
SMS-287,,黄总，会议纪要已整理好，并已更新至CRM系统。细化方案我会在本周五下班前发您邮箱，请查收确认。,2025-02-25 14:35:00,+8613622341234,0,
SMS-288,,文博，刚和黄总开完会，她对科技消费交叉赛道很感兴趣。你手头有没有相关的最新研报？方便的话发我参考下，完善方案用。,2025-02-25 14:40:00,+8613787349876,0,
SMS-289,,妈，我出发去公司了，路上有点堵，估计九点多到。您和爸今天记得按时吃降压药。,2025-02-26 08:30:00,+8613907128765,0,
SMS-290,,文博，中午老地方明记烧腊？我请客，顺便聊聊上午的数字经济板块。,2025-02-26 11:45:00,+8613787349876,0,
SMS-291,,黄总，关于股权激励的资金配置方案框架已起草完毕，已发您邮箱，请查收。核心思路是稳健增值与流动性兼顾。,2025-02-26 13:35:00,+8613622341234,0,
SMS-292,,林总，下午好。您本季度的投资回顾要点我已初步梳理，主要包括市场回顾、持仓表现与下季度策略展望。您看什么时间电话沟通方便？,2025-02-26 13:50:00,+8613818987654,0,
SMS-293,,钱总，黄思琪女士的股权激励方案框架已发出，林志豪先生的季度回顾沟通时间正在协调。下午我会继续完善方案细节。,2025-02-26 14:10:00,+8613973111222,0,
SMS-294,,【华泰证券】尊敬的客户，您关注的数字经济产业基金（代码：XXXXXX）今日净值估算上涨1.2%。市场分析报告已更新至您的专属空间。,2025-02-26 14:45:00,106900009588,1,
SMS-295,196-2-1,钱总，今日A股收盘复盘已完成，主要指数震荡收跌，成交量略有萎缩，初步分析受外围市场情绪影响。明日核心任务已规划：完成黄思琪方案、与林志豪电话回顾、分析个人财务数据。详细日志已同步至工作台。,2025-02-26 17:25:00,+8613973111222,0,196-b
SMS-296,,妈，我早上到公司了。今天降温，你和爸在家注意保暖，别感冒了。,2025-02-27 08:45:00,+8613907128765,0,
SMS-297,,轩子，这周末有空吗？听说新开了家湘菜馆，要不要一起去试试？,2025-02-27 13:05:00,+8613622345678,0,
SMS-298,102-1-1,我：云飞，我报名了‘春日焕新’100公里挑战赛，建了个队伍叫‘岳麓跑者’，傍晚5点半岳麓山南门集合，先跑个首战，怎么样？,2025-03-01 14:15:00,+8613787343210,0,102-a
SMS-299,102-1-1,我：俊杰，晚上有空吗？7点半西湖建新安置小区那家湘菜馆，好久没聚了，一起吃饭聊聊。,2025-03-01 14:30:00,+8613787345678,0,102-a
SMS-300,,妈，我刚跑完步，现在开车去和朋友吃饭，晚上回家可能晚点，不用等我。,2025-03-01 18:45:00,13907128765,0,
SMS-301,,阿杰，我这边有点堵车，大概19点20左右到餐馆，你先点菜，我到了直接开吃！,2025-03-01 19:05:00,13787345678,0,
SMS-302,194-2,小雨，我刚到家洗漱完，今天在岳麓山拍的照片发你微信了，风景确实不错，露营地点可以参考。我们视频聊？,2025-03-01 21:25:00,13622345566,0,194-b
SMS-303,,妈，我今天早上和云飞哥去岳麓山跑步了，空气特别好。你和爸在家注意身体，最近天气变化大。,2025-03-02 09:35:00,+8613907128765,0,
SMS-304,104-4,妈，今天降温了，你和爸在家注意保暖，别感冒了。我晚上加班，不用等我吃饭。,2025-03-03 09:10:00,+8613907128765,0,104-d
SMS-305,198-6-1,钱总，下午好。关于晋升报告，我已初步整理好近半年的核心客户项目业绩数据和客户反馈评分，稍后发您预览，您看今天下午或明天上午方便时我们简单过一下吗？,2025-03-03 14:30:00,+8613973111222,0,198-f
SMS-306,16-6,轩子，CFA复习得头大，你当年考三级的时候，资产配置那块的课后习题正确率咋样？有没有什么窍门分享一下？,2025-03-03 19:20:00,+8613622345678,0,16-f
SMS-307,198-6-1,钱总，我的晋升述职报告最终版已发您邮箱，主要更新了新旧客户分析模板的对比简表，并补充了核心项目数据和团队效率提升图表。请您查收，方便时我们约个时间面谈。,2025-03-03 20:45:00,+8613973112222,0,198-f
SMS-308,,妈，我晨跑完刚到家，买了牛奶面包当早餐。您和爸今天在家吗？晚上要不要一起吃饭？,2025-03-04 08:15:30,+8613907128765,0,
SMS-309,207-1,博哥，下午季度报告需要用到新能源板块的数据，你那边有最新的行业研报吗？方便的话发我一份参考下。,2025-03-04 12:45:10,+8613787349876,0,207-a
SMS-310,198-6-3,【华泰证券HR】尊敬的冯浩然同事，您的晋升面谈已确认，时间为本周五（3月7日）14:00，地点为钱永强总监办公室（18楼1806室），请提前10分钟到场并携带述职报告。祝顺利！,2025-03-04 17:12:05,106900009876,1,198-f
SMS-311,,俊杰，实在抱歉，周五有个重要的晋升面谈需要花时间准备，今晚的聚餐我得临时取消了。咱们改下周再约，我请客赔罪！,2025-03-04 18:25:00,+8613787345678,0,
SMS-312,207-1,钱总，明早我会深化季度报告的数据分析部分，争取在中午前把初步结论发您审阅。,2025-03-04 21:15:00,+8613973111222,0,207-a
SMS-313,207-1,黄总，您要的方案已最终校对完毕，我现在发您邮箱，请您查收。有任何问题随时联系我。,2025-03-04 21:20:00,+8613622341234,0,207-a
SMS-314,,晓雅，刚才在咖啡厅聊得很开心。下周三下午的线上会议我记下了，到时候向你请教消费板块的最新动态。,2025-03-05 15:45:00,+8613857123456,0,
SMS-315,194-3-1,雨桐，刚才视频聊得很高效。我这边再查查仰天湖草原的营地设施和路况，你重点看看大围山森林公园的徒步路线和天气，周末前汇总一下？,2025-03-05 20:20:00,+8613622345566,0,194-c
SMS-316,136-1-1,佳宁，感谢刚才的分享，你提到的那个堆栈降噪技巧我试了，效果确实不一样！我整理了一份笔记，发你邮箱了，有空看看。,2025-03-05 20:25:00,+8613622344321,0,136-a
SMS-317,207-2,我：文博，中午12点老地方湘聚缘？顺便聊聊报告的事。,2025-03-06 11:40:00,+8613787349876,0,207-b
SMS-318,,妈妈：儿子，今天工作累不累？晚上想吃什么，妈给你做。,2025-03-06 15:05:00,+8613907128765,1,
SMS-319,,我：周末露营的装备清单我更新好了，发你微信了，你看看还缺什么不？,2025-03-06 18:15:00,+8613622345566,0,
SMS-320,137-1-1,徐佳宁：你上次问的夜景参数我试了，ISO 800，快门1/30秒，光圈f/2.8，在江边拍灯光倒影效果不错，你可以试试。,2025-03-06 20:25:00,+8613622344321,1,137-a
SMS-321,194-4,妈，中午吃的牛肉拉面，味道不错。您和爸中午吃的啥？最近天气变化大，注意保暖。,2025-03-07 12:45:30,+8613907128765,0,194-d
SMS-322,207-3,林总，您本季度的资产配置报告初稿已完成，已发送至您邮箱。重点分析了当前市场环境下固收与权益类资产的配比优化建议，请您查收审阅。,2025-03-07 16:10:00,+8613818987654,0,207-c
SMS-323,207-3,黄总，关于上午讨论的现金流管理方案，我补充了几个不同风险偏好下的执行路径对比，已更新至方案文档中，方便您后续决策参考。,2025-03-07 16:45:00,+8613622341234,0,207-c
SMS-324,,爸，我下班后去药店给你买了助眠片和灵芝孢子粉，已经放家里了。你最近睡眠怎么样？,2025-03-07 17:45:00,+8613807123456,0,
SMS-325,,妈，我今天给爸买了些保健品，助眠的和增强免疫力的，已经放家里了。你最近身体还好吧？,2025-03-07 22:25:00,+8613907128765,0,
SMS-326,100-4,妈，我晨跑结束了，准备回家。今天天气不错，跑得很舒服。您和爸今天有什么安排吗？,2025-03-08 08:45:00,+8613907128765,0,100-d
SMS-327,,【顺丰速运】您的快件已揽收，运单号：SF1234567890，预计明天送达。寄件人：冯浩然，收件人：冯建国。,2025-03-08 10:35:00,+861069531888,1,
SMS-328,,爸，给您寄的助眠保健品已经发顺丰了，单号SF1234567890，明天应该就能到。您注意查收。,2025-03-08 10:40:00,+8613807123456,0,
SMS-329,,轩子，最近咋样？我刚吃完午饭，看到一家新开的湘菜馆味道不错，改天有空一起聚聚？,2025-03-08 12:20:00,+8613622345678,0,
SMS-330,204-2,【京东】您购买的小米空气净化器4 Pro和Yeelight智能彩光灯带已下单成功，订单号：JD202503081345678，预计3月10日送达。,2025-03-08 13:50:00,+8610693000123,1,204-b
SMS-331,,雨晴，下午三点半一丹咖啡见，我订了窗边的位置。沈老板说今天有新鲜的巴拿马瑰夏。,2025-03-08 14:15:00,13787344567,0,
SMS-332,136-3,佳宁，今晚拍了几张湘江夜景的长曝光，刚导出来，构图和色调想听听你的专业意见，方便的时候看看？,2025-03-08 20:40:00,13622344321,0,136-c
SMS-333,136-4-1,我：佳宁，昨晚湘江的夜景照片我处理好了，发你微信了，看看效果怎么样？特别喜欢那张灯光倒映在水面的。,2025-03-09 09:15:00,+8613622344321,0,136-d
SMS-334,136-4-1,徐佳宁：收到了！调色太棒了，水面倒影处理得很有层次感。不过第三张的桥塔高光部分是不是可以再压暗一点点？,2025-03-09 09:45:00,+8613622344321,1,136-d
SMS-335,208-1,妈妈：浩然，最近工作忙吗？长沙天气变化大，注意别感冒了。周末有空回家吃饭吗？,2025-03-09 10:45:00,+8613907128765,1,208-a
SMS-336,119-1-1,【美团外卖】您的外卖订单（日式拉面套餐）已由骑手小张开始配送，预计12:25送达，请保持手机畅通。,2025-03-09 12:10:00,106900000001,1,119-a
SMS-337,,我：小雨，露营清单的影像和照明部分我更新好了，你看看还有没有遗漏。炊具我列了卡式炉和套锅，预算大概300。,2025-03-09 16:05:00,+8613622345566,0,
SMS-338,,老罗，我刚整理完新买的《中国古镇》特种邮票，品相非常好，尤其是周庄那枚。给你发几张照片看看。,2025-03-09 21:15:00,+8613622346677,0,
SMS-339,,照片收到了！这套确实不错，最近市场热度在回升。下周藏友群有个线上拍卖会，有几套老纪特，你有兴趣的话我把链接发你。,2025-03-09 21:25:00,+8613622346677,1,
SMS-340,,妈妈，我到公司了，今天路上有点堵。你那边天气怎么样？记得按时吃降压药。,2025-03-10 09:05:00,13907128765,0,
SMS-341,,轩子，最近忙啥呢？季度末我们这忙疯了，周末有空出来聚聚不？,2025-03-10 12:15:00,13622345678,0,
SMS-342,,文博，下午部门周会，关于林志豪的报告框架我有个新想法，想跟你碰一下，我们提前10分钟到会议室？,2025-03-10 12:55:00,13787349876,0,
SMS-343,6-2,钱总，科技股投资报告初稿已完成，已发您邮箱，请审阅。主要分析了行业景气度和头部公司的竞争壁垒，您看是否需要补充其他维度？,2025-03-11 11:45:00,+8613973111222,0,6-b
SMS-344,6-2,妈，今天工作忙完了，报告都顺利提交了。长沙这边下雨降温了，你和爸在家也注意保暖，别着凉。,2025-03-11 15:30:00,+8613907128765,0,6-b
SMS-345,6-2,妈，我刚冲了杯好咖啡，庆祝今天工作完成。你和我爸最近身体怎么样？长沙这边天气变化大，你们也多注意。,2025-03-11 21:30:00,+8613907128765,0,6-b
SMS-346,207-6-2,各位同事，季度投资策略研讨会将于上午9:30在大会议室准时开始，请提前5分钟到场，并携带一季度复盘数据。主讲人：冯浩然。,2025-03-12 08:45:00,+8613787349876,0,207-f
SMS-347,207-6-2,钱总，研讨会PPT已更新完毕，核心观点已根据上周市场数据做了微调，重点突出了对二季度消费复苏路径的预判。,2025-03-12 09:00:00,+8613973111222,0,207-f
SMS-348,,文博，中午还是老地方？我大概12:05到。,2025-03-12 11:50:00,+8613787349876,0,
SMS-349,207-6-2,上午的研讨会讨论很深入，关于科技股估值分歧的几点补充材料我已发到群里，大家有空可以看看。,2025-03-12 12:05:00,+8613787349876,0,207-f
SMS-350,207-6-1,钱总，《二季度科技股投资机会与风险》和《利率债配置策略微调》两份报告已根据上午会议共识完成定稿，并通过OA系统提交给您审批，请您查收。,2025-03-12 14:20:00,+8613973111222,0,207-f
SMS-351,207-6-1,报告已提交。另外，您午餐时提到的那个半导体产能数据，方便发我一下吗？我想补充到报告的附录里。,2025-03-12 14:22:00,+8613787349876,0,207-f
SMS-352,6-3,黄总，本次视频沟通的纪要已整理完毕，核心共识、操作指令及后续待办事项已通过加密邮件发送至您的工作邮箱，请您查收确认。,2025-03-12 15:35:00,+8613622341234,0,6-c
SMS-353,6-3,文博，客户沟通纪要里有个关于行业调研的待办，需要你这边协助跟进一下，具体信息我发你钉钉了。,2025-03-12 15:40:00,+8613787349876,0,6-c
SMS-354,,妈，晚上不用等我吃饭，公司还有点事要处理，可能会晚点回。,2025-03-12 15:50:00,+8613907128765,0,
SMS-355,,妈，我下班开车回家了，路上有点堵还下雨，估计要晚点到家。你们先吃晚饭别等我。,2025-03-12 17:35:00,+8613907128765,0,
SMS-356,,【西湖建新安置小区湘菜馆】您的外卖（小炒黄牛肉、手撕包菜）已由骑手王师傅（电话138****1234）接单，预计18:45送达，请保持电话畅通。,2025-03-12 18:30:00,106900001234,1,
SMS-357,,【西湖建新安置小区湘菜馆】您的外卖已送达，祝您用餐愉快！,2025-03-12 18:48:00,106900001234,1,
SMS-358,137-3-1,妈，我出门上班了，路上有点堵，估计晚点到。您今天出门也注意安全。,2025-03-13 08:10:00,+8613907128765,0,137-c
SMS-359,137-3-1,【园艺之家】您咨询的草莓盆栽叶片发黄问题，可能原因：1.浇水过多；2.缺铁。建议：控水并观察，可适当补充硫酸亚铁。回复TD退订。,2025-03-13 12:55:00,106900009876,1,137-c
SMS-360,,妈，我刚运动完冲了个澡，舒服多了。你和我爸最近身体都好吧？长沙这边天气变化快，你们也多注意。,2025-03-13 20:15:00,+8613907128765,0,
SMS-361,,【京东】您的订单（尾号7890）已从武汉仓发出，预计明天（3月15日）送达，请保持手机畅通。,2025-03-14 07:25:15,106900098765,1,
SMS-362,,妈，我昨晚睡得挺好，今天精神不错。您和爸在家注意身体，我下班就回来。,2025-03-14 08:05:30,+8613907128765,0,
SMS-363,6-5,文博，上午的会议纪要已整理好发到团队共享文件夹了，你抽空看一下，有问题随时沟通。,2025-03-14 13:45:20,+8613787349876,0,6-e
SMS-364,137-4,佳宁，我晚上去杜甫江阁拍夜景，刚收拾好设备。你上次说的那个渐变镜参数，我记下了，今晚试试效果。,2025-03-14 17:45:00,+8613622344321,0,137-d
SMS-365,47-3-1,林总，明天家父生日宴的包厢和菜品已与餐厅最终确认，菜单已按您之前提的少辣要求调整。具体安排已发您邮箱，请查收。,2025-03-14 20:05:00,+8613818987654,0,47-c
SMS-366,47-3-1,小然，我大概11点50到家。蛋糕店那边你联系好了吗？明天我们几点去餐厅布置？,2025-03-14 22:30:00,+8613817765432,0,47-c
SMS-367,208-4-1,钱总，本周所有客户数据和市场分析报告已按‘客户-项目-日期’结构重新归档完毕，归档摘要和下周报告框架已整理在备忘录中，您方便时我发您审阅。,2025-03-16 14:55:00,+8613973111222,0,208-d
SMS-368,,雨桐，新买的露营炉头物流显示已到长沙转运中心了，应该明天能到。另外，公共物资清单（天幕、桌椅、灯具、炊具）我再跟你确认一下，没问题吧？,2025-03-16 15:05:00,+8613622345566,0,
SMS-369,,妈，我到家了，刚冲了杯咖啡，今天和雨晴吃饭聊得很开心。你和我爸在家都好吧？,2025-03-16 20:55:00,+8613907128765,0,
SMS-370,7-7,钱总，关于为黄思琪组建虚拟服务小组的构想，我已整理好初步方案，核心是结合行为金融学优化沟通，并设计了跨部门协作流程。您看今天上午10:15方便当面汇报吗？,2025-03-17 09:45:00,+8613973111222,0,7-k
SMS-371,7-7,好的，收到。我10:15准时到您办公室。汇报提纲已准备就绪，重点包括客户需求、小组运作模式、资源需求和预期时间表。,2025-03-17 09:50:00,+8613973111222,1,7-k
SMS-372,,钱总，感谢上午的指导。已根据反馈更新了项目建议书框架，并补充了风险控制的具体措施。草稿稍后发您邮箱，请审阅。,2025-03-17 11:05:00,+8613973111222,0,
SMS-373,,钱总，我已到岗，正在处理夜间邮件和查看早盘情况，随时可以开始今天的工作。,2025-03-18 09:25:10,+8613973111222,0,
SMS-374,,黄总，您要的量化模型测算和趋势筛选数据已初步跑出，我正在做最后整理，预计下午可以形成报告初稿。,2025-03-18 11:15:30,+8613622341234,0,
SMS-375,105-2-3,黄总，关于您需求的详细数据分析报告初稿已完成，已发至您邮箱，请查收。如有任何疑问或需要调整，随时联系我。,2025-03-18 15:50:45,+8613622341234,0,105-b
SMS-376,138-2-1,佳宁，我整理了一份夜景摄影进阶的学习清单，包含了慢门、堆栈和复杂构图这些我们聊过的主题，链接和书单都附上了，发你看看，有空一起研究？,2025-03-18 16:20:15,+8613622344321,0,138-b
SMS-377,,钱总，您要的关于科创项目投资前景的初步分析框架我已经整理好，发到您邮箱了，请您查收。,2025-03-18 21:20:00,+8613973111222,0,
SMS-378,,妈，我出门去岳麓山跑步了，今天感觉状态还行。早餐我自己解决，您和爸记得吃。,2025-03-19 07:05:00,+8613907128765,0,
SMS-379,100-6-1,云飞，我已经到东门停车场了，你到哪了？,2025-03-19 07:20:00,+8613787343210,0,100-f
SMS-380,7-8-1,钱总，上午好。关于黄思琪客户的科技主题方案，我已经和文博、晓雅初步沟通并组建了虚拟小组，计划明天下午开首次会。跟您同步一下进度。,2025-03-19 09:50:00,+8613973111222,0,7-l
SMS-381,208-7-1,钱总，林志豪先生的投资分析报告初稿已完成，已通过内部系统发送给您初审，请您查收。,2025-03-19 15:25:00,+8613973111222,0,208-g
SMS-382,208-7-2,钱总，黄思琪客户的科技主题资产配置报告已交叉审阅完毕，数据已更新至最新，逻辑和风险揭示部分已优化。报告已发您邮箱，请您审阅。,2025-03-19 16:45:00,+8613973111222,0,208-g
SMS-383,205-1,妈，我晚上把武汉协和、同济、中南三家医院的体检套餐信息整理成表格了，特色项目和价格都列清楚了。明天我再电话问问协和的VIP预约细节，弄清楚了就发给你和爸看看。,2025-03-19 20:50:00,+8613907128765,0,205-a
SMS-384,205-1,【武汉协和医院体检中心】尊敬的客户，您咨询的VIP体检套餐详情已通过短信发送。基础套餐价格2888元起，含低剂量螺旋CT、无痛胃肠镜等深度项目。预约请回复1，人工咨询请回复2。,2025-03-19 21:05:00,106900008888,1,205-a
SMS-385,,妈，我晨跑完刚到家，准备弄早餐。你和我爸吃了吗？,2025-03-20 08:35:10,+8613907128765,0,
SMS-386,7-1,黄总，上午好。关于科技主题方案的框架，我已初步梳理了半导体设备和AI应用两个方向的逻辑，下午会把宏观分析部分先发您审阅。,2025-03-20 11:05:15,+8613622341234,0,7-c
SMS-387,7-1,黄总，方案第二部分‘投资策略与标的初步筛选’的框架已初步搭建，重点结合了半导体设备和AI应用赛道。核心逻辑和筛选标准部分，您看是否需要我们再约个时间，结合您公司的具体投资偏好做一次细化讨论？,2025-03-20 16:15:00,+8613622341234,0,7-c
SMS-388,7-1,冯经理，收到。框架方向没问题。关于筛选标准，我们内部更关注技术壁垒和国产替代进程的量化指标，这部分可以重点补充。明天下午三点后我有空，可以电话沟通。,2025-03-20 16:45:00,+8613622341234,1,7-c
SMS-389,7-2,文博，黄思琪方案的行业分析部分就交给你了，下周一前完成初稿发我，辛苦。,2025-03-21 17:15:00,+8613787349876,0,7-e
SMS-390,7-2,晓雅，客户黄思琪方案的数据测算和PPT美化部分麻烦你跟进，周三我们内部对一下。,2025-03-21 17:20:00,+8613857123456,0,7-e
SMS-391,,我：晓雅，午餐那道宁乡花猪肉确实不错，你之前说在湘西吃过类似的，具体是在哪里？我下次也想去尝尝。,2025-03-22 11:35:00,+8613857123456,0,
SMS-392,,孙晓雅：在凤凰古城的一家老店，叫“醉湘西”，他们家的腊肉和血粑鸭也是一绝。回头我把地址发你。,2025-03-22 11:38:15,+8613857123456,1,
SMS-393,,我：钱总，午餐合您口味吗？我看您对那道灰汤贡鸭挺感兴趣的。,2025-03-22 11:40:30,+8613973111222,0,
SMS-394,122-2-2,各位同事，下午的团队拓展训练13:30准时在户外拓展训练基地集合，请大家穿运动装和运动鞋，准时参加。,2025-03-22 12:45:00,+8613900000000,0,122-b
SMS-395,,妈，今天公司团建结束了，拓展训练和晚会都挺顺利的，刚泡完温泉放松了一下。你们今天怎么样？,2025-03-22 20:15:00,+8613907128765,0,
SMS-396,122-2-3,博哥，今晚烧烤和晚会真不错，散步回去路上夜景也挺好。明天早餐几点？,2025-03-22 21:45:00,+8613787349876,0,122-b
SMS-397,,钱总，早上好。我已经到餐厅了，靠窗的位置视野不错，给您和文博、晓雅都留了座。,2025-03-23 08:05:15,+8613973111222,0,
SMS-398,,文博，晓雅，早餐餐厅见，钱总也快到了。,2025-03-23 08:10:30,+8613787349876,0,
SMS-399,122-3-3,妈，团建今天下午结束，我大概晚上7点到家。不用等我吃饭，给我留点汤就行。,2025-03-23 16:20:45,+8613907128765,0,122-c
SMS-400,122-3-3,钱总，大巴预计18:40抵达骏豪花园停车场，我这边会直接取车回家。您这边需要我顺路送一下吗？,2025-03-23 17:30:00,+8613973111222,0,122-c
SMS-401,122-3-3,文博，刚才分享环节你提到的那个关于跨部门协作的点特别好，我加到我的总结里了，回头把完整版发你一份。,2025-03-23 17:45:00,+8613787349876,0,122-c
SMS-402,122-3-3,晓雅，刚才在车上拍了几张不错的合照，已经发你微信了，你可以挑挑看。,2025-03-23 18:10:00,+8613857123456,0,122-c
SMS-403,122-3-2,妈，我刚到家，今天团建特别有意思，泡温泉的时候还跟钱总聊了聊职业规划。晚上视频再跟你细说！,2025-03-23 20:35:00,+8613907128765,0,122-c
SMS-404,205-4-2,【武汉协和医院体检中心】尊敬的客户，您已成功预约4月12日上午08:30-10:30的全面体检套餐（2人），预约号：WHXH20250324001。请携带身份证件准时到院。如有疑问请致电027-85726114。,2025-03-24 11:10:00,106900012345,1,205-d
SMS-405,,黄总，关于我们上次讨论的科技主题投资，我已经整理了AI应用端几个核心子方向的详细对比材料，包括市场空间、竞争格局和风险点。材料已发您邮箱，您有空时可以先看看，我们后续再约时间详聊。,2025-03-24 14:45:00,+8613622341234,0,
SMS-406,205-4-2,妈，我这边工作有点忙，用眼久了头有点紧。您和爸最近身体都还好吧？记得按时吃降压药。我给你们预约了4月12号协和的体检，具体信息我发家庭群了。,2025-03-24 14:55:00,+8613907128765,0,205-d
SMS-407,,您好，我有一件外套需要干洗，大概17:15左右到店，请预留一下时间。,2025-03-24 16:45:00,106900001234,0,
SMS-408,,团建照片我整理好了，挑了几张特别棒的，明天发到群里给大家看看。,2025-03-24 18:50:00,+8613857123456,0,
SMS-409,,收到！期待！今天看你开会时状态不太好，现在好点了吗？,2025-03-24 18:52:30,+8613857123456,1,
SMS-410,,妈，我晚上在家简单吃了点，头还有点不舒服，准备早点休息了，你们也早点睡。,2025-03-24 19:20:00,+8613907128765,0,
SMS-411,,照片已整理，明天发你们。早睡，安。,2025-03-24 20:35:00,+8613817765432,0,
SMS-412,7-4,孙晓雅，今天与黄思琪的需求访谈记录和我的后续指示已发你邮箱，请查收并据此深化方案。,2025-03-25 17:05:00,+8613857123456,0,7-g
SMS-413,138-3,佳宁，我刚研究了夜景慢门拍摄，在光污染强的城市中心，用F8光圈、ISO100、曝光15秒，配合堆栈降噪，效果应该不错。你上次拍江景用的参数是多少？,2025-03-25 20:15:00,+8613622344321,0,138-c
SMS-414,138-3,我：确实，三脚架稳定是基础。我打算周末去梅溪湖试试这个参数组合，拍完发你看看效果。,2025-03-25 20:45:00,+8613622344321,0,138-c
SMS-415,,妈，今天工作挺顺利的，晋升材料弄好了。你和爸最近身体怎么样？降温了注意保暖。,2025-03-25 21:50:00,+8613907128765,0,
SMS-416,,博哥，中午12点10分，沙拉拉轻食店门口见？,2025-03-26 11:45:00,+8613787349876,0,
SMS-417,,钱总，下午2点关于A客户投资策略调整的会议材料我已准备完毕，已发您邮箱，请查收。,2025-03-26 13:45:00,+8613973111222,0,
SMS-418,,【华泰证券】尊敬的客户，您关注的沪深300指数ETF（510300）今日份额净值为3.752元，较前一交易日上涨0.85%。市场有风险，投资需谨慎。,2025-03-26 14:30:00,106900009588,1,
SMS-419,,林总，刚才电话沟通的要点和后续操作建议我已整理成简要纪要，稍后邮件发您。市场短期波动属正常，我们的长期策略依然稳健，请放心。,2025-03-26 15:55:00,+8613818987654,0,
SMS-420,16-6,妈，我刚运动完，正在吃晚饭。最近身体怎么样？我这边一切都好，CFA复习也在按计划进行，您和爸多注意身体。,2025-03-26 20:55:00,+8613907128765,0,16-f
SMS-421,7-5-2,妈，今天上午要开晨会写报告，估计会比较忙。你和我爸在家都还好吧？天气转暖，你们可以多出去走走。,2025-03-27 09:20:00,+8613907128765,0,7-h
SMS-422,102-7,今天跑步和聚餐的照片我导出来调好色了，发你一份，原图也打包了。今天太开心了，下次继续约！,2025-03-27 21:20:00,+8613787343210,0,102-g
SMS-423,212-2,钱总，我的晋升述职报告及相关材料已提交至系统，请您审阅。感谢您一直以来的指导。,2025-03-28 09:25:00,+8613973111222,0,212-b
SMS-424,200-1,黄总您好，关于您投资组合的分析初稿已完成，重点观察了新能源板块的波动性与消费板块的复苏弹性。详细报告及调整建议已发您邮箱，请查收。,2025-03-28 11:50:00,+8613622341234,0,200-a
SMS-425,200-1,林总，您投资组合的季度分析报告已准备就绪，核心结论是整体风险可控，科技板块配置建议微调。报告PDF及数据附表已发送至您的工作邮箱，请审阅。,2025-03-28 11:55:00,+8613818987654,0,200-a
SMS-426,,钱总，本周工作收尾。客户黄思琪的季度投资简报已撰写完毕，待您审阅后即可发送。下周计划重点跟进林志豪总的新项目需求。,2025-03-28 16:50:00,+8613973111222,0,
SMS-427,,黄总您好，关于您科技主题投资组合的季度回顾与调整建议简报已完成，稍后经内部确认后会正式发送至您邮箱，请注意查收。,2025-03-28 17:05:00,+8613622341234,0,
SMS-428,,晓雅，我这边工作快收尾了。下周一的晨会材料我晚上发你，麻烦你帮忙提前打印一下，谢谢。,2025-03-28 17:20:00,+8613857123456,0,
SMS-429,100-9-1,云飞，我昨天马拉松的完赛证书发你邮箱了，查收下。今天9点半风帆广场见，恢复跑5公里，我开车过去。,2025-03-29 08:15:30,+8613787343210,0,100-i
SMS-430,100-9-1,浩子，我到风帆广场了，在江边那个雕塑下面等你。,2025-03-29 09:05:15,+8613787343210,1,100-i
SMS-431,203-4,云飞，今天聚餐聊得很开心，散步消食也很舒服。我决定下周开始每周安排一次普拉提课，感觉对肩颈和核心很有帮助。你最近有什么新的运动计划吗？,2025-03-30 13:45:00,+8613787343210,0,203-d
SMS-432,200-3-1,"【招商银行】尊敬的客户，您尾号8899的储蓄卡于14:30发生一笔证券资金转出交易，金额为58,000.00元。如非本人操作，请立即联系95555。",2025-03-30 14:31:15,1065755855899,1,200-c
SMS-433,,妈，晚上准备做煎鸡胸肉和西兰花，您和爸晚上吃的什么？,2025-03-30 17:20:00,+8613907128765,0,
SMS-434,,佳宁，昨天潮宗街拍的照片我导出来了，有几张光影特别棒，晚点发你看看。,2025-03-30 18:35:00,+8613622344321,0,
SMS-435,,妈，我早上跑完步了，岳麓山空气真好。你最近腿还疼吗？记得按时贴膏药。,2025-03-31 08:15:22,+8613907128765,0,
SMS-436,,文博，晨会上提到的那个客户分析模板，方便的话发我一份参考下，谢谢。,2025-03-31 09:25:18,+8613787349876,0,
SMS-437,8-2,轩子，我那个跑步挑战完成了！100公里搞定。周末有空没，出来吃个饭庆祝下？,2025-03-31 09:50:33,+8613622345678,0,8-b
SMS-438,199-3,【中国移动】尊敬的客户，您当前套餐内流量剩余5.2GB，通话剩余120分钟。查询更多请回复“CX”。,2025-03-31 12:05:10,10690010086,1,199-c
SMS-439,,妈，我下班了，今天工作都收尾了，准备开车回家。您和爸晚上吃的什么？,2025-03-31 17:20:00,+8613907128765,0,
SMS-440,,【普拉提生活馆】尊敬的会员您好，您已成功预约4月2日、9日、16日、23日19:30的常规小班课，课程费用已从账户扣除。请提前10分钟到场签到，如有变动请提前6小时取消。,2025-03-31 19:45:00,106900001234,1,
SMS-441,,妈，我起床了，刚锻炼完准备吃早餐。今天降温，你和爸出门多穿点。,2025-04-01 08:05:30,13907128765,0,
SMS-442,7-6-2,文博，中午那家店不错，下次可以再去。另外，上午会议提到的数据源，我下午会再梳理一下，晚点发你参考。,2025-04-01 12:35:15,13787349876,0,7-i
SMS-443,,【Core Flow普拉提】尊敬的会员，您预约的今晚18:30的私教课程即将开始，请提前10分钟到场更换衣物。如有变动请及时联系您的教练。,2025-04-01 17:05:22,106900001234,1,
SMS-444,,教练您好，我预约了今晚18:15的普拉提核心课程，会准时到达。,2025-04-01 17:30:00,+8613912345678,0,
SMS-445,,钱总，第二季度的个人工作规划初稿已发您邮箱，主要围绕科技方案落地和重点客户维护展开，请您审阅。,2025-04-01 21:10:00,+8613973111222,0,
SMS-446,,【高德地图】您已成功预订“老长沙粉面馆”外卖，预计今日18:30-19:00送达至岳麓区双塘路99号。订单号：CS202504020750123。,2025-04-02 07:55:10,106900001234,1,
SMS-447,,妈，昨晚睡得不太好，今天感觉有点累。你和我爸最近身体都好吧？天气变化大，注意保暖。,2025-04-02 08:15:30,+8613907128765,0,
SMS-448,219-5-1,博哥，早。我上午要跟钱总预汇报，下午分享会的材料我预载到会议室电脑了，你方便的时候可以先看看。,2025-04-02 08:50:20,+8613787349876,0,219-e
SMS-449,,爸，我上午有个重要的预汇报，刚结束。你上次说血压有点高，最近测了怎么样？记得按时吃药。,2025-04-02 09:45:05,+8613807123456,0,
SMS-450,,小然，我中午和同事在外面吃饭。你最近工作忙吗？上次说想换房子，看得怎么样了？,2025-04-02 12:05:10,+8613817765432,0,
SMS-451,219-5-2,各位同事，下午13:30在3号会议室召开二季度投资策略分享会，请大家准时参加。主讲人：冯浩然。,2025-04-02 12:50:00,+8613857123456,1,219-e
SMS-452,219-5-1,钱总，分享会材料已根据您的意见更新完毕，风险提示附录已添加，收益率预期表述和筛选逻辑也已调整强化。,2025-04-02 13:15:22,+86139073111222,0,219-e
SMS-453,219-5-2,钱总，上午的会议纪要已整理好，核心观点和共识部分已重点标注，请您审阅。,2025-04-02 16:45:00,+8613973111222,0,219-e
SMS-454,219-5-2,郑文博，会议纪要已发群，你负责的客户画像分析部分，请在本周五下班前完成初稿并发我。,2025-04-02 16:50:00,+8613787349876,0,219-e
SMS-455,219-5-2,孙晓雅，关于会上提到的市场活动预算，请协助在下周一上午10点前提供详细拆分表。,2025-04-02 16:55:00,+8613857123456,0,219-e
SMS-456,,钱总，我已到岗，今日工作清单已梳理完毕，重点处理客户节前咨询和假期工作交接。您看上午是否需要我当面汇报？,2025-04-03 08:50:00,+8613973111222,0,
SMS-457,210-2-1,博哥，我这边收拾好了，准备出发去高铁站。假期愉快！节后回来聚。,2025-04-03 13:00:00,+8613787349876,0,210-b
SMS-458,,我：雨晴，我安全到家了，一路顺利。你最近怎么样？,2025-04-03 20:45:00,+8613787344567,0,
SMS-459,,彭雨晴：到家就好！我最近还行，刚忙完一个项目。你这次在家待几天？,2025-04-03 20:48:15,+8613787344567,1,
SMS-460,,我：待到周末。有空的话，我们约个饭？,2025-04-03 20:50:00,+8613787344567,0,
SMS-461,,彭雨晴：好啊！我看看时间，晚点回你。你先好好陪叔叔阿姨。,2025-04-03 20:51:30,+8613787344567,1,
SMS-462,210-2-2,爸，我开车，你和我妈准备好了就下楼吧。花店那边联系好了吗？,2025-04-04 08:02:00,+8613807123456,0,210-b
SMS-463,,妈，早餐很好吃，谢谢。我收拾完碗筷就出发。,2025-04-04 08:15:00,+8613907128765,0,
SMS-464,,爸，下午天气不错，一起去东湖绿道骑车吧？我开车，咱们两点出发。,2025-04-04 13:30:00,+8613807123456,0,
SMS-465,,【美团单车】您于2025-04-04 14:25在梨园广场租借的车辆（订单号：MT202504041425001234）已成功开锁，计费开始。,2025-04-04 14:25:30,106900009999,1,
SMS-466,,钱总，我已安全到家。关于下周一的晨会材料，我今晚会整理好，明早发您邮箱预览。,2025-04-04 21:35:10,+8613973111222,0,
SMS-467,58-2,晓雅，明天上午10点我们线上碰一下，同步一下咖啡品鉴会的物料准备情况，我这边流程已经梳理好了。,2025-04-04 21:40:25,+8613857123456,0,58-b
SMS-468,,【XX航空】尊敬的冯先生，您预订的2025-04-05 G1001次列车（武汉-深圳北）已出票，订单号WH20250404XXXX，请提前至车站取票。祝您旅途愉快！,2025-04-04 21:50:00,106900008888,1,
SMS-469,89-1,【平安车险】尊敬的客户，您的车辆（车牌号鄂A*****）保险即将于4月15日到期，为保障您的权益，请及时续保。点击链接查看报价或回复“续保”由专员为您服务。,2025-04-05 08:45:00,1069000095511,1,89-a
SMS-470,89-1,妈，我行李收拾好了，特产也装进去了。刚看到车险和年检快到期了，我回长沙就处理，别担心。,2025-04-05 09:05:00,+8613907128765,0,89-a
SMS-471,210-3-1,爸，刚才聊的货币政策转向的观点对我很有启发，我路上再消化一下。下周市场周报我会重点分析这块。,2025-04-05 11:30:00,+8613807123456,0,210-c
SMS-472,210-3-2,妈，午饭很好吃，谢谢您。我上车了，到了长沙给您报平安。您和爸多注意身体。,2025-04-05 12:05:00,+8613907128765,0,210-c
SMS-473,,钱总，下周的战略规划初稿已完成，重点标注了与林总、黄总的客户会议时间，以及CFA学习时段。已同步到共享日历，请您审阅。,2025-04-05 17:45:00,+8613973111222,0,
SMS-474,210-3-2,妈，我回到长沙了，刚吃完晚饭。下周工作安排挺满的，你和爸在家注意身体，别太操劳。,2025-04-05 17:55:00,+8613907128765,0,210-c
SMS-475,,俊杰，我回长沙了。下周找个时间一起吃个饭？好久没见了，聊聊近况。,2025-04-05 18:20:00,+8613787345678,0,
SMS-476,,好啊！我也刚想联系你。周二或周三晚上怎么样？我这边都行，看你方便。,2025-04-05 18:35:00,+8613787345678,1,
SMS-477,89-1,【平安车险】尊敬的客户，您的车辆保险将于2025-04-20到期。为保障您的权益，请及时续保。一键报价请回复1，人工服务请回复0。,2025-04-05 19:15:00,1069000095511,1,89-a
SMS-478,,【滴滴出行】订单（尾号5678）已由张师傅（湘A·D12345）接单，预计5分钟后到达双塘路99号。司机电话：138****1234。请提前做好准备。,2025-04-06 13:05:00,106900009999,1,
SMS-479,58-3-1,沈老板，我大概半小时后到咖啡厅，路上有点堵，帮我留个靠窗的好位置，谢谢！,2025-04-06 13:15:00,+8613787346789,0,58-c
SMS-480,,我：佳宁，今天在潮宗街拍到了几张很棒的光影照片，晚点发你看看。你最近有去什么新地方拍吗？,2025-04-06 18:45:30,+8613622344321,0,
SMS-481,213-1,今早聊的内容很有启发，谢谢分享。,2025-04-07 08:30:15,+86 138 1234 5678,0,213-a
SMS-482,,林总，关于您咨询的海外债市近期波动，主要是受美联储政策预期和地缘局势影响。我们建议保持现有配置，并关注下周的非农数据。详细分析报告稍后发您邮箱。,2025-04-07 14:30:00,+8613818987654,0,
SMS-483,,【华泰证券】尊敬的客户，您关注的科技主题配置方案初稿已完成，已上传至客户门户，请注意查收。如有任何疑问，请随时联系您的投资顾问冯浩然。,2025-04-07 16:45:00,106900009588,0,
SMS-484,,妈，我下班了，现在去罗比零食店买点西兰花和鸡胸肉，晚上做健康餐，大概七点多到家。,2025-04-07 17:35:00,13907128765,0,
SMS-485,,小然，最近学习工作还顺利吗？我这边刚制定了一个CFA冲刺计划，感觉压力山大。你也要注意休息，别熬夜。,2025-04-07 20:15:00,13817765432,0,
SMS-486,,钱总，关于科技股估值分析方案的PPT初稿已基本完成，我计划明天上午抛光细节，下午方便时向您做个简短汇报吗？,2025-04-07 21:45:00,13973111222,0,
SMS-487,,妈，我早上晨跑完刚吃完早餐，今天煎蛋配牛油果，挺健康的。你和我爸吃了吗？,2025-04-08 07:45:00,+8613907128765,0,
SMS-488,213-2-2,云飞，今天晨跑聊得很开心，你推荐的拉伸技巧和羽毛球活动我记下了。下周优化路线，我们继续！,2025-04-09 08:25:00,+8613787343210,0,213-b
SMS-489,147-1,文博，中午聊的科技公司客户关注点很有启发，特别是关于沟通技巧那部分，谢谢分享。明天和黄思琪的会议我更有底了。,2025-04-09 13:05:00,+8613787349876,0,147-a
SMS-490,,不客气浩然，你准备充分肯定没问题。对了，你点的剁椒鱼头确实地道，下次还去那家。,2025-04-09 13:10:00,+8613787349876,1,
SMS-491,147-1,黄总，下午好。关于明天会议的初步材料我已准备完毕，核心是您投资组合的近期表现分析和基于当前宏观环境的配置调整建议。稍后我将初稿发您邮箱，请您先过目。,2025-04-09 16:45:00,+8613622341234,0,147-a
SMS-492,16-6,妈，我刚复习完CFA的财务报表分析，感觉租赁会计那块还是有点绕。你和我爸晚上吃的什么？,2025-04-09 20:45:00,+8613907128765,0,16-f
SMS-493,,【中国移动】尊敬的客户，您本月套餐内流量已使用80%，剩余流量2.1GB。点击 http://10086.cn 查询详情。,2025-04-09 21:30:00,10086,1,
SMS-494,217-1-1,【公司财务部】尊敬的员工，您2025年第一季度绩效奖金已发放至尾号XXXX的工资卡，请注意查收。如有疑问，请联系HR。,2025-04-10 16:55:00,106900001234,1,217-a
SMS-495,,我：妈，我下班了，正在开车回去的路上，路过奥克斯广场买了份沙拉当晚餐，大概七点半左右到家。,2025-04-10 18:15:00,+8613907128765,0,
SMS-496,217-1-1,我：博哥，奖金终于到账了！晚上刚录完系统，感觉辛苦没白费。周末有空没？出来喝一杯庆祝一下？,2025-04-10 21:20:00,+8613787349876,0,217-a
SMS-497,,张明轩：可以啊兄弟！恭喜恭喜！这必须得宰你一顿大的，周末我看看时间，晚点跟你说。,2025-04-10 21:25:00,+8613622345678,1,
SMS-498,,【中国移动】尊敬的客户，您的话费余额为58.76元，流量剩余3.2GB。点击 http://10086.cn 查询详情。,2025-04-10 22:30:00,10658086,1,
SMS-499,147-3,林总，关于季度资产配置报告，我已将更新后的版本发至您邮箱，重点调整了风险敞口部分，请查收。如有问题随时沟通。,2025-04-11 10:15:00,+8613818987654,0,147-c
SMS-500,61-2-1,妈，我晚上要跟朋友去郊外观星，会晚点回来，不用等我吃饭了。,2025-04-11 13:45:00,+8613907128765,0,61-b
SMS-501,,妈，我晚上去天文台参加活动刚结束，正在开车回家，大概十点半左右到。您和爸早点休息，不用等我。,2025-04-11 21:35:00,+8613907128765,0,
SMS-502,89-4-2,【长沙安通机动车检测站】尊敬的冯先生，您的车辆（湘A*****）已于2025-04-12 11:45完成年检，检验合格。请妥善保管检验合格标志。,2025-04-12 11:46:00,106900001234,1,89-d
SMS-503,100-10,妈，我晚上和雨晴在外面吃饭，不用等我。你和我爸晚饭吃了吗？,2025-04-12 17:55:00,+8613907128765,0,100-j
SMS-504,100-10,我：雨晴，我已经出发了，大概十分钟后到。你那边怎么样，路上堵吗？,2025-04-12 18:05:00,+8613787344567,0,100-j
SMS-505,100-10,彭雨晴：我也刚出门，不堵，应该差不多时间到。待会儿见！,2025-04-12 18:07:00,+8613787344567,1,100-j
SMS-506,,妈，早上好。今天天气转凉，你和爸在家注意保暖，我这边一切都好。,2025-04-13 08:35:22,+8613907128765,0,
SMS-507,147-4,钱总，关于数字货币的学习框架我已初步搭建完成，分为产品基础、市场与监管、投资分析三大模块，核心材料也已搜集。您看什么时候方便，我向您简要汇报一下思路？,2025-04-13 11:45:10,+8613973111222,0,147-d
SMS-508,147-4,林总您好，针对您之前提到的兴趣，我这边正在系统梳理数字货币的学习资料和框架，预计本周内可以整理出一份初步的要点摘要供您参考。,2025-04-13 11:50:05,+8613818987654,0,147-d
SMS-509,,轩子，最近忙啥呢？我刚做完饭，这周末天气不错，要不要约个时间出来聚聚，吃个饭或者打打球？,2025-04-13 12:15:30,+8613622345678,0,
SMS-510,,我：轩子，我大概20分钟后到麺屋武藏，帮我先点一份招牌骨汤拉面，谢啦！,2025-04-13 19:20:00,+8613622345678,0,
SMS-511,,博哥：浩然，上次你问的那个投资对账单模板，我发你邮箱了，有空看看。,2025-04-13 21:25:00,+8613787349876,1,
SMS-512,,我：妈，我刚洗漱完准备睡了。今天散步感觉很好，你和爸也早点休息。,2025-04-13 22:10:00,+8613907128765,0,
SMS-513,147-5,钱总，刚和您汇报完黄思琪客户对比特币ETF的需求。我这边会按您的指示，马上联系研究部启动分析模型搭建，确保合规底线。有任何进展随时向您同步。,2025-04-14 10:05:30,+8613973111222,0,147-e
SMS-514,,沈老板，我大概六点到店里，帮我留个靠窗的位子，谢谢。,2025-04-14 17:05:00,+8613787346789,0,
SMS-515,215-1-1,妈，我今天的体检报告出来了，医生说各项指标都正常，就是让我继续保持运动，别熬夜。您和爸也注意身体。,2025-04-14 20:10:00,+8613907128765,0,215-a
SMS-516,,我：文博，下午客户电话会议的时间确认了吗？我这边需要提前准备一下材料。,2025-04-15 08:45:00,+8613787349876,0,
SMS-517,,张明轩：浩子，周末有空吗？我这边有个朋友新开了个私房菜馆，味道不错，要不要一起去尝尝？,2025-04-15 12:22:00,+8613622345678,1,
SMS-518,215-2,我：您好，我是冯浩然，预约了今晚18:30的私教体验课，我会准时到，并携带体检报告。,2025-04-15 17:35:00,106900001234,0,215-b
SMS-519,215-2,我：你好，西湖建新安置小区湘菜馆吗？我要预订一份少油少盐的轻食沙拉，大概19:45左右送到岳麓区双塘路99号金星住宅小区。,2025-04-15 17:40:00,106900005678,0,215-b
SMS-520,215-2,妈妈：浩然，今天工作累不累？晚上去健身注意安全，别练太猛。家里给你留了汤。,2025-04-15 17:50:00,+8613907128765,1,215-b
SMS-521,217-3,云飞，我刚看了下半导体ETF，最近回调了不少，感觉是个加仓机会。你之前说的那家设备公司，财报看了吗？,2025-04-16 07:05:00,+8613787343210,0,217-c
SMS-522,217-3,看了，营收超预期，但毛利率承压。我觉得可以等一季报出来再决定。对了，你科技股定投准备怎么调？,2025-04-16 07:20:00,+8613787343210,1,217-c
SMS-523,220-3-2,钱总，下午深度分析已完成，核心数据已更新至共享文档。关于客户策略优化报告，有几个关键点需要和您确认一下，您看方便时我们简短沟通？,2025-04-16 15:45:00,+8613973111222,0,220-c
SMS-524,220-3-2,晓雅，报告的核心部分初稿我发你邮箱了，麻烦帮忙核对一下数据引用和格式，特别是第三部分的图表。有问题随时微我。,2025-04-16 17:20:00,+8613857123456,0,220-c
SMS-525,16-6,【美团外卖】您预定的湘菜馆“老长沙味道”订单（尾号7788）已由骑手李师傅（电话138****1234）开始配送，预计18:55送达，请留意电话。,2025-04-16 18:40:00,106900009999,1,16-f
SMS-526,214-2-3,文博，中午老地方，边吃边聊，正好有些关于加密资产配置的想法想听听你的看法。,2025-04-17 11:40:00,+8613787349876,0,214-b
SMS-527,214-3,钱总，早。昨晚数字资产研讨会笔记已整理好，初步构思了《数字资产科普与配置入门》材料框架，核心章节大纲已发您邮箱，请审阅。,2025-04-18 08:25:10,+8613973111222,0,214-c
SMS-528,214-3,晓雅，麻烦帮忙查一下近期关于数字资产监管政策的官方文件，我整理材料需要引用。谢谢。,2025-04-18 08:40:35,+8613857123456,0,214-c
SMS-529,214-3,林总，上午好。关于您之前咨询的数字资产配置入门材料，我正在系统整理，预计本周内可以给您一个初步版本，届时向您汇报。,2025-04-18 08:55:20,+8613818987654,0,214-c
SMS-530,,妈妈，今天长沙下雨，您出门买菜记得带伞，路上小心。我晚上回家吃饭。,2025-04-18 09:12:30,+8613907128765,0,
SMS-531,10-5,【招商银行】尊敬的客户，您尾号8899的信用卡本期账单已出，金额为5，236.80元，最后还款日为05月08日。登录掌上生活App可便捷还款。,2025-04-18 09:20:15,1065505798899,1,10-e
SMS-532,216-2-1,钱总，已按计划预订好22日G6113次（长沙南-广州南，08:30-11:30）高铁票和广州天河希尔顿酒店（22-24日）。行程信息已同步至您邮箱，请查收。,2025-04-18 14:50:00,+8613973111222,0,216-b
SMS-533,218-1,爸，妈，我到家了。晚上七点视频，记得把手机放稳点。,2025-04-18 18:55:00,+8613807123456,0,218-a
SMS-534,218-1,儿子，知道了。你妈刚把菜端上桌，我们吃完饭就等你。,2025-04-18 19:05:00,+8613907128765,1,218-a
SMS-535,11-4-1,妈，我今天跟朋友去影珠山徒步拍照，晚上回来吃饭，不用等我。,2025-04-19 08:05:30,+8613907128765,0,11-d
SMS-536,11-4-1,浩子，我们大概9点50到影珠山东门停车场，你到了吗？,2025-04-19 09:40:15,+8613787345678,0,11-d
SMS-537,,佳宁，下午我和雨晴在学堂坡社区街拍，你上次说想找老街氛围，要不要过来看看？,2025-04-19 14:20:10,+8613622344321,0,
SMS-538,11-4-2,沈老板，我和朋友大概四点到你店里，今天有推荐的新豆子吗？,2025-04-19 15:50:22,+8613787346789,0,11-d
SMS-539,11-4-1,我：雨晴，晚上7点半萝卜白菜湘菜馆，老地方，俊杰也来，咱们好好聚聚，聊聊徒步的事。,2025-04-19 17:45:00,+8613787344567,0,11-d
SMS-540,11-4-1,彭雨晴：收到！我刚下班，马上出发。对了，今天徒步拍的照片记得分享哦，期待！,2025-04-19 18:05:00,+8613787344567,1,11-d
SMS-541,11-4-2,我：佳宁，今天徒步的照片我整理好了，有几张风景和抓拍特别棒，已经发到我们摄影小队的群里了，你瞅瞅。,2025-04-19 22:15:00,+8613622344321,0,11-d
SMS-542,11-4-2,徐佳宁：看了！那张逆光剪影绝了，构图和氛围感都拉满。你后期调色也很有味道，学习了！,2025-04-19 22:30:00,+8613622344321,1,11-d
SMS-543,,我：妈，睡了吗？我今天研究了一下给您和爸的补充医疗险，初步看了几款，保障内容和价格差异挺大。明天我把资料发您看看？,2025-04-19 22:50:00,+8613907128765,0,
SMS-544,,李秀英：还没睡呢。你费心了，别弄太晚。资料你先整理好，周末视频的时候咱们一起看，你爸也在。,2025-04-19 23:05:00,+8613907128765,1,
SMS-545,,云飞，刚看到消息。明晚7点老地方，橘子洲头入口集合，跑完一起嗦粉，怎么样？,2025-04-20 15:35:00,+8613787343210,0,
SMS-546,10-6,黄总，上午会议纪要已整理好，重点讨论了团队架构和估值方法，已发您邮箱，请查收确认。,2025-04-21 11:55:00,+8613622341234,0,10-f
SMS-547,216-3-1,郑文博，下午我这边PPT快做完了，关于科技并购的案例，你上午提到的那个数据源链接方便发我一下吗？,2025-04-21 14:30:00,+8613787349876,0,216-c
SMS-548,216-3-1,好的，已收到。广州会议的议程和材料我刚发邮件给黄总助理了，也抄送你了。,2025-04-21 16:45:00,+8613787349876,1,216-c
SMS-549,216-3-3,妈，我明天一早出差去广州，大概三天，晚上刚收拾好行李，家里都好吧？,2025-04-21 19:30:00,13907128765,0,216-c
SMS-550,91-4-2,妈，我到广州了，今天上午要去见个客户。这边天气不错，你和爸在家注意身体。,2025-04-22 08:15:22,+8613907128765,0,91-d
SMS-551,,高云飞：明早老时间老地方，天河公园东门，6点15分集合，跑完我请你喝咖啡。,2025-04-22 19:25:15,+8613787343210,0,
SMS-552,216-4-2,钱总：黄思琪会议的材料已整合完毕，AI赋能投后监控的案例和调整后的流动性安排均已更新，PPT和投资建议书已上传至共享文件夹，请您审阅。,2025-04-22 20:05:30,+8613973111222,0,216-d
SMS-553,216-4-2,黄思琪：林总，您好。关于后天的会议，材料已准备就绪，重点讨论了您关心的AI应用和流动性方案，期待与您深入交流。,2025-04-22 20:45:00,+8613622341234,0,216-d
SMS-554,,妈妈：今天客户拜访和研讨会都很顺利，广州夜景很美，刚处理完工作。您和爸早点休息，我这边一切都好。,2025-04-22 21:55:10,+8613907128765,0,
SMS-555,,黄总您好，今日会议纪要已精修并发送至您和助理邮箱，请查收确认。如有任何调整请随时告知。,2025-04-23 21:40:00,+8613622341234,0,
SMS-556,,【南方航空】尊敬的旅客，您预订的4月24日CZ3101航班（广州-武汉）已出票，起飞时间09:30，请提前2小时到达机场办理值机。,2025-04-23 21:50:00,106900009558,1,
SMS-557,,【滴滴出行】您的快车订单（尾号1234）已由司机王师傅接单，车牌号粤A·XXXXX，预计3分钟后到达广州天河公园万枫酒店，请提前准备。,2025-04-24 08:48:00,106900009999,1,
SMS-558,,【铁路12306】订单E123456789，G6114次广州南（12:20开）-长沙南（14:50到），07车08A号，请提前1小时到站安检候车。,2025-04-24 10:50:00,1069000012306,1,
SMS-559,,我：文博，市场动态的初步分析我在地铁上发你邮箱了，你看下，我们下午回公司再细聊。,2025-04-24 11:10:00,+8613787349876,0,
SMS-560,,妈，我到公司了，上午有个重要的会议要开。今天长沙天气不错，您和爸出门散步注意安全。,2025-04-25 08:55:30,+8613907128765,0,
SMS-561,10-8,郑律师，合作律所发来了法律尽职调查清单草案。我们约个时间一起审阅一下？客户黄总那边特别强调了知识产权和核心人员合同条款，这部分需要重点关注。你看明天上午10点方便吗？,2025-04-25 09:30:00,13800138000,0,10-h
SMS-562,45-2-4,妈，我刚参观完铜官窑遗址，挺震撼的。中午吃了这边的特色菜，味道不错。您和爸今天在家都好吧？,2025-04-26 12:55:00,+8613907128765,0,45-b
SMS-563,218-3,【XX保险】尊敬的冯先生，您为父母选定的‘安康尊享’医疗险计划已收到您的确认。保单号：AX202504260001，预计3个工作日内完成承保并寄送纸质保单。如有疑问请致电400-123-4567。,2025-04-26 15:50:00,106900001234,1,218-c
SMS-564,92-3,林总您好，我是HTSC的小冯。感谢您上周在百忙中抽空交流。关于您提到的供应链金融新趋势，我整理了一份简短的行业动态摘要，已随感谢邮件一并发送至您邮箱，请您查收。期待后续有机会深入探讨。,2025-04-26 16:35:00,+8613818987654,0,92-c
SMS-565,,钱总，今天下午处理了几条非紧急工作微信，CFA固定收益和衍生品的真题练习已完成，错题已整理。您那边还有需要我同步的事项吗？,2025-04-26 16:45:00,+8613973111222,0,
SMS-566,,【XX保险】尊敬的客户，您为父母咨询的保险方案已初步拟定，包含重疾与医疗责任，预计年缴保费约XXXX元。如需预约线下讲解或调整方案，请回复‘确认’或致电您的专属顾问。,2025-04-26 17:05:00,106900001234,1,
SMS-567,,妈，刚视频完。您和爸的保险方案我看了，感觉保障挺全的，等我周末再研究下细节。您早点休息。,2025-04-26 21:32:00,+8613907128765,0,
SMS-568,,我：云飞，我刚到老刘家湘菜馆，靠窗位置，你中午在哪吃？要不要过来一起？,2025-04-27 12:05:00,+8613787343210,0,
SMS-569,,我：雨晴，昨天去铜官窑遗址了，拍了几张照片，感觉特别震撼，分享给你看看。,2025-04-27 14:35:00,+8613787344567,0,
SMS-570,,钱总，给客户黄思琪的并购项目阶段性分析报告已完善并发您邮箱，请审阅。,2025-04-28 16:45:00,+8613973111222,0,
SMS-571,,黄总，关于并购项目的阶段性分析报告已发您邮箱，其中对估值模型和协同效应部分做了重点更新，请您有空时查阅。,2025-04-28 16:50:00,+8613622341234,0,
SMS-572,,黄总，关于并购项目闲置资金的短期配置方案，已按电话沟通内容确认并执行，具体明细稍后邮件发送，请查收。,2025-04-29 08:45:10,+8613622341234,0,
SMS-573,,妈，我感冒好多了，今天在公司，您和爸在家注意身体，别太累。,2025-04-29 09:20:00,+8613907128765,0,
SMS-574,,博哥，中午去传媒路那家广式炖品店吧，我感冒没好，想吃点清淡的。,2025-04-29 11:05:00,+8613787349876,0,
SMS-575,,行啊，我也正想喝点汤。11点半楼下大堂见？,2025-04-29 11:07:30,+8613787349876,1,
SMS-576,,【招商银行】尊敬的客户，您尾号8899的信用卡本期账单已出，应还金额12，345.67元，还款日为05月15日。点击 cmbt.cn/A1b2C3 查看详情。,2025-04-29 13:05:15,10655057995555,1,
SMS-577,,钱总，黄思琪客户的季度资产配置报告初稿已完成，已发您邮箱，请您审阅。,2025-04-29 15:30:00,+8613973111222,0,
SMS-578,,好的，收到。下午收盘后我们简单过一下几个重点客户的持仓。,2025-04-29 15:32:45,+8613973111222,1,
SMS-579,,轩子，五一假期怎么安排？还在深圳吗？有空聚聚。,2025-04-29 16:45:00,+8613622345678,0,
SMS-580,,妈，我感冒好了，今天恢复晨跑，感觉不错。你和我爸最近身体都好吧？,2025-04-30 08:15:30,+8613907128765,0,
SMS-581,,【XX银行】尊敬的客户，您尾号8899的信用卡本期账单已出，应还款金额为12，345.67元，到期还款日为2025-05-15。,2025-04-30 09:45:10,106900009999,1,
SMS-582,,妈，我感冒已经全好了，今天还去吃了家好吃的湘潭菜，别担心。你和爸最近身体怎么样？,2025-04-30 10:15:00,+8613907128765,0,
SMS-583,13-6,浩然，你上次问的CFA冲刺班资料我找到了，发你网盘了，你看看有没有用。,2025-04-30 12:10:20,+8613818901234,1,13-f
SMS-584,10-10,文博，中午那家小炒黄牛肉确实不错，下次可以再约。对了，下午讨论的PPT我发你邮箱了，有空可以先看下。,2025-04-30 12:45:00,+8613787349876,0,10-j
SMS-585,148-5,郑哥，下午初步筛选的数字资产报告，我按‘机构-日期-主题’格式重命名了，已发你一份到工作邮箱，方便你晚上看。,2025-04-30 17:25:00,+8613787349876,0,148-e
SMS-586,148-5,孙姐，今天整理资料时看到一份关于数字资产托管的最新报告，感觉对你们组下周的汇报可能有参考价值，已经转发到你邮箱了。,2025-04-30 17:28:00,+8613857123456,0,148-e
SMS-587,,云飞，刚晨跑完，感觉今天状态不错。你那双跑鞋磨损情况怎么样？我那双后跟好像有点磨偏了，是不是该换了？,2025-05-01 10:20:15,+8613787343210,0,
SMS-588,,我那双还好，上周刚检查过。你跑量上来了吧？周末岳麓山约个长距离？,2025-05-01 10:22:05,+8613787343210,1,
SMS-589,,我：老罗，在色影无忌论坛看到你发的那个邮票拍卖贴了，那张猴票品相真不错，你打算出手吗？,2025-05-01 19:15:22,+8613622346677,0,
SMS-590,,罗振宇：哈哈，被你发现了。还在犹豫，价格有点高。对了，你上次说的那套全画幅微单，论坛里‘光影捕手’刚发了篇深度评测，链接发你。,2025-05-01 19:25:05,+8613622346677,1,
SMS-591,,我：佳宁，刚看了论坛里关于R5 II的传闻，感觉升级点都在视频上。我们周末去梅溪湖拍人像，你觉得是继续用我的R6，还是租个A7M4试试？,2025-05-01 19:35:48,+8613622344321,0,
SMS-592,,林总，您的季度资产配置报告初稿已完成，已发至您工作邮箱，请查收。主要调整了科技板块的配置权重，并加入了最新的宏观政策分析。,2025-05-02 11:50:00,+8613818987654,0,
SMS-593,,妈，我起床了，刚做完晨练，今天感觉状态不错。你和我爸在家也记得活动活动。,2025-05-03 07:45:00,+8613907128765,0,
SMS-594,,浩子，今天CFA模拟考，上午场9点开始，祝我好运！,2025-05-03 08:10:00,+8613622348899,0,
SMS-595,13-9-2,上午的模拟考刚结束，感觉财务报告分析和固定收益部分有点难，错了几道，得重点复习一下。,2025-05-03 12:45:00,+8613787349876,0,13-i
SMS-596,139-2,佳宁，我在小咖主咖啡厅，正在筛选上次潮宗街拍的照片，有几张‘新旧对话’主题的构图特别棒，晚点发你看看？,2025-05-03 15:30:00,+8613622344321,0,139-b
SMS-597,,黄总，感谢您的邮件。下周会议时间已确认，具体议程和材料我会在明天上午整理好发您邮箱，请查收。,2025-05-03 17:20:00,+8613622341234,0,
SMS-598,,俊杰，刚考完模拟考，感觉还行。15号的聚餐别忘了，地方你定好了吗？,2025-05-03 18:35:00,+8613787345678,0,
SMS-599,,黄总，早上好。昨晚美股三大指数收跌，今日A股开盘或承压。您关注的并购案相关行业动态，我已整理好，稍后发您邮箱。,2025-05-04 09:05:00,+8613622341234,0,
SMS-600,,老罗，我今天整理邮票册，翻到那套中国航天专题的，品相真不错。你上次说的那套生肖票，最近市场行情有变化吗？,2025-05-04 18:35:15,+8613622346677,0,
SMS-601,,航天票最近确实热度高。生肖票价格稳中有升，我这边有个朋友想出手一套，品相九成，你有兴趣看看吗？,2025-05-04 18:50:22,+8613622346677,1,
SMS-602,,妈，我晚上要备考CFA，可能会学到比较晚，你们早点休息，不用等我消息。,2025-05-04 20:05:30,+8613907128765,0,
SMS-603,,【XX银行】尊敬的客户，您尾号8890的账户于14:50收到一笔理财分红，金额为1，250.00元。当前账户活期余额为58，367.42元。,2025-05-06 14:52:30,106900009558,1,
SMS-604,,郑文博，上午汇报会的纪要已整理好，发到共享文档了，请查收。另外，ESG策略部分的修订思路，等你方便时我们碰一下。,2025-05-06 15:45:00,+8613787349876,0,
SMS-605,,妈，我下班了，准备去便利店买点菜做晚饭。您和爸晚上吃了吗？,2025-05-06 17:45:00,+8613907128765,0,
SMS-606,,【Today今天便利店】尊敬的会员，您于18:05在银盆南路店消费28.5元，获得28积分。欢迎再次光临！,2025-05-06 18:06:00,106900001234,1,
SMS-607,221-4-1,文博、晓雅，9点15分小会议室开客户反馈整合会，请提前准备好各自负责模块的初步分析。,2025-05-07 09:00:00,+8613787349876,0,221-d
SMS-608,221-4-1,收到。已准备就绪，会准时参加。,2025-05-07 09:02:15,+8613857123456,1,221-d
SMS-609,,妈，我今晚收拾行李，明天出差去上海，大概三天。一切都好，不用担心。,2025-05-07 16:05:00,+8613907128765,0,
SMS-610,43-2,妈，今天来上海参加金融科技峰会，收获挺多的。晚上和客户吃饭，明天回。您和爸注意身体。,2025-05-08 12:05:00,+8613907128765,0,43-b
SMS-611,,我：师傅您好，我已经在徐汇区天平路392号三利音东方融宴门口等您，车牌尾号是沪A·12345吗？,2025-05-08 19:55:05,+8610690000123,0,
SMS-612,43-3,妈，我到上海了，今天参加金融科技峰会，一切顺利，你和爸注意身体。,2025-05-09 08:05:00,+8613907128765,0,43-c
SMS-613,120-1-2,轩子，我回长沙的航班是下午的，晚上有空吗？好久没聚了，一起吃饭聊聊。,2025-05-09 12:15:00,+8613622345678,0,120-a
SMS-614,,【东方航空】尊敬的旅客，您乘坐的MU9395航班（上海浦东-长沙黄花）计划于15:50起飞，现已开放值机，请提前通过官方渠道办理。,2025-05-09 13:05:00,95530,1,
SMS-615,,博哥，我下午的航班回长沙，项目周报的初稿我已经发你邮箱了，麻烦你有空审阅一下，我们明天碰头细聊。,2025-05-09 13:25:00,+8613787349876,0,
SMS-616,221-5-2,钱总，我已抵达长沙，刚下飞机，现在打车前往公司，预计六点半前能到办公室。,2025-05-09 17:55:00,+8613973111222,0,221-e
SMS-617,84-1,林总，明天高尔夫活动确认是上午9点在青竹湖球场开球对吧？我这边装备已备好，明天见。,2025-05-09 21:00:00,+8613818987654,0,84-a
SMS-618,,张明轩：浩子，看你朋友圈说最近颈肩不舒服，我有个常去的理疗师手法不错，要不要推荐给你？,2025-05-10 14:30:00,+8613622345678,1,
SMS-619,225-1,【票务平台】您已成功预订《时间旅行者的妻子》沉浸式话剧，订单号：T202505101930，演出时间：2025-05-10 19:30，请提前15分钟到场取票。,2025-05-10 18:45:00,106900001234,1,225-a
SMS-620,,我：妈，我晚饭后去楼下便利店买点牛奶和面包，家里还有需要带的吗？,2025-05-10 20:02:00,+8613907128765,0,
SMS-621,139-5-1,我：佳宁，我刚在500px上建了个人主页，传了几张上次拍的岳麓山秋色，有空帮我看看提提意见？,2025-05-10 21:20:00,+8613622344321,0,139-e
SMS-622,,妈，中午好。我刚吃完午饭准备休息会儿，下午打算去市场买点花草回来种。您和爸中午吃的什么？,2025-05-11 12:10:00,+8613907128765,0,
SMS-623,,我：佳宁，我整理了几张上周在潮宗街拍的照片，刚发到摄影账号上了，感觉光影和构图都挺有感觉的，你有空看看给点意见？,2025-05-11 17:45:00,+8613622344321,0,
SMS-624,,我：阿杰，我已经到餐厅了，在靠窗的位置。今天点了清蒸鱼和几个小炒，等你过来。,2025-05-11 18:35:00,+8613787345678,0,
SMS-625,,妈，我下班去健身了，今天做恢复性训练，大概七点半结束。晚上回家吃饭，不用等我。,2025-05-12 17:35:00,+8613907128765,0,
SMS-626,,王先生您好，关于您咨询的比特币ETF调整策略，核心建议如下：1. 当前市场波动加大，建议将现有仓位分批减仓20%锁定利润；2. 剩余仓位可考虑转换至费率更低、流动性更好的XX产品；3. 我已将详细分析报告发至您邮箱，请查收。后续有任何问题随时联系。,2025-05-13 10:05:00,+8613522345678,0,
SMS-627,,文博，中午传媒路那家快餐店见？我大概12点05分下楼。,2025-05-13 11:45:00,+8613787349876,0,
SMS-628,229-5,文博，关于昨天聊的播客合作，我仔细想了想。我们确实可以先规划几期试播内容，比如第一期可以聊聊普通人如何开始理财投资，你觉得呢？这样既能测试我们的配合度，也能看看听众反馈。,2025-05-14 10:30:00,+86 138 0013 8000,0,229-a
SMS-629,229-1,上午聊得不错，中午12点老地方见，正好跟你分享一下我上次开会的心得。,2025-05-14 11:30:00,13800138000,0,229-a
SMS-630,,钱总，本季度客户投资组合回顾与展望报告初稿已完成，已发您邮箱，请您审阅。,2025-05-14 11:45:00,+8613973111222,0,
SMS-631,,妈，我出门上班了，今天天气不错，您和爸上午可以下楼散散步。,2025-05-15 08:05:30,+8613907128765,0,
SMS-632,,博哥，下周例会的材料框架我搭好了，有几个数据点需要跟你核对一下，方便的时候喊我。,2025-05-15 10:45:18,+8613787349876,0,
SMS-633,,黄总您好，关于您咨询的市场波动问题，核心观点和应对策略我已整理好，稍后通过邮件发给您，请注意查收。,2025-05-15 11:10:22,+8613622341234,0,
SMS-634,,收到，谢谢冯经理，邮件已看到，分析得很透彻，我这边先研究一下。,2025-05-15 11:25:05,+8613622341234,1,
SMS-635,148-10-1,刚才聊的播客大纲我有了新想法，关于‘叙事’那部分，我们可以结合最近那个并购案例来讲，更有故事性。晚上我把细化版发你。,2025-05-15 13:05:10,+8613787349876,0,148-j
SMS-636,231-1-4,妈，我刚给你们下单了智能血压计和血氧仪，操作很简单，我录了视频发你微信了。你和爸一定要记得每周测一下，数据可以同步到我手机。,2025-05-15 15:50:00,+8613907128765,0,231-a
SMS-637,,妈，我刚学完习，做了会儿拉伸。你和我爸最近颈椎怎么样？我上次买的那个按摩仪用着有效果吗？,2025-05-15 21:32:00,+8613907128765,0,
SMS-638,,妈，早上好！今天天气不错，我早上在小区快走了一圈，感觉精神多了。您和爸今天有什么安排吗？注意身体。,2025-05-16 08:45:22,+8613907128765,0,
SMS-639,148-11-2,博哥，中午聊得很尽兴，播客那个点子我觉得很有潜力。我初步想了几个方向，晚上发你一起看看？,2025-05-16 13:25:10,+8613787349876,0,148-k
SMS-640,,钱总，本周客户投资组合的绩效回顾数据已更新完毕，需要调整的持仓已标记，报告已发您邮箱，请查收。,2025-05-16 15:05:30,+8613973111222,0,
SMS-641,,沈老板，我大概半小时后到店里，帮我预留一个靠窗的安静位置，谢谢。,2025-05-16 17:20:00,+8613787346789,0,
SMS-642,,妈，我刚从咖啡厅复习完，现在开车回家，大概半小时后到。,2025-05-16 19:10:00,+8613907128765,0,
SMS-643,15-9,轩子，CFA复习得头大，周末有空出来喝一杯不？,2025-05-16 19:45:00,+8613622345678,0,15-i
SMS-644,138-7,佳宁，我在图虫上发了组长沙老街夜景，有个关于广角畸变控制的问题想请教你，方便时回我。,2025-05-16 21:45:00,+8613622344321,0,138-g
SMS-645,15-9,小然，看到你发的市集照片了，真热闹。我这周末继续备考，你玩得开心。,2025-05-16 22:35:00,+8613817765432,0,15-i
SMS-646,,博哥，播客《配置相对论》首期大纲初稿已发你微信，主题是‘震荡市下的资产再平衡’，结合了林总的案例，你看下结构和内容，下午我们再碰一下。,2025-05-17 10:25:00,+8613787349876,0,
SMS-647,,妈，我下午在岳麓山拍了不少照片，现在在咖啡馆休息。你上次说肩膀不舒服，最近好点了吗？记得按时贴膏药。,2025-05-17 15:50:00,+8613907128765,0,
SMS-648,93-1-1,俊杰，我已经出发了，估计18:20左右到巷子深私房菜馆，你们到了吗？,2025-05-17 17:45:00,+8613787345678,0,93-a
SMS-649,93-1-4,今天聊得很开心，也让我想了很多。大家都要加油，保持联系！,2025-05-17 21:15:00,+8613787345678,0,93-a
SMS-650,15-10,小然，我明天晚上有空，大概八点左右，方便视频吗？想跟你聊聊。,2025-05-17 21:45:00,+8613817765432,0,15-j
SMS-651,93-2,俊杰，昨晚聊得很开心。你提到的学区房问题，我查了下，岳麓区几个新盘的教育配套政策确实有调整，周末有空可以详细聊聊。,2025-05-18 14:05:00,+8613787345678,0,93-b
SMS-652,,妈，我下午去咖啡厅看资料，晚饭不回来吃了。你和我爸晚上吃点好的。,2025-05-18 14:20:00,+8613907128765,0,
SMS-653,,钱总，关于家庭信托的文章初稿已完成，正在咖啡厅做最后润色，预计今天下班前可以发您审阅。,2025-05-18 16:10:00,+8613973111222,0,
SMS-654,,林总，下午好。您上次提到的保险金信托需求，我正好在研究相关案例，整理了一份初步的要点对比，方便时发给您参考。,2025-05-18 16:45:00,+8613818987654,0,
SMS-655,,佳宁，在浏阳河风光带散步，夕阳下的河面光影特别棒，拍了几张，感觉有你上次说的那种‘静谧感’了。回头发你看看。,2025-05-18 17:45:00,+8613622344321,0,
SMS-656,,我：妈，我刚从风光带打车回来，大概半小时后到家，晚饭我自己简单弄点吃的。,2025-05-18 18:20:00,+8613907128765,0,
SMS-657,227-1,我：爸，刚才视频里提到的保险，我查了几款产品，重点看了保障范围和免赔额，晚点整理好发你和妈看看。,2025-05-18 20:45:00,+8613807123456,0,227-a
SMS-658,227-1,【平安健康】尊敬的客户，您咨询的“中老年住院医疗险”产品详情已发送至您邮箱，保单号尾号1234，请查收。如有疑问可回复1联系专员。,2025-05-18 21:15:00,106900009876,1,227-a
SMS-659,222-3-1,【平安好医生】尊敬的冯先生，您已成功预约13:30的在线视频健康咨询，医生将准时与您连线。请提前准备好相关报告。如有疑问请致电400-123-4567。,2025-05-19 08:05:00,106900001234,1,222-c
SMS-660,,我：文博，早上好。我刚到办公室，周末海外市场有些波动，我们上午碰一下，同步下对今天A股开盘的看法？,2025-05-19 09:15:00,+8613787349876,0,
SMS-661,227-2-1,妈妈：儿子，看到你昨晚发的体检报告提醒了，结果怎么样？别太累，注意身体。,2025-05-19 11:20:00,+8613907128765,1,227-b
SMS-662,227-2-1,郑文博：博哥，今天下午客户邮件跟进和保险产品对比分析已完成，对比表格已发你邮箱，请查收。,2025-05-19 17:55:00,+8613787349876,0,227-b
SMS-663,227-2-1,【平安健康保险】尊敬的客户，您为冯建国、李秀英投保的医疗保险（保单号PA20250519012345）已生效，电子保单已发送至您邮箱。客服热线95511。,2025-05-19 20:35:00,1069000095511,1,227-b
SMS-664,223-2,妈，包裹显示已经到长沙了，估计下午就能送到。谢谢您寄的家乡特产，晚上我回家就拆。您和爸最近身体都好吧？,2025-05-20 11:20:00,+8613907128765,0,223-b
SMS-665,223-2,钱总，关于林志豪先生的资本运作需求，我已起草初步服务构想，涵盖融资、税务、信托等要点。提纲已发您微信，请您审阅，看是否需要补充或调整方向。,2025-05-20 11:40:00,+8613973111222,0,223-b
SMS-666,223-2,【京东】您购买的迷你脚踏板（订单尾号7788）已由长沙开福分拣中心发出，预计今日18:00前送达，请保持电话畅通。,2025-05-20 11:50:00,106900096633,1,223-b
SMS-667,,博哥，中午老地方沙拉拉？我大概12点05分下楼。,2025-05-20 11:55:00,+8613787349876,0,
SMS-668,,钱总，客户方案已最终润色完毕，明日上班后即可发送。今日工作报告已提交，明日工作重点也已规划好，主要围绕方案跟进和潜在项目挖掘。,2025-05-20 17:25:00,+8613973111222,0,
SMS-669,,黄总，您要的方案初稿我已经根据上次沟通的意见调整完毕，明天上午我会把最终版发给您审阅，您看可以吗？,2025-05-20 17:28:00,+8613622341234,0,
SMS-670,15-11-2,雨晴，我下班了，正在开车回家。周四晚上有空吗？想约你吃个饭，最近有些事想跟你聊聊。,2025-05-20 17:45:00,+8613787344567,0,15-k
SMS-671,43-8,雨晴，我写了篇《后疫情时代家庭资产配置策略》的初稿，想请你从新媒体运营和读者角度给点反馈，看看有没有传播点或哪里不好懂。文章发你微信了，有空帮我看下，多谢！,2025-05-21 08:15:00,+8613787344567,0,43-h
SMS-672,,【XX保险】尊敬的客户，您咨询的父母健康险方案已初步设计完成，包含重疾与医疗责任，如需了解详情或预约线下讲解，请回复‘1’。,2025-05-21 16:30:00,106900008888,1,
SMS-673,15-12-1,我：雨晴，我到家了，今晚聊得很开心，谢谢你开导我。你也早点休息。,2025-05-22 21:15:00,+8613787344567,0,15-l
SMS-674,16-6,妈，包裹收到了，藕夹和鱼糕都完好，谢谢妈！我马上要开始模拟考试了，考完再跟您说。,2025-05-22 21:25:00,+8613907128765,0,16-f
SMS-675,,妈，我上午在公司做方案，中午和同事吃饭。你最近血压怎么样？记得按时吃药。,2025-05-23 09:30:15,+8613907128765,0,
SMS-676,,【中国移动】尊敬的客户，您的话费余额为58.2元。为保障您的正常使用，建议及时充值。点击 http://10086.cn 快速充值。,2025-05-23 12:45:22,10086,1,
SMS-677,,【XX保险】尊敬的客户，您好！您咨询的‘XX安心老年医疗险’产品详情及在线投保链接已为您生成：https://www.xxxxbx.com/product/xxxx。如需协助或有任何疑问，请回复‘人工’或致电400-xxxx-xxxx。,2025-05-23 21:35:00,106900008888,1,
SMS-678,95-2-1,妈，今天在家大扫除，洗窗帘洗沙发，还把空调也请人清洗了。感觉家里空气都清新多了。您那边最近天气怎么样？,2025-05-24 10:05:22,+8613907128765,0,95-b
SMS-679,95-2-1,妈，今天大扫除终于搞完了！客厅焕然一新，窗帘也洗好挂回去了，还买了体脂秤和血压计，准备开始健康监测。拍张照片给你看看成果！,2025-05-24 19:50:00,+8613907128765,0,95-b
SMS-680,95-2-5,小雨，我考完CFA咱们必须聚一下！今天我把家里彻底收拾了一遍，累并快乐着。等你考完，我请你吃大餐，好好聊聊。,2025-05-24 20:05:00,+8613787344567,0,95-b
SMS-681,,浩然，照片看到了，收拾得真干净！体脂秤和血压计买得好，要注意身体。明天考试别紧张，早点休息，妈妈相信你！,2025-05-24 20:15:00,+8613907128765,1,
SMS-682,85-4,林总，上午好。关于我们上周讨论的资本优化方案，我已根据您的反馈草拟了初步合作框架，重点梳理了现状分析、融资工具选择和结构设计思路。文档已发您邮箱，请您审阅，看整体方向是否符合预期。,2025-05-25 09:15:00,+8613818987654,0,85-d
SMS-683,85-4,钱总，早上好。林总那边的合作框架初稿我已经完成并发给他了，主要围绕资产证券化路径和我们公司的协同价值展开。等他反馈后我再同步给您。,2025-05-25 09:45:00,+8613973111222,0,85-d
SMS-684,85-4,林总，框架文档已收到，初步看结构很清晰，方向也对。有几个细节想再和你电话沟通一下，方便时请回电。,2025-05-25 10:30:00,+8613818987654,1,85-d
SMS-685,125-1,陆经理您好，我是冯浩然。关于换房计划，我这边已经初步完成了财务评估，想和您约个时间当面沟通一下，看看近期有没有合适的房源推荐。您看明天下午方便吗？,2025-05-25 14:50:00,+8613787345689,0,125-a
SMS-686,120-7,雨晴，今天下午的薄荷茶和小番茄真不错，聊得很开心。你分享的那些行业动态很有意思，下次再聚！,2025-05-25 19:45:00,+8613787344567,0,120-g
SMS-687,,我：妈，我开车上班了，周一早高峰有点堵，你早上吃的啥？,2025-05-26 07:45:00,+8613907128765,0,
SMS-688,223-6,我：爸，你上次说腰不舒服，最近好点没？我周末回去看看你。,2025-05-26 10:45:00,+8613807123456,0,223-f
SMS-689,120-8,我：小雨，看我周末拍的小番茄和薄荷，长势喜人！你上次说的露营计划定好时间了吗？,2025-05-26 12:05:00,+8613622345566,0,120-h
SMS-690,230-2,钱总，林总的客户报告已发送，下午会继续跟进潜在客户咨询。另外，关于黄思琪的方案，我计划明早再仔细核对一遍数据，确保无误。,2025-05-26 15:25:00,+8613973111222,0,230-a
SMS-691,,黄总，方案已按您的要求紧急调整完毕，最终版已发送至您邮箱，请查收。如有任何问题，请随时联系。,2025-05-26 23:50:00,+8613622341234,0,
SMS-692,,妈，我到公司了，今天下雨路有点堵。你出门买菜记得带伞，别淋着。,2025-05-27 08:10:00,+8613907128765,0,
SMS-693,,林总，您的季度投资报告已定稿，核心观点和持仓调整建议已清晰标注，PDF版本已发送至您邮箱，请注意查收。如有任何疑问，随时联系我。,2025-05-27 10:25:00,+8613818987654,0,
SMS-694,,文博，中午那家湘菜馆的小炒黄牛肉确实不错，下次可以再约。你提到的雨花区那个小区信息很有用，谢了！,2025-05-27 12:50:00,+8613787349876,0,
SMS-695,125-2-1,哥，我刚到家，你发我的那个楼盘对比表我看了，梅溪湖那个盘确实性价比高，周末我们再细聊。,2025-05-27 20:12:30,+8613817765432,1,125-b
SMS-696,,钱总，晨会提到的紧急项目，我这边已开始梳理相关市场数据和产品资料，预计下午可以整理出初步框架供您审阅。,2025-05-28 09:32:15,13973111222,0,
SMS-697,,文博，晨会提到的紧急项目，你那边有没有之前类似项目的模板或资料可以参考？方便的话发我一份，谢谢。,2025-05-28 09:45:20,13787349876,0,
SMS-698,,妈，最近长沙天气变化大，你和爸注意身体，别感冒了。我这边工作一切顺利，周末回去看你们。,2025-05-28 11:10:05,13907128765,0,
SMS-699,,文博，中午12点老地方伟记家常菜？聊聊上午的板块轮动。,2025-05-28 11:25:00,+8613787349876,0,
SMS-700,,好，我马上到。装修的事正好也想听听你意见。,2025-05-28 11:28:00,+8613787349876,1,
SMS-701,,林总您好，关于您上午咨询的市场波动问题，我已将相关的分析简报和应对策略建议整理好，发到您邮箱了，请查收。如有任何疑问，随时联系我。,2025-05-28 11:45:10,13818987654,0,
SMS-702,,今天的小炒黄牛肉不错。下午的会准备得怎么样了？,2025-05-28 12:45:00,+8613787349876,0,
SMS-703,,妈，晚上公司加班，晚饭在公司附近解决了，不用等我吃饭。,2025-05-28 16:45:00,+8613907128765,0,
SMS-704,,钱总，晚上加班的数据分析任务清单我已梳理好，邮件发您了，请审阅。,2025-05-28 17:50:00,+8613973111222,0,
SMS-705,,今天加班刚结束，在开车回家路上。你推荐的摄影社区推送了几张很棒的街拍，到家发你看看。,2025-05-28 21:05:00,+8613622344321,0,
SMS-706,43-11,钱总，林志豪客户的季度投资报告已更新完毕，重点调整了科技板块的配置建议，已发您邮箱，请审阅。,2025-05-29 09:30:15,+8613973111222,0,43-k
SMS-707,43-11,林总您好，您本季度的投资报告已更新，主要分析了近期市场波动对您持仓的影响及我们的应对策略。报告已发送至您邮箱，请您查收。如有任何疑问，随时联系我。,2025-05-29 11:45:00,+8613818987654,0,43-k
SMS-708,,博哥，中午12点老地方西湖楼见？正好聊聊上午的盘面。,2025-05-29 11:50:00,+8613787349876,0,
SMS-709,,林总，您本季度的投资报告已整理完毕，核心数据摘要：1. 组合收益率+8.5%，跑赢基准2.1%；2. 科技板块持仓贡献最大；3. 建议维持当前配置。详细报告已发您邮箱，请查收。,2025-05-29 14:30:00,+8613818987654,0,
SMS-710,,黄总，关于您上午咨询的持仓检视，我这边已准备好初步建议。方便的话，我15:10左右给您去个电话，大概需要10分钟，您看可以吗？,2025-05-29 14:50:00,+8613622341234,0,
SMS-711,,钱总，客户林总的季度报告已发送并短信知会。另一客户黄总的持仓检视电话沟通已完成，对方对调整方向表示认可。今日客户沟通事项均已闭环。,2025-05-29 17:15:00,+8613973111222,0,
SMS-712,,【便利蜂】您于2025-05-29 17:45在归心苑店消费28.5元，商品：西兰花、鸡胸肉、乌龙茶。余额提醒：会员卡余额126.8元。感谢惠顾！,2025-05-29 17:46:30,106900009876,1,
SMS-713,,云飞，周六岳麓山晨跑，老地方（东方红广场）集合，时间还是6点半？我这边没问题。,2025-05-29 20:20:00,+8613787343210,0,
SMS-714,,好的，6点半东方红广场见！我带了新买的手冲咖啡，跑完一起尝尝。,2025-05-29 20:25:00,+8613787343210,1,
SMS-715,,文博，中午老地方见？我大概12点05分下楼。,2025-05-30 11:40:00,+8613787349876,0,
SMS-716,,好的，没问题，我也差不多那个时间。,2025-05-30 11:42:15,+8613787349876,1,
SMS-717,,【中国移动】尊敬的客户，您的话费余额为58.76元，套餐内流量剩余2.1GB。点击查询详情。,2025-05-30 13:15:00,10658086,1,
SMS-718,,【顺丰速运】您的快递（尾号1234）已由前台代收，请及时领取。,2025-05-30 15:05:00,106980095533,1,
SMS-719,,钱总，刚才在咖啡厅聊得很受鼓舞，谢谢您的支持。我这就回去继续收尾了。,2025-05-30 15:10:00,+8613973111222,0,
SMS-720,224-1,妈，我刚测试了视频通话的设备，摄像头和麦克风都正常，Wi-Fi信号也很好。明天我们几点开始视频？,2025-05-30 18:45:00,+8613907128765,0,224-a
SMS-721,13-16-1,浩然，CFA复习得怎么样了？明天考试别紧张，放平心态，祝你超常发挥！,2025-05-30 19:05:00,+8613622345678,1,13-p
SMS-722,224-2-1,云飞，端午安康！今天岳麓山晨跑很舒服，肉粽也很赞。下次再约跑，我找找看有没有其他有意思的路线。,2025-05-31 08:25:00,+8613787343210,0,224-b
SMS-723,224-2-1,妈，我到西湖文化园了，这边端午市集挺热闹的，给你们拍点照片看看。中午我在这边简单吃点。,2025-05-31 11:45:00,+8613907128765,0,224-b
SMS-724,,沈老板，下午好。我大概15分钟后到你店里，帮我留个靠窗安静点的位置吧，谢谢。,2025-05-31 15:05:00,+8613787346789,0,
SMS-725,,【美团外卖】您的外卖（小炒黄牛肉、清炒莴笋丝）已由骑手王师傅（尾号1234）取餐，预计17:45送达，请留意电话。,2025-05-31 17:20:00,106900000001,1,
SMS-726,224-2-1,彭雨晴：端午安康呀！今天过得怎么样？我下午在咖啡馆看书，晚上在家复盘学习。,2025-05-31 18:35:00,+8613787344567,1,224-b
SMS-727,224-2-1,我：端午安康！今天挺充实的。考完试我们好好聚一下，地方你定。,2025-05-31 18:40:00,+8613787344567,0,224-b
SMS-728,224-3,爸妈，小然：我最近开始坚持晨跑和健康饮食了，感觉状态很好。谢谢你们一直的关心，我会继续保持的。,2025-06-01 08:30:00,+8613907128765,0,224-c
SMS-729,224-3,儿子，看到你这么自律我们很欣慰，注意劳逸结合，身体最重要。,2025-06-01 08:45:00,+8613807123456,1,224-c
SMS-730,,佳宁，下午我去桃子湖文创园那边采风，你要不要一起？那边咖啡馆和街景挺出片的。,2025-06-01 14:20:00,+8613622344321,0,
SMS-731,,早上好！我刚在桃子湖文创园晨跑完，空气特别好，看到市集在布置，感觉周末会很热闹。你最近有坚持运动吗？,2025-06-02 09:45:00,+8613787343210,0,
SMS-732,,俊杰，晚上好。考虑到我们昨天刚聚过，而且都在控制饮食，要不今晚的聚餐改成去西湖文化园散步？那边环境好，也有轻食餐厅。我们18:30在东门碰头怎么样？,2025-06-02 17:35:00,+8613787345678,0,
SMS-733,,好的，没问题！西湖文化园东门18:30见。我正好也想去那边走走，昨天吃多了今天得消化一下。待会儿见！,2025-06-02 17:38:00,+8613787345678,1,
SMS-734,,妈，我出门去公司了，今天路况还行。你记得按时吃降压药。,2025-06-03 08:30:00,+8613907128765,0,
SMS-735,85-5,林总，您要的紧急报告初稿已完成，正在做最后的数据核对，预计11点前可以发送给您审阅。,2025-06-03 09:15:00,+8613818987654,0,85-e
SMS-736,85-5,博哥，你上次提到的那个科技股分析报告能发我参考下吗？我在做林总的报告，想补充点行业观点。,2025-06-03 09:45:00,+8613787349876,0,85-e
SMS-737,1-14-3,轩子，上次你说想了解长沙买房政策，我帮你问了下中介，首套房利率现在有优惠。你最近还考虑吗？,2025-06-03 13:10:00,+8613622345678,0,1-t
SMS-738,85-5,林总，报告最终版已发您邮箱。视频会议已准备就绪，我们14点准时开始。,2025-06-03 13:55:00,+8613818987654,0,85-e
SMS-739,85-5,【招商银行】尊敬的客户，您尾号8899的信用卡本期账单已出，应还金额12，568.90元，最后还款日06月25日。点击 cmbt.cn/A1b 查看详情。,2025-06-03 14:20:00,1065752558899,1,85-e
SMS-740,85-5,钱总，林总的投资报告和调仓方案已与客户沟通确认，相关文件已同步至团队共享文件夹，请您知悉。,2025-06-03 16:05:00,+8613973111222,0,85-e
SMS-741,,佳宁，端午节的风景照和人物照我都整理好了，有几张你抓拍的龙舟赛特别棒，已经发你邮箱了，你看看哪些适合发朋友圈。,2025-06-03 20:40:00,+8613622344321,0,
SMS-742,234-3,妈，我查了下7月中旬你们过来的航班，周五晚上和周日傍晚的班次都挺多的，晚上我整理几个时间合适的发给你和爸看看。,2025-06-04 15:35:00,+8613907128765,0,234-c
SMS-743,,妈，我下班了，现在去罗比零食店买点三文鱼和芦笋，晚上做健康餐。大概七点左右到家。,2025-06-04 17:35:00,+8613907128765,0,
SMS-744,234-3,爸，妈，我看了几个航班，选了一个时间合适、口碑也好的往返组合，截图发群里了，你们看看这个时间行不行？,2025-06-04 20:42:00,+8613807123456,0,234-c
SMS-745,,收到，我们看看。,2025-06-04 20:45:00,+8613807123456,1,
SMS-746,,哥效率真高！,2025-06-04 20:46:00,+8613817765432,1,
SMS-747,,浩子，最近市场波动挺大，我刚看完《投资最重要的事》里关于风险控制那章，有点启发。你那边有什么新观察吗？,2025-06-04 21:28:00,+8613622348899,0,
SMS-748,,钱总，晨会已结束，与客户黄思琪的方案沟通计划已明确，稍后准备会议材料。,2025-06-05 09:35:00,13973111222,0,
SMS-749,,文博，今天中午聊得很受启发，关于港股流动性的那几个观点我记下了，回头再细聊。,2025-06-05 13:05:00,13787349876,0,
SMS-750,,【鲜丰生鲜】您购买的冰鲜三文鱼排、西兰花、芦笋、蓝莓已打包完成，订单号SF202506051845，请凭取货码A12至服务台领取。,2025-06-05 18:50:00,106900001234,1,
SMS-751,,钱总，上午完成的客户黄思琪季度报告已发您邮箱，PPT材料也已核对完毕，有几个关键数据点需要和您确认一下，方便时请查阅。,2025-06-06 11:45:00,+8613973111222,0,
SMS-752,,林总您好，关于明天会议的议程和材料已准备妥当，核心是围绕上半年的投资回顾和下半年策略调整。期待您的指教。,2025-06-06 16:20:00,+8613818987654,0,
SMS-753,52-2,【航旅纵横】尊敬的冯浩然旅客，您预订的2025-06-07 CZ3127长沙-北京航班已出票，起飞时间08:05，请提前2小时至T2航站楼办理值机。,2025-06-06 17:15:00,106900009558,1,52-b
SMS-754,52-2,妈，我明天去北京出差几天，晚上跟你视频聊。,2025-06-06 20:55:00,+8613907128765,0,52-b
SMS-755,52-2,【中国移动】尊敬的客户，您已成功预订06月07日07:15从双塘路99号至长沙黄花国际机场T2航站楼的专车服务，司机王师傅（尾号5678）将提前与您联系，祝您旅途愉快。,2025-06-06 21:30:00,1069000086,1,52-b
SMS-756,16-11-1,妈，上午考完了，感觉还行。现在在考点附近吃午饭，下午还有一场。你和爸别担心，我考完就回家。,2025-06-07 12:05:30,+8613907128765,0,16-k
SMS-757,16-11-1,妈，我考完试了，现在打车回家，大概45分钟后到。晚上要和文博他们聚餐，晚饭不用等我了。,2025-06-07 17:05:00,+8613907128765,0,16-k
SMS-758,16-11-2,文博，晚上7点15，西湖建新安置小区那家湘菜馆，包厢我已经订好了。小炒黄牛肉和剁椒鱼头都点了，你们直接过来就行。,2025-06-07 18:30:00,+8613787349876,0,16-k
SMS-759,234-5,陆家明，你好。我计划7月份父母来长沙住一段时间，想提前了解一下小区附近有没有合适的短租房源？要求干净、安静，最好能步行到地铁站。方便的话发一些房源信息给我看看，谢谢。,2025-06-08 16:45:00,+8613787345689,0,234-e
SMS-760,,阿杰，考试终于结束了！晚上有空吗？想约你吃个饭庆祝一下，我知道西湖建新安置小区那边有家不错的湘菜馆。,2025-06-08 17:15:00,+8613787345678,0,
SMS-761,,好啊！正好也想放松一下。那家湘菜馆我知道，剁椒鱼头一绝。我们18点直接在餐馆门口碰头？,2025-06-08 17:20:00,+8613787345678,1,
SMS-762,,没问题，18点见！我已经出门了，步行过去。待会儿见！,2025-06-08 17:35:00,+8613787345678,0,
SMS-763,,我到了，在门口靠窗的位置等你。,2025-06-08 17:55:00,+8613787345678,1,
SMS-764,,妈，我到公司了，今天路上有点堵。你和我爸在家注意身体，天气热别老开空调直吹。,2025-06-09 08:15:30,+8613907128765,0,
SMS-765,1-14-2,文博，上午的周报我更新了科技板块数据和流动性风险提示，已发你邮箱，请查收。同步会前可以先看看。,2025-06-09 10:50:10,+861377349876,0,1-t
SMS-766,1-14-2,晓雅，视频会议链接发我一下。另外，会前需要我这边先共享半导体设备行业的数据梳理框架吗？,2025-06-09 10:55:22,+8613857123456,0,1-t
SMS-767,1-14-3,爸，我下午要跟客户汇报方案，晚上可能晚点回家吃饭，不用等我。,2025-06-09 11:30:05,+8613807123456,0,1-t
SMS-768,52-3,钱总，今日工作复盘已完成。关于夏季风险对冲的提醒已记录，明日将重点推进黄思琪方案定稿及半导体行业数据收集。,2025-06-09 21:25:00,+8613973111222,0,52-c
SMS-769,,"【招商银行】尊敬的客户，您尾号8899的信用卡本期账单已出，应还金额为人民币3,245.67元，还款日为06月25日。登录掌上生活App可便捷还款。",2025-06-09 21:30:15,106550200010,1,
SMS-770,2-4-1,各位同事好，我将于本周前往武汉出差，期间将远程办公一周。我已整理好相关文件并携带了必要设备。请将需要我处理或交接的工作事项提前告知，我会确保工作顺利衔接。如有紧急事务，请随时电话或线上联系我。,2025-06-10 09:30:00,13800138000,0,2-h
SMS-771,,高云飞，明天早上6点半老地方见？我看预报没雨，我们按上次说的间歇跑方案来，跑完拉伸。,2025-06-10 16:45:00,+8613787343210,0,
SMS-772,,我：妈，我刚在小区旁边湘菜馆吃完晚饭，辣椒炒肉味道不错。你晚饭吃了吗？,2025-06-10 19:25:00,+8613907128765,0,
SMS-773,,李秀英：吃过了，你爸做的红烧鱼。你吃完饭散散步挺好，刚下过雨空气好，走路注意安全。,2025-06-10 19:30:15,+8613907128765,1,
SMS-774,,我：云飞，我在健身APP上创建了个‘六月健康挑战’，拉你一起监督啊，互相督促坚持运动。,2025-06-10 20:15:00,+8613787343210,0,
SMS-775,,高云飞：收到！这个挑战好，我正愁最近有点懒。一起加油，看谁完成度更高！,2025-06-10 20:18:30,+8613787343210,1,
SMS-776,,博哥，中午12点老地方‘湘里人家’？我请客，正好聊聊市场。,2025-06-11 11:40:00,+8613787349876,0,
SMS-777,1-11,钱总，黄思琪和林志豪的投资分析报告已审定完毕，数据已更新，资产配置模型也做了优化，逻辑已闭环。报告已发您邮箱，请查收。,2025-06-11 11:45:00,+8613973111222,0,1-q
SMS-778,1-11,孙晓雅，关于明天分享会的框架我初步构思了，主题是‘行为金融学在客户沟通中的应用’，需要一些案例支持。下午有空的话我们电话同步一下？,2025-06-11 11:55:00,+8613857123456,0,1-q
SMS-779,52-5,林总，您好。关于您之前咨询的资产配置调整方案，详细的报告和我的建议已整理好，已发送至您的工作邮箱。请您查收，有任何问题随时联系我。,2025-06-11 14:20:00,+8613818987654,0,52-e
SMS-780,,我：俊杰，周六晚上六点老地方聚餐，能来吗？,2025-06-11 19:25:00,+8613787345678,0,
SMS-781,,吴俊杰：没问题，周六见！,2025-06-11 19:26:00,+8613787345678,1,
SMS-782,19-1,钱总，今早市场大幅低开，沪深300跌幅超2%，北向资金流出明显。我已启动盯盘，组合回撤在可控范围内，具体数据稍后整理给您。,2025-06-12 09:10:00,+8613973111222,0,19-a
SMS-783,19-1,文博，今天市场波动剧烈，重点关注我们持仓的科技和消费板块，上午10点半我们同步一下各自观察到的异动情况。,2025-06-12 09:25:00,+8613787349876,0,19-a
SMS-784,,【中国移动】尊敬的客户，您当前套餐内流量已使用80%，剩余流量2.1GB。点击 http://10086.cn 查询详情。,2025-06-12 09:45:00,1069008610086,1,
SMS-785,,妈，晚上我回家吃饭，不用做太多菜。今天市场波动大，工作有点忙，但一切顺利。,2025-06-12 13:35:00,+8613907128765,0,
SMS-786,18-4,我：轩子，我初步规划了个秋季自驾路线：长沙-张家界-芙蓉镇-凤凰，主打摄影。你时间能安排开吗？大概需要5天。,2025-06-12 22:05:00,+8613622345678,0,18-d
SMS-787,18-4,张明轩：路线不错！我年假还有，5天没问题。具体出发日期有想法了吗？我提前订住宿。,2025-06-12 22:08:30,+8613622345678,1,18-d
SMS-788,19-1,我：钱总，投资组合的深度复盘报告和调仓计划草案已完成，已加密发您邮箱，请查收。,2025-06-12 23:35:00,+8613973111222,0,19-a
SMS-789,18-5,云飞，早啊！今天大雨没法户外跑，刚在家做完HIIT。你上次说的那个露营地点，具体是岳麓山后山哪个位置？装备清单能发我一份参考下吗？,2025-06-13 06:45:00,+8613787343210,0,18-e
SMS-790,18-5,我看了下，后山北坡的‘清风谷’营地不错，设施全。装备清单我整理下，主要是帐篷、防潮垫、头灯和炊具。这周末天气转好，要不要一起去探探路？,2025-06-13 06:55:00,+8613787343210,1,18-e
SMS-791,3-3,钱总，上午好。今日调仓计划已执行完毕，按策略减持了部分科技股，增持了消费和医疗ETF。最新持仓比例和成交明细已发您邮箱，请查收。,2025-06-13 11:45:00,+8613973111222,0,3-k
SMS-792,,雨晴，你推荐的那篇关于徒步装备的公众号文章我看了，很实用！正好收藏了岳麓山后山的攻略，下次一起？另外，你上次说的那家轻食店，牛油果沙拉确实不错。,2025-06-13 12:45:00,+8613787344567,0,
SMS-793,,我：已预约好晚上7点的网约车，从家里出发去君悦酒店，车牌号湘A·D12345，预计6点50分到楼下接我。,2025-06-13 17:45:00,+8613787344567,0,
SMS-794,,【滴滴出行】尊敬的冯先生，您预约的18:50用车（湘A·D12345）已确认，司机王师傅（评分4.9）将提前5-10分钟到达。如需修改请戳：https://dd.xx/xxxx,2025-06-13 18:05:00,106900009999,1,
SMS-795,,彭雨晴：我这边也出发啦，餐厅靠窗的位置已经留好了，待会见！,2025-06-13 18:30:00,+8613787344567,1,
SMS-796,52-7-1,妈，我今天上午有商务会谈，晚上再给您打电话。您和爸注意身体。,2025-06-14 08:12:30,+8613907128765,0,52-g
SMS-797,52-7-5,老罗，我到邮票博物馆了，结果今天闭馆检修，白跑一趟。拍了几张外观照片给你看看。,2025-06-14 13:10:15,+8613622346677,0,52-g
SMS-798,52-7-5,【罗振宇】确实不巧。不过他们数字博物馆做得不错，我刚看了‘全国山河一片红’的高清大图，细节真绝了。链接发你。,2025-06-14 13:25:40,+8613622346677,1,52-g
SMS-799,52-7-5,看了，品相和印刷工艺确实顶级。你觉得这种线上资源普及，对实体邮票的收藏市场是促进还是冲击？,2025-06-14 13:40:05,+8613622346677,0,52-g
SMS-800,52-7-6,钱总，上午与智往未来的会谈纪要已整理好，核心合作模式与后续步骤已列明，已发您邮箱，请查收。,2025-06-14 16:50:00,+8613973111222,0,52-g
SMS-801,52-7-6,【孙晓雅】浩然，下午与李专家的交流要点我这边也整理了一份，发你核对一下，看看有没有补充或调整的地方。,2025-06-14 17:05:30,+8613857123456,1,52-g
SMS-802,,妈，我飞机落地了，刚打到车，大概半小时后到家，别担心。,2025-06-15 05:45:00,+8613907128765,0,
SMS-803,17-3,云飞，我已经到岳麓山停车场了，你到哪了？今天天气不错，适合冲几组间歇。,2025-06-15 06:50:00,+8613787343210,0,17-c
SMS-804,18-6,钱总，周一上午10点的周会材料我已准备完毕，并已发至您邮箱，请您审阅。,2025-06-15 09:45:00,+8613973111222,0,18-f
SMS-805,,妈妈，早上好。今天天气不错，我准备去公司了。你最近血压怎么样？记得按时吃降压药。,2025-06-16 08:15:22,+8613907128765,0,
SMS-806,,文博，早啊。刚才在电梯里没好意思说，你昨天说的那个播客选题我觉得特别好，回头详细聊聊。,2025-06-16 09:05:47,+8613787349876,0,
SMS-807,,【中国移动】尊敬的客户，您当前套餐内流量剩余5.2GB，通话剩余120分钟，有效期至本月月底。点击查询详情。,2025-06-16 09:25:10,+86106910086,1,
SMS-808,,老冯，爸，我CFA三级考完了，感觉还行。最近工作挺忙的，周末有空回家吃饭。,2025-06-16 09:55:20,+8613807123456,0,
SMS-809,,【美团外卖】您有一张5元无门槛外卖红包即将过期，今日有效。戳此领取>>,2025-06-16 11:45:33,+8610691010977,1,
SMS-810,151-2,云飞，谢了兄弟。刚调研了几家瑜伽馆，信息很有用。周末跑步约不约？,2025-06-16 13:25:10,+8613787343210,0,151-b
SMS-811,4-8,黄总，下午好。会议资料已准备就绪，PPT和补充报告都已上传至共享链接。我们14:30准时开始。,2025-06-16 14:10:05,+8613622341234,0,4-i
SMS-812,4-8,黄总，今天的会议纪要已发您邮箱，请查收。关于新能源报告，我明天上午会先搭建框架，预计本周内完成初稿。,2025-06-16 17:05:00,+8613622341234,0,4-i
SMS-813,4-8,钱总，关于新能源投资分析报告，我已初步搭建了框架，明天上午想跟您简单汇报一下思路，看您时间是否方便？,2025-06-16 20:45:00,+8613973111222,0,4-i
SMS-814,4-8,博哥，今天和黄思琪的会议纪要发你一份，里面提到了新能源早期投资的需求。你那边如果有相关的行业研报或数据，方便时分享一下吗？,2025-06-16 21:00:00,+8613787349876,0,4-i
SMS-815,151-2,【心流瑜伽生活馆】尊敬的会员，您已成功预约6月19日（周四）19:00-20:30的“肩颈放松与脊柱灵活”体验课，请提前10分钟到场。地址：岳麓区银盆南路XX号。如有变动请提前联系。,2025-06-16 21:35:00,106900001234,1,151-b
SMS-816,,妈，我昨晚加班准备材料睡得晚，今天精神还行。您和爸注意身体，最近天气变化大。,2025-06-17 08:15:22,13907128765,0,
SMS-817,151-3,雨晴，你推荐的心流瑜伽生活馆我查了，环境看着真不错，跟我之前预约的课是同一家，看来英雄所见略同。谢谢推荐！,2025-06-17 17:25:00,+8613787344567,0,151-c
SMS-818,,妈，我下班了，正在开车回家。路上买了点吃的，晚饭不用等我。你们吃了吗？,2025-06-17 17:40:00,+8613907128765,0,
SMS-819,,文博，今天聊的市场观点很有启发，我整理了一下发你邮箱了，有空看看。另外，你上次说的那个数据分析工具叫什么来着？,2025-06-17 18:45:00,+8613787349876,0,
SMS-820,,佳宁，上次潮宗街拍的那组照片我整理好了，挑了一张光影特别棒的上传了。你最近有出片吗？,2025-06-17 20:45:00,+8613622344321,0,
SMS-821,,云飞，刚跑完拉伸完，感觉不错！明天瑜伽课是晚上七点对吧？我确认一下。,2025-06-18 07:25:05,+8613787343210,0,
SMS-822,,文博，早！我堵在路上了，估计还有二十分钟到。今天开盘你怎么看？,2025-06-18 08:05:22,+8613787349876,0,
SMS-823,17-4,妈，我起床了，准备去晨跑。昨晚睡得还好吗？今天天气不错。,2025-06-18 08:10:15,+8613907128765,0,17-d
SMS-824,4-9,钱总，我已到公司，正在处理邮件。关于黄思琪方案的修订版，我已发送至您邮箱，您方便时请查阅。,2025-06-18 08:40:30,+8613973111222,0,4-j
SMS-825,,小然，我到公司了。你最近工作忙吗？注意休息，别总熬夜。,2025-06-18 08:55:10,+8613817765432,0,
SMS-826,,林总，您好。关于您季度报告第3页的海外收益数据，我们已根据最新汇率进行了复核和更新，确保准确。更新版报告已发您邮箱，请查收。,2025-06-18 11:15:20,+8613818987654,0,
SMS-827,,思思，上午好。昨天会议后修订的方案已发送，其中全球化资产配置的动态调整模型部分，我们根据讨论做了重点优化，期待您的反馈。,2025-06-18 11:45:05,+8613622341234,0,
SMS-828,,晓雅，刚才会上提到的三位客户，A客户的方案已发他邮箱，B客户约了下周一面谈，C客户对费率还有疑问，我明天上午电话跟进。,2025-06-18 15:20:00,+8613857123456,0,
SMS-829,,好的，收到。C客户的疑问点我这边也记录一下，明天同步给你。A客户的方案我也抄送你了。,2025-06-18 15:22:30,+8613857123456,1,
SMS-830,,【湖南省博物馆】尊敬的观众，您已成功预约2025年7月2日（周三）上午场门票，预约号：HNBM202506181520001，请凭本人身份证原件于预约时段内入馆参观。,2025-06-18 15:25:00,106900001234,1,
SMS-831,,妈，我下班了，晚上在家吃。您和爸最近身体怎么样？天热注意防暑。,2025-06-18 17:45:00,+8613907128765,0,
SMS-832,239-1-1,云飞，明晚7点王府井写字楼那家瑜伽馆，门口见？,2025-06-18 18:05:00,+8613787343210,0,239-a
SMS-833,,【中国移动】尊敬的客户，您当前套餐内流量已使用80%，剩余流量2.1GB。点击 http://dx.10086.cn/XXXXX 查询详情。,2025-06-18 19:25:00,10658086,1,
SMS-834,,妈，我出门上班了，路上有点堵。你昨天说腰不舒服，今天记得去社区医院看看，别拖着了。,2025-06-19 08:05:30,+8613907128765,0,
SMS-835,,妈，我下班了，正在回家路上，顺便去便利店买点水果和牛奶，家里还需要带别的吗？,2025-06-19 17:50:00,13907128765,0,
SMS-836,239-2,轩子，刚看到一篇关于消费复苏和科技投资联动的深度研报，观点很犀利，已经转发到你微信了。你看了吗？感觉下半年机会在哪？,2025-06-19 21:25:00,13622345678,0,239-b
SMS-837,20-2,黄总您好，我是华泰证券的冯浩然。视频会议已准备就绪，会议链接已发至您邮箱，我们10点准时开始。,2025-06-20 09:50:00,+8613622341234,0,20-b
SMS-838,20-2,冯顾问，会议很受启发。关于技术专利的估值模型，我司财务部会尽快提供相关数据。,2025-06-20 11:35:00,+8613622341234,1,20-b
SMS-839,5-2,雨桐，我初步看了下丹霞山的几个营地，感觉‘云海营地’评价不错，设施也全。你觉得7月15号下午出发，18号上午回，这个时间安排怎么样？,2025-06-20 21:05:00,+8613622345566,0,5-b
SMS-840,,钱总，本周简报已整理好。核心是黄思琪项目的会议纪要已同步，另外两个潜在客户的跟进情况也附在邮件里了。请您审阅。,2025-06-20 22:25:00,+8613973111222,0,
SMS-841,,好的钱总，收到。我马上根据您的意见修改，半小时内发您更新版。,2025-06-20 22:28:00,+8613973111222,1,
SMS-842,5-3,小雨，露营的行程和装备分工清单我已经整理成Excel发你微信了，你看一下有没有需要调整的地方？,2025-06-21 08:05:10,+8613622345566,0,5-c
SMS-843,17-5,妈，今天晨跑感觉天气太闷了，就跑了5公里。下周我打算多自己做饭，控制一下盐分。您和爸在家也多注意防暑。,2025-06-21 08:15:30,+8613907128765,0,17-e
SMS-844,5-3,收到，表格做得很清晰！我这边没问题，就按这个来。对了，你记得带你的那个大容量充电宝。,2025-06-21 08:25:45,+8613622345566,1,5-c
SMS-845,,博哥，刚看了那篇消费赛道的文章，观点挺犀利的。你觉得他们对于下沉市场渠道变革的分析，和我们之前聊的案例有相通之处吗？,2025-06-21 10:45:22,+8613787349876,0,
SMS-846,18-8,俊杰，我按你上次说的思路，初步规划了一条6天的秋季自驾摄影环线：长沙-资兴小东江（晨雾）-江永勾蓝瑶寨（人文）-新宁崀山（丹霞）-回长沙。路线和预算表做好了，你看看有没有需要调整的地方？,2025-06-21 14:30:00,+8613787345678,0,18-h
SMS-847,18-8,路线和预算表收到了，很详细！小东江的晨雾拍摄点我建议再加一个‘2号观景台’，角度更好。另外瑶寨的住宿可以提前联系‘瑶家客栈’，老板我认识。,2025-06-21 15:45:00,+8613787345678,1,18-h
SMS-848,,妈，我傍晚出去拍点城市夜景。家里冰箱里有我昨天买的西瓜，你和爸记得吃。,2025-06-21 16:20:00,+8613907128765,0,
SMS-849,,【京东】您购买的SanDisk 128GB SD存储卡已由快递员揽收，运单号JDV00123456789，预计明日18:00前送达，请保持电话畅通。,2025-06-21 17:30:00,106900001234,1,
SMS-850,,佳宁，我在解放西路这边扫街，光线和氛围感绝了。你上次说的那个‘一丹咖啡’我找到了，冰美式不错，下次可以一起来。,2025-06-21 18:10:00,+8613622344321,0,
SMS-851,6-7,我：佳宁，早上好！昨晚整理了几张长沙夜景的照片，感觉构图和色调都挺有意思的，已经发你微信了，有空看看给点意见？,2025-06-22 08:55:00,+8613622344321,0,6-h
SMS-852,,我：妈，中午好。我刚到咖啡厅处理点事，下午就回家。你午饭吃了吗？今天天气有点闷，注意别中暑。,2025-06-22 12:15:00,+8613907128765,0,
SMS-853,,妈，我刚吃完饭，你们今天怎么样？我周末打算去露营，装备都看得差不多了。,2025-06-22 19:30:00,+8613907128765,0,
SMS-854,237-3,钱总，客户方案框架已保存并完成云端备份，相关文件链接已发您邮箱，请您审阅。,2025-06-22 21:10:00,+8613973111222,0,237-c
SMS-855,17-6,【华为运动健康】您上周平均深度睡眠时长1小时12分钟，低于健康建议值。建议您今晚22:30前入睡，保持卧室安静黑暗，可尝试睡前冥想。祝您今晚好眠！,2025-06-23 07:05:30,106900000000,1,17-f
SMS-856,237-4,王经理，下午视频会议链接已收到，我会准时接入。客户的核心关切是股权激励的税负和落地周期，这部分我PPT里重点准备了，您看还有需要补充的吗？,2025-06-23 12:45:00,+8613622345678,0,237-d
SMS-857,237-4,妈，今天下午见了个新客户挺顺利的。晚上我回家吃饭，想吃你做的红烧排骨了。,2025-06-23 15:10:00,+8613907128765,0,237-d
SMS-858,56-2,【携程】尊敬的冯先生，您已成功预订澳门氹仔XX酒店豪华大床房（含双早），入住日期：2025-07-10，订单号：CTRP20250623XXXX，预订人：冯*然。如需修改或取消，请登录APP或致电1010-6666。,2025-06-23 20:12:30,106900009999,1,56-b
SMS-859,56-2,妈，我刚订好去澳门的酒店了，下个月10号过去。你和爸最近身体怎么样？长沙这边热得很，武汉应该也差不多吧，注意防暑。,2025-06-23 20:55:10,+8613907128765,0,56-b
SMS-860,,妈，今天长沙高温预警，你和爸在家注意防暑，空调别开太低，多喝水。我这边工作挺顺利的。,2025-06-24 15:35:00,+8613907128765,0,
SMS-861,,【中国天气】长沙市岳麓区，06月25日，晴转多云，23~31℃，南风3-4级，傍晚有风。,2025-06-25 05:55:00,106900001211,1,
SMS-862,17-7,云飞，我到了，在青山路入口这边等你。,2025-06-25 06:05:00,+8613787343210,0,17-g
SMS-863,237-6,钱总，关于长沙科技企业客户的跟进方案已初步拟好，您上午方便时我向您汇报一下？,2025-06-25 08:30:00,+8613973111222,0,237-f
SMS-864,,浩然，中午那家新开的黄牛肉馆子听说不错，12点半一起去尝尝？,2025-06-25 11:45:00,+8613787349876,1,
SMS-865,56-3,雨晴，澳门往返的机票已经订好了，航班信息发你微信了，你看看有没有问题。,2025-06-25 12:20:00,+8613787344567,0,56-c
SMS-866,20-4,黄总，下午的风险测评视频会议链接已发您邮箱，我们13:30准时开始。,2025-06-25 12:45:00,+8613622341234,0,20-d
SMS-867,241-1,文博，下午有点累，我去楼下咖啡厅坐会儿，你要不要也来一杯？,2025-06-25 15:15:00,+8613787349876,0,241-a
SMS-868,,钱总，黄思琪女士的资产配置方案初稿已根据下午的风险测评结果调整完毕，核心是增加了稳健型固收产品的比重。方案和说明已发您邮箱，请您审阅。,2025-06-25 16:45:00,+8613973111222,0,
SMS-869,,晓雅，明天上午10点需要和你同步一下新客户跟进流程的优化想法，大概15分钟，你时间方便吗？,2025-06-25 17:20:00,+8613857123456,0,
SMS-870,,妈，我刚健身完，冲个澡就回去。今天买了些水果坚果，您和爸晚上要是饿了可以吃点。,2025-06-25 18:15:00,+8613907128765,0,
SMS-871,153-2,雨晴，我今天报了个瑜伽季卡，感觉对放松肩颈特别好。等你从上海回来，我们一起去上课啊，听说有双人课程特别有意思。,2025-06-25 20:18:00,+8613787344567,0,153-b
SMS-872,,林总，刚才电话会议讨论的投资组合微调方案，我已经整理好要点并发到您邮箱了，请您查收。下午的会议PPT框架也已准备完毕，期待与您进一步交流。,2025-06-26 10:05:00,+8613818987654,0,
SMS-873,20-5,郑文博、晓雅，下午1点半项目策略会，请提前10分钟到会议室，带上客户资料和初步方案。,2025-06-26 12:45:00,+8613787349876,0,20-e
SMS-874,20-5,文博，中午的牛肉面不错，你提的那个关于市场情绪指标的观点很有启发，我已经加到下午的PPT里了。下午会议见！,2025-06-26 12:55:00,+8613787349876,0,20-e
SMS-875,,妈，今天长沙下大雨，你和我爸出门注意安全，带好伞。我这边工作一切顺利，晚上再跟您视频。,2025-06-26 13:05:00,+8613907128765,0,
SMS-876,20-5,会议纪要已整理好并发到你们邮箱，请查收。核心分工和节点已明确，有问题随时沟通。,2025-06-26 17:15:00,+8613857123456,0,20-e
SMS-877,,妈，我晨跑回来了，今天天气不错，跑完神清气爽。您和爸今天有什么安排吗？,2025-06-27 08:10:15,+8613907128765,0,
SMS-878,,轩子，上次你说的那个新开的湘菜馆具体在哪？周末有空一起去尝尝？,2025-06-27 10:30:45,+8613622345678,0,
SMS-879,56-4,【澳门新濠天地】尊敬的客户，您已成功预订《水舞间》演出门票，订单号：WTR202506271305，演出时间：2025-07-20 20:00，座位：B区中央12排15、16座。请于演出前1小时凭电子票二维码入场。,2025-06-27 13:05:30,+8610690001234,1,56-d
SMS-880,56-4,小雨，澳门《水舞间》的票已经订好了，7月20号晚上8点，B区中央的好位置。电子票我稍后发你。,2025-06-27 13:15:20,+8613622345566,0,56-d
SMS-881,241-2-3,钱总，分享会的PPT初稿已完成，已发您邮箱，请您审阅。如有修改意见请随时告知。,2025-06-27 21:25:00,+8613973111222,0,241-b
SMS-882,241-2-3,好的，PPT已收到，整体框架不错。有几个数据点需要再核实一下，明天上午我们碰一下。,2025-06-27 21:28:00,+8613973111222,1,241-b
SMS-883,7-7,云飞，七月晨跑计划我看了，周二和周四的配速可以再提一点，另外周末长距离路线可以试试梅溪湖那边，你觉得呢？,2025-06-28 11:20:15,+8613787343210,0,7-k
SMS-884,7-7,可以啊，梅溪湖路线不错。那周二周四配速目标定在5‘30“吧，我晚上把详细路线图发你。,2025-06-28 11:35:42,+8613787343210,1,7-k
SMS-885,,妈，我下午去后湖艺术区拍照，晚上回家吃饭。需要我从超市带点什么回去吗？,2025-06-28 13:05:22,+8613907128765,0,
SMS-886,17-8-3,【步步高超市】尊敬的会员，您预约的牛油果和进口虾仁已到货并为您预留，请于今日营业时间内凭此短信到生鲜区领取。,2025-06-28 15:45:10,106900009876,1,17-h
SMS-887,18-10,我：雨晴，我已经出发去一丹咖啡厅了，大概17:15到。文静那边视频连线准备好了吗？,2025-06-28 16:45:00,+8613787344567,0,18-j
SMS-888,18-10,彭雨晴：收到！我也快到了。文静说她那边网络和设备都调试好了，我们随时可以开始。,2025-06-28 16:50:00,+8613787344567,1,18-j
SMS-889,152-3-2,李秀英：儿子，瑜伽课上完了吗？晚饭准备吃什么？我跟你爸刚散步回来。,2025-06-28 20:35:00,+8613907128765,1,152-c
SMS-890,17-8-3,我：妈，刚到家。正准备做个虾仁蔬菜沙拉，健康又简单。你们散步注意安全，晚上凉。,2025-06-28 20:40:00,+8613907128765,0,17-h
SMS-891,,妈，我等下出门取快递顺便去超市，家里牛奶和面包快没了，您和爸晚上想吃什么菜吗？我一起买回来。,2025-06-29 14:50:00,+8613907128765,0,
SMS-892,,【菜鸟驿站】取件码：5-2-4096，请凭码至小区快递驿站领取您的包裹。,2025-06-29 14:55:00,106900001234,1,
SMS-893,,云飞，六月的健康总结出来了，跑步总里程比上个月提升了15%，感觉心肺功能明显增强。你的数据怎么样？,2025-06-30 09:45:00,+8613787343210,0,
SMS-894,20-6-2,黄总您好，您上周会议中提到的财富管理需求分析摘要已完成初稿，已发至您工作邮箱，请您审阅。如有任何调整意见，随时联系我。,2025-06-30 11:50:00,+8613622341234,0,20-f
SMS-895,152-5,妈，中午和同事在外面吃沙拉。最近天气热，你和爸在家注意防暑，空调别开太低。我买了季度的瑜伽课，以后每周固定锻炼。,2025-06-30 12:15:00,+8613907128765,0,152-e
SMS-896,,钱总，关于黄思琪女士的资产配置方案，我初步构思了几个方向，重点考虑分散其企业股权集中风险，并匹配其子女教育金规划。具体框架稍后发您。,2025-06-30 15:20:00,+8613973111222,0,
SMS-897,,沈老板，今天下午的冰美式很提神，谢谢。顺便问下，店里周末下午人多吗？想带朋友过去坐坐。,2025-06-30 15:35:00,+8613787346789,0,
SMS-898,,钱总，今天下午的客户摘要已定稿并归档，项目阶段也已标记完成。明天上午我会完善方案框架，并预约客户沟通。分享会PPT的深化预计后天可以给您初稿。,2025-06-30 17:25:00,+8613973111222,0,
SMS-899,,妈，我下班开车回家了，晚高峰有点堵，大概45分钟后到。您和爸晚上吃的什么？,2025-06-30 17:32:00,+8613907128765,0,
SMS-900,,【招商银行】尊敬的客户，您尾号8899的信用卡本期账单已出，应还金额为5，236.80元，还款日为07月20日。登录掌上生活App可便捷还款。,2025-07-01 13:45:30,106575259589,1,
SMS-901,,我：佳宁，刚整理了一张去年在岳麓山拍的照片发到500px了，色调调成了暖黄和蓝调的对比，感觉还不错，你有空看看给点意见？,2025-07-01 20:45:00,+8613622344321,0,
SMS-902,21-2,云飞，今天晨跑状态不错，路上聊的养老金政策我回去又查了下，确实有新的税收优惠。周末有空再约个长距离？,2025-07-02 08:45:22,+8613787343210,0,21-b
SMS-903,,博哥，中午12点半，老地方绿洲轻食？我请客，正好聊聊上午研究的养老金配置思路。,2025-07-02 11:55:10,+8613787349876,0,
SMS-904,,好的，准时到。正好我也有几个关于半导体估值的问题想请教你。,2025-07-02 11:56:45,+8613787349876,1,
SMS-905,,妈，最近身体怎么样？我这边工作挺顺利的，周末打算去澳门放松一下，回来给你带点手信。,2025-07-02 12:35:05,+8613907128765,0,
SMS-906,,林总，您下午咨询的账户波动情况，主要是受近期市场短期调整影响，我们配置的核心资产长期趋势依然稳健。详细分析报告已发您邮箱，请查收。,2025-07-02 17:15:00,+8613818987654,0,
SMS-907,20-9,郑文博，我在地铁上，刚看完黄总的配置草案，有几个关于行业轮动的点想和你碰一下。我大概8点40到公司，方便的话我们9点15在小会议室过一下？,2025-07-03 08:05:22,+8613787349876,0,20-i
SMS-908,20-9,好的，没问题。我手头有个急件处理一下，9点15小会议室见。草案我昨晚也看了一遍，正好有几个想法。,2025-07-03 08:12:45,+8613787349876,1,20-i
SMS-909,,妈，中午和同事在外面吃面。最近长沙天气多变，你和爸在家注意身体，别着凉了。,2025-07-03 12:10:05,+8613907128765,0,
SMS-910,24-1-1,陆经理，您好。我考虑出售名下的投资公寓，想咨询一下当前的市场报价、交易流程、主要税费和需要我提前准备哪些材料。方便的话，我们约个时间详细沟通一下。,2025-07-03 18:50:00,+8613787345689,0,24-a
SMS-911,22-3,【铁路12306】订单E2025070319150001预订成功。7月5日G6113次，长沙南(08:15开) -> 郴州西(09:41到)，2车12F号，票价164.5元。请携带购票证件准时乘车。,2025-07-03 19:20:00,10690012306,1,22-c
SMS-912,,钱总，我已到公司。今早市场数据已初步分析，美债收益率波动对A股影响有限，详细报告稍后发您。,2025-07-04 09:10:00,+8613973111222,0,
SMS-913,,博哥，晨会前方便碰一下吗？关于新能源板块的研报，有几个数据点想和你再核对确认下。,2025-07-04 09:35:00,+8613787349876,0,
SMS-914,22-4,露营物资清单初稿我发群里了，大家看看。我主要负责摄影器材和部分炊具，帐篷和天幕谁方便带？,2025-07-04 10:20:00,+8613622345566,0,22-d
SMS-915,22-4,收到清单了，很详细！我这边可以带帐篷和折叠桌椅。另外，防蚊液和急救包我家里有现成的，我来准备吧。,2025-07-04 10:25:00,+8613622345566,1,22-d
SMS-916,22-4,好的，谢谢小雨！那我就在清单里把你负责的这几项标注上了。食物采购清单晚点我让阿远发出来，大家再一起看看。,2025-07-04 10:28:00,+8613622345566,0,22-d
SMS-917,22-4,【中国移动】尊敬的客户，您当前套餐内流量已使用超过80%，剩余流量1.2GB。点击 http://dx.10086.cn 查询详情。,2025-07-04 10:50:00,10690010086,1,22-d
SMS-918,79-4,文博，中午那家湘菜馆的剁椒鱼头真不错，下次可以再约。对了，你提到的养老金政策那个点，我下午再查查资料。,2025-07-04 13:15:00,+8613787349876,0,79-d
SMS-919,64-2-1,小然，行程草案我做好了，发你邮箱了。重点推荐岳麓书院和湖南博物院，记得提前预约。你看看有没有想调整的地方。,2025-07-04 14:05:00,+8613817765432,0,64-b
SMS-920,64-2-1,哥，行程收到了，太详细了！博物院我看了下要提前三天预约，我今晚就约。橘子洲头的观光车票需要提前买吗？,2025-07-04 14:25:00,+8613817765432,1,64-b
SMS-921,64-2-2,小然，酒店和餐厅都给你订好了，预订确认码分别是HZ20250704和RC789。具体地址和注意事项我一起发你微信了，查收一下。,2025-07-04 20:15:00,+8613817765432,0,64-b
SMS-922,,陆经理，关于我长沙公寓出售的事，初步估值区间我了解了。我们周一上午10点面谈具体细节，地点就定在你公司吧，麻烦把具体地址发我一下。,2025-07-05 07:15:30,+8613787345689,0,
SMS-923,,好的冯先生，周一上午10点没问题。公司地址是长沙市开福区芙蓉中路一段XX号链家门店。我提前准备好相关材料。,2025-07-05 07:18:05,+8613787345689,1,
SMS-924,56-8,妈，我出发去机场了，今天飞澳门。这几天你和爸在家注意身体，有事随时给我打电话。,2025-07-05 07:45:10,+8613907128765,0,56-h
SMS-925,56-8,【滴滴出行】尊敬的乘客，您预约的车辆（车牌：湘A·D12345）已到达指定上车点，司机刘师傅（电话138****5678）正在等候，请及时上车。,2025-07-05 07:48:22,106900009999,1,56-h
SMS-926,56-8,【航旅纵横】冯浩然，您乘坐的MF8XXX次航班（长沙-澳门）计划10:50起飞，请提前2小时至T2航站楼办理值机手续。祝您旅途愉快！,2025-07-05 08:05:15,106900008888,1,56-h
SMS-927,79-5,钱总，养老金政策信息库的梳理框架我已经初步搭好，按政策要点、适用对象、生效时间等维度做了归类。具体文件我晚点发您邮箱，您看这个方向可以吗？,2025-07-05 09:30:45,+8613973111222,0,79-e
SMS-928,79-5,可以，这个分类思路很清晰。文件不急，你出差路上注意安全，落地后发我就行。,2025-07-05 09:35:10,+8613973111222,1,79-e
SMS-929,56-8,小然，我飞机上呢，大概下午到澳门。你上次说想买的那款包，我看看这边免税店有没有，把图片再发我一下。,2025-07-05 11:20:00,+8613817765432,0,56-h
SMS-930,56-8,妈，我到酒店安顿好了，今天拍了不少澳门的建筑，很有味道。你和我爸早点休息，别担心我。,2025-07-05 22:15:00,+8613907128765,0,56-h
SMS-931,,轩子，澳门夜景绝了，刚吃完饭回来。你上次说的那个广角镜头型号再发我一下，我考虑入一个。,2025-07-05 22:30:00,+8613622345678,0,
SMS-932,56-9-1,妈，我到澳门了，酒店早餐不错。今天去路环岛拍照，下午可能有雨，带了伞。,2025-07-06 08:20:00,13907128765,0,56-i
SMS-933,56-9-1,轩子，我坐上去路环岛的巴士了，这边建筑很有味道，拍了不少素材，回头发你看看。,2025-07-06 09:10:00,13622345678,0,56-i
SMS-934,56-9-1,【澳门气象局】预计未来两小时路环区有雷阵雨，请市民及旅客注意出行安全，适时避雨。,2025-07-06 11:50:00,106900123456,1,56-i
SMS-935,56-9-1,佳宁，路环这边突然下雨了，我在图书馆躲雨。你上次说的那个调色预设，我试了下在阴天场景效果很棒，回去发你。,2025-07-06 12:30:00,13622344321,0,56-i
SMS-936,,爸，雨停了，我刚叫了车准备回酒店。上午拍的照片发了几张在家庭群里，你看看。,2025-07-06 14:20:00,13807123456,0,
SMS-937,,好的，路上注意安全。照片拍得很有感觉，尤其是那些老街的质感。,2025-07-06 14:22:00,13807123456,1,
SMS-938,,钱总，我已回到酒店。今天外拍素材已初步整理，明早返程后，我会在下午三点前将本周市场分析简报的初版发您邮箱。,2025-07-06 15:30:00,13973111222,0,
SMS-939,,妈，晚上在澳门吃葡国菜，餐厅叫氹仔海湾葡国餐厅，葡国鸡和马介休球很地道，拍了几张照片，晚点发给你看。,2025-07-06 16:30:00,+8613907128765,0,
SMS-940,,轩子，我刚吃完葡国菜，这家店生意巨好，翻台率目测很高。你之前来澳门玩的时候，有没有试过这家？感觉定价策略挺有意思的。,2025-07-06 18:10:00,+8613622345678,0,
SMS-941,56-9-2,【新濠天地】尊敬的宾客，您预订的《水舞间》表演门票已成功兑换，座位号：B区15排8座。演出将于20:00准时开始，请提前15分钟入场。祝您观演愉快！,2025-07-06 18:45:00,106900008888,1,56-i
SMS-942,56-9-2,小然，在新濠天地给你买了个水舞间主题的书签，挺精致的，回去带给你。,2025-07-06 19:20:00,+8613817765432,0,56-i
SMS-943,20-12,妈，下午公司有个重要的分享会，晚上回家吃饭会晚一点，不用等我。,2025-07-07 15:05:00,+8613907128765,0,20-l
SMS-944,,我：晚上想吃西兰花和鸡胸肉，家里还有吗？没有的话我下班路上买。,2025-07-07 17:45:00,+8613907128765,0,
SMS-945,22-5,【贝壳找房】您关注的河东区湘江中路XX小区2室1厅房源（编号CS20250707A）价格已更新，点击查看详情：https://m.ke.com/cs/ershoufang/xxxx。,2025-07-07 20:15:00,106900009999,1,22-e
SMS-946,155-1,钱总，早上好。您发来的金融科技沙龙邀请函已收到，我已回复邮件确认参加，并已同步标记在日程中。感谢安排。,2025-07-08 07:15:30,+8613973111222,0,155-a
SMS-947,,妈，我中午和同事在外面吃饭。最近天气热，你和爸在家注意防暑，空调别开太低。,2025-07-08 12:05:20,+8613907128765,0,
SMS-948,24-2-2,妈，我下午去中介签委托协议了，房子的事正式启动。您和爸最近身体都好吧？长沙这边天气有点闷热，注意防暑。,2025-07-08 15:05:00,+8613907128765,0,24-b
SMS-949,24-2-2,陆经理，协议已签，后续拍照和挂牌的事就辛苦您多费心了。有任何进展随时联系我。,2025-07-08 17:35:00,+8613787345689,0,24-b
SMS-950,64-4,小然，我刚到家。你们商量得怎么样了？闺蜜那边对奶茶店打卡有具体要求吗？比如具体品牌或者位置偏好？,2025-07-08 19:55:00,+8613817765432,0,64-d
SMS-951,64-4,我看了下，茶颜悦色和果呀呀在五一广场那边都有好几家店，到时候看你们逛到哪里再决定也行。我收藏的那个摄影展信息发你了，你看看感不感兴趣。,2025-07-08 20:10:00,+8613817765432,0,64-d
SMS-952,64-4,好的，那就这么定了。酒店和车票信息我更新到文档里了，你再核对一下。期待你们八月过来！,2025-07-08 20:35:00,+8613817765432,0,64-d
SMS-953,,妈，我晨跑回来了，现在准备吃早餐。您和爸今天有什么安排吗？,2025-07-09 07:50:00,+8613907128765,0,
SMS-954,,小然，上次你说想了解的投资理财入门书籍，我整理了一份书单发你邮箱了，有空看看。,2025-07-09 08:05:00,+8613817765432,0,
SMS-955,,博哥，我大概12:05到纤果派，靠窗的位置我已经订好了。,2025-07-09 11:50:00,+8613787349876,0,
SMS-956,22-6,轩子，明天露营的食材采购清单我发群里了，你负责的饮料部分，麻烦确认一下数量和种类。,2025-07-09 13:05:00,+8613622345678,0,22-f
SMS-957,22-6,小雨，明天集合地点还是岳麓山东门停车场，时间上午8点，别迟到哦。,2025-07-09 13:10:00,+8613622345566,0,22-f
SMS-958,22-6,云飞，天气预报说明天莽山那边午后可能有阵雨，我们应急预案里的备用雨具和室内活动方案需要再强调一下。,2025-07-09 13:15:00,+8613787343210,0,22-f
SMS-959,,林总，您本季度的投资报告初稿已完成，已发送至您邮箱，请您审阅。主要分析了市场波动下的持仓表现，并提出了小幅调仓建议。,2025-07-09 15:25:00,+8613818987654,0,
SMS-960,,张总，您的季度投资报告已撰写完毕，核心内容包括业绩回顾、市场归因及后续策略微调。电子版报告已发您工作邮箱，请注意查收。,2025-07-09 15:28:00,+8613622345678,0,
SMS-961,126-5,阿明，麻烦继续帮我留意滨江板块的房源，产权清晰、无抵押的优先。如果有业主急售的优质房源，请第一时间通知我。,2025-07-09 15:35:00,+8613787345689,0,126-e
SMS-962,,妈，我晚上要加班准备一个沙龙，晚饭不用等我。您和爸按时吃，注意身体。,2025-07-09 17:10:00,+8613907128765,0,
SMS-963,155-2,【金融科技沙龙】尊敬的冯先生，您已成功预约明日（7月10日）下午14:00的“智能投顾新趋势”沙龙，地点：IFS国金中心T1栋3楼会议厅。请准时出席。,2025-07-09 19:30:00,106900001234,1,155-b
SMS-964,155-2,晓雅，明天金融科技沙龙的资料我预习完了，重点看了智能投顾下沉市场的痛点。你那边准备得怎么样？我们可以提前对一下想提问的点。,2025-07-09 20:45:00,+8613857123456,0,155-b
SMS-965,79-9,钱总，晨会提到的养老金政策影响分析报告初稿已完成，已发您邮箱，请审阅。,2025-07-10 10:45:00,+8613973111222,0,79-i
SMS-966,,文博，晨会讨论的消费板块数据，我整理了几个关键点，已发你钉钉，方便下午讨论时参考。,2025-07-10 10:55:00,+8613787349876,0,
SMS-967,79-10,郑文博，养老金新政对高净值客户的差异化影响分析初稿已完成，重点分析了额度上限与遗产规划，已发你邮箱，请查收。,2025-07-11 06:45:00,+8613787349876,0,79-j
SMS-968,79-10,收到。中产家庭受益最大这部分的数据模型很清晰，普通收入者的复利效应演示部分我再核对一下，下午反馈给你。,2025-07-11 06:48:00,+8613787349876,1,79-j
SMS-969,22-7,妈，我出发去露营了，大概周日晚上回来。这几天天气不错，您和我爸注意身体，别太累。,2025-07-11 07:50:00,+8613907128765,0,22-g
SMS-970,22-7,云飞，我和雨桐已经到收费站广场了，黑色SUV，车牌尾号99A，你大概还有多久？,2025-07-11 08:05:00,+8613787343210,0,22-g
SMS-971,22-7,看到你们了，我马上到，带了手冲咖啡，待会给你们提提神。,2025-07-11 08:08:00,+8613787343210,1,22-g
SMS-972,22-7,【中国石化】尊敬的客户，您于2025-07-11 11:05在衡山服务区加油站消费268.50元，账户余额1245.80元。,2025-07-11 11:06:00,106900008888,1,22-g
SMS-973,155-4,钱总，上午好。关于金融科技沙龙，我初步思考了区块链技术用于养老金账户资产确权与智能投顾结合提升收益的方案，正在整理，周一上午向您详细汇报。,2025-07-11 11:20:00,+8613973111222,0,155-d
SMS-974,,陆经理，上次看的那套金星小区的房子，我考虑了一下，首付比例和贷款年限还想再沟通下，下周回长沙后联系您。,2025-07-11 11:45:00,+8613787345689,0,
SMS-975,22-7,我：雨桐，云飞，我已经到超市了，买点香蕉、橘子、巧克力和水，你们还需要补充什么吗？我大概20分钟后到公园东门。,2025-07-11 13:45:00,+8613622345566,0,22-g
SMS-976,22-7,高云飞：浩然，我们这边也快到了，你看着买就行，水多备点。待会儿见。,2025-07-11 13:48:00,+8613787343210,1,22-g
SMS-977,22-7,我：妈，我们已经进山开始徒步了，信号可能不太好，晚上到营地再联系。放心。,2025-07-11 14:50:00,+8613907128765,0,22-g
SMS-978,22-7,我：轩子，我们到营地了，风景绝了。刚把帐篷搭好，累但爽。给你看看我们选的营地。,2025-07-11 17:00:00,+8613622345678,0,22-g
SMS-979,22-7,张明轩：可以啊浩哥！这营地环境看着真不错，注意安全，多拍点照片回来分享！,2025-07-11 17:05:00,+8613622345678,1,22-g
SMS-980,22-7,我：【分享了几张日落和帐篷剪影的照片】今天的日落太治愈了，不虚此行。,2025-07-11 20:00:00,+8613622344321,0,22-g
SMS-981,22-7,徐佳宁：哇！这星空和营地氛围感拉满了！参数调得不错啊，等你回来交流下机位！,2025-07-11 21:15:00,+8613622344321,1,22-g
SMS-982,22-7,李秀英：儿子，到营地了吧？晚上山里凉，盖好被子。玩得开心，注意安全。,2025-07-11 22:05:00,+8613907128765,1,22-g
SMS-983,22-8-2,我：云飞，雨桐，晚上8点营地旁草地集合拍星空。我带了赤道仪和广角镜头，你们可以带手机和三脚架。今晚天气不错，应该能看到银河。,2025-07-12 17:45:00,+8613787343210,0,22-h
SMS-984,22-8-2,高云飞：收到！我刚检查了手机，三脚架也准备好了。晚上见！,2025-07-12 17:48:30,+8613787343210,1,22-h
SMS-985,22-9,我：雨桐、云飞，我出发了，这次露营太棒了！照片我整理好发群里，下次再约！一路顺风！,2025-07-13 08:20:00,+8613622345566,0,22-i
SMS-986,69-1-1,我：妈，我上高速了，在回长沙的路上，大概下午两点前能到，放心吧。,2025-07-13 08:50:00,+8613907128765,0,69-a
SMS-987,153-3,我：佳宁，我下午5点15去王府井写字楼那家瑜伽馆体验哈他瑜伽课，你要不要一起？感觉对放松背部挺有效的。,2025-07-13 15:30:00,+8613622344321,0,153-c
SMS-988,,【菜鸟驿站】您有包裹（尾号1234）已到岳麓区机关金星住宅小区1号柜，请凭取件码4567在19:00前领取。,2025-07-13 16:30:00,106900001234,1,
SMS-989,,我：博哥，我露营回来了，装备刚收拾完，累瘫。你上次说的那个新出的徒步路线攻略发我看看？,2025-07-13 16:50:00,+8613787349876,0,
SMS-990,69-1-3,【京东】您的订单已支付成功，订单号：JDV20250713200123456789。商品：XX品牌 次旗舰手机 12+256G。预计明日（07-14）送达，请保持电话畅通。,2025-07-13 19:55:00,106900001234,1,69-a
SMS-991,,我：妈，我刚洗漱完准备睡了。今天去上了节瑜伽课，感觉身体舒展多了，你也早点休息。,2025-07-13 22:05:00,+8613907128765,0,
SMS-992,,文博，中午12点老地方家常菜馆，我请客，顺便聊聊上午那个养老金方案。,2025-07-15 11:30:00,+8613787349876,0,
SMS-993,71-2-2,【华泰证券IT】尊敬的用户，您的VPN及OA账户已成功绑定新设备，登录IP：218.76.XX.XX。如有疑问请致电400-888-XXXX。,2025-07-15 13:15:00,106900008888,1,71-b
SMS-994,71-2-2,【Apple】您的Apple ID已在新的iPhone上登录。如果这不是您本人的操作，请立即前往设置检查账户安全。,2025-07-15 13:20:00,106900009999,1,71-b
SMS-995,,林总您好，我是华泰证券的冯浩然。关于您之前咨询的家族信托架构方案，初稿已完成，您看明天上午10点方便电话沟通一下细节吗？,2025-07-15 14:30:00,+8613818987654,0,
SMS-996,,可以，明天10点我打给你。,2025-07-15 14:35:00,+8613818987654,1,
SMS-997,240-1,妈，我刚和爸视频确认了，航班CZ1234周六下午3点20到黄花机场T2，我提前一小时出发去接你们。你们行李别太多，路上注意安全。,2025-07-15 19:35:00,+8613907128765,0,240-a
SMS-998,240-1,爸，接机信息我发妈手机了，也存我日历了。周六见！,2025-07-15 19:36:00,+8613807123456,0,240-a
SMS-999,,小雨，上周露营的照片我整理好了，有几张星空的拍得特别棒，发你微信了，你看看。,2025-07-15 21:45:00,+8613622345566,0,
SMS-1000,25-1-1,陆经理，早上好。今天上午的视频看房已安排妥当，我这边网络和设备都已调试好，随时可以开始。买家李先生那边也确认好了吗？,2025-07-16 06:55:00,+8613787345689,0,25-a
SMS-1001,25-1-1,好的冯先生，李先生已在线，我马上发起视频会议邀请。请您接通后，重点介绍一下公寓的户型优势、周边配套和近一年的租金回报率数据。,2025-07-16 07:05:00,+8613787345689,1,25-a
SMS-1002,25-1-1,视频看房已结束。李先生对3号户型兴趣较大，但对楼层有些犹豫。我已将电子版楼书和租金分析报告发您微信，请查收。后续跟进需要您这边配合提供一些更详细的产权文件扫描件。,2025-07-16 07:40:00,+8613787345689,1,25-a
SMS-1003,,钱总，深圳面签已顺利完成，所有材料已递交。我已登机返程，预计今晚抵达长沙。详细报告和后续跟进计划，我落地后整理好发您邮箱。,2025-07-16 15:30:00,+8613973111222,0,
SMS-1004,244-1-1,小然，我刚看到谢子龙影像艺术馆有个‘数字与自然’沉浸式光影艺术展，感觉挺有意思的，分享给你看看。周末有空的话要不要一起去？,2025-07-16 23:28:00,+8613817765432,0,244-a
SMS-1005,245-6,钱总，林总调仓事件的详细复盘要点我已整理好，包括客户反馈和后续跟进策略，已发您邮箱，请查收。,2025-07-17 15:50:00,+8613973111222,0,245-a
SMS-1006,,黄总，您上午咨询的产品资料和风险评估报告已发送至您邮箱，请查收。有任何问题随时联系我。,2025-07-17 16:30:00,+8613622341234,0,
SMS-1007,,妈，我下班路上堵车，预计七点多到家。已经在盒马上买了排骨、藕和蔬菜，预约了晚上八点二十送到家，你们后天来就能直接做了。,2025-07-17 18:15:00,+8613907128765,0,
SMS-1008,,【盒马】您的订单（尾号7788）已由配送员刘师傅开始配送，预计20:20送达，请保持手机畅通。,2025-07-17 20:05:00,106900008888,1,
SMS-1009,23-1,电影之夜这主意太棒了！我举双手赞成看《星际归途》。既然大家都没意见，那就定在我家吧，地方够大。零食我来负责采购，饮料就麻烦浩然准备一下，怎么样？,2025-07-17 20:15:00,群聊,0,23-a
SMS-1010,,博哥，季度报告的数据支撑部分，你那边最新的行业研报发我参考下？我今晚赶报告要用。,2025-07-17 20:25:00,+8613787349876,0,
SMS-1011,,【中国移动】尊敬的客户，您本月套餐内流量已使用80%，剩余流量2.1GB。为保障您的正常使用，推荐办理10元5GB流量加油包，回复“是”即可办理。,2025-07-18 07:10:22,10086,1,
SMS-1012,,妈，我早上跑完步了，现在开车去公司。今天高温预警，你和爸在家注意防暑，空调别开太低。,2025-07-18 07:35:15,+8613907128765,0,
SMS-1013,,博哥，上午分享会提到的那个个人养老金政策案例，原始数据文件我发你邮箱了，麻烦查收一下。,2025-07-18 11:20:05,+8613787349876,0,
SMS-1014,,好的，已收到。数据很详实，我下午结合客户情况分析一下，有疑问再找你。,2025-07-18 11:22:50,+8613787349876,1,
SMS-1015,,林总您好，我是华泰证券的小冯。关于您账户近期的持仓回顾摘要已初步完成，核心观点和调整建议已发至您邮箱，请您有空时查阅。有任何疑问随时联系我。祝您周末愉快！,2025-07-18 14:45:10,+8613818987654,0,
SMS-1016,,我：妈，我下班了，现在开车去岳麓山那边拍点照片，晚点回去。,2025-07-18 17:35:00,+8613907128765,0,
SMS-1017,,吴俊杰：浩然，晚上有空吗？好久没聚了，老地方湘菜馆，我请客。,2025-07-18 18:40:00,+8613787345678,1,
SMS-1018,23-2,我：轩子，我下山了，顺路去甜品店买个蛋糕。你们到湘菜馆了吗？,2025-07-18 18:55:00,+8613622345678,0,23-b
SMS-1019,23-2,张明轩：我们刚到，在靠窗的位置。你开车慢点，不着急。,2025-07-18 18:57:15,+8613622345678,1,23-b
SMS-1020,,我：云飞，今天早上岳麓山晨跑状态不错，跑了30分钟，空气很好。你周末一般去哪跑？,2025-07-19 08:45:00,+8613787343210,0,
SMS-1021,153-4,我：妈，我上午去上了一节瑜伽体验课，感觉对缓解肩颈酸痛挺有用的。你和爸最近身体怎么样？,2025-07-19 09:35:00,+8613907128765,0,153-d
SMS-1022,,妈，我晚上去俊杰家聚会，会晚点回来，不用等我。你们明天几点到长沙？我去接你们。,2025-07-19 16:55:00,+8613907128765,0,
SMS-1023,,俊杰，我出发了，先去取蛋糕，大概18:30左右到你家。,2025-07-19 17:35:00,+8613787345678,0,
SMS-1024,,俊杰，我到家了，今晚聊得很开心，谢谢款待！,2025-07-20 00:25:00,+8613787345678,0,
SMS-1025,,云飞，我大概7点25到岳麓山脚，老地方见。今天天气不错，适合跑山。,2025-07-20 06:55:00,+8613787343210,0,
SMS-1026,126-8,今天聊得很透彻，梅溪湖和北辰的对比分析对我帮助很大。贷款的事我再琢磨下，回头细聊。,2025-07-20 08:45:00,+8613787343210,0,126-h
SMS-1027,153-5,【王府井瑜伽普拉提馆】尊敬的会员，您预约的今日13:30流瑜伽课程即将开始，请提前10分钟到场准备。,2025-07-20 13:05:00,106900008888,1,153-e
SMS-1028,126-8,阿明，我最近在看梅溪湖和北辰的改善型住房，三房或四房，预算在300-400万左右。你那边有没有合适的房源推荐？方便的话发几个链接我先看看。,2025-07-20 13:15:00,+8613787345689,0,126-h
SMS-1029,,浩然，你爸妈明天几点到长沙？我这边新到了一批不错的茶叶，要不要给你爸妈带点尝尝？,2025-07-20 13:20:00,+8613622345678,1,
SMS-1030,21-5-1,云飞，今晚7点老地方湘江风光带跑步道，间歇跑训练，来不来？,2025-07-20 17:45:00,+8613787343210,0,21-e
SMS-1031,20-17-1,黄总，500万资金已确认到账，并已按既定方案完成分笔购买指令的下达。具体持仓明细和交易确认单稍后发您邮箱，请查收。,2025-07-21 11:10:00,+8613622341234,0,20-q
SMS-1032,113-4,钱总，黄思琪女士的500万资产配置已执行完毕，交易指令已全部下达。详细执行报告和持仓结构我已整理好，下午可以当面汇报。,2025-07-21 11:20:00,+8613973111222,0,113-d
SMS-1033,113-4,晓雅，黄思琪项目的交易已完成，相关客户持仓数据已更新到系统。下午的客户会议材料我这边准备好了，我们2点前再对一下？,2025-07-21 11:45:00,+8613857123456,0,113-d
SMS-1034,240-4-1,妈，清单上的东西都买齐了，排骨、藕、菜薹、水果、牛奶还有你爱吃的芝麻糕都备好了。明天下午我去南站接你们，路上注意安全。,2025-07-21 18:45:00,+8613907128765,0,240-d
SMS-1035,240-5-2,【铁路12306】您关注的G1001次列车（武汉-长沙南）正点运行，预计14:05到达。祝您旅途愉快。,2025-07-22 07:05:00,1069000012306,1,240-e
SMS-1036,240-5-2,妈，我起床了，感冒好多了。你们在车上还好吧？我这边都准备好了，下午见！,2025-07-22 07:20:00,+8613907128765,0,240-e
SMS-1037,,博哥，早。昨天你问的那个项目数据，我上午整理好发你邮箱。,2025-07-22 08:30:00,+8613787349876,0,
SMS-1038,240-5-2,爸，妈，我买了百合花放客厅了，家里都收拾好了，就等你们来。路上注意安全。,2025-07-22 10:40:00,+8613807123456,0,240-e
SMS-1039,,我：轩子，我刚规划了这几天带爸妈玩的路线，橘子洲、岳麓山、省博都安排上了，回头把攻略发你看看。,2025-07-22 11:15:00,+8613622345678,0,
SMS-1040,,【中国移动】尊敬的客户，您当前账户余额为125.60元。点击查询详情。,2025-07-22 12:05:00,10658086,1,
SMS-1041,242-1,钱总，下午我请假去接父母，已提交流程。有急事可随时电话我。,2025-07-22 13:10:00,+8613973111222,0,242-a
SMS-1042,240-5-3,我：爸妈，我们到湘江边了，风景特别好，给你们拍张照！,2025-07-22 15:00:00,+8613907128765,0,240-e
SMS-1043,240-5-3,妈，我快到家了，晚饭想吃什么？我顺路买点菜回去。,2025-07-22 17:15:00,+8613907128765,0,240-e
SMS-1044,242-1,钱总，我父母今天从老家过来，已安顿好。明天上午的周例会我准时参加，相关材料已提前准备完毕。,2025-07-22 21:20:00,+8613973111222,0,242-a
SMS-1045,240-6-1,爸、妈，我车已经到楼下了，直接下来吧。今天天气阴凉，记得带件薄外套。,2025-07-23 08:25:00,+8613807123456,0,240-f
SMS-1046,240-6-1,妈，你看爱晚亭这边，是不是和诗里写的一样？‘停车坐爱枫林晚，霜叶红于二月花’，虽然现在不是秋天，但意境还在。,2025-07-23 09:20:00,+8613907128765,0,240-f
SMS-1047,240-6-1,爸，观光车票我买好了，我们坐车上到穿石坡湖，这样你们不用爬坡，省点力气。,2025-07-23 10:05:00,+8613807123456,0,240-f
SMS-1048,,文博，上午陪家人爬山，你上午问的那个客户数据，我下午回公司后马上核对发你。,2025-07-23 12:45:00,+8613787349876,0,
SMS-1049,,妈，我明天早上打算去岳麓山晨跑，然后直接去公司。晚饭不用等我，我下班回来吃。您和爸晚上早点休息。,2025-07-23 20:15:00,+8613907128765,0,
SMS-1050,242-2,妈，我晨跑回来了，今天岳麓山空气特别好。你起床了吗？早餐想吃什么？我待会去买。,2025-07-24 08:05:30,+8613907128765,0,242-b
SMS-1051,242-2,爸，早餐准备好了，燕麦牛奶和全麦吐司，还有您爱吃的水煮蛋。我和妈在餐厅等您。,2025-07-24 09:05:15,+8613807123456,0,242-b
SMS-1052,,【招商银行】尊敬的客户，您尾号8899的信用卡本期账单已出，应还款金额12，345.67元，还款日为08月10日。点击 cmbt.cn/A1b2C3 查看详情。,2025-07-24 12:15:20,106980095555,1,
SMS-1053,,郑文博，你上午问的那个关于城投债风险敞口的数据，我查了一下，最新报告里第15页有详细拆解，已发你邮箱。,2025-07-24 12:25:10,+8613787349876,0,
SMS-1054,,钱总，下午好。关于林总那个方案的初步框架我已经搭好了，核心逻辑和风险对冲部分比较清晰，您看明天上午方便我当面给您汇报一下吗？,2025-07-24 12:40:45,+8613973111222,0,
SMS-1055,240-6-3,俊杰，雨晴，你们出发了吗？我爸妈听说你们要来特别高兴，我妈已经在准备午饭了。路上注意安全。,2025-07-24 13:20:00,+8613787345678,0,240-f
SMS-1056,242-2,妈，明天橘子洲头的观光车票我已经在‘岳麓山橘子洲’公众号上预约好了，9点出发，我们直接刷身份证就能上车。晚餐的餐厅我也看好了，在坡子街那边，晚上6点。具体信息我发家庭群里了。,2025-07-24 21:35:00,+8613907128765,0,242-b
SMS-1057,,【滴滴出行】您的快车订单（尾号5678）已由张师傅接单，车牌湘A·D1234，预计5分钟后到达湘江风光带（开福区段）上车点，请提前准备。,2025-07-25 20:55:00,106900009999,1,
SMS-1058,240-7-2,妈，明早送你们的专车我已经预约好了，司机王师傅，车牌湘A·F8888，早上6点准时到小区门口。你们早点休息，晚安。,2025-07-25 21:45:00,+8613907128765,0,240-g
SMS-1059,54-2-1,妈，我下飞机了，现在坐地铁去酒店，大概一点多到。你和爸到家了吗？路上顺利吧？,2025-07-26 11:45:00,+8613907128765,0,54-b
SMS-1060,54-2-1,轩子，我上地铁了，2号线到江汉路，大概12点半到酒店。你那边怎么样，大概几点能到？,2025-07-26 11:50:00,+8613622345678,0,54-b
SMS-1061,54-2-1,【武汉马哥孛罗酒店】尊敬的冯先生，您的房间已为您预留，房号为1523。我们期待您的光临。如需帮助，请致电前台。,2025-07-26 12:05:00,+8610690001234,1,54-b
SMS-1062,54-2-2,今天拍的照片太有感觉了，尤其是老社区和江滩夜景那几张。我已经导出来了，晚上回酒店一起看？,2025-07-26 19:50:00,+8613622345678,0,54-b
SMS-1063,,妈，我已经从酒店退房了，现在打车去天河机场，航班一切正常，到了长沙再跟您说。,2025-07-27 13:25:00,+8613907128765,0,
SMS-1064,54-3-3,妈，我飞机落地了，刚取完行李，现在打车回家，大概一小时左右到。,2025-07-27 18:05:00,+8613907128765,0,54-c
SMS-1065,,博哥，我刚休假回来，看到你发的邮件了，关于下周项目启动会的材料，我明天上午整理好发你。,2025-07-27 20:15:00,+8613787349876,0,
SMS-1066,240-8,妈，我晨跑回来了，刚吃完早饭准备去上班。你和爸在武汉一切都好吧？最近天气热，注意防暑。,2025-07-28 08:15:30,+8613907128765,0,240-h
SMS-1067,126-9-1,陆经理，今天中午的委托协议我已签署，相关资料也已提交。后续有合适的房源请第一时间联系我，辛苦了。,2025-07-28 14:05:10,+8613787345689,0,126-i
SMS-1068,,妈，我晚上在小区散步，空气挺好的。你和爸到家了吗？路上还顺利吧？,2025-07-28 20:05:12,+8613907128765,0,
SMS-1069,126-9-2,陆经理，购房需求文档我已经整理好发您微信了，包含了预算、区域、户型和配套等具体要求。麻烦您先看看，有初步匹配的房源我们可以随时沟通。,2025-07-28 21:35:22,+8613787345689,0,126-i
SMS-1070,126-9-2,好的冯先生，文档已收到，非常详细清晰。我今晚就根据您的需求筛选几套合适的房源，明天上午整理好发给您过目。,2025-07-28 21:38:05,+8613787345689,1,126-i
SMS-1071,,佳宁，刚看到你发的城市夜景新作，构图和光影绝了！下次外拍求带。,2025-07-28 21:45:30,+8613622344321,0,
SMS-1072,126-10,俊杰，早上好。我最近在看改善房，你那边有没有靠谱的房源渠道或者中介推荐？方便的话推我一下。,2025-07-29 08:05:22,+8613787345678,0,126-j
SMS-1073,,妈，我今早锻炼完准备上班了。你和爸在武汉那边都安顿好了吧？天气热注意防暑。,2025-07-29 08:30:15,+8613907128765,0,
SMS-1074,,【德佑地产】尊敬的客户，您关注的岳麓区改善型房源已上新，点击链接查看详情：https://deyou.com/xxxx。退订回T,2025-07-29 09:10:05,106900009876,1,
SMS-1075,,爸，今天工作顺利。你上次说血压有点高，新买的降压药按时吃了吗？记得每天测一下。,2025-07-29 13:25:30,+8613807123456,0,
SMS-1076,20-18,黄总，您报告的数据修订部分已完成，已发您邮箱，请查收。核心结论部分我补充了最新的市场流动性分析作为支撑。,2025-07-29 14:30:45,+8613622341234,0,20-r
SMS-1077,126-10,文博，下午好。你上午推荐的中介联系方式收到了，已添加。另外，黄思琪的报告初稿修订版我发你一份，帮忙看看逻辑是否通顺？,2025-07-29 14:50:10,+8613787349876,0,126-j
SMS-1078,20-18,钱总，黄思琪客户的最终投资报告已修订完成，核心数据和逻辑已更新，请您审阅。邮件已发送至您邮箱。,2025-07-29 16:45:00,13973111222,0,20-r
SMS-1079,25-3,【贝壳找房】尊敬的业主，您位于岳麓区双塘路99号的房源（房源编号CS20250729LH001）已通过审核，正式在贝壳、链家平台上线。带看预约及客户咨询将第一时间通知您。,2025-07-29 17:10:00,10690000958,1,25-c
SMS-1080,,妈，我下班到家了，刚吃完沙拉。今晚要赶一个客户的报告，会睡得晚一点，你们也早点休息，别担心我。,2025-07-29 18:40:00,13907128765,0,
SMS-1081,,妈，我出门晨跑了，今天天气不错，跑完回来吃早饭。您和爸也记得吃早餐。,2025-07-30 06:45:00,13907128765,0,
SMS-1082,,文博，中午老地方兰州拉面？我大概12点05分下楼。,2025-07-30 11:40:00,13787349876,0,
SMS-1083,,轩子，我下班了，刚在地铁上。你上次说的那个新开的湘菜馆具体在哪？周末有空去尝尝？,2025-07-30 18:10:00,13622345678,0,
SMS-1084,79-15-2,妈，我最近在研究个人养老金政策，看到武汉好像有新的地方补贴政策，你和我爸有了解吗？可以帮我留意一下社区或者单位的宣传资料吗？,2025-07-30 20:10:00,+8613907128765,0,79-o
SMS-1085,,晓雅，关于联合服务客户的诉求，我已经整理了一份初步要点，发你邮箱了，有空看一下，下午我们再对一下细节。,2025-07-31 10:05:00,+8613857123456,0,
SMS-1086,,林总，您的Q3投资组合回顾报告初稿已完成，已发送至您邮箱，请您审阅。报告重点分析了新能源和消费板块的最新财报与趋势。,2025-07-31 11:40:00,+8613818987654,0,
SMS-1087,79-16-1,林总，Q3投资组合回顾报告已按初审意见修改完毕，最终版已发送，请查收。如有任何问题，随时联系我。,2025-07-31 14:10:00,+8613818987654,0,79-p
SMS-1088,,沈老板，今天下午的咖啡很提神，谢谢！公寓的事有进展随时告诉我。,2025-07-31 16:05:00,+8613787346789,0,
SMS-1089,79-16-2,妈，我刚和欣然聊完养老金的事，感觉规划清晰多了。你和爸也记得按时体检，身体是最大的本钱。,2025-07-31 21:15:00,+8613907128765,0,79-p
SMS-1090,,钱总，早上好。我已出发前往公司，预计9点前到。关于今天晨会要讨论的七月客户项目总结，我已准备好材料。,2025-08-01 08:05:22,+8613973111222,0,
SMS-1091,,妈，我今天晨跑状态不错，配速5分45秒。早餐吃了牛奶燕麦和煎蛋。您和爸今天有什么安排吗？,2025-08-01 08:30:15,+8613907128765,0,
SMS-1092,,文博，早。我在地铁上，看到一篇关于新能源产业链上游价格波动的分析，链接发你了，感觉对我们上午的讨论可能有参考价值。,2025-08-01 08:45:10,+8613787349876,0,
SMS-1093,20-19,【XX银行】尊敬的客户，您尾号8899的信用卡本期账单已出，应还金额为12，345.67元，还款日为08月20日。点击链接查看详情。,2025-08-01 10:50:33,106900009999,1,20-s
SMS-1094,20-19,钱总，七月工作总结和八月计划的PPT简报已发您邮箱，并预约了下午15:00向您当面汇报。请您查收。,2025-08-01 14:20:05,+8613973111222,0,20-s
SMS-1095,,沈老板，今天下午聊得很开心，万科新盘的信息很有价值，名片已收好。我这边有进展随时同步给你。,2025-08-01 16:05:00,+8613787346789,0,
SMS-1096,,钱总，本周工作总结和下周规划已发您邮箱，下周客户沙龙和产品测评的初步方案已包含在内，请您审阅。,2025-08-01 17:15:00,+8613973111222,0,
SMS-1097,,晓雅，下周二的客户沙龙物料清单我整理好了，发你钉钉了，麻烦帮忙核对一下数量和规格，没问题的话我就下单了。,2025-08-01 17:25:00,+8613857123456,0,
SMS-1098,,小然，你问的养老金产品我晚上研究了一下，对比了几款，感觉银行理财那款相对稳健，具体分析我晚点发你。,2025-08-01 18:05:00,+8613817765432,0,
SMS-1099,24-6,陆经理，我已到不动产登记中心门口，你们到了吗？,2025-08-02 09:38:00,+8613787345689,0,24-f
SMS-1100,24-6,所有过户文件已签字确认，窗口说流程已提交，等待缴费通知。,2025-08-02 10:50:00,+8613787345689,0,24-f
SMS-1101,24-6,【长沙市不动产登记中心】尊敬的冯浩然，您办理的转移登记业务（业务号：CSBDC20250802XXXX）已办结，相关税费已缴清。不动产权证书将通过EMS邮寄至您预留的地址。,2025-08-02 11:05:00,106900001234,1,24-f
SMS-1102,,妈，我刚午休起来，外面天阴得厉害还打雷了，你那边天气怎么样？出门记得带伞。,2025-08-02 13:25:00,+8613907128765,0,
SMS-1103,,【中国移动】尊敬的客户，您的话费余额为58.76元，流量剩余3.2GB。点击查询详情。,2025-08-03 14:30:00,10086,1,
SMS-1104,243-2-1,我：钱总，信用卡年度数据分析的图表已制作完成，包括月度支出趋势、消费类别占比和餐饮细分，核心结论和优化建议已整理在文档中，稍后发您邮箱。,2025-08-03 17:55:00,+8613973111222,0,243-b
SMS-1105,,妈，我刚散步到爪爪公园这边，好多可爱的狗狗，拍了几张照片，晚点发给你看。,2025-08-03 18:20:15,13907128765,0,
SMS-1106,,小然，你刚在群里发的照片拍得真不错，是在哪里拍的？我这边散步也看到好多有趣的。,2025-08-03 18:45:30,13817765432,0,
SMS-1107,,佳宁，晚上好。傍晚散步时拍了几张公园和夕阳的照片，感觉光影还不错，发你看看。你对这种日常场景的构图有什么建议吗？,2025-08-03 21:40:05,13622344321,0,
SMS-1108,126-11-2,陆家明，早上好。新房源考察启动，预算和核心需求已明确：湘江新区改善型三房，请优先筛选相关资料，今天上午确定好明天要看的楼盘清单。,2025-08-05 06:45:00,+8613787345689,0,126-k
SMS-1109,126-11-2,陆家明，上午筛选的5个楼盘已二次核对，结合地图、学区和成交数据，最终确定3个优先级最高的目标：XX府、XX湾、XX国际。明天上午9点半，我们在第一个楼盘售楼处汇合。,2025-08-05 11:50:00,+8613787345689,0,126-k
SMS-1110,62-2,【高德地图】您已成功规划从岳麓区机关金星住宅小区到湖南省天文台的驾车路线，全程约40分钟，天气晴朗，祝您观测愉快。,2025-08-05 21:20:00,106900000001,1,62-b
SMS-1111,,陆哥，我在地铁上了，预计8点20到华远。合同和证件都带齐了，买家那边都确认好了吧？,2025-08-06 07:35:00,+8613787345689,0,
SMS-1112,,妈，房子合同签好了，一切顺利，定金也收了。您别担心了。,2025-08-06 09:45:00,+8613907128765,0,
SMS-1113,25-5,冯先生您好，我是陆家明。合同已全部签署完毕，定金收据已拍照发您微信。后续过户和贷款事宜我会跟进，有进展随时联系您。,2025-08-06 09:50:00,+8613787345689,1,25-e
SMS-1114,,文博，我上午办完事刚到公司，晨会要点麻烦同步我一下，我马上处理。,2025-08-06 10:05:00,+8613787349876,0,
SMS-1115,,钱总，今日工作已收尾，模型结论PPT摘要已存档。明日重点已梳理：上午实地看房，下午准备客户资产检视报告初稿，明早到公司后向您同步细节。,2025-08-06 17:25:00,+8613973111222,0,
SMS-1116,62-3-1,妈，我刚到天文台，准备参观。这边晚上挺凉快的，你和爸在家都好吧？,2025-08-06 19:25:00,+8613907128765,0,62-c
SMS-1117,62-3-4,刚用望远镜看了土星环，太震撼了！拍了几张照片，虽然有点糊，但亲眼看到的感觉完全不一样。,2025-08-06 22:55:00,+8613622344321,0,62-c
SMS-1118,62-3-4,哈哈，确实！下次有这种观星活动叫你一起。我刚到家，准备把照片导出来发个朋友圈。,2025-08-06 23:05:00,+8613622344321,1,62-c
SMS-1119,,陆家明：冯先生，我已经到正荣梅溪山湖苑营销中心门口了，您大概还有多久到？,2025-08-07 08:25:00,+8613787345689,1,
SMS-1120,25-6-2,我：钱总，上午看了正荣梅溪山湖苑，98平户型不错，开发商资金和配套是主要关注点。详细数据和照片晚点整理好发您。,2025-08-07 09:50:00,+8613973111222,0,25-f
SMS-1121,25-6-3,我：陆家明，长沙如院的恒温恒湿系统资料和周边产业规划文件，方便的话发我一份，我下午对比分析用。,2025-08-07 11:30:00,+8613787345689,0,25-f
SMS-1122,,妈，我到公司了。今天地铁上人不多，把报告框架理了理。你和我爸今天出门记得带伞，天气预报说下午有雨。,2025-08-08 08:55:30,+8613907128765,0,
SMS-1123,65-1,小然，明天你几点到长沙南站？我提前过去接你，然后我们直接去岳麓山爱晚亭逛逛，晚上在家给你接风。,2025-08-08 15:35:00,13817765432,0,65-a
SMS-1124,,妈，我下班了，现在去超市买点水果零食，明天妹妹来家里吃。家里还缺什么吗？我一起买了。,2025-08-08 17:45:00,13907128765,0,
SMS-1125,,小然，客房已经收拾好了，床单毛巾都是新的。你明天路上注意安全，到了给我电话。,2025-08-08 19:25:00,13817765432,0,
SMS-1126,65-2,妈，我早上做了燕麦牛奶，还加了芒果和蓝莓，营养均衡。待会去接欣然，她坐的G1375次列车状态正常，我查好路线了。,2025-08-09 07:45:00,+8613907128765,0,65-b
SMS-1127,65-2,哥，我们到站了，正在往B出站口走，你到了吗？,2025-08-09 10:05:00,+8613817765432,1,65-b
SMS-1128,65-2,我已经在B出站口了，看到你们了，这边！,2025-08-09 10:06:00,+8613817765432,0,65-b
SMS-1129,65-2,爸，接到欣然和她朋友了，现在开车带她们回家，路上会经过体育中心那边，大概11点半前能到。,2025-08-09 10:50:00,+8613807123456,0,65-b
SMS-1130,,【长沙移动】尊敬的客户，欢迎您来到长沙。为保障您的出行体验，推荐您登录中国移动APP查询本地生活服务及景区预约信息。祝您旅途愉快！,2025-08-09 11:15:00,10690010086,1,
SMS-1131,,这家‘老长沙口味馆’的小炒黄牛肉和辣椒炒肉是招牌，我特意让少放了点辣，你们尝尝看合不合口味。,2025-08-09 13:40:00,+8613817765432,0,
SMS-1132,,钱总，上午陪家人外出，已返回家中。您上午在群里提到的三季度数据初稿，我下午休整后会尽快核对，下班前反馈给您。,2025-08-09 15:05:00,+8613973111222,0,
SMS-1133,,我：小然，晚上六点老味社区厨房，包厢已经订好了，我们直接过去。你和李薇那边收拾好了吗？,2025-08-09 17:20:00,+8613817765432,0,
SMS-1134,,我：小然，你和闺蜜都带好身份证了吧？我们吃完早餐就出发，大概9点40走。,2025-08-10 09:15:00,+8613817765432,0,
SMS-1135,,冯欣然：哥，都带好了，放心吧。早餐马上吃完，随时可以出发。,2025-08-10 09:18:00,+8613817765432,1,
SMS-1136,49-3-1,【中国移动】尊敬的客户，您当前套餐内流量剩余5.2GB，通话剩余120分钟。查询更多请回复“CXLL”。,2025-08-10 13:10:00,10658086,1,49-c
SMS-1137,49-3-1,我：小然，你们到公寓了吧？好好休息，下午晚点再联系。,2025-08-10 13:15:00,+8613817765432,0,49-c
SMS-1138,,欣然，晚餐定在王府井购物中心那家新派湘菜馆，我们大概17:50到。你和闺蜜直接过去吗？,2025-08-10 17:15:00,+8613817765432,0,
SMS-1139,,哥，我们直接从咖啡厅过去，大概17:40到商场门口，你到了说一声。,2025-08-10 17:25:00,+8613817765432,1,
SMS-1140,249-1-1,林总，您好。关于您本季度的投资复盘报告初稿已完成，主要数据已与基准进行对比分析。方便时请您先过目，有任何调整意见请随时告知。,2025-08-11 11:45:00,+8613818987654,0,249-a
SMS-1141,249-1-1,博哥，中午12点老地方羽轻食？顺便聊聊上午整理的客户材料，听听你的建议。,2025-08-11 11:55:00,+8613787349876,0,249-a
SMS-1142,138-13,佳宁，今天下班去江边试了新相机，拍了几张黄昏江景，感觉还不错。刚导出来，发几张给你看看，帮我提提意见？,2025-08-11 20:05:15,+8613622344321,0,138-m
SMS-1143,138-13,收到！构图和光影抓得真不错，尤其是那张有云层和江面反光的。感觉暗部细节可以再拉一下，整体色调偏暖一点可能更有氛围。,2025-08-11 20:25:40,+8613622344321,1,138-m
SMS-1144,138-13,哥，我安全到宿舍啦！今天长沙天气怎么样？看你朋友圈定位在江边，是不是又去拍照了？,2025-08-11 21:05:30,+8613817765432,1,138-m
SMS-1145,138-13,到了就好。今天天气闷热，傍晚江边有雷雨前的光，确实去试了试新相机。刚处理完照片，现在躺着看会儿文章。你那边也注意安全。,2025-08-11 21:12:50,+8613817765432,0,138-m
SMS-1146,,佳宁，下午拍的那组城市夜景照片我处理好了，色调和构图都调得很满意，已经发你邮箱了，你看看效果如何。,2025-08-12 20:40:00,+8613622344321,0,
SMS-1147,79-18,晓雅，养老金分析报告的数据口径我这边已经核对过了，模型优化和敏感性分析部分也已完成。报告大纲和核心图表已发你邮箱，请查收。下午我们碰一下？,2025-08-13 09:45:00,+8613857123456,0,79-r
SMS-1148,,沈老板，下午好。我大概16点左右到店里，麻烦帮我预留一个靠窗的安静位置，谢谢。,2025-08-13 15:35:00,+8613787346789,0,
SMS-1149,,钱总，今日收盘复盘已完成，市场走势符合预期，加仓操作已执行。客户咨询邮件已处理完毕，下周沟通提纲初稿已发您邮箱，请审阅。,2025-08-14 17:25:00,+8613973111222,0,
SMS-1150,,云飞，我刚到湘江风光带，准备开始21公里拉练。今天状态不错，目标配速5分半，跑完跟你分享数据。,2025-08-14 18:15:00,+8613787343210,0,
SMS-1151,247-5,妈，我早上晨跑完了，今天岳麓山空气特别好。你和我爸最近身体怎么样？,2025-08-15 08:20:15,13907128765,0,247-e
SMS-1152,80-8-3,钱总，养老金研究报告的最终版已核对完毕，摘要和核心数据已重点标注，刚刚上传到系统了，请您审阅。,2025-08-15 11:45:30,13973111222,0,80-h
SMS-1153,114-2,我：雨晴，我已经到餐厅了，在包间等你。今天聊自驾游和公众号，想想就兴奋！,2025-08-15 19:05:00,+8613787344567,0,114-b
SMS-1154,114-2,我：雨晴，我刚把今晚讨论的自驾游路线框架整理成在线文档了，链接发你，你看看有没有要补充的。公众号的构思我也记下来了，感觉越来越清晰了！,2025-08-15 21:45:00,+8613787344567,0,114-b
SMS-1155,114-2,彭雨晴：文档收到了，框架很清晰！我补充了几个沿途可能感兴趣的小众景点，发在文档里了。公众号名字‘实战派’这个定位特别好，我预感会火！,2025-08-15 21:55:00,+8613787344567,1,114-b
SMS-1156,,妈，中午吃饭了吗？我刚和妹妹还有她同学在岳麓山这边吃湘菜，味道不错。你和我爸在家吃的啥？,2025-08-16 12:45:30,+8613907128765,0,
SMS-1157,244-2-2,哥，今天拍的照片太棒了！尤其是江边那几张，光线和构图绝了。我和静静都超级喜欢，谢谢老哥！,2025-08-16 15:55:00,+8613817765432,1,244-b
SMS-1158,153-8,【王府井瑜伽普拉提馆】尊敬的会员，您已成功预约本周六09:00的哈他瑜伽课程，请提前15分钟到场。如有变动请及时在APP内取消。,2025-08-17 12:05:00,106900001234,1,153-h
SMS-1159,,云飞，晚上老地方跑步？我大概6点半到，今天状态不错。,2025-08-17 16:40:00,+8613787343210,0,
SMS-1160,250-4-2,妈妈：然然，晚上和雨晴吃饭聊得怎么样？国庆自驾游计划定下来了吗？,2025-08-17 20:45:00,+8613907128765,1,250-d
SMS-1161,250-4-2,我：雨晴，我刚到家，已经把咱们今晚讨论的分工和要点整理成在线文档了，链接发你微信了，你看看有没有需要补充或调整的地方。,2025-08-17 21:15:00,+8613787344567,0,250-d
SMS-1162,250-4-2,彭雨晴：收到！文档做得太清晰了，分工明确，我没意见。期待我们的国庆之旅！,2025-08-17 21:20:00,+8613787344567,1,250-d
SMS-1163,25-11,孙晓雅，关于林总那个养老金方案，收益测算部分我已经更新并发到你邮箱了，你看一下有没有需要调整的地方。,2025-08-18 14:30:00,+8613857123456,0,25-k
SMS-1164,25-11,【XX银行】尊敬的客户，您申请的住房贷款（申请编号：CS20250818XXX）已进入最终审批环节，预计1-2个工作日内出结果，请留意短信通知。,2025-08-18 16:45:00,106900001234,1,25-k
SMS-1165,27-2-1,我：兄弟们，国庆自驾游的详细行程规划书我做好了，PDF已经发到群里了。大家看看，重点确认一下每天的行程和露营点，特别是D2和D3的路线，看看有没有问题或者更好的建议。,2025-08-18 19:45:00,+8613622345566,0,27-b
SMS-1166,121-1-1,我：老罗，请教一下，长沙秋天在阳台种点什么好？我看网上说生菜、樱桃萝卜还有迷迭香好像可以，你那边有经验或者推荐的品种吗？,2025-08-18 21:20:00,+8613622346677,0,121-a
SMS-1167,121-1-1,罗振宇：生菜和樱桃萝卜确实适合，现在播种正好。迷迭香建议买小苗，自己播种周期长。我这边有‘红珊瑚’生菜和‘红皮’萝卜的种子，你要的话周末可以过来拿点。,2025-08-18 21:35:00,+8613622346677,1,121-a
SMS-1168,,郑哥，我大概8点35到公司，昨天说的那个新能源板块的数据，你方便的话发我一下，我上午写报告用。,2025-08-19 08:10:00,+8613787349876,0,
SMS-1169,,钱总，早上好。我今天上午会专注完成养老金报告的第三部分，预计中午前可以发您初稿审阅。另外下午需要外出办理房产过户手续，已向您邮箱发送了报备邮件，请您知悉。,2025-08-19 08:50:00,+8613973111222,0,
SMS-1170,,妈，我早上跑步了，感觉不错。今天工作有点忙，晚上回家吃饭。您和爸注意身体，最近天气变化大。,2025-08-19 09:05:00,+8613907128765,0,
SMS-1171,,文博，中午一起吃饭？我请客，顺便聊聊你早上发我的新能源数据，有几个点想跟你当面请教下。,2025-08-19 11:55:00,+8613787349876,0,
SMS-1172,,好的，我马上下来。刚才钱总看了报告初稿，提了几个意见，正好吃饭时也跟你同步一下。,2025-08-19 12:02:00,+8613787349876,1,
SMS-1173,,下午我去办过户，你提醒得对，证书细节我会逐项核对。谢了兄弟，回头请你喝咖啡。,2025-08-19 12:45:00,+8613787349876,0,
SMS-1174,25-12,陆经理，我大概下午3点左右到不动产登记中心，相关文件我都带齐了。麻烦您跟那边窗口打个招呼，谢谢。,2025-08-19 14:25:00,+8613787345689,0,25-l
SMS-1175,25-12,【渤海银行】尊敬的冯先生，您预约的抵押贷款面签手续已准备就绪，请于今日16:00-16:30携带身份证、不动产权证书等材料至我行金星中路网点办理。客户经理：王经理，电话0731-8888XXXX。,2025-08-19 15:50:00,106900008888,1,25-l
SMS-1176,27-3,云飞，我刚在群里更新了国庆自驾的装备清单，重点优化了炊具和新增了星空摄影器材建议。特别需要你帮忙提供一下梵净山观景台和露营点的具体坐标，方便我们提前规划。清单PDF已上传，有空看看。,2025-08-19 17:45:00,+8613787343210,0,27-c
SMS-1177,25-12,爸、妈，晚上视频聊！有个关于房子的大好消息要跟你们分享，等会儿见！,2025-08-19 18:55:00,+8613807123456,0,25-l
SMS-1178,254-1-1,今天感觉有点累，脖子也不太舒服，准备提前睡了。你也早点休息，别熬夜。,2025-08-19 20:50:00,+8613787344567,0,254-a
SMS-1179,25-13,云飞，今天晨跑聊得很开心，旧房尾款的事多谢你提醒。我到家了，下次再约跑！,2025-08-20 07:30:00,+8613787343210,0,25-m
SMS-1180,80-11,黄总，下午好。关于您之前咨询的养老金产品优化方案，我已根据最新的市场数据和模型参数更新了建议书，已发至您邮箱，请您查收。如有任何疑问，随时联系我。,2025-08-20 14:05:22,+8613622341234,0,80-k
SMS-1181,143-1,妈，我晚上在家整理邮票呢，翻出来好多小时候的。您那边最近天气怎么样？注意身体。,2025-08-20 20:45:10,+8613907128765,0,143-a
SMS-1182,143-1,老罗，刚才聊得很受启发！‘中国航天’和‘世界遗产’这两个专题方向我越想越有意思，回头我把初步的藏品清单发你看看，咱们再细聊。,2025-08-20 22:12:05,+8613622346677,0,143-a
SMS-1183,,妈，今天天气不太好，我改在小区跑步了。您和爸在家注意安全，别出门买菜了，我晚上带点回去。,2025-08-21 08:15:30,+8613907128765,0,
SMS-1184,,博哥，中午‘小炒黄牛肉’见？我请客，顺便聊聊你昨天说的那个票。,2025-08-21 10:50:05,+8613787349876,0,
SMS-1185,,晓雅，黄思琪女士的资产检视报告初稿我这边已经完成，核心数据和建议已发你邮箱，请查收并补充杭州分部的产品信息，下午我们过一下。,2025-08-21 11:20:15,+8613857123456,0,
SMS-1186,251-1-1,【平安产险】尊敬的冯先生，您投保的财产综合险（保单号PA20250821CS001）已生效，保障期限2025-08-21至2026-08-20。电子保单已发送至您邮箱，请查收。客服热线95511。,2025-08-21 14:25:10,1069000095511,1,251-a
SMS-1187,143-2,老罗，今天整理邮票，按咱们之前聊的‘中国航天’和‘世界遗产’两个专题初步归拢了一下，发现几张品相不错的早期JT票，回头拍给你看看。,2025-08-21 21:05:00,+8613622346677,0,143-b
SMS-1188,,妈，晚上要临时加班，处理一个客户紧急咨询，晚饭不用等我，你们先吃。,2025-08-22 15:20:00,+8613907128765,0,
SMS-1189,255-1,云飞，露营物资清单我这边核对完了，我负责帐篷和炉头。周六早上8点小区门口集合，天气预报显示山区午后可能有阵雨，记得带雨衣。,2025-08-22 19:05:00,+8613787343210,0,255-a
SMS-1190,144-1,老罗，刚整理航天邮票，找到一张‘神舟五号’首日封品相极佳，编号尾号888。你上次问的那个‘天宫一号’小型张，我这边有张复品可以交换，有兴趣吗？,2025-08-22 20:15:00,+8613622346677,0,144-a
SMS-1191,,云飞，我已经出门了，大概15分钟后到岳麓山东门。今天天气不错，适合跑步。,2025-08-23 07:05:00,+8613787343210,0,
SMS-1192,,好的，我也快到了。东门见，正好聊聊最近的市场。,2025-08-23 07:08:00,+8613787343210,1,
SMS-1193,27-6,【京东】您购买的户外三脚架已由快递员揽收，运单号JDV123456789，预计明日送达，请保持电话畅通。,2025-08-23 08:35:00,106900001234,1,27-f
SMS-1194,,妈，我中午去后湖那边新开的老长沙粉面馆吃牛肉粉，味道真不错，下次带你和爸来尝尝。,2025-08-23 11:15:00,+8613907128765,0,
SMS-1195,,【老长沙粉面馆】尊敬的会员，您本次消费58元，获得58积分。回复TD退订。,2025-08-23 11:45:00,106900008888,1,
SMS-1196,59-2-1,沈老板，我大概一点半左右到店，期待今天的品鉴会。,2025-08-23 12:50:00,+8613787346789,0,59-b
SMS-1197,59-2-1,好的浩然，位置给你留好了，路上注意安全。,2025-08-23 12:55:00,+8613787346789,1,59-b
SMS-1198,27-6,小雨，我刚在迪卡侬买好了气罐和驱蚊液，三脚架也升级了，明天露营装备万无一失。,2025-08-23 17:50:00,+8613622345566,0,27-f
SMS-1199,,【中国天气】长沙市岳麓区，明日（8月24日）晴，气温25-35℃，南风2-3级，适宜户外活动。,2025-08-23 21:10:00,106900009999,1,
SMS-1200,,妈，我已经到黑麋峰游客中心了，刚买好票准备进山。这边天气不错，空气很好，放心吧。,2025-08-24 09:45:00,+8613907128765,0,
SMS-1201,,轩子，我到黑麋峰了，准备开爬。你上次说想找徒步路线，这条线路感觉不错，回头把轨迹发你。,2025-08-24 10:05:00,+8613622345678,0,
SMS-1202,,我：到家了，累趴。装备都洗了晾着呢。黑麋峰风景绝了，拍了不少照片，晚点发群里。,2025-08-24 10:35:00,+8613787344567,0,
SMS-1203,153-9,妈，我到山顶营地了，风景特别好，刚做完拉伸，很放松。你和我爸在家还好吗？晚上记得早点休息。,2025-08-24 16:45:00,+8613907128765,0,153-i
SMS-1204,,佳宁，我今晚在黑麋峰拍星空，试了几个前景，效果应该不错。你上次说的那个星空摄影参数组合我试了，ISO 3200，光圈2.8，曝光20秒，噪点控制得还可以。,2025-08-24 21:30:00,+8613622344321,0,
SMS-1205,,"【中国银行】尊敬的客户，您尾号8899的储蓄卡于08月25日06:45发生一笔工资代发收入，金额为人民币18,650.00元，当前余额为人民币156,789.23元。",2025-08-25 06:46:00,106900095566,1,
SMS-1206,,妈，今天发奖金了，晚上我请客，想吃什么？,2025-08-25 08:50:00,+8613907128765,0,
SMS-1207,,林总，您要的Q3投资组合策略更新报告初稿已完成，已发您邮箱，请查收。重点调整了消费板块的配置建议。,2025-08-25 10:30:00,+8613818987654,0,
SMS-1208,,博哥，我这边刚做完医药板块的深度分析，有几个关键数据想跟你当面核对一下，方便的话下午三点来我工位？,2025-08-25 11:45:00,+8613787349876,0,
SMS-1209,30-2-1,文博，我订好了圣爵菲斯咖啡厅12点10分的位置，我们边吃边聊。,2025-08-25 11:55:00,+8613787349876,0,30-b
SMS-1210,,晓雅，今天跟进的客户A对方案基本满意，但希望收益率部分再细化一下，我晚上把修改版发你，明天上午我们同步一下。,2025-08-25 16:45:00,+8613857123456,0,
SMS-1211,,钱总，今日工作已汇总，重点客户进展顺利。明日经济数据预告已关注，上午10点前我会把分析简报发您邮箱。,2025-08-25 17:15:00,+8613973111222,0,
SMS-1212,,阿杰，我这边刚忙完，大概6点40能到湘菜馆，位置发我一下？今天得好好庆祝一下！,2025-08-25 18:10:00,+8613787345678,0,
SMS-1213,,妈，今天发奖金了，给您和爸转了笔钱，记得查收。最近天气多变，注意身体。,2025-08-25 20:40:00,+8613907128765,0,
SMS-1214,,黄总您好，我是华泰证券的冯浩然。关于近期科技板块的波动，我整理了一份简析报告，已发至您邮箱，请查收。核心观点是短期调整不改长期逻辑，建议保持定投节奏。,2025-08-26 09:30:15,+8613622341234,0,
SMS-1215,,林总，上次调整后的资产配置方案运行已满一周，想了解一下您的初步感受？方便时我们可以通个电话简单聊聊。,2025-08-26 11:45:20,+8613818987654,0,
SMS-1216,,博哥，中午老地方兰州拉面？我大概12点05分下楼。,2025-08-26 11:55:00,+8613787349876,0,
SMS-1217,,林总您好，我是华泰证券的冯浩然。关于您关注的A公司投资分析报告，我已初步完成，预计上午11点前可以发送至您邮箱，请您查收。,2025-08-27 09:45:00,+8613818987654,0,
SMS-1218,,冯经理您好，报告已收到，内容详实。关于其中提到的B板块风险，想约您下午3点左右电话沟通一下，不知您是否方便？,2025-08-27 11:20:00,+8613818987654,1,
SMS-1219,253-2,阿明，我大概晚上六点到新房子那边，准备测量客厅和书房尺寸，你方便过来一起看看吗？,2025-08-27 16:45:00,+8613787345689,0,253-b
SMS-1220,,妈，我中午要加班写报告，不回来吃饭了。您和爸中午吃好点，别凑合。,2025-08-28 11:05:00,+8613907128765,0,
SMS-1221,,妈，今天开完会了，晚上不回家吃饭，你们按时吃，别等我。,2025-08-28 14:35:00,+8613907128765,0,
SMS-1222,,林总您好，今日市场复盘已整理完毕，医药板块表现符合预期，相关简报已发您邮箱，请查收。,2025-08-28 16:02:00,+8613818987654,0,
SMS-1223,,【菜鸟驿站】您有包裹（单号YT1234567890）已到达岳麓区机关金星住宅小区9栋菜鸟驿站，请凭取件码1234在20:00前取件。,2025-08-28 16:10:00,106900001234,1,
SMS-1224,253-3,雨晴，我刚到家，今天讨论的软装方案很有启发，我把修改后的采购清单发群里了，你再帮我看看沙发颜色选哪个好？,2025-08-28 21:45:00,+8613787344567,0,253-c
SMS-1225,80-15,钱总，月度会议材料已准备就绪，八月工作总结和九月重点数据预判部分已重点标出，下午会议时我会先汇报这部分。,2025-08-29 15:45:00,+8613973111222,0,80-o
SMS-1226,253-4,【XX电商】尊敬的会员，您订单尾号8812（人体工学椅）已从长沙仓发货，预计9月30日送达，配送员将提前与您电话预约。,2025-08-29 19:55:00,106900008812,1,253-d
SMS-1227,,妈，我明天和朋友去黑麋峰露营，晚上不回来，别担心。,2025-08-30 08:15:22,+8613907128765,0,
SMS-1228,255-2-2,轩子，我大概8点50到山姆停车场，你们到了吗？,2025-08-30 08:25:10,+8613622345678,0,255-b
SMS-1229,255-2-2,我到了，在停车场A区，看到你们车了。,2025-08-30 08:52:05,+8613787344567,1,255-b
SMS-1230,255-2-3,云飞，我们走的这条小路风景不错，前面有个岔路口，走左边那条。,2025-08-30 15:20:33,+8613787343210,0,255-b
SMS-1231,255-2-3,收到，我跟上了。你找到晚上拍星星的好位置了吗？,2025-08-30 15:23:50,+8613787343210,1,255-b
SMS-1232,,我：云飞，雨晴，飞盘场地我看好了，就在营地旁边那块草地，下午4点45集合，记得穿运动鞋！,2025-08-30 15:45:00,+8613787343210,0,
SMS-1233,255-2-3,我：雨晴，云飞，烧烤炊具和垃圾都收拾好了，我这边还剩了些薯片和饮料，等下观星的时候可以边吃边聊。,2025-08-30 22:35:00,+8613787344567,0,255-b
SMS-1234,255-3-1,昨晚露营太棒了，今早的晨雾和日出都拍到了，照片晚点发你们。早餐也吃得很满足，感谢两位！,2025-08-31 08:05:00,+8613787343210,0,255-c
SMS-1235,121-3,【开福花卉市场】尊敬的会员，您购买的通用营养土和有机肥已打包完成，共消费85元。欢迎再次光临！,2025-09-01 13:25:00,106900008888,1,121-c
SMS-1236,,晓雅，客户资产分析项目的数据框架我已初步搭好，需要黄总和林总最新的持仓清单和风险偏好问卷结果，方便时发我一下。,2025-09-01 14:15:00,+8613877123456,0,
SMS-1237,,我：妈，我晚上在小区便利店随便买点吃的对付一下，刚上完瑜伽课回来，您和爸吃过了吗？,2025-09-01 20:05:00,+8613907128765,0,
SMS-1238,,我：雨晴，周末聚餐定在周六晚上西湖建新安置小区那家湘菜馆，你觉得怎么样？,2025-09-01 22:02:00,+8613787344567,0,
SMS-1239,,彭雨晴：没问题啊！那家味道不错，我周六晚上有空，就这么定了！,2025-09-01 22:04:30,+8613787344567,1,
SMS-1240,,妈，我今天早上去岳麓山晨跑了，空气特别好。你最近膝盖还疼吗？记得按时贴膏药。,2025-09-02 08:45:22,+8613907128765,0,
SMS-1241,,【长沙交警】湘A5F6X8车主您好，您于2025-09-02 08:35在岳麓大道-金星路路口有违反禁止标线指示的违法行为（代码1345），请于收到本通知之日起15日内接受处理。,2025-09-02 08:50:15,106900012345,1,
SMS-1242,,博哥，早。你昨天要的9月市场策略初稿我发你邮箱了，有空帮我看看框架有没有问题。,2025-09-02 09:20:05,+8613787349876,0,
SMS-1243,267-2,思思，您好。您的基础财务数据我已初步整理完毕，分析模型显示您的资产流动性良好。下午我将把具体的配置建议方案发您预览。,2025-09-02 11:45:18,+8613622341234,0,267-b
SMS-1244,,博哥，今天的市场复盘数据我整理好了，A股三大指数收跌，北向资金净流出约50亿，主要流出板块是新能源和消费电子。详细报告已发你邮箱，请查收。,2025-09-02 16:45:00,+8613787349876,0,
SMS-1245,,黄总您好，您委托的资产分析报告初稿已完成，已发送至您的工作邮箱。其中关于投资组合优化的几个初步思路，想约您明天上午10点后方便时电话沟通一下，您看可以吗？,2025-09-02 17:10:00,+8613622341234,0,
SMS-1246,,妈妈，我刚到家。今天工作挺顺利的，晚上和同事吃了饭。您和爸爸身体都好吧？我周末再跟您视频。,2025-09-02 20:00:00,+8613907128765,0,
SMS-1247,267-3,林总您好，我是华泰证券的冯浩然。关于您资产配置的初步分析框架我已准备就绪，今天上午9:45的会议时间确认方便吗？,2025-09-03 09:20:00,+8613818987654,0,267-c
SMS-1248,,妈，我到公司了。今天降温了，您出门买菜记得多穿件外套。,2025-09-03 09:30:00,+8613907128765,0,
SMS-1249,,妈，我刚吃完晚饭，今天工作挺顺利的，你那边一切都好吧？,2025-09-03 18:45:00,+8613907128765,0,
SMS-1250,,妈，早上跑完步了，今天天气不错。你和我爸都还好吧？我昨晚睡得晚，今天有点困。,2025-09-04 08:30:15,+8613907128765,0,
SMS-1251,267-4,钱总，下午的投资分析报告初稿已完成，已发您邮箱，请您审阅。如有修改意见，我随时调整。,2025-09-04 15:10:00,+8613973111222,0,267-d
SMS-1252,,晓雅，我们线上会议讨论的项目进展要点和下一步分工，我已整理成会议纪要发你钉钉了，请查收确认。,2025-09-04 16:05:00,+8613857123456,0,
SMS-1253,,妈，我刚下班买了菜，晚上准备做香煎鸡胸肉和西兰花，健康又好吃。您和爸晚上吃什么？,2025-09-04 18:20:00,+8613907128765,0,
SMS-1254,,妈，我到公司了，今天早上在岳麓山晨跑还帮了一位迷路的老人，挺有意义的。你和我爸都好吧？,2025-09-05 08:15:30,+8613907128765,0,
SMS-1255,48-7,妈，视频里忘说了，您上次说关节不舒服的药快吃完了吧？我周末去药店看看有没有，有的话给您寄回去。您和爸都注意身体。,2025-09-05 20:38:00,+8613907128765,0,48-a
SMS-1256,260-2,云飞，我快到了，在东门等你。今天天气不错，适合跑步。,2025-09-06 07:05:00,+8613787343210,0,260-a
SMS-1257,260-2,收到，我也马上到。早餐那家粉面馆今天开门吧？跑完正好聊聊你上次提的项目。,2025-09-06 07:08:00,+8613787343210,1,260-a
SMS-1258,,沈老板，下午好。我大概四点半左右到你店里，想试试新到的埃塞豆子，顺便带了些照片想跟你聊聊。,2025-09-06 15:45:00,13787346789,0,
SMS-1259,,浩然，照片我看了，那张逆光梧桐的构图和光影真不错，很有故事感。咖啡还合口味吗？,2025-09-06 16:50:00,13787346789,1,
SMS-1260,,【美团外卖】尊敬的冯先生，您于18:05下单的“湘聚楼”小炒黄牛肉、剁椒鱼头等菜品已由骑手李师傅（电话138****1234）接单，预计18:45送达，请保持手机畅通。,2025-09-06 18:10:00,106900001234,1,
SMS-1261,,妈，我刚晨练完，吃了早餐。今天天气不错，你们那边怎么样？,2025-09-07 08:45:30,13907128765,0,
SMS-1262,255-4,佳宁，上周拍的星空片我处理好了，发了几张到朋友圈，你看了吗？感觉这次后期调色比上次好一些。,2025-09-07 10:15:22,13622344321,0,255-d
SMS-1263,255-4,浩然，看了！银河拱桥那张绝了，色温控制得真好。参数能发我参考下吗？我下次也想试试。,2025-09-07 10:35:18,13622344321,1,255-d
SMS-1264,154-5,浩然，你上次说想换瑜伽垫，我朋友推荐了一个牌子，需要我把链接发你吗？,2025-09-07 13:15:10,13787344567,1,154-e
SMS-1265,257-3,爸，我下午在赶一篇工作文章，刚发出去。晚上我回家吃饭，不用等我，你们先吃。,2025-09-07 13:35:20,13807123456,0,257-c
SMS-1266,257-3,钱总，关于《资产配置在震荡市场中的策略》的公众号文章已按您上次提的意见修改完毕，最终版已发您邮箱，请您审阅。,2025-09-07 14:50:05,13973111222,0,257-c
SMS-1267,257-3,林总，我们最新一篇关于市场震荡期策略的文章刚刚发布，感觉和您上次提到的投资困惑有些关联，分享给您，希望能提供一些思路。,2025-09-07 15:05:33,13818987654,0,257-c
SMS-1268,,我：妈，晚上我点了个日料外卖庆祝一下，跟您和爸视频完心情特别好！您俩也吃点好的。,2025-09-07 19:25:10,+8613907128765,0,
SMS-1269,,我：轩子，今天跟爸妈视频，汇报了晋升和投资的好消息，他们特高兴。晚上自己搞了个小庆祝，感觉特棒。,2025-09-07 19:40:22,+8613622345678,0,
SMS-1270,,我：博哥，今天跟家里通了电话，分享了好消息。感觉心里一块石头落地了，晚餐搞了点日料犒劳自己。,2025-09-07 20:05:45,+8613787349876,0,
SMS-1271,30-4,钱总，上午会议您提到的‘专精特新’中小盘机会，我整理了几个标的的初步分析，已发您邮箱，请查收。,2025-09-08 11:55:00,+8613973111222,0,30-d
SMS-1272,265-2-1,文博，木之屋的定食不错，下次可以再来。你提到的那个体检中心我查了，确实有深度心脑血管筛查，资料我晚点发你。,2025-09-08 13:10:00,+8613787349876,0,265-b
SMS-1273,114-8,文博，文章初稿已优化，风险提示部分按你建议修改了，请再审阅下，没问题我就定稿提交了。,2025-09-08 14:45:00,+8613787349876,0,114-h
SMS-1274,267-5-3,郑文博、孙晓雅，客户项目团队会议15:30在小会议室召开，请准时参加。会议材料已发群。,2025-09-08 15:10:00,+8613787349876,0,267-e
SMS-1275,267-5-3,收到，已准备就绪。,2025-09-08 15:12:00,+8613857123456,1,267-e
SMS-1276,267-5-3,会议中提到的客户风险偏好分析，我已更新到共享文档，请两位会后复核。,2025-09-08 16:55:00,+8613857123456,0,267-e
SMS-1277,257-4-3,钱总，今日公众号文章《资产配置在震荡市场中的策略》已定稿，计划18:00准时发布。发布后我会将链接同步到工作群，并关注初期反馈。,2025-09-08 17:50:00,+8613973111222,0,257-d
SMS-1278,257-4-3,【HTSC研究】您关注的公众号“HTSC市场观察”新文章《资产配置在震荡市场中的策略》已发布，欢迎阅读并分享。点击链接：https://mp.weixin.qq.com/s/xxxx,2025-09-08 18:00:30,106900009876,1,257-d
SMS-1279,257-4-3,浩然，你发的文章我看了，观点很犀利！有个小问题想请教，关于你提到的另类资产配置比例，是基于哪个周期的回测数据？,2025-09-08 18:15:00,+8613787349876,1,257-d
SMS-1280,265-2-2,妈，我刚和爸打完电话，体检的事基本定下来了。你们最近身体都还好吧？长沙这边也开始降温了，你和爸在家也多注意保暖。,2025-09-08 20:00:00,+8613907128765,0,265-b
SMS-1281,257-4-3,林总，感谢您对文章的认可。您提到的海外市场流动性问题确实是当前焦点，我们内部近期也在做相关专题研究，预计下周会有初步报告，届时发给您参考。,2025-09-08 20:25:00,+8613818987654,0,257-d
SMS-1282,92-5,林总您好，我是华泰证券的小冯。下午1点半左右我会致电您，就我们上次讨论的投资组合方案进行一些细节的沟通和优化，并想了解一下您近期对流动性的考虑是否有变化。期待与您交流。,2025-09-09 12:45:00,+8613818987654,0,92-e
SMS-1283,92-5,思思，下午好。关于您家庭资产配置的方案，我这边根据最新的市场数据做了些微调，增加了抗风险的部分。下午1点10分左右我打电话给您，我们详细过一下，也顺便聊聊您之前提到的子女教育基金的想法。,2025-09-09 12:50:00,+8613622341234,0,92-e
SMS-1284,92-5,博哥、晓雅，下午2点半我们开个线上短会，讨论一下上午模型的风险暴露和行业配置优化方向。会议链接稍后发群里，请提前准备好各自的建议。,2025-09-09 13:55:00,+8613787349876,0,92-e
SMS-1285,257-5,钱总，下午团队会议后，我们已经确定了模型优化的具体方向，分工也已明确。修改后的初步结果和风险回测图表，我整理好后发您邮箱，预计下班前可以完成。,2025-09-09 16:20:00,+8613973111222,0,257-e
SMS-1286,,妈，我刚上完瑜伽课，准备开车回家。你和我爸晚上吃的什么？,2025-09-09 20:12:00,+8613907128765,0,
SMS-1287,,妈，脚踝有点不舒服，今天调整了训练。中午记得按时吃饭，别总凑合。,2025-09-10 10:45:22,+8613907128765,0,
SMS-1288,126-14-1,文博，中午聊的梅溪湖那套房，我预约了周六下午三点看房，中介是陆家明。你要是有空，一起过去帮我参谋参谋？,2025-09-10 12:45:00,+8613787349876,0,126-n
SMS-1289,126-14-2,钱总，黄思琪客户的资产配置方案已根据下午会议沟通完成微调，更新版PPT和会议纪要已发您邮箱，请审阅。,2025-09-10 16:20:15,+8613973111222,0,126-n
SMS-1290,156-1-2,妈，晚上跟朋友在咖啡馆谈点事，会晚点回家，不用等我吃饭。,2025-09-10 18:30:00,+8613907128765,0,156-a
SMS-1291,156-1-2,李总，我已到一丹咖啡厅，靠窗位置。沈老板推荐的瑰夏已点好，等你过来。,2025-09-10 19:05:00,+8613612345678,0,156-a
SMS-1292,,妈，今天脚踝感觉好多了，别担心。你最近血压怎么样？记得按时吃药。,2025-09-11 10:20:00,+8613907128765,0,
SMS-1293,,文博，中午吃拉面去？我知道金鹰路那家味千新出了个猪骨汤套餐，去试试？,2025-09-11 11:40:00,+86137787349876,0,
SMS-1294,,行啊，我手头这点事马上弄完。正好跟你聊聊周末的安排，我脚踝恢复得还行，可以计划点轻度活动了。,2025-09-11 11:42:15,+86137787349876,1,
SMS-1295,144-8,老罗，最近看到有‘寰宇征程’主题的邮票在出，品相看着不错。你那边有消息或者渠道推荐吗？我正做年度预算。,2025-09-11 13:25:00,+8613622346677,0,144-h
SMS-1296,,黄总，今天的会议纪要已整理好，已发送至您邮箱，请查收。如有任何问题或需要调整，随时联系我。,2025-09-11 15:35:00,+8613622341234,0,
SMS-1297,,钱总，本周的市场简报初稿已完成，已发您审阅。重点分析了近期宏观数据对板块的影响，请您过目。,2025-09-11 16:20:00,+8613973111222,0,
SMS-1298,,妈，今天下班去游泳和瑜伽了，刚到家。您和爸最近身体怎么样？周末我回去看你们。,2025-09-11 20:40:00,+8613907128765,0,
SMS-1299,139-13-1,您好，我是图虫网的@长沙扫街客。看到您的作品，想邀请您周日早上在岳麓山爱晚亭见面交流，不知您是否有时间？,2025-09-12 10:35:00,106900001234,1,139-m
SMS-1300,267-8-2,文博，林总那边的方案已按反馈修改，PPT发你邮箱了。另外，思琪那边的执行进度表麻烦你中午前更新一下，下午我要用。,2025-09-12 11:05:00,+8613787349876,0,267-h
SMS-1301,267-8-2,收到，PPT已查收。思琪的进度表刚更新完，已同步发你。下午面谈的材料清单我也列好了，午餐时跟你对一下。,2025-09-12 11:30:00,+8613787349876,1,267-h
SMS-1302,,浩然，周六下午看房需要我陪你一起去吗？我正好对梅溪湖那边几个盘也熟。,2025-09-12 12:45:00,+8613787349876,1,
SMS-1303,,我：云飞，我出发了，大概15分钟后到东门停车场，你到了吗？,2025-09-13 07:35:00,+8613787343210,0,
SMS-1304,,高云飞：浩然，我到了，在停车场入口这边等你。,2025-09-13 07:40:00,+8613787343210,1,
SMS-1305,,我：好的，看到你了。待会儿跑步完去老地方吃粉？,2025-09-13 07:42:00,+8613787343210,0,
SMS-1306,,我：钱总，您上午提到的三季度销售数据初稿，我下午处理完手头事情后开始整理，预计下班前可以发您预览。,2025-09-13 11:25:00,+8613973111222,0,
SMS-1307,,孙晓雅：浩然，客户林总那边刚发来一个询价单，邮件转你了，方便的时候看一下，不着急。,2025-09-13 11:40:00,+8613857123456,1,
SMS-1308,,【大众点评】您收藏的“粟厨小炒(文艺路口店)”距您3.5公里，当前无需等位。点击查看菜单：http://t.cn/xxxx,2025-09-13 11:55:00,106900008888,1,
SMS-1309,258-1-1,我：妈，我今天把家里布置了一下，挂了几幅画，绿植也摆好了，看着舒服多了。您和爸最近身体都好吧？,2025-09-13 16:30:00,+8613907128765,0,258-a
SMS-1310,258-1-1,我：雨晴，我大概17:50左右到你家。路线图和我初步做的行程表都准备好了，你那边方便吗？,2025-09-13 16:50:00,+8613787344567,0,258-a
SMS-1311,258-1-1,彭雨晴：方便，茶点已备好！我刚整理了一份湘西小众美食和拍照点清单，等你到了我们对着地图一起标。,2025-09-13 17:05:00,+8613787344567,1,258-a
SMS-1312,,陆家明：冯先生，我们约好今晚19:30在梅溪湖金茂湾北门碰头，我带您看的那套120平三房钥匙已经拿到了，小区环境不错。,2025-09-13 18:45:00,+8613787345689,1,
SMS-1313,,郑文博：浩然，上次你推荐的那款降噪耳机我买了，效果确实不错。下周公司羽毛球活动，你来不来？,2025-09-13 21:10:00,+8613787349876,1,
SMS-1314,,今天瑜伽课感觉怎么样？我这边刚练完，拉伸完肩颈舒服多了。,2025-09-15 07:45:20,+8613622344321,0,
SMS-1315,,妈，我早上跑完步了，脚踝感觉还好。今天天气有点阴，您出门买菜也注意保暖。,2025-09-15 08:15:30,+8613907128765,0,
SMS-1316,114-10,【中国移动】尊敬的客户，您本月套餐内流量已使用80%，剩余流量2.1GB，请注意使用。,2025-09-15 09:10:05,10658086,1,114-j
SMS-1317,,阿明，上次看的梅溪湖那个楼盘，最新的贷款政策你这边有更新吗？方便的话发我一份参考。,2025-09-15 12:45:10,+8613787345689,0,
SMS-1318,259-5,爸妈体检时间定在9月25号，一切顺利。你最近在上海怎么样？晚上有空视频吗，想看看你新家的布置。,2025-09-15 13:05:00,+8613817765432,0,259-e
SMS-1319,149-1,爸，晚上我回家吃饭。今天复盘了资产和项目，感觉挺有收获的。,2025-09-15 13:25:40,+8613807123456,0,149-a
SMS-1320,,钱总，下午会议纪要已整理好，重点事项和后续分工已标注，已发您邮箱，请查收。,2025-09-15 16:45:00,+8613973111222,0,
SMS-1321,,黄总，您上午咨询的关于近期市场波动的分析简报，我已经整理好并附上了一些个人观点，请您过目。,2025-09-15 17:10:00,+8613622341234,0,
SMS-1322,,沈老板，我大概半小时后到店里，今天有什么推荐的新品手冲吗？,2025-09-15 17:35:00,+8613787346789,0,
SMS-1323,149-2,妈，今天降温了，你和我爸出门记得多穿件外套。我这边工作挺顺利的，晚上再给你们打电话。,2025-09-16 09:15:00,+8613907128765,0,149-b
SMS-1324,149-2,【中国移动】尊敬的客户，您尾号8899的号码本月套餐内流量已使用80%，剩余流量2.1GB。点击 http://dx.10086.cn 查询详情。,2025-09-16 10:45:00,10658086,1,149-b
SMS-1325,149-2,钱总，比特币ETF的分析框架初稿我已经整理好了，重点梳理了产品机制和核心风险维度，方便时请您审阅。,2025-09-16 11:45:00,+8613973111222,0,149-b
SMS-1326,149-2,文博，上午整理的比特币ETF分析框架发你邮箱了，里面关于托管和流动性的部分想听听你的专业意见。,2025-09-16 11:50:00,+8613787349876,0,149-b
SMS-1327,149-2,晓雅，比特币ETF分析文档的初稿已完成，已同步到团队共享文件夹。明日规划我已列好，重点是与林总的电话会议准备，需要你协助的部分我会晚点发你。,2025-09-16 17:15:00,+8613857123456,0,149-b
SMS-1328,268-2-3,沈老板，今天那款古吉罕贝拉日晒豆太惊艳了，莓果和发酵酒香层次分明，红茶尾韵回味悠长。谢谢你的推荐和讲解！,2025-09-16 19:15:00,+8613787346789,0,268-b
SMS-1329,,妈，我晚上打包了小炒黄牛肉和手撕包菜回来吃，大概20分钟后到家。,2025-09-16 19:25:00,+8613907128765,0,
SMS-1330,32-2,阿杰，刚群里聊的国庆自驾游，你那边假期能确定下来吗？我们好尽快定路线和住宿。,2025-09-16 21:05:00,+8613787345678,0,32-b
SMS-1331,,老罗，刚在论坛看到你发的航天新票分析，角度很专业。那张‘天宫空间站’的设计确实比前几套更有现代感，我也有意收藏一套。,2025-09-16 22:05:00,+8613622346677,0,
SMS-1332,,云飞，我出发了，大概15分钟后到老地方，今天状态一般，咱们慢跑恢复为主。,2025-09-17 07:05:15,13787343210,0,
SMS-1333,,好的浩哥，我也刚停好车，等你。今天天气不错，适合恢复跑。,2025-09-17 07:12:30,13787343210,1,
SMS-1334,,妈妈，我起床了，今天感觉还行，就是昨天跑步脚踝还有点感觉，今天会注意的。您和爸也注意身体。,2025-09-17 08:10:22,13907128765,0,
SMS-1335,27-9,兄弟们，10月3号梵净山的门票和索道票我已经在‘一码游贵州’上订好了，电子凭证发群里了，大家核对一下，尽早安排自己的行程哈。,2025-09-17 08:35:05,13622345678,0,27-i
SMS-1336,,文博，开盘前市场情绪偏谨慎，我们重点关注的几只票集合竞价量能一般，开盘后注意观察。,2025-09-18 09:10:00,+8613787349876,0,
SMS-1337,,晓雅，关于我们共享的客户林总，他上周提到的资产配置调整方案初稿我已经发你邮箱了，你看下，我们下午收盘后可以快速对齐一下。,2025-09-18 14:30:00,+8613857123456,0,
SMS-1338,256-6,孙晓雅、郑文博，客户林总因尾盘波动非常焦虑，我已和他初步沟通。请立即上线，我们快速核对一下他的风险敞口和持仓，15分钟后开个短会同步安抚策略。,2025-09-18 15:55:00,+8613857123456,0,256-f
SMS-1339,256-6,好的浩哥，我马上登录系统，把林总的最新持仓报告调出来。,2025-09-18 15:57:30,+8613857123456,1,256-f
SMS-1340,256-6,收到，数据我这边也准备好了，会议链接发我。,2025-09-18 15:58:00,+8613787349876,1,256-f
SMS-1341,,妈，今天工作有点忙，晚上要晚点吃饭，别等我。,2025-09-18 16:15:00,+8613907128765,0,
SMS-1342,,云飞，我大概六点半到健身房，今天游个泳放松一下，你过来吗？,2025-09-18 17:30:00,+8613787343210,0,
SMS-1343,,今天加班，去不了了。你游得开心，注意别抽筋。,2025-09-18 17:35:00,+8613787343210,1,
SMS-1344,,佳宁，上次在橘子洲头拍的那组光影照片我调好色了，发你看看效果？感觉可以投个摄影社区。,2025-09-18 20:15:00,+8613622344321,0,
SMS-1345,,哇！快发我看看！正好我最近也在整理片子，可以交流一下。,2025-09-18 20:18:00,+8613622344321,1,
SMS-1346,,林总您好，关于您海外资产配置的初步方案，我已整理好核心观点摘要，稍后发您邮箱，请您审阅。,2025-09-19 10:30:00,13818987654,0,
SMS-1347,27-10,王师傅您好，我是冯浩然，我的车（车牌湘AXXXXX）想预约下周六上午做一次节前常规检查和保养，请问可以安排吗？,2025-09-19 11:15:00,+8613907312345,0,27-j
SMS-1348,,妈，我晚上跟朋友在外面吃饭，不用等我。最近天气转凉，你和爸也多注意身体。,2025-09-19 14:30:00,13907128765,0,
SMS-1349,,孙经理，下午的线上会议纪要我已整理好，关键行动项和后续跟进时间点已标注，已发您邮箱，请查收。,2025-09-19 16:45:00,13857123456,0,
SMS-1350,30-8,我：我下班出发了，晚高峰有点堵，预计18:10左右到，你们到了先点菜。,2025-09-19 17:10:00,+8613787345678,0,30-h
SMS-1351,,妈，我出门去健身了，今天天气有点凉，您和爸在家也多穿点。,2025-09-20 07:05:00,+8613907128765,0,
SMS-1352,,轩子，周末有空吗？我这边有个朋友想咨询下深圳买房政策，方便的话想约你聊聊，请你吃饭。,2025-09-20 07:55:00,+8613622345678,0,
SMS-1353,154-9,云飞，刚试了你说的那个鸽子式拉伸，髋部感觉确实松快多了。你上次推荐的那个恢复筋膜枪，具体是什么型号？我打算入手一个。,2025-09-20 08:25:00,+8613787343210,0,154-i
SMS-1354,,【招商银行】尊敬的客户，您尾号8899的信用卡本期账单人民币5，236.80元，最后还款日10月08日。登录掌上生活App可便捷还款。,2025-09-20 08:45:00,1065755855899,1,
SMS-1355,,妈，我准备去超市采购了，中午在外面简单吃点。你和爸中午吃什么？,2025-09-20 10:40:00,+8613907128765,0,
SMS-1356,258-2-1,雨晴，我已经到咖啡馆了，在靠窗的位置。行程表和预算我都打印好了，等你过来。,2025-09-20 12:55:00,+8613787344567,0,258-b
SMS-1357,,妈，今天长沙这边下雨，你那边天气怎么样？出门记得带伞，注意别着凉。,2025-09-21 08:30:15,+8613907128765,0,
SMS-1358,,云飞，文章已拜读，很有启发！我脚踝感觉好多了，今天在椭圆机上练了45分钟。下周天气好了，老地方晨跑约起？,2025-09-21 13:05:22,+8613787343210,0,
SMS-1359,258-2-2,雨晴，凤凰古城的民宿订好了，叫‘沱江畔轻语’，有免费停车位，评价很好。订单截图发你微信了，你看看行不行？,2025-09-21 14:20:05,+8613787344567,0,258-b
SMS-1360,258-2-2,好的，没问题！镇远古镇的‘青龙洞客栈’也搞定了，也是免费停车。门票我准备下一步就订。,2025-09-21 15:45:30,+8613787344567,1,258-b
SMS-1361,258-2-2,所有酒店、民宿和景区门票都预订并核对完毕，详细的电子行程表发你邮箱了，请最终确认一下。期待我们的黔东南之旅！,2025-09-21 16:55:10,+8613787344567,0,258-b
SMS-1362,,妈，我晚上在家煮了番茄牛腩面，味道还不错。你和我爸晚上吃的什么？,2025-09-21 18:45:10,+8613907128765,0,
SMS-1363,,我们吃的简单，炒了两个菜。你刚跑完步，多吃点补充体力。降温了，晚上盖好被子。,2025-09-21 18:47:35,+8613907128765,1,
SMS-1364,,冲锋衣防水层好像有点老化，明天准备送去小区门口那家洗衣店做下专业护理，这样国庆去川西就能穿了。,2025-09-21 20:05:22,+8613817765432,0,
SMS-1365,,好的哥，那家店护理技术还行。你冲锋衣什么牌子的？我看看需不需要带件薄的羽绒内胆，那边晚上估计挺冷的。,2025-09-21 20:08:15,+8613817765432,1,
SMS-1366,,妈，我到家了，刚健完身冲了个澡，准备吃早饭然后去上班。今天天气还行，您和爸在家注意身体。,2025-09-22 08:05:30,+8613907128765,0,
SMS-1367,128-3,轩子，我最近在学Audition处理音频，想给vlog降噪。你搞技术的，有没有推荐的插件或者学习网站？,2025-09-22 08:45:15,+8613622345678,0,128-c
SMS-1368,149-4-1,钱总，关于比特币ETF的观察仓投资计划草案我已发您邮箱，定位为支付‘认知税’，资金上限和风控条款已明确，请您审阅。,2025-09-22 11:50:00,+8613973111222,0,149-d
SMS-1369,,晓雅，上午视频会议同步的客户配置微调方案，我已整理好要点并附在季度报告摘要里，邮件已发，请查收。,2025-09-22 14:45:20,+8613857123456,0,
SMS-1370,149-4-2,【华泰证券】尊敬的客户，您于2025-09-22 15:32:18提交的比特币现货ETF买入委托（代码：XXXX）已成交，成交均价XXX元，详情请登录交易系统查询。,2025-09-22 15:33:05,106900009588,1,149-d
SMS-1371,,妈，今天开始全力冲刺CFA三级考试了，感觉压力不小但动力更足。你和爸最近身体都好吧？天气转凉，注意保暖。,2025-09-22 19:15:00,+8613907128765,0,
SMS-1372,,【干洗店】尊敬的会员，您的衣物已洗护完成，可凭取件码A357至门店领取。营业时间：9:00-21:00。,2025-09-22 20:35:00,106900001234,1,
SMS-1373,256-4,黄总您好，本季度市场分析简报已发送至您邮箱，重点分析了新能源板块的调整逻辑和消费复苏预期。您看下午三点左右方便电话简单复盘一下吗？,2025-09-23 11:35:00,+8613622341234,0,256-d
SMS-1374,256-4,好的，冯经理。简报已收到，下午三点可以，我准时打给你。,2025-09-23 11:40:00,+8613622341234,1,256-d
SMS-1375,,晓雅，客户林总的资产配置建议书初稿我发你共享文档了，麻烦你帮忙核对一下数据部分和风险提示条款，下午视频会我们重点过一下。,2025-09-23 14:20:00,+8613857123456,0,
SMS-1376,,收到，浩然。数据部分我看了一下，第三页的夏普比率计算好像引用了旧基准，我标黄了，其他没问题。视频会议链接我稍后发你。,2025-09-23 14:35:00,+8613857123456,1,
SMS-1377,258-4,【平安保险】尊敬的客户，您投保的旅行意外险（保单号PA202509230012345）已生效，保障期间2025-10-01至2025-10-07。电子保单已发送至您的邮箱，如需协助请回复“人工”。,2025-09-23 19:45:30,1069000095511,1,258-d
SMS-1378,258-4,妈，我这边刚忙完，大概九点半左右和你们视频。今天买了去西藏的旅行保险，还学了点CFA，晚上跟你们细说。,2025-09-23 21:05:00,+8613907128765,0,258-d
SMS-1379,149-6,我：文博，中午12点老地方‘羽衣甘蓝’？正好聊聊最近加密资产的动向。,2025-09-24 11:20:00,+8613787349876,0,149-f
SMS-1380,29-1,我：钱总，下午的汇报材料已定稿，核心数据和案例都更新了，PPT已发您邮箱，请查收。,2025-09-24 16:45:00,+8613973111222,0,29-a
SMS-1381,,【美团外卖】您的外卖订单（辣椒炒肉盖码饭）已由骑手小张接单，预计18:40送达。如遇问题请致电10109777。,2025-09-24 18:20:15,10109777,1,
SMS-1382,29-1,妈，明天有个重要汇报，刚梳理完思路。国庆行程我看了，没问题，期待回家喝你煨的汤。,2025-09-24 20:35:10,+8613907128765,0,29-a
SMS-1383,256-7,钱总，今晚在威斯汀的金融沙龙收获很大，主讲嘉宾对结构性产品风险的见解非常独到，我整理了一份要点，明天上班后向您汇报。,2025-09-25 21:35:00,+8613973111222,0,256-g
SMS-1384,256-7,文博，我刚从沙龙出来，今天聊得很开心。沙龙上认识了几位同行，聊到一些新的市场策略，回头有空跟你细说。你CFA复习得怎么样了？,2025-09-25 21:45:00,+8613787349876,0,256-g
SMS-1385,32-4,我：各位，川西旅行的电子路书和注意事项文档已经发到群里了，大家抽空看一下，尤其是亚丁徒步和天气预案部分，有问题随时沟通。,2025-09-26 08:05:12,+8613622345678,0,32-d
SMS-1386,258-6,张明轩：路书收到了，很详细！我看了下徒步装备清单，我的冲锋衣可能需要更新，你有推荐的品牌吗？,2025-09-26 08:12:45,+8613622345678,1,258-f
SMS-1387,258-6,我：推荐始祖鸟或者凯乐石，性价比高。回头我把几个型号的链接发你。对了，离线地图包你下了吗？那边信号不稳定。,2025-09-26 08:18:30,+8613622345678,0,258-f
SMS-1388,,妈妈：浩然，今天降温了，长沙那边也冷了吧？你早上跑步有没有多穿点？晚上记得喝点热的。,2025-09-26 08:32:10,+8613907128765,1,
SMS-1389,,【XX银行】尊敬的客户，您尾号8899的信用卡本期账单已出，应还金额12，568.90元，还款日为10月15日。点击 ccbt.cn/xxx 查看详情。,2025-09-26 09:35:22,106900009889,1,
SMS-1390,,我：晓雅，港股分析备忘录初稿我发你邮箱了，重点部分已标黄，麻烦你先过一遍，我们下午会上再对一下数据和结论。,2025-09-26 14:05:15,+8613857123456,0,
SMS-1391,,孙晓雅：收到，已下载。第二部分关于政策影响的分析，我补充了一些近期研报的观点，稍后合并发回给你。,2025-09-26 14:20:40,+8613857123456,1,
SMS-1392,,妈，我下班到家了，刚吃完沙拉。你吃晚饭了吗？晚上跟你视频聊聊。,2025-09-26 18:15:00,+8613907128765,0,
SMS-1393,,好的儿子，我吃过了。你先忙你的，我大概七点左右跟你视频，跟你爸也说好了，他也在家。,2025-09-26 18:20:00,+8613907128765,1,
SMS-1394,,妈，视频聊得很开心。国庆我计划30号下午的高铁回武汉，车票信息晚点发你。你和爸注意身体，别担心我。,2025-09-26 18:55:00,+8613907128765,0,
SMS-1395,,【中国移动】尊敬的客户，您当前套餐内流量剩余5.2GB，通话剩余120分钟。点击 http://10086.cn 查询详情。,2025-09-26 19:30:00,10658086,1,
SMS-1396,258-6,佳宁，我晚上在整理国庆自驾的装备，相机和镜头都清洁好了。你那边设备准备得怎么样了？别忘了带ND滤镜。,2025-09-26 20:45:00,+8613622344321,0,258-f
SMS-1397,32-5,【长沙宝悦】尊敬的冯先生，您的爱车（湘A·XXXXX）已完成常规保养，本次更换机油机滤，车辆状态良好。结算金额为1280元，已从您预留的账户扣款。祝您用车愉快！,2025-09-27 11:30:00,106900008888,1,32-e
SMS-1398,258-7-1,浩子，我刚在山姆采购完，水和能量棒都买齐了，还找到了车载充电器和急救包。清单照片发群里了，你俩看看还缺啥不？,2025-09-27 12:45:00,+8613787345678,0,258-g
SMS-1399,,我：雨晴、俊杰，晚上聚餐还是老地方湘菜馆，包厢已定好，6点见。我顺便把车上的公共物资带过去。,2025-09-27 17:30:00,+8613787344567,0,
SMS-1400,140-3,我：佳宁，刚整理完，第三轮筛选最终定了50张高质量成片，已打包上传到云盘，链接发你微信了，有空看看给点最终意见。,2025-09-28 10:35:00,+8613622344321,0,140-c
SMS-1401,140-3,徐佳宁：收到！刚看了，这50张选得太棒了，光影和构图都绝了，尤其是那张橘子洲头的夜景。我这边没意见了，可以定稿。,2025-09-28 10:55:00,+8613622344321,1,140-c
SMS-1402,,【罗比零食店】尊敬的会员，您购买的牛肉干、坚果等商品共计128.5元已支付成功，积分已累积。感谢您的光临！,2025-09-28 11:45:00,106900009876,1,
SMS-1403,,我：雨晴，川西的物资我这边基本备齐了，牛肉干、功能饮料都买了。你那边高反药和氧气瓶准备得怎么样了？,2025-09-28 12:20:00,+8613787344567,0,
SMS-1404,,彭雨晴：放心，药和氧气瓶都备好了，还多带了一些暖宝宝。俊杰说他负责的路线和住宿也确认好了，就等出发啦！,2025-09-28 12:35:00,+8613787344567,1,
SMS-1405,150-3,妈妈：浩然，看你朋友圈说要出去旅行，东西都收拾好了吗？路上注意安全，到了给家里报个平安。,2025-09-28 14:50:00,+8613907128765,1,150-c
SMS-1406,150-3,我：钱总，下午好。我正在整理全球金融监管政策的监控看板，想跟您同步一下初步框架和关键信息源，您看明天上午方便简短过一下吗？,2025-09-28 15:30:00,+8613973111222,0,150-c
SMS-1407,150-3,钱永强：可以，框架思路不错。明天上午10点后我有空，你准备好材料我们快速过一下。重点放在欧美和亚洲近期动态。,2025-09-28 15:45:00,+8613973111222,1,150-c
SMS-1408,32-6,我：各位，今晚7点准时在‘川西小分队’群开语音会议哈。我拉个腾讯会议链接，主要确认明早集合时间、车辆和公共资金。大家记得把要带的装备清单也过一遍。,2025-09-28 18:45:00,+8613787344567,0,32-f
SMS-1409,32-6,彭雨晴：收到！我刚把氧气瓶和药品清单整理好，晚上一起核对。对了，我这边还多带了一个车载充电器，晚上会议时跟你说。,2025-09-28 18:50:00,+8613787344567,1,32-f
SMS-1410,258-8,妈妈：儿子，行李都收拾好了吗？明天一早出发，路上一定要注意安全，到了成都记得给我们发个消息。,2025-09-28 19:35:00,+8613907128765,1,258-h
SMS-1411,,妈，我到公司了，今天晨会。你最近血压怎么样，记得按时吃药。,2025-09-29 08:05:30,+8613907128765,0,
SMS-1412,258-9,妈，我下班了，刚加完油检查了车，明天出发前状态都准备好了。你们在家也注意身体。,2025-09-29 17:45:00,+8613907128765,0,258-i
SMS-1413,,【老长沙口味虾】您的订单（尾号5678）已由骑手小张接单，预计20:15送达，请保持电话畅通。,2025-09-29 20:05:00,106900005678,1,
SMS-1414,,钱总，晨报已更新，比特币ETF观察仓隔夜数据已录入，市场波动在预期内，请审阅。,2025-09-30 08:35:00,+8613973111222,0,
SMS-1415,,各位，行前最终确认：车辆已加满油，物资齐备，相机电池和存储卡已检查。明早6:30准时在小区门口集合出发，请带好保暖衣物和个人证件。,2025-09-30 21:30:05,+8613787344567,0,
SMS-1416,,收到，准时到。东西都带齐了，期待出发！,2025-09-30 21:32:15,+8613787344567,1,
SMS-1417,,收到，明早见。,2025-09-30 21:33:45,+8613787345678,1,
SMS-1418,32-7,我：已上高速，车流比预想的大，我专心开车，你们先休息会儿。预计两点左右到第一个服务区。,2025-10-01 12:45:00,+8613622345566,0,32-g
SMS-1419,32-7,谢雨桐：收到。歌单已连好，放点轻音乐。刚才讨论的凤凰晨雾拍摄点，我查了天气，后天清晨湿度很高，机会不错。,2025-10-01 13:20:00,+8613622345566,1,32-g
SMS-1420,32-7,徐佳宁：刚过益阳，路况好多了。我看了下导航，按计划在泸溪服务区休息？顺便可以把刚才聊的风险控制和摄影随性的想法再捋捋。,2025-10-01 15:05:00,+8613622344321,1,32-g
SMS-1421,32-7,我：已安全抵达凤凰，一路景色很美，正在办理入住。你们路上也注意安全。,2025-10-01 18:05:00,+8613807123456,0,32-g
SMS-1422,32-7,我：妈，我到凤凰古城了，客栈就在沱江边，景色特别好。你和爸在家注意身体，国庆快乐！,2025-10-01 18:15:00,+8613907128765,0,32-g
SMS-1423,,佳宁，我和雨桐在沈从文故居这边，阳光下的建筑光影特别好，你们那边怎么样？要不要过来汇合？,2025-10-02 09:45:00,+8613622344321,0,
SMS-1424,,妈，在凤凰古城给你们买了姜糖，还有给小然的手工刺绣零钱包，都挺有特色的。明天寄回去。,2025-10-02 16:25:00,+8613907128765,0,
SMS-1425,,轩子，国庆快乐！我在凤凰古城，夜景绝了。你那边假期咋样？,2025-10-02 19:45:00,+8613622345678,0,
SMS-1426,,佳宁，今天傍晚风桥那张长曝光的片子光影太棒了，构图也稳。我那张跳岩的游客动态感还行，但感觉ISO可以再低点。,2025-10-02 21:20:00,+8613622344321,0,
SMS-1427,,明天我们按计划，上午9点客栈集合，先去东正街和文星街那片巷子拍人文。我负责带路和协调，你俩多抓拍细节和人物。,2025-10-02 21:35:00,+8613622345566,0,
SMS-1428,,【凤凰记忆江景客栈】尊敬的住客，您已成功预订今日早餐（湘西米粉+豆浆），用餐时间为7:30-9:30，地点在一楼餐厅，祝您用餐愉快。,2025-10-03 07:20:00,106900001234,1,
SMS-1429,,妈妈：儿子，今天降温了，你出门跑步多穿点，别着凉。在凤凰玩得开心吗？,2025-10-03 08:10:00,+8613907128765,1,
SMS-1430,,我：云飞，今天早上在沱江边晨跑，风景绝了，空气也特别好。你最近还坚持跑吗？,2025-10-03 08:45:00,+8613787343210,0,
SMS-1431,133-1-1,我：博哥，国庆快乐！我们刚离开凤凰，准备去镇远。节后回去给你带点特产，上次你说的那个数据分析模型，我路上再看看。,2025-10-03 09:50:00,+8613787349876,0,133-a
SMS-1432,,佳宁，我这边设备都检查好了，充电也差不多了。我们大概16:30从民宿出发，先去河边看看傍晚的光线怎么样？,2025-10-03 15:45:00,+8613622344321,0,
SMS-1433,,好的，我这边也准备好了。雨桐说她想去四方井巷那边看看，我们可以先去祝圣桥，然后往那边走。,2025-10-03 15:50:00,+8613622344321,1,
SMS-1434,,行，那16:30民宿门口集合。我带了24-70和一支定焦，轻装上阵。,2025-10-03 15:52:00,+8613622344321,0,
SMS-1435,134-1,妈，今天在镇远拍照，差点把摄影包丢了，里面无人机镜头都在。幸好被一位好心阿姨捡到守着，虚惊一场。已经买水果感谢人家了。,2025-10-04 10:25:30,+8613907128765,0,134-a
SMS-1436,133-2-5,佳宁，我上午拍片把摄影包落河边了，还好找回来了。现在在复兴巷袁家豆腐老店吃豆花压压惊，下午继续拍。,2025-10-04 11:40:15,+8613622344321,0,133-b
SMS-1437,,佳宁，我回客栈了，正在导今天下午拍的素材。有几张光影特别棒，晚点发你看看。对了，晚上吃饭的地方定好了吗？,2025-10-04 17:20:00,+8613622344321,0,
SMS-1438,134-7,妈妈，我到镇远了，今天遇到件特别暖心的事，相机包丢了又找回来了，全靠好心人。晚上和朋友们去吃酸汤鱼，这边夜景很美。你和爸在家都好吧？,2025-10-04 18:15:00,+8613907128765,0,134-a
SMS-1439,,妈，我们已经吃完早餐准备退房去梵净山了，山里信号可能不好，晚上到了苗寨再跟您报平安。,2025-10-05 08:10:00,+8613907128765,0,
SMS-1440,,【中国移动】尊敬的客户，您已进入贵州梵净山景区。国庆期间景区人流密集，请注意保管好随身物品，祝您旅途愉快。,2025-10-05 10:40:00,10086,1,
SMS-1441,32-9-1,博哥，假期还在加班？我刚爬到梵净山金顶，云海太壮观了，拍了不少好片子，回去给你看。,2025-10-05 12:35:00,+8613787349876,0,32-i
SMS-1442,,轩子，我们下山了，在停车场这边吃砂锅粉。你国庆在深圳还是回武汉了？,2025-10-05 14:05:00,+8613622345678,0,
SMS-1443,,爸，我们已经从梵净山下来了，吃了点东西，现在准备开车去西江苗寨，大概晚上六点多到。路上我注意安全。,2025-10-05 14:25:00,+8613807123456,0,
SMS-1444,,妈，刚才视频里忘了说，我明天上午去镇远古镇，下午坐高铁回武汉，大概晚上八点到家。你们不用等我吃饭。,2025-10-05 23:12:30,+8613907128765,0,
SMS-1445,,佳宁，我这边退房手续办好了，在阿婆米粉店等你们，吃完早餐我们就出发。,2025-10-06 07:45:00,+8613622344321,0,
SMS-1446,,爸妈，我们到芷江服务区了，刚加完油，准备吃午饭，一切顺利，放心。,2025-10-06 12:05:00,+8613807123456,0,
SMS-1447,,浩子，我们中午在芷江服务区吃饭，你那边开到哪了？路上车多吗？,2025-10-06 12:20:00,+8613622348899,0,
SMS-1448,32-10,【平安好车主】尊敬的客户，您的车辆（车牌尾号*）于2025-10-06 13:15在G60高速邵阳段触发胎压异常报警，请及时检查。,2025-10-06 13:15:30,106900009555,1,32-j
SMS-1449,32-10,【途虎养车】您预约的轮胎更换服务已确认，门店：邵阳双清区宝庆东路店，预计等待时间30分钟，请准时到店。,2025-10-06 14:35:00,106900008888,1,32-j
SMS-1450,32-10,天宇，我们爆了个胎，刚在邵阳换好，现在重新上高速了，估计晚上6点左右到长沙，晚上聚？,2025-10-06 15:20:00,+8613622347766,0,32-j
SMS-1451,32-10,好的浩哥，注意安全，晚上火锅走起，到了直接来老地方。,2025-10-06 15:25:00,+8613622347766,1,32-j
SMS-1452,270-2-3,妈，视频里听爸说最近有点头晕，你们抽空还是去医院检查一下，别大意。我这边找时间也问问朋友有没有推荐的医生。,2025-10-06 21:25:00,+8613907128765,0,270-b
SMS-1453,270-2-3,小然，你问的基金定投，我整理了几个主流平台和策略的对比文档，晚点发你邮箱。你先看看，有具体问题我们再聊。,2025-10-06 21:30:00,+8613817765432,0,270-b
SMS-1454,,轩子，中秋快乐！今天跟家里视频，想起咱们以前中秋偷月饼的事。节后找时间聚聚？,2025-10-06 21:35:00,+8613622345678,0,
SMS-1455,,云飞，我到东门了，你在哪？今天天气不错，适合恢复跑。,2025-10-07 07:15:00,+8613787343210,0,
SMS-1456,273-1-1,今天跑完感觉不错，心率控制得挺好。我打算按计划每周跑三次，为年底半马打基础，你觉得呢？,2025-10-07 08:35:00,+8613787343210,0,273-a
SMS-1457,273-1-1,没问题，一起坚持！我看了下下周天气，周三和周五早上都不错，可以约。,2025-10-07 08:50:00,+8613787343210,1,273-a
SMS-1458,,【途虎养车】尊敬的客户，您昨日更换的轮胎（订单号TH20251006CS001）已完成安装及动平衡检测。建议24小时后复查胎压，确保行驶安全。如有疑问请致电400-111-8868。,2025-10-07 13:05:00,106900001111,1,
SMS-1459,31-3-1,妈，我刚跟爸打完电话，他早上头晕的事不能拖。我查了武汉协和、同济的神经内科专家，整理好了资料。你这两天多留意下爸的状态，我这边会尽快联系医院。,2025-10-07 13:50:00,+8613907128765,0,31-c
SMS-1460,,钱总，关于您邮件中提到的市场异动分析，我已将初步数据和核心观点整理完毕，并草拟了应对策略框架。完整报告和会议材料我明天上午到办公室后同步给您，您看可以吗？,2025-10-07 19:45:00,+8613973111222,0,
SMS-1461,,轩子，最近怎么样？我刚处理完一堆工作邮件，头都大了。你还在深圳吗？啥时候回武汉聚聚，或者我去深圳找你喝一杯？,2025-10-07 20:30:00,+8613622345678,0,
SMS-1462,,钱总，晨会需要的节后市场流动性分析PPT已发您邮箱，请查收。,2025-10-08 09:45:00,+8613973111222,0,
SMS-1463,,文博，晨会前方便碰一下吗？关于你昨天提到的那个标的，我补充了点数据。,2025-10-08 09:55:00,+8613787349876,0,
SMS-1464,67-5,林总，您节前咨询的持仓报告已更新并发至您邮箱，请审阅。如有疑问随时联系我。,2025-10-08 11:20:00,+8613818987654,0,67-e
SMS-1465,150-7-2,黄女士，根据我们刚才电话沟通的内容，资产微调方案的要点已整理好，稍后发您确认。,2025-10-08 14:50:00,+8613622341234,0,150-g
SMS-1466,67-5,佳宁，上次说的照片我初步按‘静谧风光’、‘活力瞬间’、‘人文纪实’分了类，星标了几张感觉特别有潜力的，回头发你看看。,2025-10-08 15:45:00,+8613622344321,0,67-e
SMS-1467,67-5,【XX证券研究】您关注的新能源板块最新深度报告已生成，报告编号：NE20251008003，请登录投研平台查看。,2025-10-08 15:55:00,106900009876,1,67-e
SMS-1468,31-1,妈，爸体检的事总算说通了，您也多提醒他一下。我这边工作生活都挺好，您和爸注意身体，早点休息。,2025-10-08 21:45:00,+8613907128765,0,31-a
SMS-1469,,妈，我刚晨跑完，今天天气特别好，跑完神清气爽。您和爸今天有什么安排吗？,2025-10-09 08:05:30,+8613907128765,0,
SMS-1470,,林总，上午好。您投资组合的季度表现分析报告已初步完成，核心数据摘要已发您邮箱，请您查阅。如有任何疑问，随时联系我。,2025-10-09 10:15:00,+8613818987654,0,
SMS-1471,,博哥，刚看到央行关于绿色金融的最新政策解读，感觉对我们手头的几个项目有影响。你那边有什么内部观点吗？方便时聊聊。,2025-10-09 11:30:00,+8613787349876,0,
SMS-1472,,博哥，中午‘老灶头’走起？听说今天有新鲜的小炒黄牛肉。,2025-10-09 11:50:00,+8613787349876,0,
SMS-1473,,晓雅，下午视频会议的材料我已更新完毕，主要是针对客户A的风险偏好调整了资产配置建议。会议链接稍后发你。,2025-10-09 13:45:00,+8613857123456,0,
SMS-1474,,妈，最近天气转凉，你和爸注意保暖，我这边工作生活都挺好的，别担心。,2025-10-10 10:05:22,+8613907128765,0,
SMS-1475,,【鲜丰水果】尊敬的会员，您购买的蓝莓、奇异果、香蕉已打包完毕，订单号202510101625，欢迎下次光临。,2025-10-10 16:25:10,106900001234,1,
SMS-1476,,妈，我晨跑回来了，今天岳麓山空气特别好，拍了几张照片晚点发你看。你和我爸周末体检的预约确认了吗？,2025-10-12 08:15:30,+8613907128765,0,
SMS-1477,,博哥，上午讨论的那个行业分析报告，我这边初步数据已经整理好了，发你邮箱了，有空看一下，下午会议前我们再对一下。,2025-10-12 11:45:20,+8613787349876,0,
SMS-1478,135-6,妈，我刚参加完一个线上研讨会，挺有收获的。你和爸最近身体怎么样？天气转凉了，注意保暖。,2025-10-12 20:45:00,+8613907128765,0,135-f
SMS-1479,,【京东】您购买的摄影工作坊材料（订单尾号7890）已由京东快递揽收，预计明日送达。物流单号：JDV0012345678，点击查看详情。,2025-10-12 21:42:00,106900000123,1,
SMS-1480,272-1-1,【中国移动】尊敬的客户，您的话费账单已出，本月消费128元，账户余额56.7元。点击 http://10086.cn 查询详情。,2025-10-13 10:15:00,10086,1,272-a
SMS-1481,272-1-1,黄总您好，您第三季度的投资回顾材料初稿已完成，重点分析了新能源板块的调仓时机和四季度配置建议。您看今天下午或明天上午，哪个时间方便我向您做个简要汇报？,2025-10-13 11:40:00,+8613622341234,0,272-a
SMS-1482,272-1-1,钱总，黄思琪客户的季度回顾材料已完善，PPT和汇报要点已准备就绪。其中关于四季度增配高端制造板块的建议，需要您最终拍板。您看下午三点后方便我过去找您过一下吗？,2025-10-13 14:45:00,+8613973111222,0,272-a
SMS-1483,,【湘菜馆】您的外卖订单（小炒黄牛肉、手撕包菜）已打包完成，请到店自取，取餐码：A25。,2025-10-13 18:15:00,106900001234,1,
SMS-1484,,沈老板，你好。我预定的半磅埃塞俄比亚耶加雪菲咖啡豆，大概19:30左右到店取，谢谢。,2025-10-13 19:10:00,+8613787346789,0,
SMS-1485,128-6,佳宁，我最近在学AE特效，国庆拍的云海素材感觉可以做个转场。你之前推荐的那个教程网站，有会员优惠吗？,2025-10-13 20:05:00,+8613622344321,0,128-f
SMS-1486,130-2-2,【中国银行】尊敬的客户，您参与的数字人民币红包活动中签，100元红包已发放至您的数字人民币钱包，有效期至2025-10-31。支持商户列表请登录APP查看。,2025-10-14 08:05:30,106900009558,1,130-b
SMS-1487,130-2-3,我：文博，中午一起去金鹰路那家‘码上付’体验餐厅吃饭吧，正好试试数字人民币红包，我请客。,2025-10-14 09:35:10,+86137787349876,0,130-b
SMS-1488,,妈，爸最近体检结果出来了吗？医生怎么说？我这边刚开完会，一切顺利，您和爸多注意身体。,2025-10-14 15:50:00,+8613907128765,0,
SMS-1489,135-7,钱总，与黄思琪女士的季度视频会议已结束，会议纪要及更新后的资产配置方案已通过加密邮件发送给您和黄女士，请查收。会议中关于数字人民币的探讨获得了客户积极反馈。,2025-10-14 16:05:00,+8613973111222,0,135-g
SMS-1490,272-2-3,黄女士您好，会议纪要及更新后的方案文件已发送至您的工作邮箱，请查收。其中关于四季度策略调整的部分已根据我们讨论的意见进行了细化，如有任何问题随时联系我。,2025-10-14 16:10:00,+8613622341234,0,272-b
SMS-1491,130-2-4,晓雅，今天会上跟客户聊到数字人民币，客户挺感兴趣。我整理了一些相关的市场分析和我们的产品适配思路，发你参考下，看看我们后续跟其他客户沟通时能不能用上。,2025-10-14 17:30:00,+8613857123456,0,130-b
SMS-1492,,妈，视频里忘说了，我上周去镇远拍的照片洗了几张特别好的，回头寄给您和爸看看。您上次说关节有点不舒服，我买了些膏药，一起寄回去。,2025-10-14 20:00:00,+8613907128765,0,
SMS-1493,,钱总，我已到公司，正在处理邮件和看盘，上午会全力推进林总的方案定稿和数字货币研究。,2025-10-15 09:00:00,+8613973111222,0,
SMS-1494,,林总，早上好。您投资组合的第四季度调整建议方案我已基本完成，今天上午内部走完流程后发您审阅。,2025-10-15 09:05:00,+8613818987654,0,
SMS-1495,140-8,黄总，关于我们上次讨论的ESG主题基金，我整理了最新的表现数据和经理变动情况，已发您邮箱，方便时请查收。,2025-10-15 11:30:00,+8613622341234,0,140-h
SMS-1496,76-3-1,孙晓雅，下午的视频会议材料我已发到共享文件夹，重点客户动态和下周拜访计划已更新，请查收。,2025-10-15 13:15:00,+8613857123456,0,76-c
SMS-1497,76-3-1,妈，今天降温了，你和我爸在家注意保暖，晚上记得关好窗户。,2025-10-15 14:45:00,+8613907128765,0,76-c
SMS-1498,,妈，今天开会晚了，刚忙完准备下班。你和我爸晚饭吃了吗？,2025-10-17 16:45:00,+8613907128765,0,
SMS-1499,,【罗比零食】尊敬的会员，您关注的鸡胸肉、西兰花、藜麦等健康食材今日有优惠，欢迎到店选购。,2025-10-17 18:05:00,106900001234,1,
SMS-1500,78-1,佳宁，我最近拍了一组《湘江夜话》的照片，刚调了三张感觉还不错的，发你微信了，有空帮我看看给点意见？,2025-10-17 20:20:00,+8613622344321,0,78-a
SMS-1501,78-1,收到！刚看了，构图和光影都很有感觉，尤其是第二张江面的倒影。我觉得第一张的色调可以再暖一点点，个人感觉哈，回头微信细聊。,2025-10-17 20:35:00,+8613622344321,1,78-a
SMS-1502,,云飞，我出发了，大概15分钟后到江边老地方，今天状态不错，准备跑个10公里。,2025-10-18 07:10:00,+8613787343210,0,
SMS-1503,114-12,文博，我刚把修改好的《后疫情时代消费板块投资逻辑》分析文章发你邮箱了，麻烦有空帮忙审阅一下，重点看看逻辑和数据支撑部分。,2025-10-18 14:05:00,+8613787349876,0,114-l
SMS-1504,131-2-1,【数字人民币】尊敬的冯浩然，您已成功开通个人数字钱包，钱包尾号3927。请妥善保管个人信息。,2025-10-18 18:30:00,106900013927,1,131-b
SMS-1505,,妈，我刚跑完步到家，冲了个澡吃了早餐。今天岳麓山空气特别好，跑得很舒服。您和爸今天有什么安排吗？,2025-10-19 09:05:00,+8613907128765,0,
SMS-1506,51-3,佳宁，我构思了一个新的摄影主题‘江畔剪影’，刚把《湘江夜话》作品集的云盘链接发你邮箱了，有空帮忙看看，给点意见？,2025-10-19 18:05:00,+8613622344321,0,51-c
SMS-1507,92-6,林总您好，我是华泰证券的冯浩然。上午给您邮箱发送了一份关于近期市场热点的初步观察和策略思路，希望能为您提供一些参考。您方便时我们可以进一步探讨。祝好！,2025-10-20 09:00:00,+8613818987654,0,92-f
SMS-1508,,博哥，中午12点老地方湘菜馆？我请客，顺便聊聊上午看到的一个数据。,2025-10-20 11:35:00,+8613787349876,0,
SMS-1509,,没问题，准时到。正好我也有点事想跟你对一下。,2025-10-20 11:36:30,+8613787349876,1,
SMS-1510,,妈，午休呢。最近天气变化大，你和爸注意身体，别着凉。我这边都好，周末回去看你们。,2025-10-20 13:10:00,+8613907128765,0,
SMS-1511,51-4,林总，关于您投资组合的调整方案，估值模型已更新完毕，核心逻辑和风险指标测算已发您邮箱，请查收。,2025-10-20 15:30:00,+8613818987654,0,51-d
SMS-1512,51-4,冯先生您好，您关注的XX科技股今日出现异动，我们分析团队已出具简评，如需了解详情可随时联系我。,2025-10-20 16:45:00,+8613622341234,1,51-d
SMS-1513,51-4,博哥，今天下午客户沟通的数据要点我整理好了，发你工作邮箱了，方便时帮我把把关。,2025-10-20 17:15:00,+8613787349876,0,51-d
SMS-1514,131-4,【罗比零食专卖店】尊敬的会员，您于2025-10-20 18:05使用数字人民币支付86.5元，账户余额128.3元。感谢您的惠顾！,2025-10-20 18:06:00,106900008888,1,131-d
SMS-1515,,小然，我晚上做香煎鸡胸肉，买了蓝莓，你要不要过来一起吃？,2025-10-20 18:20:00,+8613817765432,0,
SMS-1516,274-2-1,【华泰证券】尊敬的客户，您于2025-10-21 09:35:12提交的基金卖出及股票买入委托已全部成交。成交明细可登录APP查看。,2025-10-21 09:40:00,106900009558,1,274-b
SMS-1517,274-2-2,钱总，上午好。开盘后已按计划完成个人投资调仓，主要增持了消费龙头，并微调了比特币ETF仓位以控制风险。具体操作明细和复盘总结已更新至共享文档。,2025-10-21 10:05:00,+8613973111222,0,274-b
SMS-1518,,博哥，上午茶水间聊得不错。中午西湖楼见，我大概11:55从工位出发。,2025-10-21 10:25:00,+8613787349876,0,
SMS-1519,132-6,黄总，上午的会议纪要已初步整理好，重点突出了您关注的数字人民币在供应链金融的应用潜力。稍后发您邮箱，请查收。,2025-10-21 11:45:00,+8613622341234,0,132-f
SMS-1520,,妈妈：儿子，今天长沙降温了，你早上出门穿得够不够？晚上想吃什么，我让你爸去买菜。,2025-10-21 12:15:00,+8613907128765,1,
SMS-1521,274-2-3,文博，今天午餐聊得很受启发，你提到的那个行业研讨会信息很有价值。回头我把上午聊的调仓逻辑也整理一份发你看看。,2025-10-21 13:20:00,+8613787349876,0,274-b
SMS-1522,78-3,佳宁，你发来的《湘江夜话》作品集反馈邮件收到了，非常详细专业！关于夜景高光压暗和色调统一的建议我完全认同，已经记下，明天就着手调整。谢谢！,2025-10-21 20:45:30,+8613622344321,0,78-c
SMS-1523,,你上次说想找时间交流一下人像摄影的布光，这周末有空吗？我这边刚入了一个新的柔光箱，可以一起试试。,2025-10-21 21:05:15,+8613622344321,0,
SMS-1524,273-5,云飞，今天天气有点阴，气温偏低，我们6:30岳麓山南门见，注意保暖。,2025-10-22 06:18:00,+8613787343210,0,273-e
SMS-1525,273-5,好的浩哥，我刚出门，南门见。,2025-10-22 06:22:00,+8613787343210,1,273-e
SMS-1526,273-5,今天坡道训练感觉不错，心肺刺激到位。周末有空再约一次长距离？,2025-10-22 07:25:00,+8613787343210,0,273-e
SMS-1527,132-7,文博，中午老地方？正好聊聊上午分享会里数字人民币商户端改造那块。,2025-10-22 11:45:00,+8613787349876,0,132-g
SMS-1528,132-7,没问题，我手头这点事马上好，12点楼下大堂见。,2025-10-22 11:48:00,+8613787349876,1,132-g
SMS-1529,275-3-1,林总，您关注的数字人民币专题报告初稿已发您邮箱，主要分析了支付清算体系重塑和银行IT机会，请您审阅。,2025-10-22 14:50:00,+8613818987654,0,275-c
SMS-1530,,钱总，客户黄思琪对市场波动表示担忧，我已电话安抚并解释其投资组合的风险承受能力，建议保持现有配置。相关沟通记录已更新至CRM。,2025-10-22 16:20:00,+8613973111222,0,
SMS-1531,,妈妈，我起床了，今天天气不错，准备去晨跑。您和爸在家注意身体，晚上再跟您视频。,2025-10-23 08:05:30,+8613907128765,0,
SMS-1532,75-2-1,妈，我刚参加完一个行业分享会，收获很大。你和爸都睡了吗？最近天气转凉，注意保暖。,2025-10-23 21:50:00,+8613907128765,0,75-b
SMS-1533,277-1,云飞、小雨，最终确认一下：周六早上8点，在岳麓山南门集合，徒步路线按之前说的走。我负责帐篷和炉具，云飞带食材，小雨带水和应急药品。没问题吧？,2025-10-23 22:35:00,+8613787343210,0,277-a
SMS-1534,,【中国移动】尊敬的客户，您本月套餐内流量已使用80%，剩余流量5GB。点击 http://10086.cn 查询详情。,2025-10-23 23:05:00,10658086,1,
SMS-1535,,钱总，今早A股集合竞价已关注，新能源板块有异动。紧急客户邮件已处理完毕，开盘后我会持续跟进。,2025-10-24 09:05:00,+8613973111222,0,
SMS-1536,,妈，我刚到公司。今天降温了，你和爸在家注意保暖，晚上我回去吃饭。,2025-10-24 09:35:00,+8613907128765,0,
SMS-1537,75-3,张学长您好，我是昨晚分享会的小冯。已按您建议在CRM中做好记录，后续有相关行业报告会第一时间分享给您，感谢指点！,2025-10-24 10:25:00,+8613622345678,0,75-c
SMS-1538,,【XX证券】尊敬的客户，您关注的‘21长沙债03’（代码：138XXX）于11:15出现一笔大额成交，成交价100.85元，成交量5000手。特此提醒。,2025-10-24 11:18:00,106900009588,1,
SMS-1539,,林总，上午好。关于您关注的城投债，最新的评级摘要和我的解读已发您邮箱，请查收。市场上午走势平稳，该券价格略有回升。,2025-10-24 11:25:00,+8613818987654,0,
SMS-1540,,博哥，中午老地方拉面？我大概12点05分下楼。,2025-10-24 11:50:00,+8613787349876,0,
SMS-1541,74-4,钱总，今天的分享会PPT和讨论要点我已经整理好发到团队群了，您有空可以看看。另外，您提到的关于数字人民币在跨境支付的应用案例，我晚上再找些资料，周一和您汇报。,2025-10-24 15:30:00,+8613973111222,0,74-d
SMS-1542,51-6,佳宁，我这边刚和俊杰碰完面，大概18:05能到风帆广场。今天天气不错，蓝调时刻的光线应该会很棒。你相机电池都充满了吧？,2025-10-24 17:45:00,+8613787344567,0,51-f
SMS-1543,51-6,收到！我刚到，在广场那个雕塑旁边等你。电池满格，还带了两块备用。今天风有点大，你穿够衣服没？,2025-10-24 17:55:00,+8613787344567,1,51-f
SMS-1544,114-13,郑文博，早上好。投资分析文章已根据你的反馈精修完毕，关键数据论证已强化，市场走势图表也做了视觉优化。文件已发你邮箱，请查收，看看还有没有需要调整的地方。,2025-10-25 09:45:00,+8613787349876,0,114-m
SMS-1545,154-11,妈，中午好。我刚吃完午饭，下午准备开车去露营了。最近练瑜伽感觉睡眠好多了，您和爸也要注意休息，天气转凉，多穿点。,2025-10-25 12:15:00,+8613907128765,0,154-k
SMS-1546,154-11,孙晓雅，昨天那个关于数字化工具的行业分享会，核心观点是AI辅助研报生成和智能数据抓取能大幅压缩基础信息处理时间。我把笔记和链接发群里了，你从科技客户角度看看，有没有可以借鉴落地的点？,2025-10-25 12:40:00,+8613857123456,0,154-k
SMS-1547,277-3-1,我：云飞，沙龙快结束了，我大概16:40左右到西湖公园东门接你们，你们到了吗？,2025-10-25 16:25:00,+8613787343210,0,277-c
SMS-1548,277-3-1,高云飞：浩子，我们到露营点了，帐篷和炉子都带齐了，你那边还顺利吗？,2025-10-25 17:05:00,+8613787343210,1,277-c
SMS-1549,277-4-1,我：雨桐，我这边营地收拾得差不多了，大概9点40左右能到天马小区门口，你准备一下。,2025-10-26 09:05:00,+8613622345566,0,277-d
SMS-1550,277-4-1,谢雨桐：收到！我已经收拾好了，在小区门口等你。昨晚拍的照片我导出来了，有几张星空绝了，回头发你。,2025-10-26 09:08:00,+8613622345566,1,277-d
SMS-1551,,【罗比零食】尊敬的会员，您常购的圣迪乐村鲜鸡蛋、优形鸡胸肉今日有会员特价，欢迎到店选购。回复TD退订,2025-10-26 10:35:00,106900009876,1,
SMS-1552,,钱总，明日工作重点已梳理：1. 查看主要客户持仓周末新闻影响；2. 准备与林总沟通的数字人民币专题后续要点；3. 跟进潜在客户A的初步方案。上午向您汇报。,2025-10-26 20:20:15,+8613973111222,0,
SMS-1553,,收到。上午10点我们快速过一下。,2025-10-26 20:22:30,+8613973111222,1,
SMS-1554,,【美团买菜】您购买的吐司、鸡蛋、培根、咖啡豆已由骑手冯师傅配送至小区快递柜，取件码为9876，请及时领取。,2025-10-27 07:45:00,106900000123,1,
SMS-1555,,黄总，关于您咨询的新能源基金产品对比分析，我已将详细资料和我的初步建议整理好，发到您工作邮箱了，请查收。有疑问随时联系我。,2025-10-27 10:45:00,+8613622341234,0,
SMS-1556,,博哥，中午一起吃饭？听说金鹰路那边新开了家老长沙粉面馆，去试试？,2025-10-27 11:40:00,+8613787349876,0,
SMS-1557,,好啊，正愁吃啥呢。12点楼下见？,2025-10-27 11:42:00,+8613787349876,1,
SMS-1558,,妈，我中午吃完饭了，在楼下散步消食。您和爸中午吃的什么？最近天气变化大，注意保暖。,2025-10-27 12:55:00,+8613907128765,0,
SMS-1559,,【招商银行】尊敬的客户，您尾号7788的信用卡本期账单已出，应还款金额为12，345.67元，最后还款日为11月15日。登录掌上生活App可便捷还款。【招商银行】,2025-10-27 13:05:00,106980095555,1,
SMS-1560,140-12,佳宁，上次摄影展的作品我按你的建议调整了色调和构图，最终版定下来了，效果提升很多，多谢你的宝贵意见！,2025-10-28 15:40:00,+8613622344321,0,140-l
SMS-1561,78-6,佳宁，根据你的反馈，我把那张夜景的暗部细节又调了一下，感觉层次感好多了。最新版本发你邮箱了，有空帮我看一眼？,2025-10-28 21:55:00,+8613622344321,0,78-f
SMS-1562,78-7,今天岳麓山晨跑，空气特别好，跑完神清气爽。路上光影特别美，拍了几张照片，晚点发你看看。对了，你上次说的那个设计展，具体是哪天？,2025-10-29 07:45:00,13622344321,0,78-g
SMS-1563,154-12,浩然，今天跑得真痛快！你推荐的瑜伽拉伸动作我试了，确实对缓解跑步后肌肉紧张有帮助。数字人民币那个红包活动你领了吗？,2025-10-29 08:05:00,13787343210,1,154-l
SMS-1564,271-3,感谢大家昨晚的生日祝福和礼物！照片已发群里，每一份心意都让我倍感温暖，爱你们！,2025-10-29 19:45:00,+8613622345678,0,271-c
SMS-1565,276-7,妈，我刚和爸视频完，听他声音状态不错我就放心了。您也注意身体，早点休息。,2025-10-29 20:45:00,+8613907128765,0,276-g
SMS-1566,,妈，今天晨跑状态不错，跑了5公里。您和爸今天都还好吧？天气转凉，注意保暖。,2025-10-30 08:10:15,+8613907128765,0,
SMS-1567,,【XX银行】尊敬的客户，您尾号8899的信用卡本期账单已出，应还金额为人民币12，345.67元，还款日为11月15日。,2025-10-30 09:45:22,106900008899,1,
SMS-1568,,钱总，黄思琪女士的基金配置调整方案已按上午沟通的方向更新完毕，图表和风险提示部分已完善，已发您邮箱，请您审阅。,2025-10-30 17:45:05,+8613973111222,0,
SMS-1569,,文博，黄思琪项目的调整方案我刚发钱总了，抄送你了，方便的话可以提前看看，明天晨会可能要讨论。,2025-10-30 17:50:30,+8613787349876,0,
SMS-1570,,我：妈，我下班了，现在去便利店买点牛奶鸡蛋，大概半小时后到家。,2025-10-30 18:35:00,+8613907128765,0,
SMS-1571,,【中国移动】尊敬的客户，您本月套餐内流量已使用80%，剩余流量2.1GB，请注意使用。,2025-10-30 21:05:00,10086,1,
SMS-1572,,妈，我中午跟同事吃完饭，在公司园区散步呢。最近天凉了，你跟爸在家也多注意保暖，别着凉了。,2025-10-31 13:15:00,+8613907128765,0,
SMS-1573,,孙晓雅：冯哥，上午您发来的客户报告我已收到并转给对应客户经理了。另外，关于林总下周的拜访时间，您看是安排在周二上午还是周三下午更合适？,2025-10-31 14:20:00,+8613857123456,1,
SMS-1574,,我：钱总，本周所有客户报告已归档，市场复盘摘要及下周重点客户沟通计划已发您邮箱，请查收。,2025-10-31 15:50:00,+8613973111222,0,
SMS-1575,,轩子，周末有空不？好久没聚了，听说江边新开了家不错的烧烤店，要不要一起去尝尝？,2025-10-31 16:10:00,+8613622345678,0,
SMS-1576,96-1,妈，我今天收拾换季衣服，发现我那件深色羊毛大衣磨损得有点厉害，想买件新的。你之前说认识一个做羊绒定制的师傅，方便把他的联系方式推给我吗？,2025-11-01 09:50:00,+8613907128765,0,96-a
SMS-1577,,【京东】您关注的LOWA RENEGADE GTX MID徒步靴（男款）已降价至1899元，点击查看：http://jd.cn/xxxxx 回TD退订,2025-11-01 11:05:00,106900001234,1,
SMS-1578,,我：云飞，我大概12点半从家里出发去会展中心领参赛包，你那边几点到？要不要碰个头一起逛逛？,2025-11-01 11:35:00,+8613787343210,0,
SMS-1579,,高云飞：我这边刚忙完，也准备出发了。估计1点左右到，到了微信联系，直接在W3馆入口碰面吧。,2025-11-01 11:40:00,+8613787343210,1,
SMS-1580,,沈老板，下午好。我大概两点半左右到店里，想坐靠窗的位置，方便看杂志。麻烦帮我预留一下，谢谢。,2025-11-01 13:45:00,+8613787346789,0,
SMS-1581,,浩子，我晚上六点去王府井蓝蛙吃赛前餐，要不要一起？给你也加份意面。,2025-11-01 17:20:00,+8613622348877,0,
SMS-1582,96-2,【京东】您关注的Marmot男士GORE-TEX防水徒步靴（货号：MT-2025-GT）已降价至1599元，库存紧张，点击 jd.hk/xyz 查看。,2025-11-02 15:55:00,106900001234,1,96-b
SMS-1583,129-5,我：佳宁，国庆自驾游的视频素材我整理得差不多了，你拍的那些延时片段太棒了，我单独建了个文件夹。你那边还有没传给我的吗？,2025-11-02 16:45:00,+8613622344321,0,129-e
SMS-1584,129-5,徐佳宁：哈哈，谢谢夸奖！我这边都传完了，你整理好发我一份备份就行。对了，你上次说的那个剪辑插件好用吗？,2025-11-02 16:48:00,+8613622344321,1,129-e
SMS-1585,44-11,早上好！昨天半马跑得怎么样？我大腿酸得不行，你感觉如何？,2025-11-03 07:50:00,+8613787343210,0,44-k
SMS-1586,278-1,钱总，林总的季度投资回顾报告初稿已发您邮箱，请您审阅。,2025-11-03 11:20:00,+8613973111222,0,278-a
SMS-1587,278-1,林总您好，您的季度投资回顾报告初稿已完成，已提交内部审核，预计明天可以给您最终版。,2025-11-03 11:45:00,+8613818987654,0,278-a
SMS-1588,,我：妈，我下班了，现在开车去打包晚饭，大概半小时后到家。,2025-11-03 17:45:00,+8613907128765,0,
SMS-1589,,我：妈，打包好了，现在开车回家，大概20分钟。,2025-11-03 18:28:00,+8613907128765,0,
SMS-1590,,李秀英：好的，路上注意安全，菜凉了我给你热一下。,2025-11-03 18:30:00,+8613907128765,1,
SMS-1591,,外卖已到，放在前台了，请及时取餐。,2025-11-04 18:15:00,106900001234,1,
SMS-1592,,我：郑文博，项目提案初稿已上传云盘，链接发你邮箱了，有空帮忙看看风险评估部分。,2025-11-04 18:45:00,+8613787349876,0,
SMS-1593,,云飞，我出发去岳麓山了，大概6点50到老地方。今天状态怎么样？,2025-11-05 06:40:00,+8613787343210,0,
SMS-1594,,钱总，我已到公司，今早的紧急邮件已处理，晨会材料也已备好。,2025-11-05 09:50:00,+8613973111222,0,
SMS-1595,278-3,晓雅，会议链接和策略文档已发你邮箱，我们13:30准时开始。,2025-11-05 13:15:00,+8613857123456,0,278-c
SMS-1596,,钱总，智能投顾工具的项目提案已最终定稿，邮件已发送给您和合作方林总，请查收。核心风险评估数据和实施路径已重点标注。,2025-11-05 17:32:00,+8613973111222,0,
SMS-1597,,妈，今天项目提案搞定了，刚下班。晚上瑜伽课，晚点回家。你们晚饭吃了吗？,2025-11-05 17:45:00,+8613907128765,0,
SMS-1598,,爸，我刚到家。今天提案很顺利，瑜伽课也上完了，感觉放松不少。你和妈早点休息。,2025-11-05 21:50:00,+8613807123456,0,
SMS-1599,278-4,孙经理，下午和林总的会议，我需要最新的市场波动数据和客户持仓分析，麻烦你上午整理好发我，谢谢。,2025-11-06 08:45:00,+8613857123456,0,278-d
SMS-1600,278-4,黄总，视频会议链接已发您邮箱，Q4策略调整的演示材料和实时模型已准备就绪，我们12点准时开始。,2025-11-06 11:45:00,+8613622341234,0,278-d
SMS-1601,,博哥，中午老地方湘菜馆？12点50楼下碰头。,2025-11-06 12:40:00,+8613787349876,0,
SMS-1602,,钱总，智能投顾项目的竞品分析补充部分已更新，邮件发您了，请查收。,2025-11-06 14:10:00,+8613973111222,0,
SMS-1603,278-4,林总，下午会议的议程和风险收益分布图已准备完毕，政策影响摘要也已附上，稍后发您预览。,2025-11-06 14:30:00,+8613818987654,0,278-d
SMS-1604,,钱总，与林总的Q4策略会议纪要已整理好，核心要点和后续跟进事项已发您邮箱，请查收。,2025-11-06 17:05:00,+8613973111222,0,
SMS-1605,158-2-1,李哲，我大概19:20到咖啡馆，你那边产品原型演示准备好了吗？路上有点堵，我们直接开始。,2025-11-06 19:10:00,+8613912345678,0,158-b
SMS-1606,139-15-2,【图虫网】您发布的教程《电影感青橙色调后期》已通过审核，获得编辑推荐，请查收。,2025-11-07 13:20:15,106900009876,1,139-o
SMS-1607,278-5,钱总，本周工作复盘报告已发您邮箱，请查收。主要内容包括客户持仓分析、市场观察及下周初步计划。,2025-11-07 16:50:00,+8613973111222,0,278-e
SMS-1608,,妈，晚上我回家吃饭，大概七点到。今天工作顺利，报告也交完了。,2025-11-07 17:05:00,+8613907128765,0,
SMS-1609,,妈，我下班了，路上有点堵，顺便去便利店买点小番茄、生菜和鸡胸肉，周末吃。大概七点到家。,2025-11-07 17:25:00,+8613907128765,0,
SMS-1610,,我：晚上做了鸡胸肉沙拉，健康又好吃。你晚饭吃的啥？,2025-11-07 18:20:00,+8613622344321,0,
SMS-1611,,佳宁：这周拍的照片导出来了，有几张湘江边的晚霞光影绝了，回头发你看看。你最近有拍新片吗？,2025-11-07 19:20:00,+8613622344321,0,
SMS-1612,,哥，我刚买好晚上飞武汉的机票，航班号MU2456，预计19:30落地，直接去医院。爸那边情况有变化随时告诉我，路上注意安全。,2025-11-08 14:30:00,+8613817765432,1,
SMS-1613,,妈，我马上到武汉站了，直接打车去医院。你别太着急，等我到了再说。,2025-11-08 14:30:00,+8613907128765,0,
SMS-1614,1-14-1,我：云飞，今天晨跑心率130，状态不错。桃子湖空气很好，你周末可以来试试。,2025-11-09 07:20:00,+8613787343210,0,1-t
SMS-1615,35-2,我：妈，我下高铁了，现在打车去医院，大概半小时后到。爸情况怎么样？,2025-11-09 15:55:00,+8613907128765,0,35-b
SMS-1616,279-2,妈，我到家了。今天和医生聊完，爸的情况虽然需要时间，但治疗方案很明确，预后是积极的。你先别太担心，后面的事情我来安排。,2025-11-09 19:45:00,+8613907128765,0,279-b
SMS-1617,36-1,我梳理了一下，主要几件事：我协调线上工作，尽量留在武汉；联系小然看她什么时候能回来；研究一下爸的保险理赔。你放宽心，有我呢。,2025-11-09 20:10:00,+8613907128765,0,36-a
SMS-1618,279-2,小然，我刚把爸的病情、治疗方案、医生建议还有我的一些初步想法都整理成文档了，发你邮箱了。你先看看，我们一会儿视频详细说。,2025-11-09 21:15:00,+8613817765432,0,279-b
SMS-1619,,妈，我现在出发去医院了，大概8点10分到。你安心在家休息，有事随时打我电话。,2025-11-10 07:30:00,+8613907128765,0,
SMS-1620,34-2-1,妈，手续办好了，王主任刚沟通完，治疗方案很清晰，爸情况稳定。你别太担心，我晚点再跟你说。,2025-11-10 09:45:00,+8613907128765,0,34-b
SMS-1621,34-2-2,【Today便利店】您购买的陪护用品（脸盆、毛巾、纸巾）共计58元，订单号T20251110001，已支付成功。,2025-11-10 10:50:00,106900001234,1,34-b
SMS-1622,34-2-2,妈，医院食堂的饭菜我看过了，有清淡的菜式，中午我打一份粥和青菜给爸带上去。你中午自己记得吃饭。,2025-11-10 11:10:00,+8613907128765,0,34-b
SMS-1623,34-2-2,妈，我刚到超市，准备买些营养品和保温饭盒。你那边还需要我带点什么吗？,2025-11-10 13:35:00,13907128765,0,34-b
SMS-1624,35-4-3,钱总，上午您交代的Q4投资策略报告初稿我已审阅完毕，核心观点和风险提示部分已用邮件发您，请查收。,2025-11-11 13:15:00,+8613973111222,0,35-d
SMS-1625,35-4-3,妈，我爸刚午睡下，状态挺平稳的。医生上午的方案我们按计划进行，您别太担心，在酒店好好休息。晚上想吃什么？我点外卖。,2025-11-11 13:50:00,+8613907128765,0,35-d
SMS-1626,35-4-3,林总您好，关于您之前咨询的医疗健康板块投资机会，我整理了一些近期行业研报和头部机构动态，已发您工作邮箱，供您参考。,2025-11-11 14:05:00,+8613818987654,0,35-d
SMS-1627,,爸，我已经到医院了，正在康复科门诊这边排队。您别着急，我这边弄好了就上去接您。,2025-11-11 15:15:00,+8613807123456,0,
SMS-1628,,张医生，您好。我是冯建国的儿子，我们已经到门诊了，在候诊区等您。,2025-11-11 15:30:00,+8613612345678,0,
SMS-1629,,妈，会诊结束了。张医生给了很多康复建议，情况比预想的乐观。我等下把爸送回病房，详细情况晚上吃饭时跟您说。,2025-11-11 17:05:00,+8613907128765,0,
SMS-1630,115-1-2,小然，我刚和爸做完康复会诊，医生给了些居家康复动作。我把资料和录音发你邮箱了，你有空看看，我们周末视频时再详细聊后续安排。,2025-11-11 17:25:00,+8613817765432,0,115-a
SMS-1631,279-4,妈，我刚缴完爸的住院费，也把药都取好了。单据都收好了，您放心。中午我买了些水果回来。,2025-11-12 09:25:00,+8613907128765,0,279-d
SMS-1632,2-6,浩然，听阿姨说你爸住院了，情况怎么样？需要帮忙的话随时说。,2025-11-12 10:05:00,+8613622345678,1,2-j
SMS-1633,2-6,黄总您好，关于您咨询的科技股近期波动分析及应对策略，我已整理好初步思路，并已发送至您邮箱。您看本周四或周五下午，我们是否可以安排一个15分钟左右的电话会议，我向您详细汇报一下？,2025-11-12 10:35:00,+8613622341234,0,2-j
SMS-1634,,佳宁，下午去解放公园拍秋景，发现几处光影特别棒，发几张原图给你看看，有没有你喜欢的构图？,2025-11-12 13:45:00,+8613622344321,0,
SMS-1635,,钱总，今天的工作笔记和会议资料已整理归档，相关文件已同步至团队共享盘。个人事务也已处理完毕。,2025-11-12 15:25:00,+8613973111222,0,
SMS-1636,153-11,妈，晚上会议大概十点半结束，我结束后直接回病房换你休息，你晚饭吃好，别等我。,2025-11-12 18:45:00,+8613907128765,0,153-k
SMS-1637,153-11,李哲，晚上的视频会议提纲和网络我已测试完毕，随时可以开始。,2025-11-12 19:10:00,+8613622345678,0,153-k
SMS-1638,157-4,李哲，关于数据安全模块，我建议增加端到端加密和动态密钥管理，具体方案我稍后共享。,2025-11-12 19:45:00,+8613622345678,0,157-d
SMS-1639,157-4,隐私政策条款需要与用户协议解耦，并增加可视化同意流程，提升用户感知和合规性。,2025-11-12 20:30:00,+8613622345678,0,157-d
SMS-1640,157-4,操作简化方面，核心流程可考虑引入智能引导和一键配置，减少用户手动步骤。会议记录已整理，稍后发大家。,2025-11-12 22:20:00,+8613622345678,0,157-d
SMS-1641,,爸，监测指标都正常，您安心休息。热水和毛巾给您放床边了，有事随时叫我。,2025-11-12 22:45:00,+8613807123456,0,
SMS-1642,,妈，我起床锻炼完了，准备去医院。你待会过来路上注意安全，下雨路滑。,2025-11-14 08:05:22,+8613907128765,0,
SMS-1643,36-4,王主任您好，我是冯建国的儿子。感谢您上午的详细沟通，关于您提到的康复窗口期和血压监测，我记下了，会严格执行。后续有任何情况再向您请教。,2025-11-14 12:05:18,+8613622345678,0,36-d
SMS-1644,,文博，我父亲这边情况稳定多了，我明天就回长沙。你上次问的那个项目数据，我下午开完会发你。,2025-11-14 12:45:33,+8613787349876,0,
SMS-1645,34-6,妈，我打包了清蒸武昌鱼、腊肉炒藜蒿、莲藕排骨汤和辣椒炒肉，现在打车过来，晚高峰有点堵，大概18:30前能到病房。,2025-11-14 17:55:00,+8613907128765,0,34-f
SMS-1646,34-6,小然，我已经到医院了，和爸妈在吃饭。你大概几点到？路上注意安全。,2025-11-14 18:10:00,+8613817765432,0,34-f
SMS-1647,34-6,爸，我明天开车回长沙处理工作，下周末再回来。您安心休养，药按时吃，康复训练我教给小然了。路上我会注意安全，放心。,2025-11-14 19:20:00,+8613807123456,0,34-f
SMS-1648,,【家庭群】爸妈、小然：我今晚已返回长沙，家里的事辛苦你们了。爸的情况有任何变化随时联系我，我下周末就回。一切都在计划中，勿念。,2025-11-14 21:25:00,+8613807123456,0,
SMS-1649,,雨晴，我回长沙了。这周末有空吗？想约你喝杯咖啡，聊聊近况，顺便请教下你上次说的那个摄影展。,2025-11-14 22:15:00,+8613787344567,0,
SMS-1650,,【中国移动】尊敬的客户，您的话费余额为58.76元。为保障您的正常使用，请及时充值。点击 http://dx.10086.cn/XXXXXX 快速缴费。,2025-11-14 22:35:00,10658086,1,
SMS-1651,,妈，我到湘菜馆门口了，你从病房出来了吗？,2025-11-15 11:28:00,+8613907128765,0,
SMS-1652,,妈，我等下先去加油，然后回家发邮件，再去超市买东西。晚上带点水果去医院。,2025-11-15 13:15:00,13907128765,0,
SMS-1653,121-9,俊杰，我远程把家里植物系统调成冬季模式了。你这两天有空的话，方便帮我去看一眼吗？主要是确认一下阳台那几盆多肉的状态，谢谢！,2025-11-16 06:45:00,+8613787345678,0,121-i
SMS-1654,34-8,爸，我刚和王主任详细沟通完，出院方案和注意事项都记下来了，您放心。中午我整理好文件，下午再跟您和妈一起过一遍。,2025-11-16 09:35:00,+8613807123456,0,34-h
SMS-1655,,妈，我上午在家远程办公，大概到10点多。下午1点半左右到医院，我们和医生约的是1点半吗？,2025-11-17 07:00:00,+8613907128765,0,
SMS-1656,,是的，1点半。你爸明天出院的东西我都准备好了，清单我放餐桌上了，你有空也看看。,2025-11-17 07:05:00,+8613907128765,1,
SMS-1657,2-10,文博，我已上线，看到你的留言了。新能源板块的异动分析我正在看数据，稍后给你详细回复。,2025-11-17 07:45:00,+8613787349876,0,2-n
SMS-1658,2-10,文博，新能源板块的异动主要是受海外政策预期和部分龙头公司业绩预告超预期影响，资金有短期流入迹象，但持续性有待观察。详细数据和逻辑我发你邮箱了。,2025-11-17 08:30:00,+8613787349876,0,2-n
SMS-1659,2-10,晓雅，已收到客户对债市波动的担忧。核心是流动性预期变化，并非基本面转向。我整理了一份资产配置调整建议和沟通要点，已发你，可据此安抚客户。,2025-11-17 09:50:00,+8613857123456,0,2-n
SMS-1660,115-2,您好，请问是同济医院社区康复站吗？我想咨询一下脑卒中患者出院后的康复评估流程和费用，以及医保报销政策。,2025-11-17 10:20:00,106900001234,0,115-b
SMS-1661,115-2,【同济康复】您好，康复评估需携带患者病历、身份证、医保卡至我站预约。基础评估费XXX元，部分项目可走医保。详情可回复“预约”或致电027-8366XXXX。,2025-11-17 10:25:00,106900001234,1,115-b
SMS-1662,115-2,您好，请问是江岸区老年康复中心吗？想了解你们对居家康复患者的支持方案和护工对接服务。,2025-11-17 11:10:00,106900005678,0,115-b
SMS-1663,,师傅您好，我已到达上车点（解放大道368号小区门口），穿黑色外套。,2025-11-17 12:42:00,106900008888,0,
SMS-1664,115-2,爸，我快到医院了，大概还有10分钟。今天感觉怎么样？昨晚睡得好吗？,2025-11-17 13:00:00,+8613807123456,0,115-b
SMS-1665,,妈，我明天下午的高铁票买好了，G1037次，14:05汉口站发车，大概晚上7点到深圳北。你明天办出院手续别着急，单据都带齐，有问题随时给我打电话。,2025-11-17 16:45:00,+8613907128765,0,
SMS-1666,2-10,郑哥，病房这边刚收拾完。你下午留言问的Q4渠道数据，我手机上看了一下，初步估算同比增幅在15%左右，详细报表我晚上用电脑整理好发你。,2025-11-17 16:55:00,+8613787349876,0,2-n
SMS-1667,,钱总，今日团队工作日报已汇总完毕，主要内容包括A项目进度更新、B客户反馈跟进以及下周会议初步安排，已发送至您邮箱，请查收。,2025-11-17 20:30:00,+8613973111222,0,
SMS-1668,281-1-1,爸，今天和王主任聊得很顺利，出院手续妈明天去办。你回家后按时吃药，血压记得每天早晚测，数据记在本子上。我明天下午的车回深圳，到了给你报平安。,2025-11-17 21:20:00,+8613807123456,0,281-a
SMS-1669,,妈，我早上在江滩快走了一圈，空气很好，感觉精神多了。你昨晚休息得怎么样？,2025-11-18 08:40:00,+8613907128765,0,
SMS-1670,,儿子，我休息得还行。你爸状态也挺好。你下午的高铁票确定没问题吧？路上注意安全。,2025-11-18 08:45:00,+8613907128765,1,
SMS-1671,279-8,【同济医院】尊敬的冯建国患者家属，您于2025-11-18办理的住院费用结算已完成，结算单号WH202511180915，总金额已通过医保及个人账户支付完毕。电子发票已推送至您预留邮箱，请注意查收。,2025-11-18 09:50:00,106900001095,1,279-h
SMS-1672,81-1,【招商银行】尊敬的冯浩然先生，您关注的个人养老金账户Y类份额产品“招行安颐稳健养老目标一年持有(FOF)Y”最新净值已更新为1.0235，详情可登录手机银行App查看。,2025-11-18 11:30:00,106980095555,1,81-a
SMS-1673,115-3,爸，我回深圳后就准备去联系专业的运动康复机构，系统调理一下肩颈和腰椎。你也要坚持做康复训练，我们互相监督。,2025-11-18 12:20:00,+8613807123456,0,115-c
SMS-1674,,妈，我这边工作处理完了，现在从酒店打车过来，大概半小时后到。爸今天感觉怎么样？,2025-11-18 17:05:00,13907128765,0,
SMS-1675,281-2-2,妈，我下午三点左右到家，把健康手环、血压计和血糖仪都带齐了。到时候我一步步教您怎么用，特别是那个跌倒报警功能，很重要。,2025-11-19 13:45:00,+8613907128765,0,281-b
SMS-1676,281-2-2,妈，您刚才测的血压数据已经同步到手机APP上了，我这边能看到。血糖仪的操作步骤我写在便签纸上了，就贴在仪器旁边，您有空可以再看看。,2025-11-19 16:50:00,+8613907128765,0,281-b
SMS-1677,,妈，我刚到公司处理积压的工作，一切顺利。爸今天感觉怎么样？记得提醒他按时吃药。,2025-11-20 09:40:15,+8613907128765,0,
SMS-1678,2-12,文博，我已到公司，上午10:45后方便吗？我们详细过一下你帮我跟进的客户动态和项目清单，确保交接无误。地点就在我们常用的小会议室。,2025-11-20 09:55:30,+8613787349876,0,2-p
SMS-1679,81-2,钱总，下午好。上午A股收盘数据已查阅，市场分析简报初稿已完成，稍后发您审阅。另外，关于个人养老金的研究资料我也在同步整理，预计今晚能形成初步摘要，明天上午向您汇报进展。,2025-11-20 14:45:00,+8613973111222,0,81-b
SMS-1680,34-10,爸妈，我建了一个家庭健康群，以后每周把你们的血压和血糖数据发到群里吧，我也会分享一些健康提醒，多注意身体。,2025-11-20 18:30:00,13800138000,0,34-j
SMS-1681,,妈，我刚开完家庭会议，分工和时间表都定好了，您和爸别太操心，安心休养。天冷了，晚上盖好被子。我这边一切都好，您也早点休息。,2025-11-20 21:45:00,+8613907128765,0,
SMS-1682,,妈，我早上跑步听新闻说最近流感又厉害了，你和爸在家注意保暖，出门戴好口罩。,2025-11-21 08:45:22,13907128765,0,
SMS-1683,81-3-1,【XX保险】尊敬的客户，您咨询的商业健康保险方案已初步拟定，包含重疾、医疗及意外保障，年缴保费约8500元。详细条款及电子保单已发送至您邮箱，请查收。如有疑问可随时联系。,2025-11-21 10:30:15,106900008888,1,81-c
SMS-1684,81-3-2,爸，晚上视频聊保险的事，我大概六点四十左右打给你，你方便吗？另外我晚上要去天文台看星星，正在准备相机和厚衣服。,2025-11-21 17:30:00,+8613807123456,0,81-c
SMS-1685,63-1-4,天文台今晚的讲座是19:45开始，主题是系外行星探索，我们直接在门口集合吧，别忘了带身份证。,2025-11-21 18:20:00,+8613622344321,0,63-a
SMS-1686,109-2,我：雨晴，我在朋友圈看到长沙流浪天使救助中心发了一只橘猫的领养信息，特别可爱！链接发你了，你看看有没有兴趣？,2025-11-22 12:45:00,+8613787344567,0,109-b
SMS-1687,,我：云飞，我已经到老街鱼嘴巴了，在靠窗的卡座。你大概还有多久到？,2025-11-22 17:45:00,+8613787343210,0,
SMS-1688,,云飞，今晚聚餐聊得很开心，特别是关于给父母配置保险的经验，很有启发。我到家了，你也早点休息，下次约跑！,2025-11-22 20:25:10,+8613787343210,0,
SMS-1689,,妈，我刚和藏友老罗视频聊完邮票市场。爸今天感觉怎么样？复健还顺利吗？,2025-11-23 15:50:00,+8613907128765,0,
SMS-1690,,妈，我刚到家。今天去救助站看了一只特别亲人的橘猫，心情有点复杂，又温暖又觉得责任重大。你和爸都还好吧？,2025-11-23 20:25:15,+8613907128765,0,
SMS-1691,,轩子，今天遇到个事儿。我去动物救助站，有只橘猫跟我特别投缘，我在认真考虑领养。你养猫经验丰富，改天有空跟你请教下？,2025-11-23 20:40:30,+8613622345678,0,
SMS-1692,110-2,我：文博，午休时方便的话，帮我看看这份关于宠物托运和本地宠物友好公寓的调研清单，有没有什么明显的遗漏？我发你微信了。,2025-11-24 12:55:00,+8613787349876,0,110-b
SMS-1693,,妈妈：浩然，中午吃饭了吗？最近天气变化大，你一个人在外面要照顾好自己，别总吃外卖。,2025-11-24 13:05:00,+8613907128765,1,
SMS-1694,,【平安健康】尊敬的冯先生，您预约的关于父母医疗保险（保单号：PA20251124HNCS001）的线上会议将于13:10准时开始，会议链接已发送至您邮箱，请提前5分钟进入。,2025-11-24 13:05:00,1069000095511,1,
SMS-1695,3-1,我：林总，您要的投资报告初稿已完成，核心数据和策略建议已汇总，预计今天下班前将最终版发您邮箱审阅。,2025-11-24 14:45:00,+8613818987654,0,3-i
SMS-1696,3-1,黄思琪：冯经理，关于我那个方案的最新市场数据，麻烦您今天同步我一下，我这边需要尽快给老板汇报。,2025-11-24 15:10:00,+8613622341234,1,3-i
SMS-1697,110-2,我：轩子，这周末有空吗？最近有点纠结养宠物的事，想找你喝一杯聊聊，听听过来人的意见。,2025-11-24 15:35:00,+8613622345678,0,110-b
SMS-1698,,妈，我下班了，刚在便利店买了鸡胸肉和沙拉，晚上简单吃点。你和我爸晚饭吃了吗？,2025-11-24 18:40:15,+8613907128765,0,
SMS-1699,154-15,我：博哥，中午吃饭时聊的运动康复机构，我搜到一家叫‘优复运动’的评价不错，在梅溪湖那边，你有空一起看看吗？,2025-11-25 12:45:00,+8613787349876,0,154-o
SMS-1700,154-15,郑文博：收到，我下午查查他们的资质和预约方式。对了，你上次说的瑜伽馆叫什么名字？我女朋友也想试试。,2025-11-25 12:48:30,+8613787349876,1,154-o
SMS-1701,,【XX银行】尊敬的客户，您尾号8899的储蓄卡于13:15在‘老长沙味道’湘菜馆消费128.00元。如有疑问请致电955XX。,2025-11-25 13:15:30,10690000955,1,
SMS-1702,81-5,【XX银行】尊敬的客户，您已成功开立个人养老金资金账户（尾号5678），并完成缴存12000元。您选择的‘XX养老目标日期2045基金’已确认申购。详情请登录手机银行查询。,2025-11-25 15:05:00,10690000955,1,81-e
SMS-1703,116-1,【美年大健康】尊敬的冯先生，您的年度体检报告已生成，编号：MN20251125001。报告显示：颈椎生理曲度变直，建议关注并适时复查。详情可登录APP查看或致电客服400-100-2000。,2025-11-25 17:25:00,106900001001,1,116-a
SMS-1704,,妈，我下班了，现在开车去跟同事聚餐，晚上回去可能晚点，你们先休息不用等我。,2025-11-25 17:35:00,+8613907128765,0,
SMS-1705,154-15,博哥，我已经到龙虾馆门口了，你们到了吗？在几号桌？,2025-11-25 18:40:00,+8613787349876,0,154-o
SMS-1706,154-15,在二楼8号包厢，直接上来吧，菜刚点好。,2025-11-25 18:42:00,+8613787349876,1,154-o
SMS-1707,129-8-1,佳宁，上次川西旅行的短片我剪好了，刚发到B站和视频号，调色和构图参考了你之前的建议，你有空看看给点意见哈。,2025-11-25 21:30:00,+8613622344321,0,129-h
SMS-1708,116-1,爸，今天体检报告出来了，颈椎有点小问题，不过已经知道怎么处理了，别担心。明天我联系下康复机构看看。你和我妈也注意身体。,2025-11-25 22:05:00,+8613807123456,0,116-a
SMS-1709,,妈，我上班路上，今天降温了，你和爸在家注意保暖，别着凉了。,2025-11-26 08:20:15,13907128765,0,
SMS-1710,3-2,钱总，年终总结的初稿我正在写，核心业绩部分已经完成，下午发给您审阅。,2025-11-26 10:45:30,13973111222,0,3-j
SMS-1711,,博哥，中午有空吗？新开了家老长沙口味馆，一起去尝尝？,2025-11-26 11:40:00,13787349876,0,
SMS-1712,,好啊，正好有点饿了。12点公司楼下碰头？,2025-11-26 11:42:15,13787349876,1,
SMS-1713,,沈老板，下午好。我大概十分钟后到店里，麻烦帮我预留一杯热美式，谢谢。,2025-11-26 13:12:05,13787346789,0,
SMS-1714,40-2,爸，我给您和妈看好的那份保险方案最终确定了，保障很全面。晚上回家跟您详细说说。,2025-11-26 15:35:20,13807123456,0,40-b
SMS-1715,129-9-2,我：佳宁，我那个《湘黔行纪》的短片刚剪完最终版，发到群里了。你帮我看看那个苗寨晨雾的转场，音效和画面节奏搭不搭？,2025-11-26 19:45:00,+8613622344321,0,129-i
SMS-1716,129-9-2,徐佳宁：看了！晨雾那段绝了，配乐选得很有意境。不过我觉得从梯田转到古镇的那个镜头，色温可以再暖一点点，更有黄昏的感觉。,2025-11-26 19:55:00,+8613622344321,1,129-i
SMS-1717,129-9-2,我：有道理！我微调一下。对了，你上次说的那个ND滤镜效果，我在瀑布那段试了，长曝光出来的水流质感确实不一样，回头把参数发你。,2025-11-26 20:05:00,+8613622344321,0,129-i
SMS-1718,,妈，我出发去公司了，今天降温，你和爸在家注意保暖，别着凉了。,2025-11-27 08:10:00,+8613907128765,0,
SMS-1719,158-4-1,文博，我上午和李哲开完会了，下午的客户预约时间没变吧？,2025-11-27 09:30:00,+8613787349876,0,158-d
SMS-1720,158-4-1,李哲，会议要点和修改建议已整理好，发你邮箱了，请查收。,2025-11-27 11:35:00,+8613622345678,0,158-d
SMS-1721,106-1,文静，感谢你下午发来的保险资料，我仔细看了。关于为父母选择高端体检与医疗险结合方案，有几个细节想再确认一下：1. 你推荐的A款产品，对三高等慢性病的核保尺度具体是怎样的？2. 体检套餐里包含的肿瘤标志物筛查，是基础项还是需要额外加项？方便时我们电话沟通一下。,2025-11-27 16:45:00,+8613818905678,0,106-a
SMS-1722,,妈，我下班了，路上有点堵。晚上简单吃点沙拉。爸今天感觉怎么样？你也要注意休息，别太累。,2025-11-27 17:35:00,+8613907128765,0,
SMS-1723,111-2-1,我：妈，我今天给一个动物救助站捐了点款，看到那些小猫小狗挺可怜的。你和爸最近身体都还好吧？天气冷了注意保暖。,2025-11-28 14:10:00,+8613907128765,0,111-b
SMS-1724,81-6,【XX保险】尊敬的冯先生，您为父母投保的医疗险、意外险及个人重疾险的电子保单已生成，保单号分别为：YL20251128001、YW20251128001、CZ20251128001。请妥善保管。,2025-11-28 21:15:30,106900008888,1,81-f
SMS-1725,81-6,【XX保险】您的首期保费支付成功，扣款金额为3860元。保单将于次日零时正式生效。如需预约纸质保单邮寄或后续服务咨询，请回复“预约”或致电客服热线400-123-4567。,2025-11-28 21:18:05,106900008888,1,81-f
SMS-1726,,妈，我中午准备做香煎鸡胸肉，你上次说西兰花怎么焯水能保持翠绿来着？是冷水下锅还是水开下锅？,2025-11-29 11:05:00,+8613907128765,0,
SMS-1727,114-15,博哥，我已经到麓筵餐厅包厢了，预点了紫苏桃子姜焖排骨和剁椒鱼头，靠窗位置，江景不错。你们大概几点到？,2025-11-29 17:15:00,+8613787349876,0,114-o
SMS-1728,114-15,文博，晓雅，今晚聚餐很开心，谢谢你们听我分享那些旅途故事。我到家了，你们也早点休息。,2025-11-29 20:20:15,+8613787349876,0,114-o
SMS-1729,106-2-2,黄总您好，您发来的体检机构资料链接我已收到并收藏，感谢分享。我稍后仔细研究，如有疑问再向您请教。祝好！,2025-11-29 20:50:05,+8613622341234,0,106-b
SMS-1730,40-4-1,【平安保险】尊敬的客户，您的保单（保单号：PA20251130012345）已成功签署并生效，首期保费已扣款。如需电子保单或咨询，请回复“保单”或致电95511。,2025-11-30 14:55:30,1069000095511,1,40-d
SMS-1731,57-1,我：俊杰，我这边超市采购快结束了，大概六点半能到家。晚上七点老地方味千拉面见？,2025-11-30 16:45:00,+8613787345678,0,57-a
SMS-1732,57-1,吴俊杰：收到！没问题，七点味千拉面见。正好跟你聊聊我最近看的一个项目。,2025-11-30 16:48:00,+8613787345678,1,57-a
SMS-1733,,【中国移动】尊敬的客户，您的话费账单已出，本月消费128.5元，账户余额56.3元。点击 http://10086.cn 查询详情。,2025-11-30 20:15:00,10658086,1,
SMS-1734,,妈，我出门上班了，今天降温，你和爸在家注意保暖。昨晚你说的保险合同，快递应该今天下午会送到，注意查收。,2025-12-01 08:05:22,+8613907128765,0,
SMS-1735,,妈，我下班了，路上有点堵，大概八点到家。晚上八点我们准时视频聊保险的事，我把文件都整理好了。,2025-12-01 17:45:00,+8613907128765,0,
SMS-1736,,妈，上午有个重要的客户会议，刚结束。您昨天发我的保险合同我看了，条款都挺好的，您放心。最近天气多变，您和爸多注意身体。,2025-12-02 11:35:00,+8613907128765,0,
SMS-1737,,林总，您的季度资产配置报告初稿已完成，已发送至您的工作邮箱，请查收审阅。报告结合了最新的PMI数据对制造业板块影响做了深入分析，如有任何修改意见请随时告知。,2025-12-02 16:45:00,+8613818987654,0,
SMS-1738,150-7-1,钱总，晨会汇报的年底投资报告'宏观展望'部分已更新，关于明年Q1货币政策的研判部分已加入最新PMI数据支撑，请您审阅。,2025-12-03 09:45:00,+8613973111222,0,150-g
SMS-1739,150-7-1,文博，你晨会分享的新能源板块数据很有价值，我已整合进报告模型。方便的话，把原始数据文件也发我一份，我想再深入看看细分领域。,2025-12-03 11:20:00,+8613787349876,0,150-g
SMS-1740,,文博，中午老地方？吃完饭正好去健身房划会儿船，聊聊你上次说的那个新项目。,2025-12-03 11:50:00,+8613787349876,0,
SMS-1741,,妈，我看了下你们最近的血压数据都挺平稳的。我在研究智能手表，华为有款带跌倒监测和心率预警的，感觉挺适合你们，你觉得怎么样？,2025-12-03 19:15:00,+8613907128765,0,
SMS-1742,288-3,黄总，关于年底资产调整方案，核心数据已核对完毕，调整建议和风险提示已更新至附件，请查收邮件。如有疑问，随时沟通。,2025-12-04 16:45:00,+8613622341234,0,288-c
SMS-1743,288-4,林总您好，下午的年度投资回顾面谈已准备就绪。我已将您的投资组合近期表现数据及调整预案整理好，我们圣爵菲斯咖啡厅见。,2025-12-05 14:20:00,+8613818987654,0,288-d
SMS-1744,288-4,妈，晚上回家吃饭吗？今天跟客户谈得挺顺利，想跟你们分享一下。,2025-12-05 17:25:00,+8613907128765,0,288-d
SMS-1745,,我：小然，这周末有空吗？我刚整理完这周拍的城市夜景照片，有几张特别有感觉，想发你看看。,2025-12-05 20:55:10,+8613817765432,0,
SMS-1746,,冯欣然：哥，照片我看了，光影抓得真好！尤其是那张有轨电车的。我周末应该有空，你是不是又想约我出去拍照了？,2025-12-05 21:05:25,+8613817765432,1,
SMS-1747,,妈，我上午去湖大那边拍了不少照片，天气很好。下午在家研究爸的保险，资料都准备好了，晚上跟你们详细说。你和爸都还好吧？,2025-12-06 12:55:00,+8613907128765,0,
SMS-1748,,爸，我对比了几款健康保险，B方案保障更全面，保费也合理。我把条款分析发你邮箱了，有空看看，周末回家细聊。,2025-12-06 13:45:00,13807123456,0,
SMS-1749,,【平安健康】尊敬的客户，您咨询的健康险B方案（保单号PA20251206****）已生成电子版，详情可登录平安健康APP查看或致电95511。,2025-12-06 14:10:00,106900095511,1,
SMS-1750,106-4,妈，我早上起来做了康复训练，感觉好多了。今天降温，你和爸在家也多注意保暖，别着凉。,2025-12-07 08:45:00,+8613907128765,0,106-d
SMS-1751,,轩子，我刚在涉外这边一家叫鱼米家的日料店吃拉面，味道挺正的。你周末有空不？要不要约个饭？,2025-12-07 09:35:00,+8613622345678,0,
SMS-1752,,浩子，中午在涉外吃日料，想起上次你说也想试试。这家豚骨拉面不错，地址发你，有空可以来尝尝。,2025-12-07 09:50:00,+8613622348899,0,
SMS-1753,106-4,【平安健康保险】尊敬的冯先生，您为冯建国先生投保的“安康一生”健康保险（保单号PA20251207HNCS001）已成功承保，电子保单已发送至您的邮箱。如需预约体检或咨询，请回复“预约”或拨打客服热线95511。,2025-12-07 11:25:00,1069000095511,1,106-d
SMS-1754,,沈老板，下午好。我大概三点半左右到店里，想喝耶加雪菲手冲，帮我预留一个靠窗安静点的位置可以吗？谢谢。,2025-12-07 15:00:00,+8613787346789,0,
SMS-1755,106-4,妈，我晚上做了香煎巴沙鱼，味道还不错。你和爸晚上吃的什么？最近天气变化大，你们多注意身体。,2025-12-07 18:30:00,+8613907128765,0,106-d
SMS-1756,,云飞，今天晨跑在穿石坡湖遇到你，状态不错啊！我刚拍了几张晨光林间的照片，感觉挺有味道的，回头发你看看。,2025-12-08 07:55:30,+8613787343210,0,
SMS-1757,37-3-1,我：爸妈，小然，报告一个好消息！我刚刚查了CFA三级成绩，通过了！太开心了！,2025-12-08 08:35:15,+8613807123456,0,37-c
SMS-1758,37-3-1,妈妈：儿子太棒了！妈妈就知道你肯定行！晚上回家给你做顿大餐庆祝一下！,2025-12-08 08:36:45,+8613907128765,1,37-c
SMS-1759,37-3-1,冯欣然：哥！恭喜恭喜！我就说你是学霸！必须请客！周末我回来宰你一顿！,2025-12-08 08:38:10,+8613817765432,1,37-c
SMS-1760,157-5,博哥，中午有空吗？一起吃饭庆祝一下？我请客，就在楼下湘菜馆。,2025-12-08 12:02:00,+8613787349876,0,157-e
SMS-1761,,雨晴，晚上聚餐地点就定焱魔胡同烧肉居酒屋吧，我大概7点10分到。浩然那边我也约好了，晚上8点视频连线。,2025-12-08 17:05:00,+8613787344567,0,
SMS-1762,,妈，我聚餐结束了，现在打车回家，一切都好，不用担心。,2025-12-08 22:05:00,+8613907128765,0,
SMS-1763,,我：轩子，我CFA过了！昨晚喝大了，今天头还晕，通勤路上都在回消息。改天出来庆祝一下？,2025-12-09 08:45:10,+8613622345678,0,
SMS-1764,,我：博哥，中午库迪咖啡见？我请客，庆祝我CFA通过，顺便聊聊上午的市场。,2025-12-09 11:46:05,+8613787349876,0,
SMS-1765,,我：妈，我昨天CFA考试通过了，晚上和同事庆祝了一下，今天有点累，但工作都顺利。你和爸注意身体，长沙降温了。,2025-12-09 11:50:22,+8613907128765,0,
SMS-1766,,钱总，客户简报已发送，明日日程已查看并标记重点。今日工作已收尾，我先下班了。,2025-12-09 17:15:00,+8613973111222,0,
SMS-1767,116-4-3,我：佳宁，我刚做完康复，准备去运达汇的味千拉面吃晚饭，你下班了吗？要不要一起？,2025-12-09 19:15:00,+8613622344321,0,116-d
SMS-1768,,徐佳宁：我刚下班，不过今天有点累，想直接回家了。你好好吃，注意清淡点，昨天喝了不少。,2025-12-09 19:18:00,+8613622344321,1,
SMS-1769,116-4-3,我：妈，我康复做完了，刚吃完晚饭，现在坐地铁回家。今天肩颈舒服多了。,2025-12-09 20:45:00,+8613907128765,0,116-d
SMS-1770,,李秀英：那就好，注意保暖，到家早点休息。,2025-12-09 20:47:00,+8613907128765,1,
SMS-1771,39-1-1,【中南大学湘雅二医院】尊敬的冯浩然先生，您的肩颈专项复查报告已生成，显示恢复良好。请继续保持良好姿势与适度锻炼。祝您健康！,2025-12-10 10:05:00,10690000139,1,39-a
SMS-1772,156-1-2,孙晓雅，下午的视频会议材料我已经准备好了，主要是客户近况同步和一季度宏观展望的初步框架，会议开始前我发你预览一下。,2025-12-10 13:45:00,+8613857123456,0,156-a
SMS-1773,156-1-2,林总您好，今日A股市场整体震荡，您关注的科技板块表现分化。您的持仓简报已更新并发送至您邮箱，请查收。如有调整需求，随时联系。,2025-12-10 15:20:00,+8613818987654,0,156-a
SMS-1774,,妈，我刚到家，准备煮个面当晚饭。你和我爸吃了吗？,2025-12-10 19:25:30,+8613907128765,0,
SMS-1775,39-1-1,爸，妈，我肩颈复查结果出来了，医生说一切良好，放心吧。晚上有空视频吗？,2025-12-10 20:35:10,+8613807123456,0,39-a
SMS-1776,,好的儿子，我们刚收拾完，这就开视频。,2025-12-10 20:38:05,+8613907128765,1,
SMS-1777,,爸，我最近工作挺顺利的，领导还夸了我做的项目。另外我在查滑雪场信息，想冬天去玩玩。,2025-12-10 20:42:15,+8613807123456,0,
SMS-1778,,【神农架国际滑雪场】尊敬的游客，滑雪场预计12月20日开放，现已开启早鸟票预约，详情请点击：http://t.cn/xxxxxx 回复TD退订,2025-12-10 21:15:22,106900001234,1,
SMS-1779,,钱总，投资策略报告初稿已完成，已发您邮箱，请您审阅。如有修改意见，我随时调整。,2025-12-11 17:25:00,13973111222,0,
SMS-1780,,妈，我下班了，现在去康复中心做训练，大概七点多结束，晚上回家吃饭。,2025-12-11 17:35:00,13907128765,0,
SMS-1781,288-8,钱总，2026年度宏观与资产配置策略报告已定稿，并通过内部协作系统正式提交，请您审阅。汇报前若有任何问题，随时联系我。,2025-12-12 09:55:00,+8613973111222,0,288-h
SMS-1782,288-8,黄总您好，关于您咨询的资产配置方案，我已将初步思路整理好，并预约了明天下午3点的视频会议，具体链接稍后发您邮箱，请查收。,2025-12-12 14:20:00,+8613622341234,0,288-h
SMS-1783,,妈，我明天晚上回武汉，大概九点多到家。给您和爸带了点长沙特产。天气转凉，你们注意保暖。,2025-12-12 16:45:00,+8613907128765,0,
SMS-1784,55-1-1,轩子，我大概晚上7点能到万松园，巴厘龙虾见。你那边还顺利吧？,2025-12-12 18:50:00,+8613622345678,0,55-a
SMS-1785,,浩子，明天晚上我们部门聚餐，地点定在徐记海鲜，你确定能来吧？,2025-12-12 20:40:00,+8613622348899,0,
SMS-1786,,收到，我准时到。,2025-12-12 20:45:00,+8613622348899,1,
SMS-1787,141-4,我：轩子，我已经从酒店出发了，大概九点半到黎黄陂路路口，今天阴天，我们重点拍建筑细节。,2025-12-14 08:45:00,+8613622345678,0,141-d
SMS-1788,41-3,我：妈，我大概十二点半到家，路上有点堵，别着急。,2025-12-14 12:15:00,+8613907128765,0,41-c
SMS-1789,55-3,我：爸，我行李都收拾好了，我们三点准时出发去武汉站吧。,2025-12-14 14:50:00,+8613807123456,0,55-c
SMS-1790,55-3,妈，我上高铁了，G1109，大概晚上8点半到长沙南站，放心吧。,2025-12-14 16:45:00,13907128765,0,55-c
SMS-1791,,妈，我中午吃了三文鱼沙拉，很健康。你中午吃的什么？最近天气干，你和爸多喝点水。,2025-12-15 12:30:15,+8613907128765,0,
SMS-1792,,郑文博，下午的客户会开完了，比预想的顺利。你那边下午进展如何？,2025-12-15 16:05:20,+861387349876,0,
SMS-1793,,钱总，下午与黄思琪、林志豪两位客户的沟通已完成，核心要点和后续步骤已同步至系统。今日积压事项已全部处理完毕。,2025-12-15 16:45:00,+8613973111222,0,
SMS-1794,,妈，我下班了，顺路去钱大妈买了点菜，有鸡胸肉和西兰花，晚上简单吃点。您和爸晚饭吃了吗？,2025-12-15 18:50:00,+8613907128765,0,
SMS-1795,,我：文博，中午12点10分，蔬适轻食，门口见？,2025-12-16 11:45:00,+8613787349876,0,
SMS-1796,,妈妈：浩然，最近长沙降温厉害，你上次说肩膀不舒服，记得穿暖和点，晚上别熬夜。,2025-12-16 12:30:00,+8613907128765,1,
SMS-1797,,我：林总，您的投资组合季度回顾报告已定稿并发您邮箱，请查收。如有任何问题，随时联系我。,2025-12-16 14:50:00,+8613818987654,0,
SMS-1798,107-1-3,我：爸，我下午在做体检机构的对比表，想问问您和妈妈最近有没有感觉哪里特别不舒服，或者有什么想重点检查的项目？,2025-12-16 15:20:00,+8613807123456,0,107-a
SMS-1799,,钱总，明天上午与黄思琪的电话会议材料提纲已初步完成，重点分析了他们上一季度的业务数据和我们的合作切入点。提纲已发您邮箱，请您审阅，看是否需要调整或补充。,2025-12-16 16:05:00,13973111222,0,
SMS-1800,,晓雅，行政部那边关于下季度办公用品采购的汇总表，我已经核对并签字了，原件放在你桌上。另外，明天上午9点半的部门周会，会议室还是定在302，麻烦你确认一下。,2025-12-16 16:35:00,13857123456,0,
SMS-1801,,爸，我刚在健康设备上看了您最近一周的血压数据，整体都很平稳，继续保持。降压药记得按时吃，天气冷，早晚出门多穿点。,2025-12-16 17:10:00,13807123456,0,
SMS-1802,,【钱大妈】尊敬的会员，您于18:25在钰龙天下店消费68.5元，获得积分15分。蓝莓、鸡胸肉等生鲜商品已加入您的购物偏好。感谢惠顾，期待再次光临！,2025-12-16 18:26:00,106900009876,1,
SMS-1803,,我：妈，今天降温了，你和爸在家注意保暖，晚上睡觉关好窗户。我这边一切都好，别担心。,2025-12-17 22:15:00,+8613907128765,0,
SMS-1804,117-3,妈，今天长沙这边下雨，我改去健身房跑步了。你和爸在武汉那边天气怎么样？降温了注意保暖。,2025-12-18 08:10:15,+8613907128765,0,117-c
SMS-1805,38-1,钱总，我的年终绩效面谈材料初稿已完成，重点突出了资产规模增长、客户满意度提升以及团队带教贡献。您看今天下午或明天上午方便时，我先跟您过一下吗？,2025-12-18 11:45:00,+8613973111222,0,38-a
SMS-1806,290-2-3,妈，我刚看完话剧，很精彩。已经在地铁上了，大概十点多到家，不用担心。,2025-12-18 21:35:00,+8613907128765,0,290-b
SMS-1807,290-2-4,我刚看完《时间旅行者的妻子》，太震撼了！那种沉浸感完全不一样，演员就在你身边表演，命运感和宿命感拉满。你觉得这种形式和传统话剧比，最大的魅力在哪？,2025-12-18 22:20:05,+8613777344567,0,290-b
SMS-1808,290-2-4,对，就是这种打破第四面墙的互动！而且它让我想了很多关于‘当下’的意义。我们总在计划未来或遗憾过去，但话剧里那种无法改变的命运轨迹，反而凸显了此刻拥有的珍贵。你觉得呢？,2025-12-18 22:35:15,+8613777344567,0,290-b
SMS-1809,,文博，高净值客户紧急调整需求的资料我这边整理好了，10点专项会议前你先看看，重点在风险敞口部分。,2025-12-19 09:10:00,+8613787349876,0,
SMS-1810,,晓雅，客户需求再确认的沟通要点和风险提示清单已发你邮箱，请查收。与客户沟通时注意安抚情绪，强调我们的预案。,2025-12-19 11:45:00,+8613857123456,0,
SMS-1811,107-2-1,【京东物流】您的包裹（单号JDV0012345678）已由【武汉转运中心】发往【长沙岳麓站】，预计今日18:00前送达，请保持电话畅通。,2025-12-19 12:30:00,106900096633,1,107-b
SMS-1812,,文博，报告初稿已发你邮箱，风险测算部分的数据麻烦重点复核一下，尤其是波动率假设那里。,2025-12-19 17:05:00,+8613787349876,0,
SMS-1813,,妈，我刚起床，今天天气不错，准备去岳麓山徒步。你和爸在家都好吧？,2025-12-21 08:45:00,+8613907128765,0,
SMS-1814,,轩子，我刚徒步完，准备去西街花园那家日料店吃拉面。你最近咋样，周末忙啥呢？,2025-12-21 12:45:00,+8613622345678,0,
SMS-1815,,【瑞慈医疗】尊敬的客户，您咨询的体检套餐详情已通过短信发送，请查收。如需预约，请回复“预约”或致电400-820-6618。,2025-12-21 15:05:00,106900006618,1,
SMS-1816,285-2-5,今晚的“舌尖上的中国家庭版”圆满成功！每道菜都是满分。爸妈、欣然，晚安，好梦！,2025-12-21 20:05:15,+8613907128765,0,285-b
SMS-1817,38-5,我：文博，晓雅，我晋升投资总监的申请刚批了，奖金也到账了！特别感谢你们之前的支持。下午一点圣爵菲斯咖啡厅，我请客，咱们聚聚聊聊年底计划。,2025-12-23 12:30:00,+8613787349876,0,38-e
SMS-1818,283-2,妈，我下班去王府井给朋友挑圣诞礼物了，买了香薰和卡包，包装得挺有节日气氛的。晚点回家，晚饭我点外卖解决。,2025-12-23 17:50:00,+8613907128765,0,283-b
SMS-1819,117-4,【京东】尊敬的冯先生，您购买的网易严选人体工学腰靠和北弧笔记本电脑支架订单（订单号：JD20251223123456789）已支付成功，预计12月25日送达。感谢您的支持！,2025-12-23 20:15:00,106900001234,1,117-d
SMS-1820,117-4,爸，我刚下单买了个腰靠和电脑支架，在家办公坐久了腰不舒服。你和我妈平时坐着看电视也多，要不要也给你们买两个？,2025-12-23 20:25:00,+8613807123456,0,117-d
SMS-1821,,我：妈，我晨练完到家了，买了牛奶面包，准备吃完早餐就去上班。今天天气阴，您出门也注意保暖。,2025-12-24 08:30:00,+8613907128765,0,
SMS-1822,,林总，您好！年度投资报告已发送至您邮箱，请查收。报告重点分析了第四季度市场动态及您持仓的调整建议，若有任何疑问随时联系我。,2025-12-25 13:35:00,+8613818987654,0,
SMS-1823,,黄总，年度报告已发出，附件是详细版本。其中关于科技板块的配置优化部分，我们建议可适当增配，具体逻辑见报告第三章。期待您的反馈。,2025-12-25 13:40:00,+8613622341234,0,
SMS-1824,,林总，您好。关于您上午咨询的市场波动问题，我已将最新的分析报告和资产配置调整建议发至您邮箱，请查收。如有任何疑问，随时联系我。,2025-12-25 15:25:00,13818987654,0,
SMS-1825,,妈，我下班了，晚上跟朋友聚餐，晚点回去。你和爸晚上吃好点，天冷注意保暖。,2025-12-25 17:10:00,13907128765,0,
SMS-1826,86-2-2,我快到了，你们到了吗？包间号是多少？,2025-12-25 18:35:00,13787344567,0,86-b
SMS-1827,,佳宁，我收到上次摄影展的专家评语了，评价很不错！你最近有拍新作品吗？我打算明年继续湘江系列，想听听你的建议。,2025-12-25 22:45:00,13622344321,0,
SMS-1828,,妈，今天降温了，您和我爸在家注意保暖，晚上我回去吃饭。,2025-12-26 09:20:00,+8613907128765,0,
SMS-1829,92-7,林总，您的年度资产报告已生成并发送至您邮箱，核心数据已核对完毕，并附上了明年一季度的投资展望，请您查收。,2025-12-26 11:40:00,+8613818987654,0,92-g
SMS-1830,92-7,钱总，三位核心客户的年底持仓报告及Q1展望已全部完成并加密发送，抄送您了，请您审阅。,2025-12-26 11:45:00,+8613973111222,0,92-g
SMS-1831,87-3,博哥，礼物预算和方向确认了，就按我们说的实用办公用品来，12:20停车场见。,2025-12-26 11:50:00,+8613787349876,0,87-c
SMS-1832,,轩子，上次说的那家新开的滑雪场怎么样？周末有空一起去探探路？,2025-12-26 12:15:00,+8613622345678,0,
SMS-1833,,【招商银行】尊敬的客户，您尾号8899的信用卡本期账单已出，金额为5，236.80元，还款日为01月15日。点击 cmbt.cn/A1b2C3 查看详情。,2025-12-26 12:55:00,1065755855899,1,
SMS-1834,283-4,圣诞聚餐的精选照片发群里了，大家看看拍得怎么样？特别是那张大合影！,2025-12-26 13:35:00,+8613787344567,0,283-d
SMS-1835,92-7,林总您好，关于您咨询的行业趋势，我已查阅相关研报，核心观点和数据已整理成要点，稍后邮件发送给您，请查收。,2025-12-26 14:30:00,+8613818987654,0,92-g
SMS-1836,117-6,妈，晚上视频聊。今天工作忙完了，膝盖康复训练感觉不错，晚上给你们看看动作。,2025-12-26 15:10:00,+8613907128765,0,117-f
SMS-1837,87-4-1,钱总，晚上聚餐的包间已经订好了，在醴陵土菜馆芙蓉中路店，我们18:30见。,2025-12-27 17:45:00,13973111222,0,87-d
SMS-1838,87-4-1,晓雅，恭喜晋升！晚上聚餐见，好好庆祝一下。,2025-12-27 18:00:00,13857123456,0,87-d
SMS-1839,87-4-1,博哥，晚上聚餐别迟到啊，钱总也来。,2025-12-27 18:05:00,13787349876,0,87-d
SMS-1840,42-2-1,妈，今天在家做年度复盘，看到去年您和爸体检报告都挺好，心里踏实多了。您最近血压还稳定吧？天气冷多注意保暖。,2025-12-28 09:25:00,+8613907128765,0,42-b
SMS-1841,,轩子，中午在西湖建新这边吃湘菜，小炒黄牛肉还是一绝。你最近在深圳忙啥呢，啥时候回长沙聚聚？,2025-12-28 12:35:00,+8613622345678,0,
SMS-1842,,妈，我晚上简单做个西红柿鸡蛋面，大概六点半开饭。你和我爸到家了吗？,2025-12-28 17:20:00,+8613907128765,0,
SMS-1843,108-2-1,小然，晚上七点家庭视频会议，讨论爸妈体检的事，别忘了准时上线。,2025-12-28 17:45:00,+8613817765432,0,108-b
SMS-1844,108-2-5,爸、妈、小然，会议备忘已发群里：1. 全家深度体检列为2026上半年重要事项；2. 时间初步定在3-4月；3. 由我负责联系协调。请大家确认。,2025-12-28 20:18:00,+8613807123456,0,108-b
SMS-1845,156-3,刚结束年末聚会，和李哲公司回顾了近半年的交流成果，很有收获。我们正在评估未来在客户解决方案中引入他们技术的可能性，探讨了初步的合作意向。,2025-12-28 21:30:00,+86 13800138000,0,156-c
SMS-1846,158-9-1,李总，我已抵达圣爵菲斯咖啡厅，在靠窗卡座。会议材料已准备就绪，待您抵达。,2025-12-29 09:45:00,+8613612345678,0,158-i
SMS-1847,,妈，今天上午的会议很顺利。你和爸的血压数据我早上看过了，都正常，继续保持。晚上我回家吃饭。,2025-12-29 12:20:00,+8613907128765,0,
SMS-1848,,我：妈，我刚从康复中心出来，准备去便利店买点酸奶和坚果，家里需要带点什么吗？,2025-12-29 18:40:00,13907128765,0,
SMS-1849,,我：轩子，我晚上去白鸽咀那家健身房练力量，你最近练得怎么样？有空一起？,2025-12-29 19:15:00,13622345678,0,
SMS-1850,,林总，您咨询的年底持仓报告已初步整理，预计下午三点前发您邮箱，请查收。,2025-12-30 08:55:00,+8613818987654,0,
SMS-1851,,黄经理，关于您持仓调整的疑问，我已将相关数据对比图表附在邮件中，请审阅。如有问题随时联系。,2025-12-30 09:05:00,+8613622341234,0,
SMS-1852,,妈，晚上炖汤别放太多盐，我最近在控钠。另外，我爸的降压药记得提醒他吃。,2025-12-30 10:50:00,+8613907128765,0,
SMS-1853,158-10,钱总，关于金融科技项目X的评估备忘录框架已起草完毕，重点补充了您提到的合规与数据验证部分，今天下班前发您初稿。,2025-12-30 11:10:00,+8613973111222,0,158-j
SMS-1854,,张先生您好，您的资产配置调整方案已最终确认，相关文件已发送至您邮箱，请查阅并回复确认。,2025-12-30 11:30:00,+8613622345678,0,
SMS-1855,,王女士，您的新增理财方案已审阅完成，收益率测算和风险提示已更新，请查收附件。,2025-12-30 11:50:00,+8613622349876,0,
SMS-1856,,"【XX银行】尊敬的客户，您尾号8899的信用卡本期账单已出，金额12,345.67元，最后还款日01月15日。登录手机银行可一键还款。",2025-12-30 12:15:00,106900009988,1,
SMS-1857,,轩子，元旦怎么安排？要不要聚一下，好久没见了。,2025-12-30 13:25:00,+8613622345678,0,
SMS-1858,,晓雅，恭喜晋升！刚才茶水间聊得匆忙，改天有空请你喝咖啡，好好取取经。,2025-12-30 15:40:00,+8613857123456,0,
SMS-1859,,钱总，客户报告已提交，年度收益汇总数据也已导出存档。关于明年的行业研究报告方向，您看什么时候方便我向您做个简要汇报？,2025-12-30 16:20:00,+8613973111222,0,
SMS-1860,,晓雅，我这边客户报告的数据部分已经完成，你负责的图表部分进度如何？预计今天下班前能给我初稿吗？,2025-12-30 16:45:00,+8613857123456,0,
SMS-1861,,林总您好，我是华泰证券的小冯。您关注的年度投资回顾报告初稿已完成，预计明天上午可以发送给您审阅。祝好！,2025-12-30 17:05:00,+8613818987654,0,
SMS-1862,,【京东到家】您购买的鱼跃上臂式电子血压计（型号YE660D）已由达达骑士接单，正在赶往归心苑便利店取货，预计18:15前送达。取货码：7782。,2025-12-30 17:50:00,106900098765,1,
SMS-1863,,爸、妈，给你们买了个新的电子血压计，操作很简单，我拍了使用步骤的照片。下周开始你们可以每天早晚测一下，把数据记下来，下次视频我看看。,2025-12-30 19:20:00,+8613807123456,0,
