id,generation_source,filename,datetime,imageTag,ocrText,caption,poi,longitude,latitude,geocode_info,generation_source_continue
Gallery-0,159-1,IMG_20250101_071530,2025-01-01 07:15:30,湘江; 晨跑; 岳麓山; 城市天际线; 朝阳; 江面波光; 冬日清晨,无,冯浩然在湘江风光带晨跑时，用手机拍摄江对岸的岳麓山和城市天际线，朝阳在江面洒下金色波光,"{'province': '湖南省', 'city': '长沙市', 'district': '岳麓区', 'streetName': '潇湘北路', 'streetNumber': 'XX号', 'poi': '湘江风光带（岳麓区段）'}",112.955973,28.199962,"{'province': '湖南省', 'city': '长沙市', 'district': '岳麓区', 'street': '潇湘北路', 'formatted_address': '湖南省长沙市岳麓区潇湘北路[]'}",159-a
Gallery-1,,IMG_20250101_151045,2025-01-01 15:10:45,潮宗街; 历史建筑; 光影; 青砖墙; 下午斜阳; 街拍; 结构,无,冯浩然在潮宗街拍摄下午斜阳照射在历史建筑外墙上的光影，斑驳的光影与青砖墙面形成鲜明对比,"{'province': '湖南省', 'city': '长沙市', 'district': '开福区', 'streetName': '通泰街', 'streetNumber': 'XX号', 'poi': '潮宗街历史文化街区'}",112.972255,28.203177,"{'province': '湖南省', 'city': '长沙市', 'district': '开福区', 'street': '潮宗街', 'formatted_address': '湖南省长沙市开福区潮宗街[]'}",
Gallery-2,,IMG_20250101_162220,2025-01-01 16:22:20,书店; 阅读剪影; 窗户光影; 专注; 街拍; 人文; 午后,无,冯浩然在长沙十二时辰书店门口，捕捉到一位读者坐在窗边阅读的剪影，阳光透过窗户勾勒出专注的轮廓,"{'province': '湖南省', 'city': '长沙市', 'district': '开福区', 'streetName': '通泰街', 'streetNumber': 'XX号', 'poi': '长沙十二时辰书店'}",112.971744,28.202836,"{'province': '湖南省', 'city': '长沙市', 'district': '开福区', 'street': '通泰街', 'formatted_address': '湖南省长沙市开福区通泰街[]'}",
Gallery-3,159-3,IMG_20250101_171520,2025-01-01 17:15:20,手冲咖啡; 耶加雪菲; 咖啡杯; iPad Pro; 木质桌面; 咖啡馆; 小憩,无,冯浩然在晨曦咖啡拍摄桌上的一杯热手冲耶加雪菲，咖啡杯旁放着iPad Pro，背景是咖啡馆温暖的木质墙面,"{'province': '湖南省', 'city': '长沙市', 'district': '开福区', 'streetName': '潮宗街', 'streetNumber': '127号', 'poi': '晨曦咖啡'}",112.973511,28.203078,"{'province': '湖南省', 'city': '长沙市', 'district': '开福区', 'street': '潮宗街', 'formatted_address': '湖南省长沙市开福区潮宗街127#号'}",159-a
Gallery-4,,IMG_20250102_071520,2025-01-02 07:15:20,岳麓山; 爱晚亭; 冬日清晨; 古树; 薄雾; 晨跑风景,无,冯浩然在岳麓山爱晚亭前拍摄冬日清晨的风景，阳光透过古树洒在亭檐上，远处山峦笼罩着薄雾。,"{'province': '湖南省', 'city': '长沙市', 'district': '岳麓区', 'streetName': '登高路', 'streetNumber': 'XX 号', 'poi': '岳麓山爱晚亭'}",112.937564,28.180437,"{'province': '湖南省', 'city': '长沙市', 'district': '岳麓区', 'street': '登高路', 'formatted_address': '湖南省长沙市岳麓区登高路[]'}",
Gallery-5,160-1,IMG_20250102_103015,2025-01-02 10:30:15,年度总结; 工作报告; A4纸; 数据图表; 钢笔; 办公桌,冯浩然 2024年度工作总结 - 客户资产规模增长15% - 投资组合平均年化收益率8.7%,冯浩然在办公桌上拍摄年度工作总结报告的打印稿，A4纸上写满了数据和图表，旁边放着一支钢笔。,"{'province': '湖南省', 'city': '长沙市', 'district': '开福区', 'streetName': '芙蓉中路', 'streetNumber': '88号', 'poi': '华泰证券办公室'}",112.986675,28.223728,"{'province': '湖南省', 'city': '长沙市', 'district': '开福区', 'street': '芙蓉中路', 'formatted_address': '湖南省长沙市开福区芙蓉中路88号'}",160-a
Gallery-6,160-1,IMG_20250102_113045,2025-01-02 11:30:45,工作计划; Excel表格; 电脑屏幕; 时间节点; 客户体验; 方案草案,2025年Q1客户服务体验优化方案 - 实施阶段：1月9日-3月31日 - 预计资源投入：15人/天,冯浩然拍摄电脑屏幕上显示的新年第一季度工作计划草案，Excel表格详细列出了客户体验优化方案的步骤和时间节点。,"{'province': '湖南省', 'city': '长沙市', 'district': '开福区', 'streetName': '芙蓉中路', 'streetNumber': '88号', 'poi': '华泰证券办公室'}",112.986675,28.223728,"{'province': '湖南省', 'city': '长沙市', 'district': '开福区', 'street': '芙蓉中路', 'formatted_address': '湖南省长沙市开福区芙蓉中路88号'}",160-a
Gallery-7,,IMG_20250102_122230,2025-01-02 12:22:30,小炒黄牛肉; 湘菜; 午餐; 同事聚餐; 快餐店; 米饭,无,冯浩然与同事郑文博在快餐店用餐，桌上摆着刚上桌的小炒黄牛肉、米饭和两杯茶水，背景是简约的餐厅环境。,"{'province': '湖南省', 'city': '长沙市', 'district': '开福区', 'streetName': '金鹰路', 'streetNumber': 'XX 号', 'poi': '某小炒黄牛肉快餐店'}",113.043533,28.238287,"{'province': '湖南省', 'city': '长沙市', 'district': '开福区', 'street': '金鹰路', 'formatted_address': '湖南省长沙市开福区金鹰路[]'}",
Gallery-8,160-1,IMG_20250102_151020,2025-01-02 15:10:20,PPT截图; 市场复盘; 客户服务; 电脑屏幕; 工作汇报; 要点列表,市场复盘与客户服务优化 - 核心要点：1. 指数波动分析 2. 板块轮动观察 3. 客户沟通策略调整,冯浩然在办公室拍摄电脑屏幕上显示的PPT截图，内容是‘市场复盘与客户服务优化’的标题页和几个核心要点。,"{'province': '湖南省', 'city': '长沙市', 'district': '开福区', 'streetName': '芙蓉中路', 'streetNumber': '88号', 'poi': '华泰证券办公室'}",112.986675,28.223728,"{'province': '湖南省', 'city': '长沙市', 'district': '开福区', 'street': '芙蓉中路', 'formatted_address': '湖南省长沙市开福区芙蓉中路88号'}",160-a
Gallery-9,,IMG_20250102_182105,2025-01-02 18:21:05,耶加雪菲; 手冲咖啡; 陶瓷杯; 咖啡厅; 下午茶; 饮品特写,无,冯浩然在咖啡厅拍摄桌上的耶加雪菲手冲咖啡，咖啡装在精致的陶瓷杯里，旁边放着搅拌勺和一小杯清水。,"{'province': '湖南省', 'city': '长沙市', 'district': '芙蓉区', 'streetName': '浏阳河大道', 'streetNumber': 'XX 号', 'poi': '一丹咖啡厅'}",113.039134,28.174765,"{'province': '湖南省', 'city': '长沙市', 'district': '芙蓉区', 'street': '浏阳河大道', 'formatted_address': '湖南省长沙市芙蓉区浏阳河大道[]'}",
Gallery-10,,IMG_20250102_184000,2025-01-02 18:40:00,单反相机; 摄影包; 镜头收纳; 清洁布; 备用电池; 物品整理,无,冯浩然将单反相机和镜头整齐地收纳在摄影包的内格里，旁边还放着清洁布和备用电池，准备与好友交流摄影。,"{'province': '湖南省', 'city': '长沙市', 'district': '芙蓉区', 'streetName': '浏阳河大道', 'streetNumber': 'XX 号', 'poi': '一丹咖啡厅'}",113.039134,28.174765,"{'province': '湖南省', 'city': '长沙市', 'district': '芙蓉区', 'street': '浏阳河大道', 'formatted_address': '湖南省长沙市芙蓉区浏阳河大道[]'}",
Gallery-11,a_1,IMG_20250102_211530,2025-01-02 21:15:30,CFA教材; 道德与专业准则; 书桌; 荧光笔; 备考学习; 金融考试,CFA Program Level III - Ethical and Professional Standards - Standard I(A): Knowledge of the Law,冯浩然在书房的书桌上拍摄翻开的CFA三级教材，页面内容是关于‘道德与专业准则’的章节，旁边放着荧光笔和笔记本。,"{'province': '湖南省', 'city': '长沙市', 'district': '岳麓区', 'streetName': '双塘路', 'streetNumber': '99号', 'poi': '岳麓区机关金星住宅小区'}",112.938578,28.221525,"{'province': '湖南省', 'city': '长沙市', 'district': '岳麓区', 'street': '桐梓坡路', 'formatted_address': '湖南省长沙市岳麓区桐梓坡路99号'}",a_1
Gallery-12,a_1,IMG_20250103_072015,2025-01-03 07:20:15,早餐; 燕麦牛奶; 太阳蛋; iPad财经资讯; 木质餐桌; 清晨,无,冯浩然在自家厨房的餐桌上拍摄早餐，燕麦牛奶盛在白色瓷碗中，旁边是煎好的太阳蛋和iPad上显示的财经资讯页面。,"{'province': '湖南省', 'city': '长沙市', 'district': '岳麓区', 'streetName': '双塘路', 'streetNumber': '99号', 'poi': '岳麓区机关金星住宅小区'}",112.938578,28.221525,"{'province': '湖南省', 'city': '长沙市', 'district': '岳麓区', 'street': '桐梓坡路', 'formatted_address': '湖南省长沙市岳麓区桐梓坡路99号'}",a_1
Gallery-13,160-2-1,IMG_20250103_100530,2025-01-03 10:05:30,PPT截图; 投影屏幕; AUM增长图表; 会议汇报; 金融数据,年度客户AUM增长与服务成果 - 2024年度总结 - 2025-01-03,冯浩然在部门年初工作会议上拍摄投影屏幕，屏幕上显示着关于‘年度客户AUM增长与服务成果’的PPT图表。,"{'province': '湖南省', 'city': '长沙市', 'district': '开福区', 'streetName': '芙蓉中路', 'streetNumber': '88号', 'poi': '湖南广电中心写字楼华泰证券会议室'}",113.046548,28.235932,"{'province': '湖南省', 'city': '长沙市', 'district': '开福区', 'street': [], 'formatted_address': '湖南省长沙市开福区[][]'}",160-b
Gallery-14,160-2-1,IMG_20250103_104205,2025-01-03 10:42:05,参会人员; 同事; 会议笔记; 专注; 团队协作,无,冯浩然在会议间隙拍摄同事郑文博和孙晓雅，两人正在认真聆听汇报并做笔记，背景是会议室的环境。,"{'province': '湖南省', 'city': '长沙市', 'district': '开福区', 'streetName': '芙蓉中路', 'streetNumber': '88号', 'poi': '湖南广电中心写字楼华泰证券会议室'}",113.046548,28.235932,"{'province': '湖南省', 'city': '长沙市', 'district': '开福区', 'street': [], 'formatted_address': '湖南省长沙市开福区[][]'}",160-b
Gallery-15,160-2-2,IMG_20250103_123015,2025-01-03 12:30:15,湘菜; 小炒黄牛肉; 剁椒鱼头; 午餐; 工作社交; 美食,无,冯浩然与同事在湘菜馆的午餐桌上拍摄菜品，小炒黄牛肉盛在白色瓷盘中，旁边是剁椒鱼头和米饭。,"{'province': '湖南省', 'city': '长沙市', 'district': '开福区', 'streetName': '金鹰路', 'streetNumber': 'XX号', 'poi': '某湘菜馆'}",113.043533,28.238287,"{'province': '湖南省', 'city': '长沙市', 'district': '开福区', 'street': '金鹰路', 'formatted_address': '湖南省长沙市开福区金鹰路[]'}",160-b
Gallery-16,,IMG_20250104_101600,2025-01-04 10:16:00,冰箱; 存货检查; 牛奶; 水果; 厨房; 储物,无,冯浩然打开冰箱门，检查内部存货，可以看到牛奶盒和水果篮，背景是厨房的瓷砖墙面和橱柜,"{'province': '湖南省', 'city': '长沙市', 'district': '岳麓区', 'streetName': '双塘路', 'streetNumber': '99号', 'poi': '岳麓区机关金星住宅小区'}",112.938578,28.221525,"{'province': '湖南省', 'city': '长沙市', 'district': '岳麓区', 'street': '桐梓坡路', 'formatted_address': '湖南省长沙市岳麓区桐梓坡路99号'}",
Gallery-17,,IMG_20250104_102500,2025-01-04 10:25:00,手机屏幕; 备忘录; 采购清单; 文字记录; 厨房台面,"采购清单
- 牛奶
- 橙子
- 鸡蛋
- 意面酱
- 咖啡豆",冯浩然手机屏幕上显示的采购清单备忘录，内容包含牛奶、橙子、咖啡豆等物品，背景是厨房的木质台面,"{'province': '湖南省', 'city': '长沙市', 'district': '岳麓区', 'streetName': '双塘路', 'streetNumber': '99号', 'poi': '岳麓区机关金星住宅小区'}",112.938578,28.221525,"{'province': '湖南省', 'city': '长沙市', 'district': '岳麓区', 'street': '桐梓坡路', 'formatted_address': '湖南省长沙市岳麓区桐梓坡路99号'}",
Gallery-18,,IMG_20250104_114000,2025-01-04 11:40:00,番茄鸡蛋面; 午餐; 美食; 中式面条; 家常菜; 餐桌,无,一碗刚出锅的番茄鸡蛋面放在餐桌上，面条上铺着金黄的鸡蛋和红色的番茄，旁边放着一双筷子,"{'province': '湖南省', 'city': '长沙市', 'district': '岳麓区', 'streetName': '双塘路', 'streetNumber': '99号', 'poi': '岳麓区机关金星住宅小区'}",112.938578,28.221525,"{'province': '湖南省', 'city': '长沙市', 'district': '岳麓区', 'street': '桐梓坡路', 'formatted_address': '湖南省长沙市岳麓区桐梓坡路99号'}",
Gallery-19,,IMG_20250104_120500,2025-01-04 12:05:00,食材收纳; 冰箱; 储物柜; 牛奶; 咖啡豆; 厨房整理,无,冯浩然将采购回来的食材分类放入冰箱和储物柜，包括牛奶、橙子、鸡蛋和咖啡豆，背景是厨房的储物空间,"{'province': '湖南省', 'city': '长沙市', 'district': '岳麓区', 'streetName': '双塘路', 'streetNumber': '99号', 'poi': '岳麓区机关金星住宅小区'}",112.938578,28.221525,"{'province': '湖南省', 'city': '长沙市', 'district': '岳麓区', 'street': '桐梓坡路', 'formatted_address': '湖南省长沙市岳麓区桐梓坡路99号'}",
Gallery-20,,IMG_20250104_181000,2025-01-04 18:10:00,湘菜; 晚餐; 好友聚餐; 鸭掌筋; 米豆腐; 餐厅; 美食,无,冯浩然与好友彭雨晴在壹盏灯餐厅共进晚餐，餐桌上摆着鸭掌筋、红烧米豆腐和酸萝卜炒肚丝等湘菜,"{'province': '湖南省', 'city': '长沙市', 'district': '芙蓉区', 'streetName': '黄兴中路', 'streetNumber': '188号', 'poi': '壹盏灯(乐和城店)'}",112.978467,28.19333,"{'province': '湖南省', 'city': '长沙市', 'district': '芙蓉区', 'street': '黄兴中路', 'formatted_address': '湖南省长沙市芙蓉区黄兴中路188号'}",
Gallery-21,175-5,IMG_20250104_203000,2025-01-04 20:30:00,咖啡豆; 密封罐; 标签; 收纳; 手冲咖啡; 厨房,"云南日晒
2025-01-04",冯浩然将新购买的云南日晒咖啡豆倒入玻璃密封罐中，罐子上贴着手写的标签，背景是厨房的台面,"{'province': '湖南省', 'city': '长沙市', 'district': '岳麓区', 'streetName': '双塘路', 'streetNumber': '99号', 'poi': '岳麓区机关金星住宅小区'}",112.938578,28.221525,"{'province': '湖南省', 'city': '长沙市', 'district': '岳麓区', 'street': '桐梓坡路', 'formatted_address': '湖南省长沙市岳麓区桐梓坡路99号'}",175-a
Gallery-22,,IMG_20250105_074520,2025-01-05 07:45:20,早餐摆盘; 水煮蛋; 全麦吐司; 牛奶; 厨房餐桌; 晨光,无,冯浩然将煮好的水煮蛋、全麦吐司和牛奶摆放在厨房餐桌上，背景是整洁的厨房操作台和窗外晨光。,"{'province': '湖南省', 'city': '长沙市', 'district': '岳麓区', 'streetName': '双塘路', 'streetNumber': '99号', 'poi': '岳麓区机关金星住宅小区'}",112.938578,28.221525,"{'province': '湖南省', 'city': '长沙市', 'district': '岳麓区', 'street': '桐梓坡路', 'formatted_address': '湖南省长沙市岳麓区桐梓坡路99号'}",
Gallery-23,163-1-1,IMG_20250105_081015,2025-01-05 08:10:15,摄影装备; 相机收纳; 镜头; 备用电池; 摄影包; 出行准备,无,冯浩然将检查好的相机、镜头和备用电池整齐地收纳在摄影包内，旁边放着准备好的出行衣物。,"{'province': '湖南省', 'city': '长沙市', 'district': '岳麓区', 'streetName': '双塘路', 'streetNumber': '99号', 'poi': '岳麓区机关金星住宅小区'}",112.938578,28.221525,"{'province': '湖南省', 'city': '长沙市', 'district': '岳麓区', 'street': '桐梓坡路', 'formatted_address': '湖南省长沙市岳麓区桐梓坡路99号'}",163-a
Gallery-24,163-1-1,IMG_20250105_093025,2025-01-05 09:30:25,潮宗街; 老街清晨; 建筑光影; 青石板路; 街景; 历史文化街区,无,冯浩然在潮宗街历史文化街区拍摄老街清晨的街景，阳光透过老建筑的屋檐洒在青石板路上，远处有行人走过。,"{'province': '湖南省', 'city': '长沙市', 'district': '开福区', 'streetName': '潮宗街', 'streetNumber': 'XX号', 'poi': '潮宗街历史文化街区'}",112.974319,28.202487,"{'province': '湖南省', 'city': '长沙市', 'district': '开福区', 'street': '潮宗街', 'formatted_address': '湖南省长沙市开福区潮宗街[]'}",163-a
Gallery-25,163-1-1,IMG_20250105_101540,2025-01-05 10:15:40,人物合影; 街拍; 历史砖墙; 游客; 微笑; 潮宗街,无,冯浩然请一位路过的游客帮忙，在潮宗街一处有历史感的砖墙前拍摄了一张合影，两人都面带微笑。,"{'province': '湖南省', 'city': '长沙市', 'district': '开福区', 'streetName': '潮宗街', 'streetNumber': 'XX号', 'poi': '潮宗街历史文化街区'}",112.974319,28.202487,"{'province': '湖南省', 'city': '长沙市', 'district': '开福区', 'street': '潮宗街', 'formatted_address': '湖南省长沙市开福区潮宗街[]'}",163-a
Gallery-26,163-1-1,IMG_20250105_110820,2025-01-05 11:08:20,细节特写; 理发店灯柱; 旋转灯; 红白蓝条纹; 老物件; 街头元素,无,冯浩然对潮宗街一家老式理发店门口的旋转灯柱进行特写拍摄，红白蓝三色条纹在阳光下显得格外醒目。,"{'province': '湖南省', 'city': '长沙市', 'district': '开福区', 'streetName': '潮宗街', 'streetNumber': 'XX号', 'poi': '潮宗街历史文化街区'}",112.974319,28.202487,"{'province': '湖南省', 'city': '长沙市', 'district': '开福区', 'street': '潮宗街', 'formatted_address': '湖南省长沙市开福区潮宗街[]'}",163-a
Gallery-27,16-2,IMG_20250105_121230,2025-01-05 12:12:30,午餐聚餐; 湘菜; 私房菜馆; CFA备考; 同事交流; 包厢,无,冯浩然与同事郑文博在私房菜馆包厢内用餐，桌上摆着几道精致的湘菜，两人边吃边讨论CFA备考资料。,"{'province': '湖南省', 'city': '长沙市', 'district': '开福区', 'streetName': '通泰街', 'streetNumber': 'XX号', 'poi': '小钵小巷私房菜馆'}",112.975939,28.206144,"{'province': '湖南省', 'city': '长沙市', 'district': '开福区', 'street': '通泰街', 'formatted_address': '湖南省长沙市开福区通泰街[]'}",16-b
Gallery-28,163-1-2,IMG_20250105_141015,2025-01-05 14:10:15,街头艺人; 吉他弹唱; 抓拍; 太平老街; 游客围观; 决定性瞬间,无,冯浩然在太平老街历史文化街区抓拍一位街头艺人正在表演吉他弹唱，周围有游客驻足观看。,"{'province': '湖南省', 'city': '长沙市', 'district': '天心区', 'streetName': '太平街', 'streetNumber': 'XX号', 'poi': '太平老街历史文化街区'}",112.972071,28.193573,"{'province': '湖南省', 'city': '长沙市', 'district': '天心区', 'street': '太平街', 'formatted_address': '湖南省长沙市天心区太平街[]'}",163-a
Gallery-29,163-1-2,IMG_20250105_143540,2025-01-05 14:35:40,情侣瞬间; 街头抓拍; 臭豆腐; 特色小吃; 太平老街; 美食记录,无,冯浩然在太平老街一家特色小吃店前，拍摄了一对情侣正在分享一份黑色经典臭豆腐的温馨瞬间。,"{'province': '湖南省', 'city': '长沙市', 'district': '天心区', 'streetName': '太平街', 'streetNumber': 'XX号', 'poi': '太平老街历史文化街区'}",112.972071,28.193573,"{'province': '湖南省', 'city': '长沙市', 'district': '天心区', 'street': '太平街', 'formatted_address': '湖南省长沙市天心区太平街[]'}",163-a
Gallery-30,163-1-2,IMG_20250105_150205,2025-01-05 15:02:05,导视牌; 太平老街; 石质牌匾; 历史文化街区; 街口; 细节,太平老街历史文化街区,冯浩然对太平老街入口处一块刻有“太平老街历史文化街区”字样的石质导视牌进行特写拍摄。,"{'province': '湖南省', 'city': '长沙市', 'district': '天心区', 'streetName': '太平街', 'streetNumber': 'XX号', 'poi': '太平老街历史文化街区'}",112.972071,28.193573,"{'province': '湖南省', 'city': '长沙市', 'district': '天心区', 'street': '太平街', 'formatted_address': '湖南省长沙市天心区太平街[]'}",163-a
Gallery-31,,IMG_20250105_171015,2025-01-05 17:10:15,物品收纳; 冰箱整理; 健康食材; 牛奶鸡蛋; 鸡胸肉; 西兰花,无,冯浩然将采购回来的牛奶、鸡蛋、鸡胸肉、西兰花等健康食材整齐地分类放入冰箱冷藏室。,"{'province': '湖南省', 'city': '长沙市', 'district': '岳麓区', 'streetName': '双塘路', 'streetNumber': '99号', 'poi': '岳麓区机关金星住宅小区'}",112.938578,28.221525,"{'province': '湖南省', 'city': '长沙市', 'district': '岳麓区', 'street': '桐梓坡路', 'formatted_address': '湖南省长沙市岳麓区桐梓坡路99号'}",
Gallery-32,,IMG_20250106_122015,2025-01-06 12:20:15,轻食午餐; 烤鸡胸肉沙拉; 牛肉卷; 同事聚餐; 木质餐桌; 绿植装饰,无,冯浩然与同事郑文博在绿洲碗轻食店享用午餐，桌上摆着烤鸡胸肉沙拉和牛肉卷，背景是简约的木质餐桌和绿植装饰。,"{'province': '湖南省', 'city': '长沙市', 'district': '开福区', 'streetName': '传媒路', 'streetNumber': 'XX号', 'poi': '绿洲碗轻食店'}",113.044429,28.237237,"{'province': '湖南省', 'city': '长沙市', 'district': '开福区', 'street': '传媒路', 'formatted_address': '湖南省长沙市开福区传媒路[]'}",
Gallery-33,163-2,IMG_20250106_131520,2025-01-06 13:15:20,文档扫描; 电脑屏幕; 课程大纲; ESG投资; 在线学习; 办公环境,"科技行业ESG投资评估实战专项课
课程大纲
第一模块：ESG投资框架与评估体系
2025-01-06",冯浩然在办公室工位上用手机拍摄电脑屏幕，屏幕上显示着‘科技行业ESG投资评估实战专项课’的课程大纲和简介文档。,"{'province': '湖南省', 'city': '长沙市', 'district': '开福区', 'streetName': '芙蓉中路', 'streetNumber': '88号', 'poi': '湖南广电中心写字楼办公室（华泰证券）'}",113.046548,28.235932,"{'province': '湖南省', 'city': '长沙市', 'district': '开福区', 'street': [], 'formatted_address': '湖南省长沙市开福区[][]'}",163-b
Gallery-34,,IMG_20250106_180510,2025-01-06 18:05:10,街头风景; 晚高峰; 银盆岭大桥; 车流; 黄昏天际线; 城市景观,无,冯浩然在晚高峰通勤途中，透过车窗拍摄银盆岭大桥上的车流和远处城市的黄昏天际线。,"{'province': '湖南省', 'city': '长沙市', 'district': '岳麓区', 'streetName': '银盆岭大桥', 'streetNumber': 'XX号', 'poi': '银盆岭大桥'}",112.969806,28.226464,"{'province': '湖南省', 'city': '长沙市', 'district': '岳麓区', 'street': [], 'formatted_address': '湖南省长沙市岳麓区[][]'}",
Gallery-35,,IMG_20250106_185530,2025-01-06 18:55:30,湘菜晚餐; 小炒黄牛肉; 剁椒鱼头; 朋友聚会; 暖色灯光; 家常菜馆,无,冯浩然与朋友吴俊杰在老味湘菜馆聚餐，桌上摆着热气腾腾的小炒黄牛肉和剁椒鱼头等湘菜，背景是餐馆的暖色调灯光。,"{'province': '湖南省', 'city': '长沙市', 'district': '岳麓区', 'streetName': '银双路', 'streetNumber': 'XX号', 'poi': '老味湘菜馆'}",112.945778,28.222257,"{'province': '湖南省', 'city': '长沙市', 'district': '岳麓区', 'street': '银双路', 'formatted_address': '湖南省长沙市岳麓区银双路[]'}",
Gallery-36,a_1,IMG_20250106_205530,2025-01-06 20:55:30,手冲咖啡; 云南日晒咖啡豆; 陶瓷咖啡杯; 书桌; 晚间时光; 咖啡器具,无,冯浩然在家中书房的书桌上，拍摄一杯刚冲泡好的手冲咖啡，咖啡液面泛着光泽，旁边放着咖啡豆包装袋和手冲器具。,"{'province': '湖南省', 'city': '长沙市', 'district': '岳麓区', 'streetName': '双塘路', 'streetNumber': '99号', 'poi': '岳麓区机关金星住宅小区家中书房'}",112.938578,28.221525,"{'province': '湖南省', 'city': '长沙市', 'district': '岳麓区', 'street': '桐梓坡路', 'formatted_address': '湖南省长沙市岳麓区桐梓坡路99号'}",a_1
Gallery-37,a_1,IMG_20250107_170520,2025-01-07 17:05:20,文档扫描; 债券市场分析报告; A4纸; 办公桌; 金融分析; 工作收尾,"债券市场波动对固收类产品影响分析报告
撰写人：冯浩然
部门：投资顾问部
日期：2025年1月7日
核心观点：当前市场环境下，建议适度拉长久期，关注高等级信用债配置机会。",冯浩然在华泰证券办公室的工位上，使用手机扫描一份债券市场分析报告的打印稿，背景是办公桌和电脑显示器,"{'province': '湖南省', 'city': '长沙市', 'district': '开福区', 'streetName': '芙蓉中路', 'streetNumber': '88号', 'poi': '华泰证券股份有限公司办公室'}",112.986675,28.223728,"{'province': '湖南省', 'city': '长沙市', 'district': '开福区', 'street': '芙蓉中路', 'formatted_address': '湖南省长沙市开福区芙蓉中路88号'}",a_1
Gallery-38,,IMG_20250108_090215,2025-01-08 09:02:15,早高峰; 车流拥堵; 立交桥; 阴天; 城市通勤; 驾驶视角,无,冯浩然在早高峰的车流中等待红灯，透过前挡风玻璃拍摄前方拥堵的芙蓉中路立交桥，天空阴沉,"{'province': '湖南省', 'city': '长沙市', 'district': '开福区', 'streetName': '芙蓉中路', 'streetNumber': 'XX号', 'poi': '芙蓉中路立交桥'}",112.987227,28.192249,"{'province': '湖南省', 'city': '长沙市', 'district': '开福区', 'street': '芙蓉中路', 'formatted_address': '湖南省长沙市开福区芙蓉中路[]'}",
Gallery-39,,IMG_20250108_091025,2025-01-08 09:10:25,手机截图; 保险产品; 中老年医疗险; 慧择APP; 保障详情; 价格对比,孝心安·中老年医疗保险 年度保费 1588元 保障年龄 50-70周岁 住院医疗保额 300万,冯浩然用手机拍摄慧择保险APP的屏幕截图，显示一款名为“孝心安”的中老年医疗险产品详情页，包含保障范围和价格,"{'province': '湖南省', 'city': '长沙市', 'district': '开福区', 'streetName': '三一大道', 'streetNumber': 'XX号', 'poi': '湖南广电中心写字楼附近道路'}",113.046548,28.235932,"{'province': '湖南省', 'city': '长沙市', 'district': '开福区', 'street': '三一大道', 'formatted_address': '湖南省长沙市开福区三一大道[]'}",
Gallery-40,,IMG_20250108_110530,2025-01-08 11:05:30,电脑截图; PPT页面; 投资报告; 科技主题基金; 持仓分析; 数据图表,客户：黄思琪 季度投资回顾报告 科技主题基金持仓分析 2025年Q1 建议增持：人工智能、半导体,冯浩然在办公室电脑上截取客户黄思琪季度投资报告PPT中的一页，内容为科技主题基金持仓分析图表,"{'province': '湖南省', 'city': '长沙市', 'district': '开福区', 'streetName': '三一大道', 'streetNumber': 'XX号', 'poi': '华泰证券办公室'}",113.016375,28.233632,"{'province': '湖南省', 'city': '长沙市', 'district': '开福区', 'street': '三一大道', 'formatted_address': '湖南省长沙市开福区三一大道[]'}",
Gallery-41,,IMG_20250108_123015,2025-01-08 12:30:15,湘菜; 小炒黄牛肉; 午餐; 热气腾腾; 同事聚餐; 美食特写,无,冯浩然与同事郑文博在小炒黄牛肉餐馆用餐，拍摄桌上热气腾腾的招牌菜小炒黄牛肉和米饭,"{'province': '湖南省', 'city': '长沙市', 'district': '开福区', 'streetName': '金鹰路', 'streetNumber': 'XX号', 'poi': '小炒黄牛肉餐馆'}",113.043533,28.238287,"{'province': '湖南省', 'city': '长沙市', 'district': '开福区', 'street': '金鹰路', 'formatted_address': '湖南省长沙市开福区金鹰路[]'}",
Gallery-42,,IMG_20250108_130520,2025-01-08 13:05:20,手机屏幕; 保险条款; 理赔条件; 产品对比; 笔记标注; 咖啡厅环境,安心保·百万医疗险 理赔须知：二级及以上公立医院普通部 等待期30天 免赔额1万元/年,冯浩然在圣爵菲斯咖啡厅排队时，用手机拍摄另一款保险产品的条款细则页面，重点圈出了理赔条件,"{'province': '湖南省', 'city': '长沙市', 'district': '开福区', 'streetName': '三一大道', 'streetNumber': 'XX号', 'poi': '圣爵菲斯咖啡厅'}",113.016375,28.233632,"{'province': '湖南省', 'city': '长沙市', 'district': '开福区', 'street': '三一大道', 'formatted_address': '湖南省长沙市开福区三一大道[]'}",
Gallery-43,,IMG_20250108_151040,2025-01-08 15:10:40,视频会议; PPT共享; 客户动态; 团队同步; 远程协作; 工作纪要,客户动态同步会 2025-01-08 参会人：冯浩然、孙晓雅 重点客户：林志豪（上海）近期关注商业地产REITs,冯浩然在下午与杭州同事孙晓雅视频会议后，截取了会议中共享的客户动态同步PPT页面,"{'province': '湖南省', 'city': '长沙市', 'district': '开福区', 'streetName': '三一大道', 'streetNumber': 'XX号', 'poi': '华泰证券办公室'}",113.016375,28.233632,"{'province': '湖南省', 'city': '长沙市', 'district': '开福区', 'street': '三一大道', 'formatted_address': '湖南省长沙市开福区三一大道[]'}",
Gallery-44,161-2-1,IMG_20250109_071205,2025-01-09 07:12:05,身份证; 体检预约单; 木质茶几; 物品收纳; 早晨准备,美年大健康体检中心 预约时间：2025-01-09 08:00,冯浩然将身份证和体检预约单整齐地摆放在客厅的木质茶几上，背景是简约的沙发和绿植,"{'province': '湖南省', 'city': '长沙市', 'district': '岳麓区', 'streetName': '双塘路', 'streetNumber': '99号', 'poi': '岳麓区机关金星住宅小区'}",112.938578,28.221525,"{'province': '湖南省', 'city': '长沙市', 'district': '岳麓区', 'street': '桐梓坡路', 'formatted_address': '湖南省长沙市岳麓区桐梓坡路99号'}",161-b
Gallery-45,161-2-1,IMG_20250109_071515,2025-01-09 07:15:15,体检注意事项; 文档扫描; 白色书桌; 手机拍摄; 早晨准备,年度健康体检注意事项 1. 体检前一日晚10点后禁食... 2. 请携带身份证原件...,冯浩然用手机扫描一份打印的体检注意事项文档，文档平铺在书房的白色书桌上，旁边放着一支笔,"{'province': '湖南省', 'city': '长沙市', 'district': '岳麓区', 'streetName': '双塘路', 'streetNumber': '99号', 'poi': '岳麓区机关金星住宅小区'}",112.938578,28.221525,"{'province': '湖南省', 'city': '长沙市', 'district': '岳麓区', 'street': '桐梓坡路', 'formatted_address': '湖南省长沙市岳麓区桐梓坡路99号'}",161-b
Gallery-46,,IMG_20250109_120510,2025-01-09 12:05:10,香煎鸡胸肉; 杂粮饭; 蔬菜沙拉; 轻食; 健康午餐,无,一份香煎鸡胸肉杂粮饭和蔬菜沙拉摆放在轻食餐厅的浅色木桌上，鸡胸肉色泽金黄，蔬菜新鲜，旁边放着一杯柠檬水,"{'province': '湖南省', 'city': '长沙市', 'district': '开福区', 'streetName': '金龙路', 'streetNumber': 'XX号', 'poi': '山轻食(广电店)'}",112.98407,28.240507,"{'province': '湖南省', 'city': '长沙市', 'district': '开福区', 'street': '金龙路', 'formatted_address': '湖南省长沙市开福区金龙路[]'}",
Gallery-47,a_1,IMG_20250109_120825,2025-01-09 12:08:25,鸡胸肉特写; 用餐时刻; 叉子; 餐厅环境; 人像美食,无,冯浩然用叉子叉起一块鸡胸肉准备享用，背景是餐厅简约的装饰墙和绿植，手机屏幕显示着财经资讯,"{'province': '湖南省', 'city': '长沙市', 'district': '开福区', 'streetName': '金龙路', 'streetNumber': 'XX号', 'poi': '山轻食(广电店)'}",112.98407,28.240507,"{'province': '湖南省', 'city': '长沙市', 'district': '开福区', 'street': '金龙路', 'formatted_address': '湖南省长沙市开福区金龙路[]'}",a_1
Gallery-48,,IMG_20250109_174520,2025-01-09 17:45:20,城市街景; 傍晚; 夕阳; 车流; 高楼; 街头风景,无,冯浩然下班驾车途中，透过车窗拍摄傍晚时分的城市街景，夕阳余晖洒在高楼大厦上，街道上车流不息,"{'province': '湖南省', 'city': '长沙市', 'district': '岳麓区', 'streetName': '双塘路', 'streetNumber': 'XX号', 'poi': '罗比零食专卖店附近街道'}",112.936869,28.220303,"{'province': '湖南省', 'city': '长沙市', 'district': '岳麓区', 'street': '双塘路', 'formatted_address': '湖南省长沙市岳麓区双塘路[]'}",
Gallery-49,,IMG_20250110_144520,2025-01-10 14:45:20,文档扫描; 市场分析报告; A4纸张; 办公桌面; 手机拍摄; 工作记录,华泰证券市场分析报告 - 2025年1月10日 - 仅供内部参考,冯浩然在办公室工位上，使用手机扫描一份市场分析报告的纸质打印稿，背景是笔记本电脑和办公文具。,"{'province': '湖南省', 'city': '长沙市', 'district': '开福区', 'streetName': '芙蓉中路', 'streetNumber': '88号', 'poi': '华泰证券股份有限公司办公室'}",112.986675,28.223728,"{'province': '湖南省', 'city': '长沙市', 'district': '开福区', 'street': '芙蓉中路', 'formatted_address': '湖南省长沙市开福区芙蓉中路88号'}",
Gallery-50,,IMG_20250110_204815,2025-01-10 20:48:15,街头风景; 城市夜景; 车流光轨; 霓虹灯牌; 湘江; 车窗视角,无,冯浩然驾车经过湘江中路时，透过车窗拍摄夜晚的城市街景，霓虹灯牌和车流灯光在夜色中闪烁。,"{'province': '湖南省', 'city': '长沙市', 'district': '天心区', 'streetName': '湘江中路', 'streetNumber': 'XX号', 'poi': '湘江风光带'}",112.968025,28.17906,"{'province': '湖南省', 'city': '长沙市', 'district': '天心区', 'street': [], 'formatted_address': '湖南省长沙市天心区[][]'}",
Gallery-51,161-4-1,IMG_20250111_094510,2025-01-11 09:45:10,藜麦饭; 煎蛋; 西兰花; 高蛋白早餐; 木质餐桌; 鲜牛奶; 健康饮食,无,冯浩然在家中拍摄自己制作的高蛋白早餐，餐盘里有藜麦饭、煎蛋和西兰花，背景是家中的木质餐桌和鲜牛奶,"{'province': '湖南省', 'city': '长沙市', 'district': '岳麓区', 'streetName': '双塘路', 'streetNumber': '99号', 'poi': '岳麓区机关金星住宅小区'}",112.938578,28.221525,"{'province': '湖南省', 'city': '长沙市', 'district': '岳麓区', 'street': '桐梓坡路', 'formatted_address': '湖南省长沙市岳麓区桐梓坡路99号'}",161-d
Gallery-52,,IMG_20250111_125520,2025-01-11 12:55:20,香煎鸡胸肉; 牛油果沙拉; 美式咖啡; 轻食; 健康午餐; 餐厅环境,无,冯浩然在轻食元素餐厅拍摄自己点的香煎鸡胸肉牛油果沙拉，沙拉色彩鲜艳，搭配美式咖啡，背景是餐厅简约的木质桌面,"{'province': '湖南省', 'city': '长沙市', 'district': '岳麓区', 'streetName': '银双路', 'streetNumber': 'XX号', 'poi': '轻食元素餐厅'}",112.945778,28.222257,"{'province': '湖南省', 'city': '长沙市', 'district': '岳麓区', 'street': '银双路', 'formatted_address': '湖南省长沙市岳麓区银双路[]'}",
Gallery-53,,IMG_20250111_130105,2025-01-11 13:01:05,菜单; 轻食元素; 菜品价格; 餐厅导视; 美食探店,轻食元素 - 香煎鸡胸肉牛油果沙拉 48元 美式咖啡 28元,冯浩然在轻食元素餐厅拍摄餐厅菜单的一角，上面印有招牌菜品的名称和价格,"{'province': '湖南省', 'city': '长沙市', 'district': '岳麓区', 'streetName': '银双路', 'streetNumber': 'XX号', 'poi': '轻食元素餐厅'}",112.945778,28.222257,"{'province': '湖南省', 'city': '长沙市', 'district': '岳麓区', 'street': '银双路', 'formatted_address': '湖南省长沙市岳麓区银双路[]'}",
Gallery-54,,IMG_20250111_133020,2025-01-11 13:30:20,手冲咖啡; LAVAZZA; 咖啡杯; 木质桌面; 咖啡馆; 午后小憩,无,冯浩然在LAVAZZA拉瓦萨咖啡店拍摄一杯刚制作好的手冲咖啡，咖啡杯放在深色木质桌面上，背景是咖啡馆温暖的灯光,"{'province': '湖南省', 'city': '长沙市', 'district': '岳麓区', 'streetName': '金星中路', 'streetNumber': 'XX号', 'poi': 'LAVAZZA拉瓦萨咖啡店'}",112.934376,28.217535,"{'province': '湖南省', 'city': '长沙市', 'district': '岳麓区', 'street': '金星中路', 'formatted_address': '湖南省长沙市岳麓区金星中路[]'}",
Gallery-55,a_1,IMG_20250111_155000,2025-01-11 15:50:00,电脑屏幕; ESG课程; 在线学习; 科技行业; 投资分析; 学习笔记,科技行业ESG投资实战 - 第一模块：ESG基础框架与科技行业特性 讲师：王教授,冯浩然在家中书房拍摄电脑屏幕上显示的ESG投资课程视频画面，画面中有课程标题和讲师,"{'province': '湖南省', 'city': '长沙市', 'district': '岳麓区', 'streetName': '双塘路', 'streetNumber': '99号', 'poi': '岳麓区机关金星住宅小区'}",112.938578,28.221525,"{'province': '湖南省', 'city': '长沙市', 'district': '岳麓区', 'street': '桐梓坡路', 'formatted_address': '湖南省长沙市岳麓区桐梓坡路99号'}",a_1
Gallery-56,a_1,IMG_20250111_164520,2025-01-11 16:45:20,手写笔记; ESG评估; 客户分析; 学习资料; 书桌; 工作思考,客户黄思琪 - ESG评估初步观察点：1. 数据安全与隐私保护 2. 供应链碳排放 3. 董事会多元化...,冯浩然拍摄自己手写的关于ESG评估初步观察点的笔记，笔记纸放在书桌上，旁边放着笔和咖啡杯,"{'province': '湖南省', 'city': '长沙市', 'district': '岳麓区', 'streetName': '双塘路', 'streetNumber': '99号', 'poi': '岳麓区机关金星住宅小区'}",112.938578,28.221525,"{'province': '湖南省', 'city': '长沙市', 'district': '岳麓区', 'street': '桐梓坡路', 'formatted_address': '湖南省长沙市岳麓区桐梓坡路99号'}",a_1
Gallery-57,,IMG_20250111_191015,2025-01-11 19:10:15,湘菜; 小炒黄牛肉; 剁椒鱼头; 朋友聚餐; 餐厅美食; 社交活动,无,冯浩然在麓隐小院餐厅拍摄一桌丰盛的湘菜，菜品包括小炒黄牛肉、剁椒鱼头等，背景是餐厅雅致的环境,"{'province': '湖南省', 'city': '长沙市', 'district': '岳麓区', 'streetName': 'XX路', 'streetNumber': 'XX号', 'poi': '麓隐小院'}",112.930116,28.234202,"{'province': '湖南省', 'city': '长沙市', 'district': '岳麓区', 'street': [], 'formatted_address': '湖南省长沙市岳麓区[][]'}",
Gallery-58,,IMG_20250111_193530,2025-01-11 19:35:30,朋友合影; 彭雨晴; 聚餐留念; 社交活动; 餐厅背景,无,冯浩然与好友彭雨晴在麓隐小院餐厅的合影，两人面带微笑，背景是餐厅的装饰墙,"{'province': '湖南省', 'city': '长沙市', 'district': '岳麓区', 'streetName': 'XX路', 'streetNumber': 'XX号', 'poi': '麓隐小院'}",112.930116,28.234202,"{'province': '湖南省', 'city': '长沙市', 'district': '岳麓区', 'street': [], 'formatted_address': '湖南省长沙市岳麓区[][]'}",
Gallery-59,,IMG_20250111_204205,2025-01-11 20:42:05,街头夜景; 零食店; 店铺招牌; 晚间散步; 城市街拍; 灯光,无,冯浩然在晚间散步时拍摄罗比零食专卖店外的街景，店铺招牌亮着灯，街道上有稀疏的行人和车辆,"{'province': '湖南省', 'city': '长沙市', 'district': '岳麓区', 'streetName': 'XX路', 'streetNumber': 'XX号', 'poi': '罗比零食专卖店'}",112.936869,28.220303,"{'province': '湖南省', 'city': '长沙市', 'district': '岳麓区', 'street': [], 'formatted_address': '湖南省长沙市岳麓区[][]'}",
Gallery-60,,IMG_20250112_090515,2025-01-12 09:05:15,早餐; 煎鸡蛋; 全麦面包; 热牛奶; 木质餐桌; 健康饮食,无,冯浩然在自家餐厅的木质餐桌上享用健康早餐，餐盘里有煎鸡蛋、烤全麦面包和一杯热牛奶，背景是整洁的厨房一角。,"{'province': '湖南省', 'city': '长沙市', 'district': '岳麓区', 'streetName': '双塘路', 'streetNumber': '99号', 'poi': '岳麓区机关金星住宅小区'}",112.938578,28.221525,"{'province': '湖南省', 'city': '长沙市', 'district': '岳麓区', 'street': '桐梓坡路', 'formatted_address': '湖南省长沙市岳麓区桐梓坡路99号'}",
Gallery-61,165-1-1,IMG_20250112_110230,2025-01-12 11:02:30,电脑屏幕; Excel表格; 投资策略; 资产配置; 文档扫描; 金融规划,2025年上半年个人投资策略 - 核心思路：稳健为先，捕捉成长 - 资产配置：股票40%，债券30%，基金20%，现金10%,冯浩然在书房拍摄电脑屏幕上打开的Excel表格，表格标题为‘2025年上半年个人投资策略’，内容包含资产配置比例和投资思路框架。,"{'province': '湖南省', 'city': '长沙市', 'district': '岳麓区', 'streetName': '双塘路', 'streetNumber': '99号', 'poi': '岳麓区机关金星住宅小区'}",112.938578,28.221525,"{'province': '湖南省', 'city': '长沙市', 'district': '岳麓区', 'street': '桐梓坡路', 'formatted_address': '湖南省长沙市岳麓区桐梓坡路99号'}",165-a
Gallery-62,a_163,IMG_20250112_154510,2025-01-12 15:45:10,购物袋; 零食; 杏仁; 希腊酸奶; 苹果; 健康零食; 物品收纳,无,冯浩然在罗比零食专卖店门口拍摄购物袋，袋子里装着刚购买的原味杏仁、无糖希腊酸奶和苹果，背景是店铺的招牌和玻璃门。,"{'province': '湖南省', 'city': '长沙市', 'district': '岳麓区', 'streetName': '双塘路', 'streetNumber': 'XX号', 'poi': '罗比零食专卖店'}",112.936869,28.220303,"{'province': '湖南省', 'city': '长沙市', 'district': '岳麓区', 'street': '双塘路', 'formatted_address': '湖南省长沙市岳麓区双塘路[]'}",a_163
Gallery-63,163-4,IMG_20250112_191520,2025-01-12 19:15:20,笔记本电脑; 照片管理软件; 街拍照片; 摄影作品; 筛选; 文档扫描,Lightroom Classic - 上次导入：2025-01-05 - 文件夹：街拍_202501,冯浩然在书房拍摄笔记本电脑屏幕上显示的照片管理软件界面，界面中排列着多张上周拍摄的街拍照片缩略图，正在进行筛选。,"{'province': '湖南省', 'city': '长沙市', 'district': '岳麓区', 'streetName': '双塘路', 'streetNumber': '99号', 'poi': '岳麓区机关金星住宅小区'}",112.938578,28.221525,"{'province': '湖南省', 'city': '长沙市', 'district': '岳麓区', 'street': '桐梓坡路', 'formatted_address': '湖南省长沙市岳麓区桐梓坡路99号'}",163-d
Gallery-64,,IMG_20250113_071520,2025-01-13 07:15:20,晨跑; 湘江; 银盆岭大桥; 晨雾; 江景; 运动,无,冯浩然在湘江风光带银盆岭大桥西侧晨跑，江面晨雾缭绕，对岸高楼若隐若现,"{'province': '湖南省', 'city': '长沙市', 'district': '岳麓区', 'streetName': '潇湘北路', 'streetNumber': 'XX号', 'poi': '湘江风光带（银盆岭大桥西侧）'}",112.955973,28.199962,"{'province': '湖南省', 'city': '长沙市', 'district': '岳麓区', 'street': '潇湘北路', 'formatted_address': '湖南省长沙市岳麓区潇湘北路[]'}",
Gallery-65,171-1,IMG_20250113_110530,2025-01-13 11:05:30,资产分析报告; 办公桌; 金融文档; 数据图表; 工作准备,"客户资产配置分析报告（2025年Q1） - 核心客户：黄思琪 - 报告日期：2025-01-13 - 总资产规模：¥15,680,000",冯浩然在华泰证券办公室工位上拍摄客户资产分析报告，报告标题和关键数据清晰可见,"{'province': '湖南省', 'city': '长沙市', 'district': '开福区', 'streetName': '芙蓉中路', 'streetNumber': '88号', 'poi': '湖南广电中心写字楼华泰证券办公室'}",113.046548,28.235932,"{'province': '湖南省', 'city': '长沙市', 'district': '开福区', 'street': [], 'formatted_address': '湖南省长沙市开福区[][]'}",171-a
Gallery-66,,IMG_20250113_121540,2025-01-13 12:15:40,鸡胸肉沙拉; 轻食; 午餐; 同事聚餐; 餐厅环境,沙拉补给站 - 招牌鸡胸肉沙拉套餐 ¥38 - 营业时间：10:00-21:00,冯浩然与同事郑文博在沙拉补给站餐厅用餐，桌上摆放着两份色彩鲜艳的鸡胸肉沙拉,"{'province': '湖南省', 'city': '长沙市', 'district': '开福区', 'streetName': '传媒路', 'streetNumber': 'XX号', 'poi': '沙拉补给站轻食餐厅'}",113.044429,28.237237,"{'province': '湖南省', 'city': '长沙市', 'district': '开福区', 'street': '传媒路', 'formatted_address': '湖南省长沙市开福区传媒路[]'}",
Gallery-67,164-1-3,IMG_20250113_161020,2025-01-13 16:10:20,会议纪要; 办公文档; 手写笔记; ESG; 工作记录,客户会议纪要 - 客户：黄思琪 - 日期：2025-01-13 - 新增需求：增加ESG行业深度对标分析 - 负责人：冯浩然,冯浩然在办公室拍摄会议纪要文档，文档标题为“客户黄思琪会议纪要”，记录了ESG行业对标需求,"{'province': '湖南省', 'city': '长沙市', 'district': '开福区', 'streetName': '芙蓉中路', 'streetNumber': '88号', 'poi': '湖南广电中心写字楼华泰证券办公室'}",113.046548,28.235932,"{'province': '湖南省', 'city': '长沙市', 'district': '开福区', 'street': [], 'formatted_address': '湖南省长沙市开福区[][]'}",164-a
Gallery-68,,IMG_20250113_182305,2025-01-13 18:23:05,瑜伽垫; 弹力带; 快递开箱; 健身器材; 物品收纳,无,冯浩然在家门口拆开新到的瑜伽垫和弹力带快递包裹，包装盒和产品散落在地板上,"{'province': '湖南省', 'city': '长沙市', 'district': '岳麓区', 'streetName': '双塘路', 'streetNumber': '99号', 'poi': '岳麓区机关金星住宅小区家中客厅'}",112.938578,28.221525,"{'province': '湖南省', 'city': '长沙市', 'district': '岳麓区', 'street': '桐梓坡路', 'formatted_address': '湖南省长沙市岳麓区桐梓坡路99号'}",
Gallery-69,,IMG_20250113_184015,2025-01-13 18:40:15,煎鸡胸肉; 水煮西兰花; 糙米饭; 健康晚餐; 自制美食,无,冯浩然拍摄自己制作的简易晚餐，盘中有煎鸡胸肉、水煮西兰花和糙米饭，摆放在餐桌上,"{'province': '湖南省', 'city': '长沙市', 'district': '岳麓区', 'streetName': '双塘路', 'streetNumber': '99号', 'poi': '岳麓区机关金星住宅小区家中餐厅'}",112.938578,28.221525,"{'province': '湖南省', 'city': '长沙市', 'district': '岳麓区', 'street': '桐梓坡路', 'formatted_address': '湖南省长沙市岳麓区桐梓坡路99号'}",
Gallery-70,a_1,IMG_20250113_194530,2025-01-13 19:45:30,CFA教材; 道德与专业准则; 内幕信息; 学习笔记; 金融考试,CFA Program Curriculum Level III - Ethical and Professional Standards - Topic: Material Nonpublic Information (MNPI) Management - Page 156,冯浩然在书房学习时拍摄CFA三级教材“道德与专业准则”章节，页面内容关于内幕信息管理,"{'province': '湖南省', 'city': '长沙市', 'district': '岳麓区', 'streetName': '双塘路', 'streetNumber': '99号', 'poi': '岳麓区机关金星住宅小区家中书房'}",112.938578,28.221525,"{'province': '湖南省', 'city': '长沙市', 'district': '岳麓区', 'street': '桐梓坡路', 'formatted_address': '湖南省长沙市岳麓区桐梓坡路99号'}",a_1
Gallery-71,,IMG_20250113_210520,2025-01-13 21:05:20,瑜伽垫收纳; 弹力带; 健身角; 物品整理; 居家环境,无,冯浩然将新到的瑜伽垫和弹力带收纳在客厅角落，旁边是其他健身器材，摆放整齐,"{'province': '湖南省', 'city': '长沙市', 'district': '岳麓区', 'streetName': '双塘路', 'streetNumber': '99号', 'poi': '岳麓区机关金星住宅小区家中客厅'}",112.938578,28.221525,"{'province': '湖南省', 'city': '长沙市', 'district': '岳麓区', 'street': '桐梓坡路', 'formatted_address': '湖南省长沙市岳麓区桐梓坡路99号'}",
Gallery-72,a_164,IMG_20250113_214010,2025-01-13 21:40:10,手机备忘录; 工作计划; 明日待办; 屏幕截图; 睡前规划,明日工作计划 (2025-01-14) 1. 完善黄思琪客户方案（补充ESG对标） 2. 梳理Q1季度报告框架 3. 预约健身教练体验课,冯浩然在卧室用手机备忘录规划次日工作，屏幕上显示着“完善客户方案”和“梳理季度报告”等事项,"{'province': '湖南省', 'city': '长沙市', 'district': '岳麓区', 'streetName': '双塘路', 'streetNumber': '99号', 'poi': '岳麓区机关金星住宅小区家中卧室'}",112.938578,28.221525,"{'province': '湖南省', 'city': '长沙市', 'district': '岳麓区', 'street': '桐梓坡路', 'formatted_address': '湖南省长沙市岳麓区桐梓坡路99号'}",a_164
Gallery-73,171-2,IMG_20250114_171530,2025-01-14 17:15:30,文档扫描; 股权激励; 分析笔记; 办公桌; 手机拍摄; 工作文件,"股权激励案例对比分析
腾讯控股 (0700.HK)
- 工具类型：限制性股票单位 (RSU)
- 授予节奏：年度授予，分四年归属
- 行权条件：服务期限 + 公司业绩
- 会计处理：股权激励费用摊销
阿里巴巴 (BABA.N)
- 工具类型：股票期权 + RSU
- 授予节奏：不定期，重大里程碑
- 行权条件：个人绩效 + 公司市值
- 会计处理：公允价值法计量
小米集团 (1810.HK)
- 工具类型：购股权 + 受限制股份
- 授予节奏：IPO前后集中授予
- 行权条件：服务期限 + 上市锁定期
- 会计处理：按Black-Scholes模型估值
分析日期：2025-01-14",冯浩然在华泰证券办公室的办公桌上，用手机扫描一份关于股权激励方案的结构化对比分析笔记文档，背景是电脑屏幕和一杯绿茶。,"{'province': '湖南省', 'city': '长沙市', 'district': '开福区', 'streetName': '芙蓉中路', 'streetNumber': '88号', 'poi': '湖南广电中心写字楼-华泰证券办公室'}",113.046548,28.235932,"{'province': '湖南省', 'city': '长沙市', 'district': '开福区', 'street': [], 'formatted_address': '湖南省长沙市开福区[][]'}",171-b
Gallery-74,,IMG_20250115_122015,2025-01-15 12:20:15,外卖午餐; 湘菜套餐; 办公桌; 同事聚餐; 工作间隙,无,冯浩然与同事郑文博在办公室工位上享用外卖午餐，餐盒内是湘菜套餐，背景是办公电脑和文件,"{'province': '湖南省', 'city': '长沙市', 'district': '开福区', 'streetName': '芙蓉中路', 'streetNumber': '442号', 'poi': '湖南广电中心写字楼18层华泰证券办公室'}",113.046548,28.235932,"{'province': '湖南省', 'city': '长沙市', 'district': '开福区', 'street': [], 'formatted_address': '湖南省长沙市开福区[][]'}",
Gallery-75,16-4,IMG_20250115_143025,2025-01-15 14:30:25,书桌; 学习; 整洁; 教材; 笔记本; 荧光笔; 备考,"高等数学
线性代数
英语词汇
笔记本
荧光笔（黄色、粉色、蓝色）",整洁的书桌和学习工具,"{'province': '北京市', 'city': '北京市', 'district': '海淀区', 'streetName': '中关村大街', 'streetNumber': '59号', 'poi': '家中书房'}",116.312503,39.971025,"{'province': '北京市', 'city': '北京市', 'district': '海淀区', 'street': '中关村大街', 'formatted_address': '北京市北京市海淀区中关村大街59号'}",16-d
Gallery-76,,IMG_20250115_183530,2025-01-15 18:35:30,煎三文鱼; 蒜蓉西兰花; 家常晚餐; 厨房; 自制美食,无,冯浩然在家中厨房拍摄自己烹饪的晚餐，餐盘里是煎三文鱼和蒜蓉西兰花，背景是燃气灶和厨具,"{'province': '湖南省', 'city': '长沙市', 'district': '岳麓区', 'streetName': '双塘路', 'streetNumber': '99号', 'poi': '岳麓区机关金星住宅小区'}",112.938578,28.221525,"{'province': '湖南省', 'city': '长沙市', 'district': '岳麓区', 'street': '桐梓坡路', 'formatted_address': '湖南省长沙市岳麓区桐梓坡路99号'}",
Gallery-77,a_1,IMG_20250115_195520,2025-01-15 19:55:20,CFA学习计划; 打印表格; 书桌; 学习复盘; 时间管理,"CFA三级学习计划 (2025年1月版)
固定收益专项复习：1月16日-1月22日
衍生品学习：推迟至2月
道德与经济：已完成
每周复盘：周日晚上",冯浩然在书房书桌上拍摄更新后的CFA学习计划表，表格清晰列出了各科目复习时间安排，背景是笔记本电脑和文具,"{'province': '湖南省', 'city': '长沙市', 'district': '岳麓区', 'streetName': '双塘路', 'streetNumber': '99号', 'poi': '岳麓区机关金星住宅小区书房'}",112.938578,28.221525,"{'province': '湖南省', 'city': '长沙市', 'district': '岳麓区', 'street': '桐梓坡路', 'formatted_address': '湖南省长沙市岳麓区桐梓坡路99号'}",a_1
Gallery-78,,IMG_20250116_082015,2025-01-16 08:20:15,早餐; 牛奶燕麦; 水果拼盘; 手冲咖啡; 木质餐桌; 清晨,无,冯浩然在家中餐桌上享用牛奶燕麦和水果早餐，旁边放着一杯刚冲好的手冲咖啡，背景是整洁的现代厨房。,"{'province': '湖南省', 'city': '长沙市', 'district': '岳麓区', 'streetName': '双塘路', 'streetNumber': '99号', 'poi': '岳麓区机关金星住宅小区'}",112.938578,28.221525,"{'province': '湖南省', 'city': '长沙市', 'district': '岳麓区', 'street': '桐梓坡路', 'formatted_address': '湖南省长沙市岳麓区桐梓坡路99号'}",
Gallery-79,167-1,IMG_20250116_121530,2025-01-16 12:15:30,浏阳蒸菜; 同事聚餐; 午餐; 湘菜; 工作交流; 餐桌,无,冯浩然与同事郑文博在浏阳蒸菜馆用餐，桌上摆着几道特色蒸菜，两人正在边吃边交流，背景是餐馆的木质隔断。,"{'province': '湖南省', 'city': '长沙市', 'district': '开福区', 'streetName': '匍园路', 'streetNumber': 'XX号', 'poi': '正宗浏阳蒸菜馆(匍园路)'}",113.64328,28.163866,"{'province': '湖南省', 'city': '长沙市', 'district': '浏阳市', 'street': [], 'formatted_address': '湖南省长沙市浏阳市[][]'}",167-a
Gallery-80,172-4,IMG_20250116_140520,2025-01-16 14:05:20,电子保单; 商业保险; 电脑屏幕; 文档扫描; 金融事务; 办公桌,"商业补充医疗保险
保单号：CL20250116XXXX
投保人：冯建国
保障期间：2025-01-01 至 2025-12-31
年度总保额：50万元",冯浩然在办公室电脑屏幕上打开一份商业补充医疗保险的电子保单，清晰地显示了保单号、投保人信息和保障条款。,"{'province': '湖南省', 'city': '长沙市', 'district': '开福区', 'streetName': '芙蓉中路', 'streetNumber': '88号', 'poi': '湖南广电中心写字楼，华泰证券办公室'}",113.046548,28.235932,"{'province': '湖南省', 'city': '长沙市', 'district': '开福区', 'street': [], 'formatted_address': '湖南省长沙市开福区[][]'}",172-d
Gallery-81,,IMG_20250116_181520,2025-01-16 18:15:20,街头风景; 傍晚; 古街; 步行; 路灯; 城市漫步,无,冯浩然在开福寺附近的文昌阁街步行，街道两旁是古朴的建筑和行道树，傍晚的灯光刚刚亮起，营造出宁静的氛围。,"{'province': '湖南省', 'city': '长沙市', 'district': '开福区', 'streetName': '文昌阁街', 'streetNumber': 'XX号', 'poi': '开福寺历史文化街区'}",112.972255,28.203177,"{'province': '湖南省', 'city': '长沙市', 'district': '开福区', 'street': '文昌阁街', 'formatted_address': '湖南省长沙市开福区文昌阁街[]'}",
Gallery-82,,IMG_20250116_183510,2025-01-16 18:35:10,健身沙拉; 烤鸡胸肉; 藜麦; 牛油果; 轻食晚餐; 健康饮食,无,冯浩然在沙拉拉轻食店点了一份健身沙拉，包含烤鸡胸肉、藜麦、牛油果和多种蔬菜，色彩鲜艳地盛放在白色餐盘中。,"{'province': '湖南省', 'city': '长沙市', 'district': '开福区', 'streetName': '文昌阁街', 'streetNumber': '37号', 'poi': '沙拉拉轻食(长沙开福寺店)'}",112.978319,28.224351,"{'province': '湖南省', 'city': '长沙市', 'district': '开福区', 'street': '文昌阁街', 'formatted_address': '湖南省长沙市开福区文昌阁街37号'}",
Gallery-83,16-5,IMG_20250116_203045,2025-01-16 20:30:45,CFA备考; 学习计划; 打印文档; 书桌; 时间管理; 金融考试,"CFA三级备考月度计划 (2025.01-2025.05)
1月：道德与专业准则、经济学
2月：财务报表分析、公司金融
3月：权益投资、固定收益
4月：衍生品、另类投资、投资组合管理
5月：总复习、模拟考试",冯浩然在书房书桌上展开一张打印好的CFA三级备考月度计划表，上面用彩色笔标注了不同科目的复习时间和目标。,"{'province': '湖南省', 'city': '长沙市', 'district': '岳麓区', 'streetName': '双塘路', 'streetNumber': '99号', 'poi': '岳麓区机关金星住宅小区，家中书房'}",112.938578,28.221525,"{'province': '湖南省', 'city': '长沙市', 'district': '岳麓区', 'street': '桐梓坡路', 'formatted_address': '湖南省长沙市岳麓区桐梓坡路99号'}",16-e
Gallery-84,,IMG_20250116_212205,2025-01-16 21:22:05,摄影作品; 细节特写; 金属扣环; Lightroom软件; 后期处理; 街拍,无,冯浩然在电脑Lightroom软件中放大一张上周拍摄的街拍照片，聚焦于照片中一个行人背包上的精致金属扣环细节。,"{'province': '湖南省', 'city': '长沙市', 'district': '岳麓区', 'streetName': '双塘路', 'streetNumber': '99号', 'poi': '岳麓区机关金星住宅小区，家中书房'}",112.938578,28.221525,"{'province': '湖南省', 'city': '长沙市', 'district': '岳麓区', 'street': '桐梓坡路', 'formatted_address': '湖南省长沙市岳麓区桐梓坡路99号'}",
Gallery-85,,IMG_20250117_084530,2025-01-17 08:45:30,早高峰; 车流; 高架桥; 城市天际线; 阴天; 通勤,无,冯浩然在早高峰驾车通勤时，透过车窗拍摄西二环高架桥上的车流，远处城市天际线在阴天中若隐若现,"{'province': '湖南省', 'city': '长沙市', 'district': '岳麓区', 'streetName': '西二环', 'streetNumber': 'XX号', 'poi': '西二环高架桥'}",112.919364,28.199817,"{'province': '湖南省', 'city': '长沙市', 'district': '岳麓区', 'street': '西二环', 'formatted_address': '湖南省长沙市岳麓区西二环[]'}",
Gallery-86,171-5,IMG_20250117_101520,2025-01-17 10:15:20,文档扫描; 股权激励; 会计处理; 打印文件; 办公桌; 工作,"股权激励计划会计处理要点
- 股份支付费用摊销
- 等待期与服务条件
- 公允价值计量
- 2025年第一季度适用",冯浩然在办公室工位上，用手机扫描一份关于股权激励会计处理的打印文档，文档平铺在木质桌面上,"{'province': '湖南省', 'city': '长沙市', 'district': '开福区', 'streetName': '芙蓉中路', 'streetNumber': '88号', 'poi': '湖南广电中心写字楼华泰证券办公室'}",113.046548,28.235932,"{'province': '湖南省', 'city': '长沙市', 'district': '开福区', 'street': [], 'formatted_address': '湖南省长沙市开福区[][]'}",171-e
Gallery-87,,IMG_20250117_194805,2025-01-17 19:48:05,晚高峰; 车流尾灯; 暮色; 城市道路; 下班; 光影,无,冯浩然在下班驾车返家途中，于三一大道等红灯时，拍摄前方车辆尾灯在暮色中连成的红色光带,"{'province': '湖南省', 'city': '长沙市', 'district': '开福区', 'streetName': '三一大道', 'streetNumber': 'XX号', 'poi': '三一大道'}",113.016375,28.233632,"{'province': '湖南省', 'city': '长沙市', 'district': '开福区', 'street': '三一大道', 'formatted_address': '湖南省长沙市开福区三一大道[]'}",
Gallery-88,,IMG_20250117_202230,2025-01-17 20:22:30,豚骨拉面; 外卖; 日式料理; 晚餐; 美食摄影; 居家,无,冯浩然在家中客厅的餐桌上，拍摄一份外卖送达的日式豚骨拉面套餐，拉面汤色浓郁，配菜有叉烧和溏心蛋,"{'province': '湖南省', 'city': '长沙市', 'district': '岳麓区', 'streetName': '双塘路', 'streetNumber': '99号', 'poi': '岳麓区机关金星住宅小区家中客厅'}",112.938578,28.221525,"{'province': '湖南省', 'city': '长沙市', 'district': '岳麓区', 'street': '桐梓坡路', 'formatted_address': '湖南省长沙市岳麓区桐梓坡路99号'}",
Gallery-89,,IMG_20250118_121530,2025-01-18 12:15:30,番茄鸡蛋面; 木质餐桌; 家常午餐; 热气腾腾; 感冒药; 简单生活,无,一碗热气腾腾的番茄鸡蛋面放在木质餐桌上，面条上覆盖着金黄的鸡蛋和红色的番茄块，旁边放着一杯水和感冒药盒。,"{'province': '湖南省', 'city': '长沙市', 'district': '岳麓区', 'streetName': '双塘路', 'streetNumber': '99号', 'poi': '岳麓区机关金星住宅小区'}",112.938578,28.221525,"{'province': '湖南省', 'city': '长沙市', 'district': '岳麓区', 'street': '桐梓坡路', 'formatted_address': '湖南省长沙市岳麓区桐梓坡路99号'}",
Gallery-90,46-1,IMG_20250118_140520,2025-01-18 14:05:20,艺术馆打卡; 人物合影; 清水混凝土建筑; 几何线条; 现代艺术; 朋友聚会,无,冯浩然与彭雨晴站在谢子龙影像艺术馆标志性的清水混凝土建筑前合影，背景是艺术馆的几何线条和灰白色调。,"{'province': '湖南省', 'city': '长沙市', 'district': '岳麓区', 'streetName': '潇湘南路一段', 'streetNumber': '387号', 'poi': '谢子龙影像艺术馆'}",112.947121,28.117792,"{'province': '湖南省', 'city': '长沙市', 'district': '岳麓区', 'street': '潇湘南路一段', 'formatted_address': '湖南省长沙市岳麓区潇湘南路一段387号'}",46-a
Gallery-91,46-1,IMG_20250118_151045,2025-01-18 15:10:45,抽象画作; 细节特写; 色彩对比; 艺术展览; 笔触纹理; 当代艺术,《无题》 - 艺术家：XX - 创作年代：2024 - 材质：布面丙烯,艺术馆内一幅色彩对比强烈的抽象画作特写，画布上布满了大胆的笔触和色块，旁边有作品介绍标签。,"{'province': '湖南省', 'city': '长沙市', 'district': '岳麓区', 'streetName': '潇湘南路一段', 'streetNumber': '387号', 'poi': '谢子龙影像艺术馆'}",112.947121,28.117792,"{'province': '湖南省', 'city': '长沙市', 'district': '岳麓区', 'street': '潇湘南路一段', 'formatted_address': '湖南省长沙市岳麓区潇湘南路一段387号'}",46-a
Gallery-92,46-4,IMG_20250118_160220,2025-01-18 16:02:20,手冲咖啡; 咖啡拉花; 木质桌面; 艺术馆咖啡; 休闲时光; 美食记录,无,一杯拉花精致的手冲咖啡放在咖啡馆的深色木桌上，旁边是艺术馆的宣传册和窗外模糊的绿植。,"{'province': '湖南省', 'city': '长沙市', 'district': '岳麓区', 'streetName': '潇湘南路一段', 'streetNumber': '387号', 'poi': '谢子龙影像艺术馆咖啡区'}",112.947121,28.117792,"{'province': '湖南省', 'city': '长沙市', 'district': '岳麓区', 'street': '潇湘南路一段', 'formatted_address': '湖南省长沙市岳麓区潇湘南路一段387号'}",46-a
Gallery-93,46-5,IMG_20250118_180105,2025-01-18 18:01:05,摄影配件; 物品收纳; 抽屉隔层; 胶卷; 镜头清洁; 居家整理,无,新购买的摄影配件和胶卷被整齐地收纳在书桌的抽屉隔层里，旁边放着常用的镜头清洁工具。,"{'province': '湖南省', 'city': '长沙市', 'district': '岳麓区', 'streetName': '双塘路', 'streetNumber': '99号', 'poi': '岳麓区机关金星住宅小区'}",112.938578,28.221525,"{'province': '湖南省', 'city': '长沙市', 'district': '岳麓区', 'street': '桐梓坡路', 'formatted_address': '湖南省长沙市岳麓区桐梓坡路99号'}",46-a
Gallery-94,,IMG_20250119_080215,2025-01-19 08:02:15,早餐; 煎鸡蛋; 烤吐司; 橙子; 牛奶; 感冒药; 木质餐桌,无,冯浩然在自家厨房的餐桌上享用早餐，盘中有煎鸡蛋、烤吐司和切好的橙子，旁边放着一杯牛奶和感冒药片。,"{'province': '湖南省', 'city': '长沙市', 'district': '岳麓区', 'streetName': '双塘路', 'streetNumber': '99号', 'poi': '岳麓区机关金星住宅小区'}",112.938578,28.221525,"{'province': '湖南省', 'city': '长沙市', 'district': '岳麓区', 'street': '桐梓坡路', 'formatted_address': '湖南省长沙市岳麓区桐梓坡路99号'}",
Gallery-95,171-6-1,IMG_20250119_103045,2025-01-19 10:30:45,股权激励报告; PPT大纲; 电脑屏幕; 文档扫描; 工作桌面; 钢笔,股权激励方案分析报告 - 2025年1月19日 - 华泰证券股份有限公司,冯浩然在书房的书桌上拍摄一份股权激励分析报告的PPT大纲，电脑屏幕显示着文档内容，旁边放着钢笔和笔记本。,"{'province': '湖南省', 'city': '长沙市', 'district': '岳麓区', 'streetName': '双塘路', 'streetNumber': '99号', 'poi': '岳麓区机关金星住宅小区'}",112.938578,28.221525,"{'province': '湖南省', 'city': '长沙市', 'district': '岳麓区', 'street': '桐梓坡路', 'formatted_address': '湖南省长沙市岳麓区桐梓坡路99号'}",171-f
Gallery-96,168-1,IMG_20250119_160520,2025-01-19 16:05:20,邮票收藏; 放大镜; 邮票册; 收藏品; 品相检查; 木质书桌,无,冯浩然在书房的书桌上整理邮票收藏，放大镜旁摆放着几枚品相完好的邮票，背景是邮票收藏册和行情资料。,"{'province': '湖南省', 'city': '长沙市', 'district': '岳麓区', 'streetName': '双塘路', 'streetNumber': '99号', 'poi': '岳麓区机关金星住宅小区'}",112.938578,28.221525,"{'province': '湖南省', 'city': '长沙市', 'district': '岳麓区', 'street': '桐梓坡路', 'formatted_address': '湖南省长沙市岳麓区桐梓坡路99号'}",168-a
Gallery-97,168-2-2,IMG_20250120_133015,2025-01-20 13:30:15,手冲咖啡; 耶加雪菲; 咖啡杯; 笔记本; 木质吧台; 绿植; 午休时光,无,冯浩然在圣爵菲斯咖啡厅品尝一杯耶加雪菲手冲咖啡，咖啡杯旁放着一本摊开的笔记本，背景是温暖的木质吧台和绿植。,"{'province': '湖南省', 'city': '长沙市', 'district': '开福区', 'streetName': '金鹰路', 'streetNumber': 'XX号', 'poi': '圣爵菲斯咖啡厅'}",113.043533,28.238287,"{'province': '湖南省', 'city': '长沙市', 'district': '开福区', 'street': '金鹰路', 'formatted_address': '湖南省长沙市开福区金鹰路[]'}",168-b
Gallery-98,168-2-2,IMG_20250120_134005,2025-01-20 13:40:05,文档扫描; 行业报告; AI金融风控; A4纸; 钢笔; 咖啡厅桌面; 灵感记录,AI在金融风控中的应用研究报告摘要 - 2025年1月版 - 华泰证券研究所,冯浩然在咖啡厅用手机扫描一份关于‘AI在金融风控中的应用’的行业报告摘要，纸张平铺在深色桌面上，旁边放着一支钢笔。,"{'province': '湖南省', 'city': '长沙市', 'district': '开福区', 'streetName': '金鹰路', 'streetNumber': 'XX号', 'poi': '圣爵菲斯咖啡厅'}",113.043533,28.238287,"{'province': '湖南省', 'city': '长沙市', 'district': '开福区', 'street': '金鹰路', 'formatted_address': '湖南省长沙市开福区金鹰路[]'}",168-b
Gallery-99,2-1,IMG_20250121_074530,2025-01-21 07:45:30,健康早餐; 全麦吐司; 水煮蛋; 无糖豆浆; 木质餐桌; 晨间,无,冯浩然在家中餐桌上拍摄自己准备的健康早餐，包括全麦吐司、水煮蛋和无糖豆浆，背景是简约的木质餐桌和厨房一角。,"{'province': '湖南省', 'city': '长沙市', 'district': '岳麓区', 'streetName': '双塘路', 'streetNumber': '99号', 'poi': '岳麓区机关金星住宅小区'}",112.938578,28.221525,"{'province': '湖南省', 'city': '长沙市', 'district': '岳麓区', 'street': '桐梓坡路', 'formatted_address': '湖南省长沙市岳麓区桐梓坡路99号'}",2-c
Gallery-100,174-2-1,IMG_20250121_103015,2025-01-21 10:30:15,PPT截图; 理财方案; 投资策略; 电脑屏幕; 工作文档,徐佳宁理财方案 - 核心-卫星策略 - 核心资产：纯债基金、沪深300指数增强 - 卫星资产：消费主题基金 - 2025-01-21,冯浩然在办公室电脑屏幕上截取PPT内容，画面显示为徐佳宁设计的‘核心-卫星’理财策略框架，背景是办公桌和文件。,"{'province': '湖南省', 'city': '长沙市', 'district': '开福区', 'streetName': '三一大道', 'streetNumber': 'XX号', 'poi': '湖南广电中心写字楼华泰证券办公室'}",113.046548,28.235932,"{'province': '湖南省', 'city': '长沙市', 'district': '开福区', 'street': '三一大道', 'formatted_address': '湖南省长沙市开福区三一大道[]'}",174-b
Gallery-101,,IMG_20250121_121520,2025-01-21 12:15:20,健康午餐; 鸡胸肉沙拉; 牛肉荞麦面; 轻食餐厅; 同事聚餐,无,冯浩然在‘轻食拌’健康餐吧拍摄桌上的鸡胸肉沙拉和牛肉荞麦面，餐具简洁，背景是餐厅的现代装修风格。,"{'province': '湖南省', 'city': '长沙市', 'district': '开福区', 'streetName': '金鹰路', 'streetNumber': 'XX号', 'poi': '轻食拌健康餐吧'}",113.043533,28.238287,"{'province': '湖南省', 'city': '长沙市', 'district': '开福区', 'street': '金鹰路', 'formatted_address': '湖南省长沙市开福区金鹰路[]'}",
Gallery-102,,IMG_20250121_174510,2025-01-21 17:45:10,手写笔记; 团队提案; 徒步活动; 岳麓山; 工作规划,团队徒步活动提案 - 时间：春节后 - 路线：岳麓山后山 - 预算：人均约200元 - 2025-01-21,冯浩然在办公室笔记本上拍摄手写的团队徒步活动提案草稿，内容包括时间、岳麓山后山路线和预算，旁边放着钢笔。,"{'province': '湖南省', 'city': '长沙市', 'district': '开福区', 'streetName': '三一大道', 'streetNumber': 'XX号', 'poi': '湖南广电中心写字楼华泰证券办公室'}",113.046548,28.235932,"{'province': '湖南省', 'city': '长沙市', 'district': '开福区', 'street': '三一大道', 'formatted_address': '湖南省长沙市开福区三一大道[]'}",
Gallery-103,,IMG_20250121_184025,2025-01-21 18:40:25,咖啡豆; 埃塞俄比亚; 日晒G1; 咖啡厅; 购物,一丹咖啡 - 埃塞俄比亚 耶加雪菲 日晒 G1 - 半磅 - 价格：98元 - 2025-01-21,冯浩然在‘一丹咖啡厅’的柜台前拍摄新购买的半磅埃塞俄比亚日晒G1咖啡豆，包装袋上印有咖啡豆信息，背景是咖啡厅的货架。,"{'province': '湖南省', 'city': '长沙市', 'district': '芙蓉区', 'streetName': '浏阳河大道', 'streetNumber': 'XX号', 'poi': '一丹咖啡厅'}",113.039134,28.174765,"{'province': '湖南省', 'city': '长沙市', 'district': '芙蓉区', 'street': '浏阳河大道', 'formatted_address': '湖南省长沙市芙蓉区浏阳河大道[]'}",
Gallery-104,16-6,IMG_20250121_202200,2025-01-21 20:22:00,CFA学习; 固定收益; 信用利差; 笔记本图表; 晚间学习,CFA Level III - Fixed Income - Credit Spread Models - 案例：某地产债 - 2025-01-21,冯浩然在书房书桌上拍摄摊开的CFA三级教材《固定收益》和笔记本，笔记本上绘制着信用利差模型的分析图表，旁边放着计算器。,"{'province': '湖南省', 'city': '长沙市', 'district': '岳麓区', 'streetName': '双塘路', 'streetNumber': '99号', 'poi': '岳麓区机关金星住宅小区'}",112.938578,28.221525,"{'province': '湖南省', 'city': '长沙市', 'district': '岳麓区', 'street': '桐梓坡路', 'formatted_address': '湖南省长沙市岳麓区桐梓坡路99号'}",16-f
Gallery-105,,IMG_20250121_211530,2025-01-21 21:15:30,摄影器材; 索尼相机; 镜头清洁; 街拍准备; 物品收纳,无,冯浩然在书房地板上拍摄整理好的索尼相机、镜头和清洁工具，为周末街拍工作坊做准备，背景是摄影包和存储卡盒。,"{'province': '湖南省', 'city': '长沙市', 'district': '岳麓区', 'streetName': '双塘路', 'streetNumber': '99号', 'poi': '岳麓区机关金星住宅小区'}",112.938578,28.221525,"{'province': '湖南省', 'city': '长沙市', 'district': '岳麓区', 'street': '桐梓坡路', 'formatted_address': '湖南省长沙市岳麓区桐梓坡路99号'}",
Gallery-106,,IMG_20250122_080520,2025-01-22 08:05:20,早餐; 燕麦粥; 煎蛋火腿; 厨房灶台; 白色瓷碗; 晨间准备,无,冯浩然在家中的厨房灶台前，正将煎好的鸡蛋和火腿片摆放在装有燕麦粥的白色瓷碗旁，背景是整洁的现代厨房操作台和咖啡机。,"{'province': '湖南省', 'city': '长沙市', 'district': '岳麓区', 'streetName': '双塘路', 'streetNumber': '99号', 'poi': '岳麓区机关金星住宅小区'}",112.938578,28.221525,"{'province': '湖南省', 'city': '长沙市', 'district': '岳麓区', 'street': '桐梓坡路', 'formatted_address': '湖南省长沙市岳麓区桐梓坡路99号'}",
Gallery-107,,IMG_20250122_122530,2025-01-22 12:25:30,午餐; 香煎鸡胸肉沙拉; 西柚汁; 健康餐吧; 同事聚餐; 木质餐桌,无,冯浩然与同事郑文博在轻食拌餐吧的木质餐桌前，桌上摆放着香煎鸡胸肉沙拉和西柚汁，背景是简约的餐厅环境和绿植装饰。,"{'province': '湖南省', 'city': '长沙市', 'district': '开福区', 'streetName': '金鹰路', 'streetNumber': 'XX号', 'poi': '轻食拌健康餐吧'}",113.043533,28.238287,"{'province': '湖南省', 'city': '长沙市', 'district': '开福区', 'street': '金鹰路', 'formatted_address': '湖南省长沙市开福区金鹰路[]'}",
Gallery-108,,IMG_20250122_174520,2025-01-22 17:45:20,财务报告; 电脑屏幕; 文档扫描; 投资组合分析; 办公桌; 工作收尾,关于林志豪先生投资组合流动性优化方案的初步分析 2025-01-22 华泰证券股份有限公司,冯浩然在华泰证券办公室的办公桌前，用手机拍摄电脑屏幕上显示的《关于林志豪先生投资组合流动性优化方案的初步分析》报告文档，文档标题和部分图表清晰可见。,"{'province': '湖南省', 'city': '长沙市', 'district': '开福区', 'streetName': '芙蓉中路', 'streetNumber': '88号', 'poi': '湖南广电中心写字楼（华泰证券办公室）'}",113.046548,28.235932,"{'province': '湖南省', 'city': '长沙市', 'district': '开福区', 'street': [], 'formatted_address': '湖南省长沙市开福区[][]'}",
Gallery-109,a_1,IMG_20250122_215530,2025-01-22 21:55:30,睡前阅读; 书籍《周期》; 床头柜; 物品收纳; 眼镜手机; 卧室,无,冯浩然在卧室床头柜上，将正在阅读的书籍《周期》与手机、眼镜整齐摆放在一起，准备睡前阅读，背景是温暖的床头灯和床铺一角。,"{'province': '湖南省', 'city': '长沙市', 'district': '岳麓区', 'streetName': '双塘路', 'streetNumber': '99号', 'poi': '岳麓区机关金星住宅小区'}",112.938578,28.221525,"{'province': '湖南省', 'city': '长沙市', 'district': '岳麓区', 'street': '桐梓坡路', 'formatted_address': '湖南省长沙市岳麓区桐梓坡路99号'}",a_1
Gallery-110,a_1,IMG_20250122_224010,2025-01-22 22:40:10,明日规划; 笔记本; 待办事项; 会议记录; 文档扫描; 书桌,明日核心任务： 1. 上午10:00 与黄思琪视频会议 (Zoom会议室: xxx-xxx-xxxx) 2. 下午 继续推进林志豪模型 2025-01-23,冯浩然在卧室书桌前，用手机拍摄摊开的笔记本，上面清晰记录着明日与客户黄思琪视频会议的时间、线上会议室链接以及待办事项清单。,"{'province': '湖南省', 'city': '长沙市', 'district': '岳麓区', 'streetName': '双塘路', 'streetNumber': '99号', 'poi': '岳麓区机关金星住宅小区'}",112.938578,28.221525,"{'province': '湖南省', 'city': '长沙市', 'district': '岳麓区', 'street': '桐梓坡路', 'formatted_address': '湖南省长沙市岳麓区桐梓坡路99号'}",a_1
Gallery-111,168-3,IMG_20250123_143022,2025-01-23 14:30:22,微信; 聊天界面; 截图; 论坛讨论; 文字消息; 信息分享,"冯浩然
这是今天论坛上关于人工智能伦理的讨论，我觉得很有启发。
[图片]
罗振宇
收到，谢谢分享！这个话题确实值得深入探讨。
冯浩然
不客气，我们下周找个时间再详细聊聊？
罗振宇
好的，我看看日程再和你约。",微信聊天界面截图，显示用户'冯浩然'向联系人'罗振宇'发送了一张论坛讨论的截图，并附有文字消息'这是今天论坛上关于人工智能伦理的讨论，我觉得很有启发'。,"{'province': '北京市', 'city': '北京市', 'district': '海淀区', 'streetName': '中关村大街', 'streetNumber': '27号', 'poi': '中关村创业大厦'}",116.31098,40.037016,"{'province': '北京市', 'city': '北京市', 'district': '海淀区', 'street': '中关村大街', 'formatted_address': '北京市北京市海淀区中关村大街27号'}",168-c
Gallery-112,,IMG_20250123_194205,2025-01-23 19:42:05,超市购物; 日式拉面汤料; 冷藏货架; 商品挑选; 盒马鲜生; 美食食材,无,冯浩然在盒马鲜生超市的冷藏货架前，正在挑选包装精美的日式拉面汤料，背景是明亮的超市灯光和整齐的商品陈列。,"{'province': '湖南省', 'city': '长沙市', 'district': '岳麓区', 'streetName': '金星中路', 'streetNumber': 'XX号', 'poi': '盒马鲜生(河西王府井店)'}",112.933366,28.218274,"{'province': '湖南省', 'city': '长沙市', 'district': '岳麓区', 'street': '金星中路', 'formatted_address': '湖南省长沙市岳麓区金星中路[]'}",
Gallery-113,,IMG_20250123_194815,2025-01-23 19:48:15,购物篮; 溏心蛋; 叉烧肉片; 蔬菜; 食材特写; 美食准备,无,购物篮里摆放着已选购的溏心蛋、叉烧肉片和蔬菜，手机镜头聚焦于食材特写，背景是超市收银区模糊的人影。,"{'province': '湖南省', 'city': '长沙市', 'district': '岳麓区', 'streetName': '金星中路', 'streetNumber': 'XX号', 'poi': '盒马鲜生(河西王府井店)'}",112.933366,28.218274,"{'province': '湖南省', 'city': '长沙市', 'district': '岳麓区', 'street': '金星中路', 'formatted_address': '湖南省长沙市岳麓区金星中路[]'}",
Gallery-114,,IMG_20250123_201025,2025-01-23 20:10:25,日式拉面; 叉烧肉片; 溏心蛋; 海苔; 美食摆盘; 晚餐,无,一碗精心摆盘的日式拉面放在冯浩然家中的餐桌上，汤面上铺着叉烧肉片、溏心蛋和海苔，背景是简约的木质餐桌和暖色灯光。,"{'province': '湖南省', 'city': '长沙市', 'district': '岳麓区', 'streetName': '双塘路', 'streetNumber': '99号', 'poi': '岳麓区机关金星住宅小区'}",112.938578,28.221525,"{'province': '湖南省', 'city': '长沙市', 'district': '岳麓区', 'street': '桐梓坡路', 'formatted_address': '湖南省长沙市岳麓区桐梓坡路99号'}",
Gallery-115,,IMG_20250124_074520,2025-01-24 07:45:20,燕麦; 煎蛋; 手冲咖啡; 木质餐桌; 健康早餐; 清晨,无,冯浩然在自家厨房的木质餐桌上享用健康早餐，餐盘里盛着燕麦、煎蛋和一杯手冲咖啡，背景是整洁的厨房台面,"{'province': '湖南省', 'city': '长沙市', 'district': '岳麓区', 'streetName': '双塘路', 'streetNumber': '99号', 'poi': '岳麓区机关金星住宅小区'}",112.938578,28.221525,"{'province': '湖南省', 'city': '长沙市', 'district': '岳麓区', 'street': '桐梓坡路', 'formatted_address': '湖南省长沙市岳麓区桐梓坡路99号'}",
Gallery-116,,IMG_20250124_084005,2025-01-24 08:40:05,车载屏幕; 播客界面; 方向盘; 高架桥; 通勤; 摄影之友,无,冯浩然在驾驶途中，用手机拍摄车载屏幕上的播客《摄影之友》播放界面，背景是方向盘和前方拥堵的西二环高架桥,"{'province': '湖南省', 'city': '长沙市', 'district': '岳麓区', 'streetName': '西二环', 'streetNumber': 'XX号', 'poi': '西二环高架桥'}",112.919364,28.199817,"{'province': '湖南省', 'city': '长沙市', 'district': '岳麓区', 'street': '西二环', 'formatted_address': '湖南省长沙市岳麓区西二环[]'}",
Gallery-117,,IMG_20250124_091000,2025-01-24 09:10:00,汽车仪表盘; 里程数; 剩余油量; 地下车库; 混凝土立柱; 停车记录,无,冯浩然将车停入公司写字楼地下车库，拍摄了仪表盘上显示的里程数和剩余油量，背景是车库的混凝土立柱和指示牌,"{'province': '湖南省', 'city': '长沙市', 'district': '开福区', 'streetName': '三一大道', 'streetNumber': 'XX号', 'poi': '湖南广电中心写字楼地下车库'}",113.046548,28.235932,"{'province': '湖南省', 'city': '长沙市', 'district': '开福区', 'street': '三一大道', 'formatted_address': '湖南省长沙市开福区三一大道[]'}",
Gallery-118,178-1-1,IMG_20250124_113015,2025-01-24 11:30:15,电脑屏幕; 持仓数据; 股票代码; 浮动盈亏; 金融软件; 工作记录,客户：黄思琪 持仓更新 2025-01-24 股票代码：000001.SZ 持仓数量：50000股 浮动盈亏：+8.5%,冯浩然在办公室电脑前，拍摄屏幕上显示的高净值客户黄思琪的持仓数据更新界面，界面包含股票代码、持仓数量和浮动盈亏,"{'province': '湖南省', 'city': '长沙市', 'district': '开福区', 'streetName': '三一大道', 'streetNumber': 'XX号', 'poi': '华泰证券办公室'}",113.016375,28.233632,"{'province': '湖南省', 'city': '长沙市', 'district': '开福区', 'street': '三一大道', 'formatted_address': '湖南省长沙市开福区三一大道[]'}",178-a
Gallery-119,176-1,IMG_20250124_141520,2025-01-24 14:15:20,电脑屏幕; PPT封面; 项目报告; 视频会议; 工作文档; 项目收尾,林志豪项目最终方案与总结 华泰证券投资顾问部 2025年1月,冯浩然在办公室进行视频会议，拍摄了电脑屏幕上林志豪项目最终报告的PPT封面页，标题为‘林志豪项目最终方案与总结’,"{'province': '湖南省', 'city': '长沙市', 'district': '开福区', 'streetName': '三一大道', 'streetNumber': 'XX号', 'poi': '华泰证券办公室'}",113.016375,28.233632,"{'province': '湖南省', 'city': '长沙市', 'district': '开福区', 'street': '三一大道', 'formatted_address': '湖南省长沙市开福区三一大道[]'}",176-a
Gallery-120,176-1,IMG_20250124_170510,2025-01-24 17:05:10,工作计划表; 手写笔记; 钢笔; 木质办公桌; 下周规划; 工作备忘,下周工作重点 1. 优化黄思琪股权激励方案 2. 起草一季度投资报告 3. 准备摄影工作坊器材 2025-01-27至02-02,冯浩然在办公桌前，拍摄了摊开的纸质下周工作计划表，上面手写了‘优化黄思琪方案’、‘起草季度报告’等事项，旁边放着一支钢笔,"{'province': '湖南省', 'city': '长沙市', 'district': '开福区', 'streetName': '三一大道', 'streetNumber': 'XX号', 'poi': '华泰证券办公室'}",113.016375,28.233632,"{'province': '湖南省', 'city': '长沙市', 'district': '开福区', 'street': '三一大道', 'formatted_address': '湖南省长沙市开福区三一大道[]'}",176-a
Gallery-121,,IMG_20250124_181530,2025-01-24 18:15:30,咖啡豆; 包装袋; 瑰夏; 咖啡厅柜台; 手冲咖啡; 采购,一丹咖啡 埃塞俄比亚 瑰夏 G1 水洗 烘焙日期：2025-01-23 净含量：227g,冯浩然在一丹咖啡厅柜台前，拍摄了老板沈心怡递过来的一袋新鲜烘焙的埃塞俄比亚瑰夏咖啡豆，包装袋上印有咖啡厅logo和产地信息,"{'province': '湖南省', 'city': '长沙市', 'district': '芙蓉区', 'streetName': '浏阳河大道', 'streetNumber': 'XX号', 'poi': '一丹咖啡厅'}",113.039134,28.174765,"{'province': '湖南省', 'city': '长沙市', 'district': '芙蓉区', 'street': '浏阳河大道', 'formatted_address': '湖南省长沙市芙蓉区浏阳河大道[]'}",
Gallery-122,,IMG_20250124_190205,2025-01-24 19:02:05,三文鱼排; 西兰花; 牛油果; 购物车; 超市生鲜; 健康食材,无,冯浩然在超市生鲜区，拍摄了购物车里放置的新鲜三文鱼排、西兰花、牛油果等健康食材，背景是超市明亮的灯光和货架,"{'province': '湖南省', 'city': '长沙市', 'district': '岳麓区', 'streetName': '金星中路', 'streetNumber': 'XX号', 'poi': '湘腾城市广场超市'}",112.935745,28.219584,"{'province': '湖南省', 'city': '长沙市', 'district': '岳麓区', 'street': '金星中路', 'formatted_address': '湖南省长沙市岳麓区金星中路[]'}",
Gallery-123,,IMG_20250124_193540,2025-01-24 19:35:40,香煎三文鱼; 平底锅; 橄榄油; 西兰花; 烹饪过程; 健康晚餐,无,冯浩然在自家厨房，拍摄了平底锅中正在用橄榄油香煎的三文鱼排，鱼肉表面呈现金黄色，旁边是焯好水的翠绿色西兰花,"{'province': '湖南省', 'city': '长沙市', 'district': '岳麓区', 'streetName': '双塘路', 'streetNumber': '99号', 'poi': '岳麓区机关金星住宅小区'}",112.938578,28.221525,"{'province': '湖南省', 'city': '长沙市', 'district': '岳麓区', 'street': '桐梓坡路', 'formatted_address': '湖南省长沙市岳麓区桐梓坡路99号'}",
Gallery-124,2-2,IMG_20250125_074000,2025-01-25 07:40:00,湘江风光带; 清晨薄雾; 城市天际线; 驾车视角; 冬日晨光; 江面,无,冯浩然驾车经过湘江风光带，清晨的江面笼罩着一层薄雾，对岸的城市天际线在晨光中若隐若现,"{'province': '湖南省', 'city': '长沙市', 'district': '开福区', 'streetName': '湘江中路', 'streetNumber': 'XX号', 'poi': '湘江风光带'}",112.968908,28.187997,"{'province': '湖南省', 'city': '长沙市', 'district': '天心区', 'street': '湘江中路', 'formatted_address': '湖南省长沙市天心区湘江中路[]'}",2-d
Gallery-125,2-2,IMG_20250125_080500,2025-01-25 08:05:00,人物合影; 跑友; 湘江风光带; 晨跑庆祝; 银盆岭大桥; 笑容,无,冯浩然与跑友高云飞、吴俊杰在湘江风光带步道旁合影，三人面带笑容，身后是宽阔的江面和银盆岭大桥,"{'province': '湖南省', 'city': '长沙市', 'district': '开福区', 'streetName': '湘江风光带南侧步道', 'streetNumber': 'XX号', 'poi': '湘江风光带（银盆岭大桥至风帆广场段）'}",112.968908,28.187997,"{'province': '湖南省', 'city': '长沙市', 'district': '天心区', 'street': [], 'formatted_address': '湖南省长沙市天心区[][]'}",2-d
Gallery-126,2-2,IMG_20250125_081000,2025-01-25 08:10:00,击掌特写; 庆祝动作; 跑步手套; 晨跑; 运动瞬间; 友情,无,冯浩然与高云飞、吴俊杰在步道上击掌庆祝，手部特写充满动感，背景是晨跑的江边步道,"{'province': '湖南省', 'city': '长沙市', 'district': '开福区', 'streetName': '湘江风光带南侧步道', 'streetNumber': 'XX号', 'poi': '湘江风光带（银盆岭大桥至风帆广场段）'}",112.968908,28.187997,"{'province': '湖南省', 'city': '长沙市', 'district': '天心区', 'street': [], 'formatted_address': '湖南省长沙市天心区[][]'}",2-d
Gallery-127,50-3-1,IMG_20250125_111500,2025-01-25 11:15:00,PPT截图; 伦勃朗光; 布光图; 摄影理论; 投影屏幕; 工作坊,"经典布光图式 - 伦勃朗光
主光角度：45度
光比控制：1:4
适用场景：戏剧性人像
2025-01-25 摄影工作坊",摄影工作坊理论研习课上，投影屏幕显示着关于“伦勃朗光”的PPT页面，上面有光位图和参数说明,"{'province': '湖南省', 'city': '长沙市', 'district': '岳麓区', 'streetName': '后湖路', 'streetNumber': 'XX号', 'poi': '后湖国际艺术区D3栋“光影实验室”影棚'}",112.94294,28.163143,"{'province': '湖南省', 'city': '长沙市', 'district': '岳麓区', 'street': '后湖路', 'formatted_address': '湖南省长沙市岳麓区后湖路3-1栋'}",50-c
Gallery-128,50-3-1,IMG_20250125_144500,2025-01-25 14:45:00,会场环境; 摄影影棚; 柔光箱; 模特; 实战拍摄; 灯光设备,无,实战拍摄环节中，一位学员正在调整柔光箱的角度，模特在背景前准备，影棚内布满了专业的灯光设备,"{'province': '湖南省', 'city': '长沙市', 'district': '岳麓区', 'streetName': '后湖路', 'streetNumber': 'XX号', 'poi': '后湖国际艺术区D3栋“光影实验室”影棚'}",112.94294,28.163143,"{'province': '湖南省', 'city': '长沙市', 'district': '岳麓区', 'street': '后湖路', 'formatted_address': '湖南省长沙市岳麓区后湖路3-1栋'}",50-c
Gallery-129,50-3-1,IMG_20250125_163000,2025-01-25 16:30:00,参会人员; 交流; 交换联系方式; 红砖厂房; 课后; 合作约定,无,冯浩然与两位对商业摄影感兴趣的学员在影棚外交换联系方式，三人手持手机，背景是艺术区的红砖厂房,"{'province': '湖南省', 'city': '长沙市', 'district': '岳麓区', 'streetName': '后湖路', 'streetNumber': 'XX号', 'poi': '后湖国际艺术区外景地'}",112.942899,28.16149,"{'province': '湖南省', 'city': '长沙市', 'district': '岳麓区', 'street': '后湖路', 'formatted_address': '湖南省长沙市岳麓区后湖路[]'}",50-c
Gallery-130,a_50,IMG_20250125_171500,2025-01-25 17:15:00,街头风景; 湖边小道; 夕阳余晖; 艺术区建筑; 傍晚光线; 水面倒影,无,工作坊结束后，冯浩然在艺术区的湖边小道上随拍，夕阳的余晖洒在湖面和远处的建筑上，呈现出温暖的色调,"{'province': '湖南省', 'city': '长沙市', 'district': '岳麓区', 'streetName': '后湖路', 'streetNumber': 'XX号', 'poi': '后湖国际艺术区湖边小道'}",112.942899,28.16149,"{'province': '湖南省', 'city': '长沙市', 'district': '岳麓区', 'street': '后湖路', 'formatted_address': '湖南省长沙市岳麓区后湖路[]'}",a_50
Gallery-131,,IMG_20250125_173000,2025-01-25 17:30:00,街头风景; 红砖厂房; 蓝调时刻; 建筑灯光; 夜景氛围; 艺术区,无,艺术区一角，一栋改造后的红砖厂房在傍晚的蓝调时刻亮起暖黄色的灯光，与深蓝色的天空形成对比,"{'province': '湖南省', 'city': '长沙市', 'district': '岳麓区', 'streetName': '后湖路', 'streetNumber': 'XX号', 'poi': '后湖国际艺术区红砖厂房区'}",112.942899,28.16149,"{'province': '湖南省', 'city': '长沙市', 'district': '岳麓区', 'street': '后湖路', 'formatted_address': '湖南省长沙市岳麓区后湖路[]'}",
Gallery-132,170-2,IMG_20250126_164530,2025-01-26 16:45:30,小炒黄牛肉; 清炒时蔬; 白米饭; 湘菜; 晚餐; 美食摄影,无,冯浩然在IFS国金中心湘菜餐厅拍摄晚餐，桌上摆着香气四溢的小炒黄牛肉、清炒时蔬和一碗米饭，背景是餐厅的雅致环境,"{'province': '湖南省', 'city': '长沙市', 'district': '芙蓉区', 'streetName': '解放西路', 'streetNumber': '188号', 'poi': '长沙IFS国金中心L5楼某湘菜餐厅'}",112.976763,28.192806,"{'province': '湖南省', 'city': '长沙市', 'district': '芙蓉区', 'street': '解放西路', 'formatted_address': '湖南省长沙市芙蓉区解放西路188号'}",170-b
Gallery-133,a_169,IMG_20250127_081530,2025-01-27 08:15:30,早餐; 煎蛋; 烤面包; 平板电脑; 12306; 家庭餐桌; 确认行程,G1001 长沙南-武汉 2025-01-28 08:30 二等座 08车12F,冯浩然在家中的餐桌上享用早餐，盘中有煎蛋和烤面包，背景是平板电脑上显示的12306高铁票确认页面。,"{'province': '湖南省', 'city': '长沙市', 'district': '岳麓区', 'streetName': '双塘路', 'streetNumber': '99号', 'poi': '岳麓区机关金星住宅小区'}",112.938578,28.221525,"{'province': '湖南省', 'city': '长沙市', 'district': '岳麓区', 'street': '桐梓坡路', 'formatted_address': '湖南省长沙市岳麓区桐梓坡路99号'}",a_169
Gallery-134,176-4-1,IMG_20250127_111500,2025-01-27 11:15:00,工作交接; 会议桌; 白板; 同事; 上司; 办公室; 节前汇报,项目交接清单 - 林志豪资产重组案 - 关键节点：2025-02-15 - 交接人：冯浩然/郑文博 - 日期：2025-01-27,冯浩然与同事郑文博、上司钱永强在办公室会议桌旁进行工作交接，背景是写有项目要点和交接日期的白板。,"{'province': '湖南省', 'city': '长沙市', 'district': '开福区', 'streetName': '三一大道', 'streetNumber': 'XX号', 'poi': '湖南广电中心写字楼华泰证券办公室'}",113.046548,28.235932,"{'province': '湖南省', 'city': '长沙市', 'district': '开福区', 'street': '三一大道', 'formatted_address': '湖南省长沙市开福区三一大道[]'}",176-d
Gallery-135,,IMG_20250127_131000,2025-01-27 13:10:00,咖啡; 热美式; 室外座位; 街景; 午间休息; 放松; 观察,无,冯浩然在圣爵菲斯咖啡厅的室外座位品尝热美式咖啡，背景是传媒路的街景和来往的行人。,"{'province': '湖南省', 'city': '长沙市', 'district': '开福区', 'streetName': '传媒路', 'streetNumber': 'XX号', 'poi': '圣爵菲斯咖啡厅'}",113.044429,28.237237,"{'province': '湖南省', 'city': '长沙市', 'district': '开福区', 'street': '传媒路', 'formatted_address': '湖南省长沙市开福区传媒路[]'}",
Gallery-136,169-3-1,IMG_20250127_183000,2025-01-27 18:30:00,行李箱; 衣物收纳; 礼物; 保健品; 护肤品; 打包; 返乡行李,无,冯浩然将叠放整齐的衣物和给家人的礼物放入打开的28寸行李箱中，背景是卧室的床铺。,"{'province': '湖南省', 'city': '长沙市', 'district': '岳麓区', 'streetName': '双塘路', 'streetNumber': '99号', 'poi': '岳麓区机关金星住宅小区'}",112.938578,28.221525,"{'province': '湖南省', 'city': '长沙市', 'district': '岳麓区', 'street': '桐梓坡路', 'formatted_address': '湖南省长沙市岳麓区桐梓坡路99号'}",169-c
Gallery-137,169-3-1,IMG_20250127_221500,2025-01-27 22:15:00,身份证; 高铁票; 物品清单; 最终检查; 证件; 玄关; 核对,返乡行李清单 - 1. 身份证 2. 高铁票(G1001) 3. 手机/充电器 4. 5天衣物 5. 相机 6. 药品 7. 给父母的礼物 - 状态：已核对,冯浩然将身份证、高铁票与行李箱内的物品清单并排放在玄关柜上，进行最终核对。,"{'province': '湖南省', 'city': '长沙市', 'district': '岳麓区', 'streetName': '双塘路', 'streetNumber': '99号', 'poi': '岳麓区机关金星住宅小区'}",112.938578,28.221525,"{'province': '湖南省', 'city': '长沙市', 'district': '岳麓区', 'street': '桐梓坡路', 'formatted_address': '湖南省长沙市岳麓区桐梓坡路99号'}",169-c
Gallery-138,169-4,IMG_20250128_091520,2025-01-28 09:15:20,星巴克; 拿铁咖啡; 木质吧台; 车站候车; 春运,星巴克 Starbucks - 热拿铁 大杯 38元,冯浩然在长沙南站候车厅的星巴克门店购买了一杯热拿铁，咖啡杯放在木质吧台上，背景是忙碌的旅客和明亮的店铺招牌。,"{'province': '湖南省', 'city': '长沙市', 'district': '雨花区', 'streetName': '花侯路', 'streetNumber': 'XX号', 'poi': '长沙南站候车大厅星巴克门店'}",113.06551,28.147093,"{'province': '湖南省', 'city': '长沙市', 'district': '雨花区', 'street': '花侯路', 'formatted_address': '湖南省长沙市雨花区花侯路[]'}",169-d
Gallery-139,169-4,IMG_20250128_110530,2025-01-28 11:05:30,高铁车窗; 冬日田野; 远山; 阳光; 旅途风景,无,冯浩然透过高铁车窗拍摄飞速掠过的冬日田野和远山，阳光透过玻璃洒在桌板上，窗外景色开阔而宁静。,"{'province': '湖南省', 'city': '长沙市', 'district': '雨花区', 'streetName': '花侯路', 'streetNumber': 'XX号', 'poi': 'G1002次列车（长沙南-武汉）车厢内'}",113.034245,28.139691,"{'province': '湖南省', 'city': '长沙市', 'district': '雨花区', 'street': [], 'formatted_address': '湖南省长沙市雨花区[][]'}",169-d
Gallery-140,169-4,IMG_20250128_121815,2025-01-28 12:18:15,高铁盒饭; 红烧排骨; 折叠桌板; 旅途用餐; 美食记录,无,冯浩然拍摄了高铁上购买的盒饭，菜品包括红烧排骨、青菜和米饭，餐盒整齐摆放在折叠小桌板上。,"{'province': '湖南省', 'city': '长沙市', 'district': '雨花区', 'streetName': '花侯路', 'streetNumber': 'XX号', 'poi': 'G1002次列车（长沙南-武汉）车厢内'}",113.034245,28.139691,"{'province': '湖南省', 'city': '长沙市', 'district': '雨花区', 'street': [], 'formatted_address': '湖南省长沙市雨花区[][]'}",169-d
Gallery-141,169-4,IMG_20250128_125005,2025-01-28 12:50:05,降噪耳机; 金属质感; 皮革耳罩; 微距特写; 旅途装备,无,冯浩然用微距模式拍摄了放在桌板上的降噪耳机，金属质感的外壳和皮革耳罩纹理清晰可见，旁边放着iPad和笔记本。,"{'province': '湖南省', 'city': '长沙市', 'district': '雨花区', 'streetName': '花侯路', 'streetNumber': 'XX号', 'poi': 'G1002次列车（长沙南-武汉）车厢内'}",113.034245,28.139691,"{'province': '湖南省', 'city': '长沙市', 'district': '雨花区', 'street': [], 'formatted_address': '湖南省长沙市雨花区[][]'}",169-d
Gallery-142,170-4-1,IMG_20250128_154010,2025-01-28 15:40:10,春联; 福字; 红灯笼; 纸箱收纳; 春节装饰,无,冯浩然拍摄了收纳在纸箱里的备用春联、福字和灯笼，纸箱放在客厅地板上，旁边还有胶带和剪刀等工具。,"{'province': '湖北省', 'city': '武汉市', 'district': '江岸区', 'streetName': '解放大道', 'streetNumber': '368号', 'poi': '父母家客厅'}",114.282987,30.633093,"{'province': '湖北省', 'city': '武汉市', 'district': '江岸区', 'street': [], 'formatted_address': '湖北省武汉市江岸区[][]'}",170-d
Gallery-143,170-4-1,IMG_20250128_163530,2025-01-28 16:35:30,红灯笼; 行道树; 置办年货; 街头风景; 春节氛围,无,冯浩然在小区门口拍摄了挂满红灯笼的行道树和熙熙攘攘置办年货的行人，街道两旁店铺张灯结彩，年味浓厚。,"{'province': '湖北省', 'city': '武汉市', 'district': '江岸区', 'streetName': '解放大道', 'streetNumber': '368号', 'poi': '解放大道小区门口街道'}",114.27398,30.593569,"{'province': '湖北省', 'city': '武汉市', 'district': '江岸区', 'street': [], 'formatted_address': '湖北省武汉市江岸区[][]'}",170-d
Gallery-144,170-4-1,IMG_20250128_180520,2025-01-28 18:05:20,排骨藕汤; 翻炒; 铁锅; 湖北家常菜; 年夜饭准备,无,冯浩然拍摄了母亲正在翻炒的排骨藕汤食材，锅中汤汁翻滚香气四溢，旁边灶台上还摆放着切好的莲藕和葱姜。,"{'province': '湖北省', 'city': '武汉市', 'district': '江岸区', 'streetName': '解放大道', 'streetNumber': '368号', 'poi': '父母家厨房'}",114.282987,30.633093,"{'province': '湖北省', 'city': '武汉市', 'district': '江岸区', 'street': [], 'formatted_address': '湖北省武汉市江岸区[][]'}",170-d
Gallery-145,170-4-1,IMG_20250128_220815,2025-01-28 22:08:15,央视春晚; 电视屏幕; 歌舞表演; 客厅; 守岁,中央广播电视总台 2025春节联欢晚会,冯浩然拍摄了客厅电视正在播放的央视春晚节目，屏幕上是热闹的歌舞表演，茶几上摆满了水果、瓜子和茶水。,"{'province': '湖北省', 'city': '武汉市', 'district': '江岸区', 'streetName': '解放大道', 'streetNumber': '368号', 'poi': '父母家客厅'}",114.282987,30.633093,"{'province': '湖北省', 'city': '武汉市', 'district': '江岸区', 'street': [], 'formatted_address': '湖北省武汉市江岸区[][]'}",170-d
Gallery-146,170-4-1,IMG_20250128_234520,2025-01-28 23:45:20,城市夜景; 除夕夜; 高楼灯火; 小区彩灯; 烟花,无,冯浩然在自家阳台拍摄除夕夜的城市夜景，远处高楼灯火璀璨，近处小区挂满彩灯，夜空中偶尔有烟花绽放。,"{'province': '湖北省', 'city': '武汉市', 'district': '江岸区', 'streetName': '解放大道', 'streetNumber': '368号', 'poi': '父母家阳台'}",114.282987,30.633093,"{'province': '湖北省', 'city': '武汉市', 'district': '江岸区', 'street': [], 'formatted_address': '湖北省武汉市江岸区[][]'}",170-d
Gallery-147,,IMG_20250129_093215,2025-01-29 09:32:15,汉口江滩; 寂静街道; 晨雾; 长江驳船; 湿滑路面; 晨跑后; 街拍,无,冯浩然在汉口江滩公园的沿江大道上拍摄晨跑后的寂静街道，远处是晨雾中的长江和停泊的驳船，路面湿漉漉的反射着晨光。,"{'province': '湖北省', 'city': '武汉市', 'district': '江岸区', 'streetName': '沿江大道', 'streetNumber': 'XX号', 'poi': '汉口江滩公园'}",114.31078,30.595827,"{'province': '湖北省', 'city': '武汉市', 'district': '江岸区', 'street': '沿江大道', 'formatted_address': '湖北省武汉市江岸区沿江大道[]'}",
Gallery-148,a_170,IMG_20250129_094540,2025-01-29 09:45:40,香烛店; 红灯笼; 古朴招牌; 老街; 晨光; 祭祀用品; 新旧交替,无,冯浩然在江岸区老街区拍摄一家刚开门的传统香烛店，红灯笼和古朴的招牌在晨光中显得格外宁静，门口摆放着待售的祭祀用品。,"{'province': '湖北省', 'city': '武汉市', 'district': '江岸区', 'streetName': '中山大道', 'streetNumber': 'XX号', 'poi': '老街区香烛店'}",114.293535,30.584931,"{'province': '湖北省', 'city': '武汉市', 'district': '江岸区', 'street': '中山大道', 'formatted_address': '湖北省武汉市江岸区中山大道[]'}",a_170
Gallery-149,170-4-2,IMG_20250129_103805,2025-01-29 10:38:05,全家福; 拜年; 红包; 笑容; 中国结; 春节; 客厅合影,无,冯浩然在家中客厅与父母冯建国、李秀英合影拜年，三人笑容满面，冯浩然手持红包，背景是挂着中国结和福字的客厅墙面。,"{'province': '湖北省', 'city': '武汉市', 'district': '江岸区', 'streetName': '解放大道', 'streetNumber': '368号', 'poi': '江岸新村家中客厅'}",114.308824,30.641551,"{'province': '湖北省', 'city': '武汉市', 'district': '江岸区', 'street': [], 'formatted_address': '湖北省武汉市江岸区[][]'}",170-d
Gallery-150,170-4-2,IMG_20250129_111520,2025-01-29 11:15:20,饺子; 元宝形; 案板; 面粉; 擀面杖; 家庭美食; 手工制作,无,冯浩然在自家厨房拍摄刚包好的一盘元宝形饺子，饺子整齐排列在撒了面粉的案板上，旁边放着擀面杖和一小碗清水。,"{'province': '湖北省', 'city': '武汉市', 'district': '江岸区', 'streetName': '解放大道', 'streetNumber': '368号', 'poi': '江岸新村家中厨房'}",114.308824,30.641551,"{'province': '湖北省', 'city': '武汉市', 'district': '江岸区', 'street': [], 'formatted_address': '湖北省武汉市江岸区[][]'}",170-d
Gallery-151,170-4-2,IMG_20250129_151030,2025-01-29 15:10:30,全家福; 亲戚拜年; 沙发合影; 笑容; 春节团聚; 多人合影,无,冯浩然在武昌区姑姑家客厅与父母、姑姑冯建英、姑父张伟、表弟张明拍摄全家福拜年合影，众人围坐在沙发上笑容灿烂，茶几上摆放着水果和糕点。,"{'province': '湖北省', 'city': '武汉市', 'district': '武昌区', 'streetName': '徐东大街', 'streetNumber': 'XX号', 'poi': '姑姑家中客厅'}",114.353004,30.583098,"{'province': '湖北省', 'city': '武汉市', 'district': '武昌区', 'street': '徐东大街', 'formatted_address': '湖北省武汉市武昌区徐东大街[]'}",170-d
Gallery-152,170-4-2,IMG_20250129_160205,2025-01-29 16:02:05,表兄弟; 交谈; 茶杯; 阳台; 城市背景; 轻松氛围; 投资交流,无,冯浩然与表弟张明在姑姑家阳台边交谈并合影，两人手持茶杯，背景是城市楼景，表情轻松愉快，仿佛正在讨论投资话题。,"{'province': '湖北省', 'city': '武汉市', 'district': '武昌区', 'streetName': '徐东大街', 'streetNumber': 'XX号', 'poi': '姑姑家中阳台'}",114.353004,30.583098,"{'province': '湖北省', 'city': '武汉市', 'district': '武昌区', 'street': '徐东大街', 'formatted_address': '湖北省武汉市武昌区徐东大街[]'}",170-d
Gallery-153,170-4-2,IMG_20250129_162340,2025-01-29 16:23:40,拜年礼品; 水果礼盒; 糕点; 年货; 节日气氛; 客厅一角,无,冯浩然拍摄姑姑家客厅一角摆放的拜年礼品，包括他带来的水果礼盒和糕点，包装精美，旁边还有其他的年货，洋溢着节日气氛。,"{'province': '湖北省', 'city': '武汉市', 'district': '武昌区', 'streetName': '徐东大街', 'streetNumber': 'XX号', 'poi': '姑姑家中客厅'}",114.353004,30.583098,"{'province': '湖北省', 'city': '武汉市', 'district': '武昌区', 'street': '徐东大街', 'formatted_address': '湖北省武汉市武昌区徐东大街[]'}",170-d
Gallery-154,177-2-3,IMG_20250130_093015,2025-01-30 09:30:15,东湖绿道; 导览图; 家庭合影; 徒步起点; 梨园入口; 冬日阳光,东湖绿道总览图 - 梨园广场 - 磨山景区 - 开放时间：6:00-22:00,冯浩然与父母在东湖绿道梨园入口的导览图前合影，身后是绿树成荫的步道和清晰的景区地图,"{'province': '湖北省', 'city': '武汉市', 'district': '武昌区', 'streetName': '东湖路', 'streetNumber': 'XX号', 'poi': '东湖绿道梨园入口'}",114.360036,30.570863,"{'province': '湖北省', 'city': '武汉市', 'district': '武昌区', 'street': '东湖路', 'formatted_address': '湖北省武汉市武昌区东湖路[]'}",177-b
Gallery-155,177-2-3,IMG_20250130_104520,2025-01-30 10:45:20,东湖; 湖面; 磨山; 冬日风景; 游船; 波光粼粼; 观景台,无,冯浩然拍摄东湖湖面与远处磨山的冬日风景，湖面波光粼粼，天空晴朗，有游船点缀,"{'province': '湖北省', 'city': '武汉市', 'district': '武昌区', 'streetName': '东湖路', 'streetNumber': 'XX号', 'poi': '东湖绿道湖光阁观景台'}",114.395815,30.567043,"{'province': '湖北省', 'city': '武汉市', 'district': '武昌区', 'street': [], 'formatted_address': '湖北省武汉市武昌区[][]'}",177-b
Gallery-156,177-2-2,IMG_20250130_140530,2025-01-30 14:05:30,相机; 备用电池; 充电线; 书桌收纳; 徒步装备; 午后休整,无,冯浩然在卧室书桌上整理徒步后带回的装备，包括相机、备用电池和充电线，桌面整洁,"{'province': '湖北省', 'city': '武汉市', 'district': '江岸区', 'streetName': '解放大道', 'streetNumber': '368号', 'poi': '父母家卧室'}",114.282987,30.633093,"{'province': '湖北省', 'city': '武汉市', 'district': '江岸区', 'street': [], 'formatted_address': '湖北省武汉市江岸区[][]'}",177-b
Gallery-157,177-2-4,IMG_20250130_160105,2025-01-30 16:01:05,鲈鱼; 新鲜食材; 厨房备菜; 清蒸鱼; 健康饮食; 水槽处理,无,冯浩然在厨房水槽旁处理新鲜的鲈鱼，鱼身完整，旁边放着芦笋和番茄等健康食材,"{'province': '湖北省', 'city': '武汉市', 'district': '江岸区', 'streetName': '解放大道', 'streetNumber': '368号', 'poi': '父母家厨房'}",114.282987,30.633093,"{'province': '湖北省', 'city': '武汉市', 'district': '江岸区', 'street': [], 'formatted_address': '湖北省武汉市江岸区[][]'}",177-b
Gallery-158,177-2-4,IMG_20250130_184220,2025-01-30 18:42:20,清蒸鲈鱼; 橄榄油炒芦笋; 健康晚餐; 餐桌摆盘; 家庭聚餐; 美食记录,无,冯浩然将烹饪好的清蒸鲈鱼和橄榄油炒芦笋摆放在餐桌上，菜肴色泽诱人，旁边是米饭和汤,"{'province': '湖北省', 'city': '武汉市', 'district': '江岸区', 'streetName': '解放大道', 'streetNumber': '368号', 'poi': '父母家餐厅'}",114.282987,30.633093,"{'province': '湖北省', 'city': '武汉市', 'district': '江岸区', 'street': [], 'formatted_address': '湖北省武汉市江岸区[][]'}",177-b
Gallery-159,a_170,IMG_20250131_080215,2025-01-31 08:02:15,热干面; 芝麻酱; 早餐; 家庭餐桌; 热气腾腾,无,母亲将一碗热气腾腾的热干面端上餐桌，面条上铺着芝麻酱、萝卜丁和葱花，背景是家中的木质餐桌和早餐餐具。,"{'province': '湖北省', 'city': '武汉市', 'district': '江岸区', 'streetName': '解放大道', 'streetNumber': '368号', 'poi': '父母家餐厅'}",114.282987,30.633093,"{'province': '湖北省', 'city': '武汉市', 'district': '江岸区', 'street': [], 'formatted_address': '湖北省武汉市江岸区[][]'}",a_170
Gallery-160,a_170,IMG_20250131_083025,2025-01-31 08:30:25,面窝; 豆浆; 早餐; 餐桌收纳; 中式早点,无,餐桌上整齐摆放着三碗豆浆和几个金黄酥脆的面窝，旁边是已经收拾好的碗筷和调味瓶，背景是餐厅的窗户。,"{'province': '湖北省', 'city': '武汉市', 'district': '江岸区', 'streetName': '解放大道', 'streetNumber': '368号', 'poi': '父母家餐厅'}",114.282987,30.633093,"{'province': '湖北省', 'city': '武汉市', 'district': '江岸区', 'street': [], 'formatted_address': '湖北省武汉市江岸区[][]'}",a_170
Gallery-161,170-5,IMG_20250131_103530,2025-01-31 10:35:30,导览图; 东湖磨山; 景区地图; 游览路线; 景点标注,东湖磨山景区导览图 开放时间：8:00-17:30 门票：免费,东湖磨山景区入口处的导览图，上面清晰地标注着朱碑亭、楚天台、磨山索道等景点位置和游览路线。,"{'province': '湖北省', 'city': '武汉市', 'district': '洪山区', 'streetName': '鲁磨路', 'streetNumber': 'XX号', 'poi': '东湖磨山景区入口'}",114.431312,30.54963,"{'province': '湖北省', 'city': '武汉市', 'district': '洪山区', 'street': [], 'formatted_address': '湖北省武汉市洪山区[][]'}",170-e
Gallery-162,170-5,IMG_20250131_110845,2025-01-31 11:08:45,父母合影; 东湖; 朱碑亭; 观景平台; 远眺; 冬日湖景,无,父亲和母亲站在东湖磨山朱碑亭的观景平台上，相互搀扶着远眺东湖的冬日湖景，远处是连绵的山峦和湖心亭。,"{'province': '湖北省', 'city': '武汉市', 'district': '洪山区', 'streetName': '鲁磨路', 'streetNumber': 'XX号', 'poi': '东湖磨山景区朱碑亭'}",114.410637,30.551973,"{'province': '湖北省', 'city': '武汉市', 'district': '武昌区', 'street': '鲁磨路', 'formatted_address': '湖北省武汉市武昌区鲁磨路[]'}",170-e
Gallery-163,170-5,IMG_20250131_111520,2025-01-31 11:15:20,腊梅; 花朵特写; 露珠; 冬日花卉; 植物细节,无,徒步小径旁一株腊梅的特写，黄色的花瓣上还挂着清晨的露珠，背景是虚化的绿色灌木和山石。,"{'province': '湖北省', 'city': '武汉市', 'district': '洪山区', 'streetName': '鲁磨路', 'streetNumber': 'XX号', 'poi': '东湖磨山景区徒步道'}",114.431312,30.54963,"{'province': '湖北省', 'city': '武汉市', 'district': '洪山区', 'street': [], 'formatted_address': '湖北省武汉市洪山区[][]'}",170-e
Gallery-164,170-5,IMG_20250131_125510,2025-01-31 12:55:10,清蒸武昌鱼; 莲藕排骨汤; 红菜薹; 湖北菜; 家庭午餐,无,餐厅临湖座位上的清蒸武昌鱼，鱼身铺着姜丝和葱丝，汤汁清澈，旁边是莲藕排骨汤和清炒红菜薹。,"{'province': '湖北省', 'city': '武汉市', 'district': '洪山区', 'streetName': '东湖东路', 'streetNumber': 'XX号', 'poi': '湖景渔村餐厅'}",114.397244,30.54218,"{'province': '湖北省', 'city': '武汉市', 'district': '洪山区', 'street': '东湖东路', 'formatted_address': '湖北省武汉市洪山区东湖东路[]'}",170-e
Gallery-165,,IMG_20250201_161520,2025-02-01 16:15:20,手冲咖啡; 玻璃壶; 木质桌面; 笔记本电脑; 工作笔记; 咖啡馆氛围,无,冯浩然在西北湖咖啡烘焙工坊的木质桌面上拍摄了一杯刚冲好的手冲咖啡，旁边放着打开的笔记本电脑和笔记本，背景是温暖的灯光和书架。,"{'province': '湖北省', 'city': '武汉市', 'district': '江岸区', 'streetName': '胜利街', 'streetNumber': '207号', 'poi': '西北湖咖啡烘焙工坊'}",114.299395,30.588747,"{'province': '湖北省', 'city': '武汉市', 'district': '江岸区', 'street': '胜利街', 'formatted_address': '湖北省武汉市江岸区胜利街207号'}",
Gallery-166,a_170,IMG_20250201_184530,2025-02-01 18:45:30,清蒸鱼; 排骨藕汤; 湖北家常菜; 家庭聚餐; 践行晚餐; 丰盛菜肴,无,冯浩然拍摄了晚餐桌上丰盛的菜肴，包括清蒸鱼、排骨藕汤和几道炒菜，餐具摆放整齐，背景是家人围坐的温馨场景。,"{'province': '湖北省', 'city': '武汉市', 'district': '江岸区', 'streetName': '解放大道', 'streetNumber': '368号', 'poi': '父母家中'}",114.282987,30.633093,"{'province': '湖北省', 'city': '武汉市', 'district': '江岸区', 'street': [], 'formatted_address': '湖北省武汉市江岸区[][]'}",a_170
Gallery-167,a_170,IMG_20250201_185105,2025-02-01 18:51:05,家庭合影; 举杯庆祝; 父母; 践行晚餐; 温馨时刻; 笑容,无,冯浩然与父母在餐桌前举杯合影，三人脸上洋溢着笑容，背景是家中温暖的灯光和墙上的装饰画。,"{'province': '湖北省', 'city': '武汉市', 'district': '江岸区', 'streetName': '解放大道', 'streetNumber': '368号', 'poi': '父母家中'}",114.282987,30.633093,"{'province': '湖北省', 'city': '武汉市', 'district': '江岸区', 'street': [], 'formatted_address': '湖北省武汉市江岸区[][]'}",a_170
Gallery-168,a_170,IMG_20250202_090015,2025-02-02 09:00:15,热干面; 面窝; 蛋酒; 湖北早餐; 家庭餐桌; 温馨,无,冯浩然拍摄母亲李秀英准备的丰盛早餐，桌上有热干面、面窝和蛋酒，背景是家中温馨的餐厅,"{'province': '湖北省', 'city': '武汉市', 'district': '江岸区', 'streetName': '解放大道', 'streetNumber': '368号', 'poi': '父母家中餐厅'}",114.282987,30.633093,"{'province': '湖北省', 'city': '武汉市', 'district': '江岸区', 'street': [], 'formatted_address': '湖北省武汉市江岸区[][]'}",a_170
Gallery-169,170-6-3,IMG_20250202_111230,2025-02-02 11:12:30,行李箱; 衣物收纳; 周黑鸭礼盒; 武汉特产; 打包; 整齐,无,冯浩然拍摄自己整理好的行李箱，里面整齐叠放着衣物、武汉特产周黑鸭礼盒和辣萝卜干,"{'province': '湖北省', 'city': '武汉市', 'district': '江岸区', 'streetName': '解放大道', 'streetNumber': '368号', 'poi': '父母家中卧室'}",114.282987,30.633093,"{'province': '湖北省', 'city': '武汉市', 'district': '江岸区', 'street': [], 'formatted_address': '湖北省武汉市江岸区[][]'}",170-f
Gallery-170,,IMG_20250202_144520,2025-02-02 14:45:20,三鲜豆皮; 武汉小吃; 街头美食; 热气腾腾; 市井生活; 排队,老通城豆皮 - 三鲜豆皮 15元/份,冯浩然在吉庆街老字号摊位前拍摄一份刚出锅的三鲜豆皮，热气腾腾，背景是排队的人群和市井街道,"{'province': '湖北省', 'city': '武汉市', 'district': '江岸区', 'streetName': '吉庆街', 'streetNumber': 'XX号', 'poi': '老通城豆皮（吉庆街店）'}",114.293621,30.585488,"{'province': '湖北省', 'city': '武汉市', 'district': '江岸区', 'street': '吉庆街', 'formatted_address': '湖北省武汉市江岸区吉庆街[]'}",
Gallery-171,170-6-5,IMG_20250203_104530,2025-02-03 10:45:30,高架桥; 车流; 城市道路; 车窗视角; 旅途随拍; 武汉,无,冯浩然在父亲驾车前往武汉火车站的途中，透过车窗拍摄城市高架桥与车流，远处可见火车站轮廓,"{'province': '湖北省', 'city': '武汉市', 'district': '洪山区', 'streetName': '欢乐大道', 'streetNumber': 'XX号', 'poi': '欢乐大道高架桥'}",114.391537,30.594451,"{'province': '湖北省', 'city': '武汉市', 'district': '洪山区', 'street': '欢乐大道', 'formatted_address': '湖北省武汉市洪山区欢乐大道[]'}",170-f
Gallery-172,,IMG_20250203_184520,2025-02-03 18:45:20,煎鸡胸肉; 太阳蛋; 西兰花; 藕汤; 健康晚餐; 家庭厨房; 美食摄影,无,冯浩然在家中厨房拍摄自己准备的晚餐，餐盘中有煎鸡胸肉、太阳蛋和西兰花，旁边是盛有藕汤的瓷碗,"{'province': '湖南省', 'city': '长沙市', 'district': '岳麓区', 'streetName': '双塘路', 'streetNumber': '99号', 'poi': '岳麓区机关金星住宅小区家中厨房'}",112.938578,28.221525,"{'province': '湖南省', 'city': '长沙市', 'district': '岳麓区', 'street': '桐梓坡路', 'formatted_address': '湖南省长沙市岳麓区桐梓坡路99号'}",
Gallery-173,,IMG_20250204_082030,2025-02-04 08:20:30,健康早餐; 煎蛋; 牛油果; 全麦吐司; 手冲咖啡; 厨房,无,冯浩然在家中厨房制作健康早餐，餐盘上摆放着煎蛋、牛油果和全麦吐司，背景是整洁的灶台和手冲咖啡壶。,"{'province': '湖南省', 'city': '长沙市', 'district': '岳麓区', 'streetName': '双塘路', 'streetNumber': '99号', 'poi': '岳麓区机关金星住宅小区'}",112.938578,28.221525,"{'province': '湖南省', 'city': '长沙市', 'district': '岳麓区', 'street': '桐梓坡路', 'formatted_address': '湖南省长沙市岳麓区桐梓坡路99号'}",
Gallery-174,,IMG_20250204_124500,2025-02-04 12:45:00,城市景观; 岳麓山; 阴雨天; 窗边远眺; 休整,无,冯浩然站在客厅窗边远眺，窗外是阴雨天气下的城市景观和远处的岳麓山轮廓。,"{'province': '湖南省', 'city': '长沙市', 'district': '岳麓区', 'streetName': '双塘路', 'streetNumber': '99号', 'poi': '岳麓区机关金星住宅小区'}",112.938578,28.221525,"{'province': '湖南省', 'city': '长沙市', 'district': '岳麓区', 'street': '桐梓坡路', 'formatted_address': '湖南省长沙市岳麓区桐梓坡路99号'}",
Gallery-175,178-2-2,IMG_20250204_132015,2025-02-04 13:20:15,文档扫描; 电脑屏幕; 宏观经济数据; 客户咨询; 投资分析,"上证指数 3200.15 +0.85% 2025-02-04 10:30
PPI同比 -2.5% 工业增加值 +4.8%
客户：黄思琪 组合风险评估报告（草稿）",冯浩然用手机拍摄电脑屏幕，屏幕上显示着为客户黄思琪准备的宏观经济数据截图和分析要点。,"{'province': '湖南省', 'city': '长沙市', 'district': '岳麓区', 'streetName': '双塘路', 'streetNumber': '99号', 'poi': '岳麓区机关金星住宅小区'}",112.938578,28.221525,"{'province': '湖南省', 'city': '长沙市', 'district': '岳麓区', 'street': '桐梓坡路', 'formatted_address': '湖南省长沙市岳麓区桐梓坡路99号'}",178-b
Gallery-176,,IMG_20250204_150520,2025-02-04 15:05:20,手冲咖啡; 耶加雪菲; 书籍; 原则; 咖啡厅办公; 木质桌面,无,冯浩然在咖啡厅的木质桌面上，摆放着一杯耶加雪菲手冲咖啡和一本摊开的《原则》书籍，旁边是他的iPad Pro。,"{'province': '湖南省', 'city': '长沙市', 'district': '芙蓉区', 'streetName': '浏阳河大道', 'streetNumber': 'XX号', 'poi': '一丹咖啡厅'}",113.039134,28.174765,"{'province': '湖南省', 'city': '长沙市', 'district': '芙蓉区', 'street': '浏阳河大道', 'formatted_address': '湖南省长沙市芙蓉区浏阳河大道[]'}",
Gallery-177,a_178,IMG_20250204_211000,2025-02-04 21:10:00,物品收纳; 电子设备; 充电; 笔记本电脑; 手机; 明日准备,无,冯浩然将笔记本电脑、手机和Apple Watch整齐地摆放在书桌的充电器上，准备为明日工作充电。,"{'province': '湖南省', 'city': '长沙市', 'district': '岳麓区', 'streetName': '双塘路', 'streetNumber': '99号', 'poi': '岳麓区机关金星住宅小区'}",112.938578,28.221525,"{'province': '湖南省', 'city': '长沙市', 'district': '岳麓区', 'street': '桐梓坡路', 'formatted_address': '湖南省长沙市岳麓区桐梓坡路99号'}",a_178
Gallery-178,179-1,IMG_20250205_102015,2025-02-05 10:20:15,文档扫描; 聚餐策划; 手写草稿; 办公桌; 手机拍摄; 工作备忘,周末聚餐 - 西湖建新安置小区湘菜馆 - 周六晚 18:30 - 包厢已订,冯浩然在办公室工位上用手机扫描一份聚餐策划草稿，草稿纸上写有餐厅名称和聚餐时间，背景是电脑屏幕和办公桌,"{'province': '湖南省', 'city': '长沙市', 'district': '开福区', 'streetName': '芙蓉中路', 'streetNumber': '88号', 'poi': '湖南广电中心写字楼华泰证券办公室'}",113.046548,28.235932,"{'province': '湖南省', 'city': '长沙市', 'district': '开福区', 'street': [], 'formatted_address': '湖南省长沙市开福区[][]'}",179-a
Gallery-179,178-2-1,IMG_20250205_113020,2025-02-05 11:30:20,文档扫描; 投资报告; 打印稿; 数据图表; 办公环境; 工作文件,华泰证券季度投资报告 - 市场分析部分 - 2025年Q1 - 数据截至2025-02-04,冯浩然在办公室工位上用手机扫描一份季度投资报告的部分打印稿，稿纸上布满数据和图表，旁边放着咖啡杯,"{'province': '湖南省', 'city': '长沙市', 'district': '开福区', 'streetName': '芙蓉中路', 'streetNumber': '88号', 'poi': '湖南广电中心写字楼华泰证券办公室'}",113.046548,28.235932,"{'province': '湖南省', 'city': '长沙市', 'district': '开福区', 'street': [], 'formatted_address': '湖南省长沙市开福区[][]'}",178-b
Gallery-180,178-2-3,IMG_20250205_171045,2025-02-05 17:10:45,文档扫描; 会议要点; 便签纸; 显示器边框; 工作准备; 待办事项,明日复盘会要点 - 1. 报告进展汇报 (10min) - 2. 客户项目更新 (5min) - 3. Q2规划建议 (8min),冯浩然在办公室工位上用手机扫描一份明日复盘会的个人陈述要点清单，清单用便签纸贴在显示器边框上,"{'province': '湖南省', 'city': '长沙市', 'district': '开福区', 'streetName': '芙蓉中路', 'streetNumber': '88号', 'poi': '湖南广电中心写字楼华泰证券办公室'}",113.046548,28.235932,"{'province': '湖南省', 'city': '长沙市', 'district': '开福区', 'street': [], 'formatted_address': '湖南省长沙市开福区[][]'}",178-b
Gallery-181,,IMG_20250205_193020,2025-02-05 19:30:20,物品收纳; 摄影器材; 相机包; 镜头; 清洁工具; 书房; 整理,无,冯浩然在书房里拍摄整理好的摄影器材收纳包，包内有序摆放着相机、镜头和清洁工具，背景是书桌和书架,"{'province': '湖南省', 'city': '长沙市', 'district': '岳麓区', 'streetName': '双塘路', 'streetNumber': '99号', 'poi': '岳麓区机关金星住宅小区家中书房'}",112.938578,28.221525,"{'province': '湖南省', 'city': '长沙市', 'district': '岳麓区', 'street': '桐梓坡路', 'formatted_address': '湖南省长沙市岳麓区桐梓坡路99号'}",
Gallery-182,178-3-2,IMG_20250206_103520,2025-02-06 10:35:20,PPT截图; 投资复盘会; 科技股图表; 会议室; U型桌; 投影屏幕; 金融分析,无,冯浩然在季度投资复盘会上展示PPT，屏幕上显示着科技股投资组合的收益分析图表，背景是公司大会议室和U型会议桌。,"{'province': '湖南省', 'city': '长沙市', 'district': '开福区', 'streetName': '三一大道', 'streetNumber': 'XX号', 'poi': '湖南广电中心写字楼（华泰证券大会议室）'}",113.046548,28.235932,"{'province': '湖南省', 'city': '长沙市', 'district': '开福区', 'street': '三一大道', 'formatted_address': '湖南省长沙市开福区三一大道[]'}",178-c
Gallery-183,,IMG_20250206_204530,2025-02-06 20:45:30,威士忌; 小酌; 咖啡厅; 木质吧台; 暖光; 同事聚餐; 社交,无,冯浩然与同事郑文博在一丹咖啡厅小酌，桌上摆放着两杯威士忌和几碟小食，背景是咖啡厅温暖的灯光和木质吧台。,"{'province': '湖南省', 'city': '长沙市', 'district': '芙蓉区', 'streetName': '浏阳河大道', 'streetNumber': 'XX号', 'poi': '一丹咖啡厅'}",113.039134,28.174765,"{'province': '湖南省', 'city': '长沙市', 'district': '芙蓉区', 'street': '浏阳河大道', 'formatted_address': '湖南省长沙市芙蓉区浏阳河大道[]'}",
Gallery-184,,IMG_20250207_073015,2025-02-07 07:30:15,岳麓山; 爱晚亭; 晨雾; 山林; 晨跑; 古建筑; 风景摄影,无,冯浩然在岳麓山爱晚亭前拍摄晨跑后的风景，背景是古朴的亭子和晨雾缭绕的山林,"{'province': '湖南省', 'city': '长沙市', 'district': '岳麓区', 'streetName': '麓山南路', 'streetNumber': 'XX号', 'poi': '岳麓山爱晚亭'}",112.937564,28.180437,"{'province': '湖南省', 'city': '长沙市', 'district': '岳麓区', 'street': '麓山南路', 'formatted_address': '湖南省长沙市岳麓区麓山南路[]'}",
Gallery-185,,IMG_20250207_074520,2025-02-07 07:45:20,晨跑; 跑友; 运动服; 山间步道; 合影; 健康生活; 岳麓山,无,冯浩然与跑友高云飞在岳麓山晨跑途中合影，两人穿着运动服，背景是山间步道,"{'province': '湖南省', 'city': '长沙市', 'district': '岳麓区', 'streetName': '麓山南路', 'streetNumber': 'XX号', 'poi': '岳麓山登山步道'}",112.941308,28.177037,"{'province': '湖南省', 'city': '长沙市', 'district': '岳麓区', 'street': '麓山南路', 'formatted_address': '湖南省长沙市岳麓区麓山南路[]'}",
Gallery-186,178-3-1,IMG_20250207_101230,2025-02-07 10:12:30,办公室; 电脑屏幕; 股票K线图; 金融数据; 投资分析; 工作场景,无,冯浩然在办公室电脑前分析股票K线图，屏幕显示复杂的金融数据和图表,"{'province': '湖南省', 'city': '长沙市', 'district': '开福区', 'streetName': '芙蓉中路', 'streetNumber': '88号', 'poi': '华泰证券股份有限公司长沙分公司'}",112.986675,28.223728,"{'province': '湖南省', 'city': '长沙市', 'district': '开福区', 'street': '芙蓉中路', 'formatted_address': '湖南省长沙市开福区芙蓉中路88号'}",178-c
Gallery-187,178-3-1,IMG_20250207_111500,2025-02-07 11:15:00,会议室; 同事讨论; 白板; 投资策略; 市场分析; 工作协作,无,冯浩然与同事郑文博在会议室讨论投资策略，白板上写满了市场分析和计算公式,"{'province': '湖南省', 'city': '长沙市', 'district': '开福区', 'streetName': '芙蓉中路', 'streetNumber': '88号', 'poi': '华泰证券股份有限公司长沙分公司会议室'}",112.986675,28.223728,"{'province': '湖南省', 'city': '长沙市', 'district': '开福区', 'street': '芙蓉中路', 'formatted_address': '湖南省长沙市开福区芙蓉中路88号'}",178-c
Gallery-188,,IMG_20250207_124510,2025-02-07 12:45:10,臭豆腐; 湘菜; 火宫殿; 辣椒酱; 美食打卡; 长沙小吃,火宫殿 - 中华老字号 臭豆腐 15元/份,冯浩然在坡子街火宫殿品尝臭豆腐，桌上摆着辣椒酱和香菜，背景是热闹的餐馆,"{'province': '湖南省', 'city': '长沙市', 'district': '天心区', 'streetName': '坡子街', 'streetNumber': '127号', 'poi': '火宫殿（坡子街总店）'}",112.974268,28.190728,"{'province': '湖南省', 'city': '长沙市', 'district': '天心区', 'street': '坡子街', 'formatted_address': '湖南省长沙市天心区坡子街127号'}",
Gallery-189,,IMG_20250207_153020,2025-02-07 15:30:20,街拍; 太平老街; 糖画; 手工艺人; 传统文化; 人文摄影; 街头场景,无,冯浩然在太平老街进行街拍，捕捉到一位手工艺人正在制作糖画的瞬间,"{'province': '湖南省', 'city': '长沙市', 'district': '天心区', 'streetName': '太平街', 'streetNumber': 'XX号', 'poi': '太平老街'}",112.971715,28.193773,"{'province': '湖南省', 'city': '长沙市', 'district': '天心区', 'street': '太平街', 'formatted_address': '湖南省长沙市天心区太平街[]'}",
Gallery-190,,IMG_20250207_154215,2025-02-07 15:42:15,古建筑; 屋檐; 雕花; 瓦片; 特写; 建筑细节; 微距摄影,无,冯浩然拍摄太平老街的古建筑屋檐特写，精美的雕花和瓦片在阳光下呈现细节,"{'province': '湖南省', 'city': '长沙市', 'district': '天心区', 'streetName': '太平街', 'streetNumber': 'XX号', 'poi': '太平老街古建筑群'}",112.971715,28.193773,"{'province': '湖南省', 'city': '长沙市', 'district': '天心区', 'street': '太平街', 'formatted_address': '湖南省长沙市天心区太平街[]'}",
Gallery-191,,IMG_20250207_170540,2025-02-07 17:05:40,手冲咖啡; 耶加雪菲; 咖啡师; 冲泡; 咖啡馆; 休闲时光; 咖啡豆,心怡手冲咖啡馆 - 耶加雪菲 水洗 G1 48元/杯,冯浩然在心怡手冲咖啡馆品尝新品耶加雪菲，咖啡师正在冲泡，背景是满墙的咖啡豆罐,"{'province': '湖南省', 'city': '长沙市', 'district': '芙蓉区', 'streetName': '解放西路', 'streetNumber': '233号', 'poi': '心怡手冲咖啡馆'}",112.982268,28.190765,"{'province': '湖南省', 'city': '长沙市', 'district': '芙蓉区', 'street': '解放西路', 'formatted_address': '湖南省长沙市芙蓉区解放西路[]'}",
Gallery-192,,IMG_20250207_191230,2025-02-07 19:12:30,湘菜馆; 好友聚餐; 剁椒鱼头; 辣椒炒肉; 社交; 美食分享,老街鱼嘴巴 - 剁椒鱼头 98元/份 2025-02-07,冯浩然与好友彭雨晴、吴俊杰在湘菜馆聚餐，桌上摆着剁椒鱼头、辣椒炒肉等经典湘菜,"{'province': '湖南省', 'city': '长沙市', 'district': '雨花区', 'streetName': '韶山南路', 'streetNumber': '215号', 'poi': '老街鱼嘴巴（韶山南路店）'}",113.010493,28.118569,"{'province': '湖南省', 'city': '长沙市', 'district': '雨花区', 'street': '中意一路', 'formatted_address': '湖南省长沙市雨花区中意一路215号'}",
Gallery-193,,IMG_20250208_083025,2025-02-08 08:30:25,全麦面包; 煎蛋; 牛油果; 牛奶; 健康早餐; 清晨; 早餐店,无,冯浩然在银盆南路跑步道旁的早餐店享用健康早餐，桌上有全麦面包、煎蛋、牛油果和牛奶，背景是清晨的街道。,"{'province': '湖南省', 'city': '长沙市', 'district': '岳麓区', 'streetName': '银盆南路', 'streetNumber': 'XX号', 'poi': '银盆南路跑步道旁早餐店'}",112.957891,28.210713,"{'province': '湖南省', 'city': '长沙市', 'district': '岳麓区', 'street': '银盆南路', 'formatted_address': '湖南省长沙市岳麓区银盆南路[]'}",
Gallery-194,,IMG_20250208_124540,2025-02-08 12:45:40,耶加雪菲; 手冲咖啡; 玻璃杯; 木质桌面; 笔记本电脑; 咖啡厅; 靠窗,无,一杯埃塞俄比亚耶加雪菲手冲咖啡放在小咖主咖啡厅的木质桌面上，旁边是打开的笔记本电脑，窗外是浏阳河大道街景。,"{'province': '湖南省', 'city': '长沙市', 'district': '芙蓉区', 'streetName': '浏阳河大道', 'streetNumber': 'XX号', 'poi': '小咖主咖啡厅'}",113.002175,28.224325,"{'province': '湖南省', 'city': '长沙市', 'district': '开福区', 'street': '浏阳河路', 'formatted_address': '湖南省长沙市开福区浏阳河路[]'}",
Gallery-195,195-1,IMG_20250208_171215,2025-02-08 17:12:15,电子车票; G1005次; 长沙南站; 手机屏幕; 高铁; 返乡,G1005次 长沙南-武汉 2025-02-08 18:20 二等座 08车12F号,G1005次高铁列车电子车票信息显示在手机屏幕上，包含车次、发车时间、座位号和二维码，背景是长沙南站候车厅。,"{'province': '湖南省', 'city': '长沙市', 'district': '雨花区', 'streetName': '花侯路', 'streetNumber': 'XX号', 'poi': '长沙南站候车厅'}",113.06551,28.147093,"{'province': '湖南省', 'city': '长沙市', 'district': '雨花区', 'street': '花侯路', 'formatted_address': '湖南省长沙市雨花区花侯路[]'}",195-a
Gallery-196,195-1,IMG_20250208_184530,2025-02-08 18:45:30,高铁; 靠窗座位; 降噪耳机; 窗外风景; 田野; 返乡旅途; 自拍,无,冯浩然坐在G1005次高铁靠窗座位上，戴着降噪耳机望向窗外飞速后退的田野和村庄，阳光透过车窗洒在脸上。,"{'province': '湖南省', 'city': '长沙市', 'district': '雨花区', 'streetName': '花侯路', 'streetNumber': 'XX号', 'poi': 'G1005次高铁列车内'}",113.060912,28.150854,"{'province': '湖南省', 'city': '长沙市', 'district': '雨花区', 'street': '花侯路', 'formatted_address': '湖南省长沙市雨花区花侯路[]'}",195-a
Gallery-197,195-1,IMG_20250208_190205,2025-02-08 19:02:05,高铁餐车; 盒饭; 饮料; 乘务员; 车厢; 旅途; 细节,无,高铁列车上的餐车推车经过，上面摆放着盒饭、饮料和小吃，乘务员正在为乘客服务，车厢内灯光温暖。,"{'province': '湖南省', 'city': '长沙市', 'district': '雨花区', 'streetName': '花侯路', 'streetNumber': 'XX号', 'poi': 'G1005次高铁列车餐车区'}",113.060912,28.150854,"{'province': '湖南省', 'city': '长沙市', 'district': '雨花区', 'street': '花侯路', 'formatted_address': '湖南省长沙市雨花区花侯路[]'}",195-a
Gallery-198,,IMG_20250208_201015,2025-02-08 20:10:15,家庭团聚; 武汉站; 出站口; 父母; 行李箱; 合影; 春节返乡,无,冯浩然与父母冯建国、李秀英在武汉站出站口开心合影，父亲提着行李箱，母亲挽着儿子的手臂，背景是车站的“武汉站”标识。,"{'province': '湖北省', 'city': '武汉市', 'district': '洪山区', 'streetName': '杨春湖路', 'streetNumber': 'XX号', 'poi': '武汉站出站口'}",114.424338,30.606981,"{'province': '湖北省', 'city': '武汉市', 'district': '洪山区', 'street': [], 'formatted_address': '湖北省武汉市洪山区[][]'}",
Gallery-199,,IMG_20250208_212230,2025-02-08 21:22:30,莲藕排骨汤; 湖北家常菜; 宵夜; 餐桌; 热气腾腾; 团聚; 美食,无,母亲李秀英准备的宵夜摆满餐桌，中间是热气腾腾的莲藕排骨汤，周围是几碟湖北家常小菜，餐具摆放整齐。,"{'province': '湖北省', 'city': '武汉市', 'district': '江岸区', 'streetName': '解放大道', 'streetNumber': '368号', 'poi': '父母家餐厅'}",114.282987,30.633093,"{'province': '湖北省', 'city': '武汉市', 'district': '江岸区', 'street': [], 'formatted_address': '湖北省武汉市江岸区[][]'}",
Gallery-200,,IMG_20250208_212545,2025-02-08 21:25:45,家庭聚餐; 举杯; 宵夜; 父母; 团圆; 温馨; 合影,无,冯浩然与父母围坐在餐桌旁享用宵夜，三人举杯相庆，脸上洋溢着幸福的笑容，背景是温馨的家居环境。,"{'province': '湖北省', 'city': '武汉市', 'district': '江岸区', 'streetName': '解放大道', 'streetNumber': '368号', 'poi': '父母家餐厅'}",114.282987,30.633093,"{'province': '湖北省', 'city': '武汉市', 'district': '江岸区', 'street': [], 'formatted_address': '湖北省武汉市江岸区[][]'}",
Gallery-201,181-2,IMG_20250209_190215,2025-02-09 19:02:15,除夕年夜饭; 排骨藕汤; 清蒸武昌鱼; 珍珠圆子; 湖北菜; 家庭聚餐; 暖色灯光,无,冯浩然拍摄了一桌丰盛的除夕年夜饭，桌上摆满了排骨藕汤、清蒸武昌鱼、珍珠圆子等湖北特色菜肴，背景是温馨的家庭餐厅和暖色灯光,"{'province': '湖北省', 'city': '武汉市', 'district': '江岸区', 'streetName': '解放大道', 'streetNumber': '368号', 'poi': '父母家餐厅'}",114.282987,30.633093,"{'province': '湖北省', 'city': '武汉市', 'district': '江岸区', 'street': [], 'formatted_address': '湖北省武汉市江岸区[][]'}",181-b
Gallery-202,181-2,IMG_20250209_203045,2025-02-09 20:30:45,家庭合影; 除夕夜; 观看春晚; 客厅沙发; 电视屏幕; 温馨氛围,无,冯浩然与父母和妹妹在客厅沙发上合影，背景是正在播放央视春晚的电视屏幕，四人脸上都洋溢着笑容,"{'province': '湖北省', 'city': '武汉市', 'district': '江岸区', 'streetName': '解放大道', 'streetNumber': '368号', 'poi': '父母家客厅'}",114.282987,30.633093,"{'province': '湖北省', 'city': '武汉市', 'district': '江岸区', 'street': [], 'formatted_address': '湖北省武汉市江岸区[][]'}",181-b
Gallery-203,181-2,IMG_20250209_211520,2025-02-09 21:15:20,家庭互动; 你画我猜; 游戏时刻; 妹妹; 父母; 客厅; 抓拍,无,妹妹冯欣然正在客厅茶几前进行“你画我猜”游戏，她手舞足蹈地比划着，父母在一旁开心地观看,"{'province': '湖北省', 'city': '武汉市', 'district': '江岸区', 'streetName': '解放大道', 'streetNumber': '368号', 'poi': '父母家客厅'}",114.282987,30.633093,"{'province': '湖北省', 'city': '武汉市', 'district': '江岸区', 'street': [], 'formatted_address': '湖北省武汉市江岸区[][]'}",181-b
Gallery-204,,IMG_20250210_103015,2025-02-10 10:30:15,春节拜年; 家庭合影; 客厅沙发; 春节装饰; 全家福; 温馨氛围,无,冯浩然与父母、妹妹、舅舅、姨妈在客厅沙发上亲切合影，背景是春节装饰和电视柜，众人面带笑容，气氛温馨,"{'province': '湖北省', 'city': '武汉市', 'district': '江岸区', 'streetName': '解放大道', 'streetNumber': '368号', 'poi': '冯浩然父母家客厅'}",114.27338,30.566037,"{'province': '湖北省', 'city': '武汉市', 'district': '硚口区', 'street': [], 'formatted_address': '湖北省武汉市硚口区[][]'}",
Gallery-205,,IMG_20250210_110520,2025-02-10 11:05:20,发红包; 春节习俗; 小辈; 客厅茶几; 茶点果盘; 互动瞬间,无,冯浩然向小辈亲戚分发红包，小辈开心接过，背景是客厅茶几上的茶点和果盘，记录春节传统习俗,"{'province': '湖北省', 'city': '武汉市', 'district': '江岸区', 'streetName': '解放大道', 'streetNumber': '368号', 'poi': '冯浩然父母家客厅'}",114.27338,30.566037,"{'province': '湖北省', 'city': '武汉市', 'district': '硚口区', 'street': [], 'formatted_address': '湖北省武汉市硚口区[][]'}",
Gallery-206,,IMG_20250210_121025,2025-02-10 12:10:25,家庭午宴; 湖北菜; 清蒸武昌鱼; 排骨藕汤; 腊味合蒸; 丰盛餐桌,无,丰盛的家庭午宴菜肴摆满餐桌，中央是清蒸武昌鱼，周围有排骨藕汤、腊味合蒸等湖北特色菜，餐具精致,"{'province': '湖北省', 'city': '武汉市', 'district': '江岸区', 'streetName': '解放大道', 'streetNumber': '368号', 'poi': '冯浩然父母家餐厅'}",114.27338,30.566037,"{'province': '湖北省', 'city': '武汉市', 'district': '硚口区', 'street': [], 'formatted_address': '湖北省武汉市硚口区[][]'}",
Gallery-207,,IMG_20250210_150105,2025-02-10 15:01:05,东湖; 冬日湖景; 听涛景区; 磨山; 楚天台; 枯荷残雪; 波光粼粼,无,冬日东湖听涛景区湖景，远处是磨山和楚天台，近处是枯荷与残雪，湖面波光粼粼，天空湛蓝,"{'province': '湖北省', 'city': '武汉市', 'district': '武昌区', 'streetName': '东湖东路', 'streetNumber': '特1号', 'poi': '东湖听涛景区湖畔绿道'}",114.372361,30.531753,"{'province': '湖北省', 'city': '武汉市', 'district': '武昌区', 'street': '东湖东路', 'formatted_address': '湖北省武汉市武昌区东湖东路[]'}",
Gallery-208,,IMG_20250210_153240,2025-02-10 15:32:40,家庭合影; 东湖绿道; 碧潭观鱼石碑; 湖景背景; 户外漫步; 笑容灿烂,碧潭观鱼,冯浩然与父母、妹妹在东湖绿道旁的“碧潭观鱼”石碑前合影，四人笑容灿烂，背景是湖水和垂柳,"{'province': '湖北省', 'city': '武汉市', 'district': '武昌区', 'streetName': '东湖东路', 'streetNumber': '特1号', 'poi': '东湖听涛景区碧潭观鱼景点'}",114.375758,30.570415,"{'province': '湖北省', 'city': '武汉市', 'district': '武昌区', 'street': [], 'formatted_address': '湖北省武汉市武昌区[][]'}",
Gallery-209,a_181,IMG_20250211_173015,2025-02-11 17:30:15,黎黄陂路; 复古建筑; 红砖墙; 春联; 福字; 春节装饰; 街拍; 历史街区,无,冯浩然在黎黄陂路拍摄一栋复古红砖建筑，建筑大门上贴着崭新的红色春联和福字，背景是充满历史感的街道和稀疏的行人,"{'province': '湖北省', 'city': '武汉市', 'district': '江岸区', 'streetName': '黎黄陂路', 'streetNumber': '8号', 'poi': '黎黄陂路旅游休闲街区'}",114.300925,30.586907,"{'province': '湖北省', 'city': '武汉市', 'district': '江岸区', 'street': '黎黄陂路', 'formatted_address': '湖北省武汉市江岸区黎黄陂路8号'}",a_181
Gallery-210,a_181,IMG_20250211_174225,2025-02-11 17:42:25,咖啡馆; 窗户; 剪纸窗花; 春节装饰; 暖光; 室内外对比; 街拍; 节日氛围,无,冯浩然拍摄一家咖啡馆的临街窗户，玻璃上贴着精致的红色剪纸窗花，窗内透出温暖的灯光和模糊的顾客身影，营造出浓厚的节日氛围,"{'province': '湖北省', 'city': '武汉市', 'district': '江岸区', 'streetName': '黎黄陂路', 'streetNumber': 'XX号', 'poi': '黎黄陂路旅游休闲街区'}",114.299429,30.587677,"{'province': '湖北省', 'city': '武汉市', 'district': '江岸区', 'street': '黎黄陂路', 'formatted_address': '湖北省武汉市江岸区黎黄陂路[]'}",a_181
Gallery-211,,IMG_20250212_075520,2025-02-12 07:55:20,公园晨跑; 步道; 晨雾; 树林; 亭台; 冬日清晨,无,冯浩然在解放公园的步道上快走，背景是晨雾笼罩的树林和远处的亭台,"{'province': '湖北省', 'city': '武汉市', 'district': '江岸区', 'streetName': '解放大道', 'streetNumber': '1861号', 'poi': '解放公园'}",114.298029,30.608418,"{'province': '湖北省', 'city': '武汉市', 'district': '江岸区', 'street': [], 'formatted_address': '湖北省武汉市江岸区[][]'}",
Gallery-212,182-2,IMG_20250212_103015,2025-02-12 10:30:15,电脑屏幕; Excel表格; 资产优化; 资产负债表; 现金流预测; 金融工作,"父亲资产优化方案（2025-2029）
资产类别：定期存款、基金、房产...
现金流预测：年度净流入/流出...",冯浩然在书房拍摄电脑屏幕上显示的资产优化方案Excel表格，表格包含详细的资产负债表和现金流预测模型,"{'province': '湖北省', 'city': '武汉市', 'district': '江岸区', 'streetName': '解放大道', 'streetNumber': '368号', 'poi': '父母家书房'}",114.282987,30.633093,"{'province': '湖北省', 'city': '武汉市', 'district': '江岸区', 'street': [], 'formatted_address': '湖北省武汉市江岸区[][]'}",182-b
Gallery-213,a_181,IMG_20250212_154530,2025-02-12 15:45:30,手冲咖啡; 咖啡店; 好友聚会; 举杯; 木质吧台; 绿植; 叙旧,无,冯浩然与发小张明轩在“一堤”咖啡店品尝手冲咖啡，两人举杯相视而笑，背景是咖啡店的木质吧台和绿植,"{'province': '湖北省', 'city': '武汉市', 'district': '江汉区', 'streetName': '江汉路步行街', 'streetNumber': 'XX号', 'poi': '一堤咖啡店'}",114.29307,30.579603,"{'province': '湖北省', 'city': '武汉市', 'district': '江汉区', 'street': '江汉路步行街', 'formatted_address': '湖北省武汉市江汉区江汉路步行街[]'}",a_181
Gallery-214,182-2,IMG_20250212_204520,2025-02-12 20:45:20,笔记本; 复盘笔记; 工作收尾; 进度记录; 手写文字; 书房,"2025-02-12 复盘
1. 资产方案：Excel模型完成80%
2. 保险对比：条款梳理完成，待整合
3. 案例框架：故事线搭建完成，待补充数据
4. 社交：与明轩咖啡叙旧，收获颇丰",冯浩然在书房拍摄当日复盘笔记，笔记本上记录了资产方案、保险对比和案例框架的完成进度及社交收获,"{'province': '湖北省', 'city': '武汉市', 'district': '江岸区', 'streetName': '解放大道', 'streetNumber': '368号', 'poi': '父母家书房'}",114.282987,30.633093,"{'province': '湖北省', 'city': '武汉市', 'district': '江岸区', 'street': [], 'formatted_address': '湖北省武汉市江岸区[][]'}",182-b
Gallery-215,a_181,IMG_20250213_122015,2025-02-13 12:20:15,清蒸武昌鱼; 蒜蓉菠菜; 冬瓜排骨汤; 木质餐桌; 湖北家常菜; 健康午餐,无,冯浩然在父母家餐厅拍摄午餐的清蒸武昌鱼，鱼肉洁白鲜嫩，搭配蒜蓉菠菜和冬瓜排骨汤，摆放在木质餐桌上,"{'province': '湖北省', 'city': '武汉市', 'district': '江岸区', 'streetName': '解放大道', 'streetNumber': '368号', 'poi': '父母家餐厅'}",114.282987,30.633093,"{'province': '湖北省', 'city': '武汉市', 'district': '江岸区', 'street': [], 'formatted_address': '湖北省武汉市江岸区[][]'}",a_181
Gallery-216,a_4,IMG_20250213_144530,2025-02-13 14:45:30,CFA笔记; 行为金融学; 认知偏差; OneNote; 学习资料; 文档扫描,行为金融学应用总结 - 认知偏差：过度自信、损失厌恶、确认偏误 - 对资产配置的影响 - 复习日期：2025-02-13,冯浩然在书房拍摄CFA复习笔记，内容是关于行为金融学中认知偏差对投资决策影响的总结，笔记工整地写在OneNote页面上,"{'province': '湖北省', 'city': '武汉市', 'district': '江岸区', 'streetName': '解放大道', 'streetNumber': '368号', 'poi': '父母家书房'}",114.282987,30.633093,"{'province': '湖北省', 'city': '武汉市', 'district': '江岸区', 'street': [], 'formatted_address': '湖北省武汉市江岸区[][]'}",a_4
Gallery-217,183-3-4,IMG_20250214_073015,2025-02-14 07:30:15,瑜伽垫; 哑铃; 储物柜; 客厅收纳; 健身器材; 简约家居,无,冯浩然将健身后的瑜伽垫和哑铃整齐地收纳在父母家客厅的储物柜旁，背景是简约的电视墙和绿植,"{'province': '湖北省', 'city': '武汉市', 'district': '江岸区', 'streetName': '解放大道', 'streetNumber': '368号', 'poi': '父母家客厅'}",114.282987,30.633093,"{'province': '湖北省', 'city': '武汉市', 'district': '江岸区', 'street': [], 'formatted_address': '湖北省武汉市江岸区[][]'}",183-c
Gallery-218,183-3-3,IMG_20250214_130520,2025-02-14 13:05:20,高铁车窗; 田野; 远山; 光束; 旅途风景; 动态模糊,无,冯浩然透过高铁车窗拍摄窗外飞速掠过的田野和远山，阳光透过云层洒下光束，景色开阔,"{'province': '湖南省', 'city': '长沙市', 'district': '雨花区', 'streetName': '花侯路', 'streetNumber': 'XX号', 'poi': 'Gxxxx次高铁列车（武汉-长沙南段）'}",113.060912,28.150854,"{'province': '湖南省', 'city': '长沙市', 'district': '雨花区', 'street': '花侯路', 'formatted_address': '湖南省长沙市雨花区花侯路[]'}",183-c
Gallery-219,183-3-3,IMG_20250214_134230,2025-02-14 13:42:30,手冲咖啡; 咖啡油脂; 微距摄影; 高铁小桌板; 杂志; 旅途细节,无,冯浩然用微距模式拍摄高铁小桌板上的一杯手冲咖啡，咖啡表面油脂丰富，旁边放着一本翻开的《摄影之友》杂志,"{'province': '湖南省', 'city': '长沙市', 'district': '雨花区', 'streetName': '花侯路', 'streetNumber': 'XX号', 'poi': 'Gxxxx次高铁列车（武汉-长沙南段）'}",113.060912,28.150854,"{'province': '湖南省', 'city': '长沙市', 'district': '雨花区', 'street': '花侯路', 'formatted_address': '湖南省长沙市雨花区花侯路[]'}",183-c
Gallery-220,,IMG_20250215_070215,2025-02-15 07:02:15,湘江; 晨雾; 橘子洲头; 城市天际线; 晨跑; 风光摄影; 冬日清晨,无,冯浩然在湘江风光带拍摄江面晨雾，远处是橘子洲头和城市天际线，晨光微露,"{'province': '湖南省', 'city': '长沙市', 'district': '岳麓区', 'streetName': '潇湘中路', 'streetNumber': 'XX 号', 'poi': '湘江风光带（阜埠河路口段）'}",112.938294,28.154469,"{'province': '湖南省', 'city': '长沙市', 'district': '岳麓区', 'street': '潇湘中路', 'formatted_address': '湖南省长沙市岳麓区潇湘中路[]'}",
Gallery-221,,IMG_20250215_072530,2025-02-15 07:25:30,自拍; 晨跑; 运动后; 人像模式; 湘江风光带; 晨练人群; 步道,无,冯浩然在湘江边使用人像模式自拍，背景是晨练的人群和江边的步道，脸上带着运动后的红润,"{'province': '湖南省', 'city': '长沙市', 'district': '岳麓区', 'streetName': '潇湘中路', 'streetNumber': 'XX 号', 'poi': '湘江风光带（桃子湖路口段）'}",112.938294,28.154469,"{'province': '湖南省', 'city': '长沙市', 'district': '岳麓区', 'street': '潇湘中路', 'formatted_address': '湖南省长沙市岳麓区潇湘中路[]'}",
Gallery-222,,IMG_20250215_173015,2025-02-15 17:30:15,书桌整理; 书籍归档; 笔记本电脑; 手冲咖啡; 物品收纳; 工作空间,无,冯浩然拍摄整理好的书桌，上面整齐摆放着归档的书籍资料、笔记本电脑和一杯手冲咖啡,"{'province': '湖南省', 'city': '长沙市', 'district': '岳麓区', 'streetName': '双塘路', 'streetNumber': '99 号', 'poi': '岳麓区机关金星住宅小区家中书房'}",112.938578,28.221525,"{'province': '湖南省', 'city': '长沙市', 'district': '岳麓区', 'street': '桐梓坡路', 'formatted_address': '湖南省长沙市岳麓区桐梓坡路99号'}",
Gallery-223,,IMG_20250215_190520,2025-02-15 19:05:20,番茄鸡蛋菌菇汤; 全麦面包; 健康晚餐; 家常菜; 热气腾腾; 一人食,无,冯浩然拍摄自己准备的晚餐，番茄鸡蛋菌菇汤在锅中冒着热气，旁边放着全麦面包,"{'province': '湖南省', 'city': '长沙市', 'district': '岳麓区', 'streetName': '双塘路', 'streetNumber': '99 号', 'poi': '岳麓区机关金星住宅小区家中厨房'}",112.938578,28.221525,"{'province': '湖南省', 'city': '长沙市', 'district': '岳麓区', 'street': '桐梓坡路', 'formatted_address': '湖南省长沙市岳麓区桐梓坡路99号'}",
Gallery-224,,IMG_20250215_210105,2025-02-15 21:01:05,电脑屏幕; 日度复盘; 工作文档; 任务清单; 明日计划; 文档扫描,"2025-02-15 日度复盘
任务完成情况：
1. 晨跑与摄影素材收集 - 已完成
2. 家庭保险线上投保 - 已完成
3. CFA复习与观影学习 - 已完成
明日计划：
1. 晨跑
2. 准备客户黄思琪季度投资回顾材料
3. 阅读《摄影之友》",冯浩然拍摄电脑屏幕上打开的日度复盘文档，文档标题为‘2025-02-15 日度复盘’，内容包含任务完成情况和明日计划,"{'province': '湖南省', 'city': '长沙市', 'district': '岳麓区', 'streetName': '双塘路', 'streetNumber': '99 号', 'poi': '岳麓区机关金星住宅小区家中书房'}",112.938578,28.221525,"{'province': '湖南省', 'city': '长沙市', 'district': '岳麓区', 'street': '桐梓坡路', 'formatted_address': '湖南省长沙市岳麓区桐梓坡路99号'}",
Gallery-225,182-3-1,IMG_20250216_093025,2025-02-16 09:30:25,资产配置图; 平板电脑; 家庭财务; 客厅茶几; 投资组合; 保险详情,家庭资产配置图 (2025-02-15) - 股票基金 40%，债券 30%，保险 20%，现金 10% - 补充医疗保险：年保费 5000元，保额 50万元,冯浩然在父母家客厅的茶几上，使用平板电脑向母亲李秀英展示家庭资产配置图，图表清晰展示了投资组合和保险详情，背景是客厅的沙发和绿植。,"{'province': '湖北省', 'city': '武汉市', 'district': '江岸区', 'streetName': '解放大道', 'streetNumber': '368号', 'poi': '父母家客厅'}",114.282987,30.633093,"{'province': '湖北省', 'city': '武汉市', 'district': '江岸区', 'street': [], 'formatted_address': '湖北省武汉市江岸区[][]'}",182-c
Gallery-226,4-6,IMG_20250216_104530,2025-02-16 10:45:30,CFA复习资料; 笔记整理; 书桌; 归档; 学习资料; 笔记本电脑,CFA Level III - Portfolio Management - 重点难点：Behavioral Finance & Asset Allocation - 归档日期：2025-02-16,冯浩然在书桌前将整理好的CFA三级复习资料整齐地叠放在一起，旁边是笔记本电脑和打开的笔记，背景是书柜和台灯。,"{'province': '湖北省', 'city': '武汉市', 'district': '江岸区', 'streetName': '解放大道', 'streetNumber': '368号', 'poi': '父母家自己房间书桌'}",114.282987,30.633093,"{'province': '湖北省', 'city': '武汉市', 'district': '江岸区', 'street': [], 'formatted_address': '湖北省武汉市江岸区[][]'}",4-f
Gallery-227,,IMG_20250216_134215,2025-02-16 13:42:15,东湖绿道; 父母背影; 湖光山色; 休闲徒步; 家庭时光; 自然风景,无,冯浩然在东湖绿道梨园广场入口处拍摄父母冯建国和李秀英并肩行走的背影，背景是广阔的东湖湖面、远处的山峦和绿道旁的树木。,"{'province': '湖北省', 'city': '武汉市', 'district': '武昌区', 'streetName': '沿湖大道', 'streetNumber': 'XX号', 'poi': '东湖绿道梨园广场入口'}",114.373691,30.57418,"{'province': '湖北省', 'city': '武汉市', 'district': '武昌区', 'street': '沿湖大道', 'formatted_address': '湖北省武汉市武昌区沿湖大道[]'}",
Gallery-228,,IMG_20250216_150005,2025-02-16 15:00:05,烤肉卷饼; 简餐; 手持美食; 店铺招牌; 能量补充; 徒步后,超吉卷烤肉卷饼 - 招牌烤肉卷 18元/份 - 营业时间：10:00-22:00,冯浩然在超吉卷烤肉卷饼店前，手持一份刚购买的烤肉卷饼和一杯饮品，背景是店铺招牌和玻璃橱窗。,"{'province': '湖北省', 'city': '武汉市', 'district': '武昌区', 'streetName': '徐东大道', 'streetNumber': '120号', 'poi': '超吉卷烤肉卷饼(群星城店)'}",114.3511,30.583675,"{'province': '湖北省', 'city': '武汉市', 'district': '武昌区', 'street': '徐东大道', 'formatted_address': '湖北省武汉市武昌区徐东大道120号'}",
Gallery-229,,IMG_20250217_175530,2025-02-17 17:55:30,衣物收纳; 行李箱; 衣柜隔层; 居家整理; 卧室环境,无,冯浩然将行李箱中的衣物整齐叠放并分类收纳进卧室衣柜的隔层中，背景是整洁的卧室和整理到一半的行李箱。,"{'province': '湖南省', 'city': '长沙市', 'district': '岳麓区', 'streetName': '双塘路', 'streetNumber': '99号', 'poi': '岳麓区机关金星住宅小区家中卧室'}",112.938578,28.221525,"{'province': '湖南省', 'city': '长沙市', 'district': '岳麓区', 'street': '桐梓坡路', 'formatted_address': '湖南省长沙市岳麓区桐梓坡路99号'}",
Gallery-230,,IMG_20250217_203800,2025-02-17 20:38:00,便利店采购; 鲜牛奶; 全麦面包; 收银台; 购物袋,无,冯浩然将采购的鲜牛奶、全麦面包、鸡蛋和苏打水整齐摆放在便利店收银台旁的台面上准备结账，背景是便利店的货架和灯光。,"{'province': '湖南省', 'city': '长沙市', 'district': '岳麓区', 'streetName': '双塘路', 'streetNumber': 'XX号', 'poi': '新佳宜便利店（桃子湖文创园店）'}",112.934015,28.246134,"{'province': '湖南省', 'city': '长沙市', 'district': '岳麓区', 'street': [], 'formatted_address': '湖南省长沙市岳麓区[][]'}",
Gallery-231,185-1,IMG_20250218_110015,2025-02-18 11:00:15,PPT截图; 科技板块; 估值修复; 柱状图; 会议室; 投影屏幕; 数据分析,科技板块估值修复路径分析 - 2025年Q1展望,冯浩然在部门季度工作会议上拍摄了投影屏幕上的PPT，内容是关于科技板块估值修复的图表分析，背景是会议室的白墙和窗帘。,"{'province': '湖南省', 'city': '长沙市', 'district': '开福区', 'streetName': '芙蓉中路', 'streetNumber': '88号', 'poi': '华泰证券股份有限公司办公室会议室'}",112.986675,28.223728,"{'province': '湖南省', 'city': '长沙市', 'district': '开福区', 'street': '芙蓉中路', 'formatted_address': '湖南省长沙市开福区芙蓉中路88号'}",185-a
Gallery-232,,IMG_20250218_121530,2025-02-18 12:15:30,湘味盖码饭; 午餐; 同事聚餐; 快餐店; 热气腾腾; 卡座; 美食分享,无,冯浩然与同事郑文博在盖码饭王快餐店用餐，桌上摆着两份热气腾腾的湘味盖码饭，背景是简约的餐厅卡座和墙壁装饰。,"{'province': '湖南省', 'city': '长沙市', 'district': '开福区', 'streetName': '传媒路', 'streetNumber': 'XX号', 'poi': '盖码饭王快餐店'}",112.985677,28.234651,"{'province': '湖南省', 'city': '长沙市', 'district': '开福区', 'street': [], 'formatted_address': '湖南省长沙市开福区[][]'}",
Gallery-233,,IMG_20250219_072015,2025-02-19 07:20:15,岳麓山; 晨雾; 登山步道; 山林; 晨跑; 风景,无,冯浩然在岳麓山风景名胜区晨跑途中，停下拍摄远处被晨雾笼罩的山林和蜿蜒的登山步道,"{'province': '湖南省', 'city': '长沙市', 'district': '岳麓区', 'streetName': '登高路', 'streetNumber': '58号', 'poi': '岳麓山风景名胜区'}",112.936104,28.183601,"{'province': '湖南省', 'city': '长沙市', 'district': '岳麓区', 'street': '登高路', 'formatted_address': '湖南省长沙市岳麓区登高路58号'}",
Gallery-234,185-2-1,IMG_20250219_110510,2025-02-19 11:05:10,PPT截图; 投影屏幕; 新季度战略; 互联网; 硬科技; 会议,新季度战略方向：互联网、硬科技,冯浩然在部门新季度动员会上拍摄投影屏幕，屏幕上显示着‘新季度战略方向：互联网、硬科技’的PPT标题页,"{'province': '湖南省', 'city': '长沙市', 'district': '开福区', 'streetName': '三一大道', 'streetNumber': 'XX号', 'poi': '华泰证券长沙分公司大会议室'}",113.011381,28.098051,"{'province': '湖南省', 'city': '长沙市', 'district': '雨花区', 'street': [], 'formatted_address': '湖南省长沙市雨花区[][]'}",185-b
Gallery-235,185-2-1,IMG_20250219_113530,2025-02-19 11:35:30,参会人员; 上司; 同事; 白板讨论; 会议结束; 交流,无,冯浩然在动员会结束后拍摄上司钱永强与几位同事站在会议室白板前讨论的场景，背景是写满要点的白板,"{'province': '湖南省', 'city': '长沙市', 'district': '开福区', 'streetName': '三一大道', 'streetNumber': 'XX号', 'poi': '华泰证券长沙分公司大会议室'}",113.011381,28.098051,"{'province': '湖南省', 'city': '长沙市', 'district': '雨花区', 'street': [], 'formatted_address': '湖南省长沙市雨花区[][]'}",185-b
Gallery-236,185-2-2,IMG_20250219_120510,2025-02-19 12:05:10,会议纪要; 白板; 手写; 研究清单; 分工; 目标分解,"科技公司研究清单
拓展时间表
郑文博-行业数据
孙晓雅-客户画像
冯浩然-方案整合与客户接洽",冯浩然主持小组目标分解会时，拍摄白板上手写的‘科技公司研究清单’、‘拓展时间表’及分工‘郑文博-行业数据’等会议纪要要点,"{'province': '湖南省', 'city': '长沙市', 'district': '开福区', 'streetName': '三一大道', 'streetNumber': 'XX号', 'poi': '华泰证券长沙分公司小会议室'}",113.011381,28.098051,"{'province': '湖南省', 'city': '长沙市', 'district': '雨花区', 'street': [], 'formatted_address': '湖南省长沙市雨花区[][]'}",185-b
Gallery-237,,IMG_20250219_124025,2025-02-19 12:40:25,剁椒鱼头; 湘菜; 美食; 午餐; 聚餐; 红色剁椒,无,冯浩然与同事郑文博在‘老味湘厨’餐馆用餐，拍摄桌上热气腾腾的剁椒鱼头，红色剁椒铺满鱼头，旁边还有小炒黄牛肉,"{'province': '湖南省', 'city': '长沙市', 'district': '开福区', 'streetName': '金鹰路', 'streetNumber': 'XX号', 'poi': '老味湘厨餐馆'}",113.043533,28.238287,"{'province': '湖南省', 'city': '长沙市', 'district': '开福区', 'street': '金鹰路', 'formatted_address': '湖南省长沙市开福区金鹰路[]'}",
Gallery-238,,IMG_20250220_073500,2025-02-20 07:35:00,健康早餐; 燕麦粥; 水煮蛋; 黑咖啡; 木质餐桌; 晨间准备,无,冯浩然在家中厨房准备健康早餐，木质餐桌上摆放着燕麦粥、水煮蛋和一杯黑咖啡，背景是整洁的厨房台面。,"{'province': '湖南省', 'city': '长沙市', 'district': '岳麓区', 'streetName': '双塘路', 'streetNumber': '99号', 'poi': '岳麓区机关金星住宅小区'}",112.938578,28.221525,"{'province': '湖南省', 'city': '长沙市', 'district': '岳麓区', 'street': '桐梓坡路', 'formatted_address': '湖南省长沙市岳麓区桐梓坡路99号'}",
Gallery-239,,IMG_20250220_083000,2025-02-20 08:30:00,手机屏幕; 露营装备清单; 文档扫描; 地铁通勤; 计划制定,周末露营装备清单：帐篷、睡袋、防潮垫、头灯、相机、充电宝、便携炉具、食材清单...,冯浩然在通勤途中拍摄手机屏幕上显示的周末露营装备清单，清单内容清晰可见，背景是地铁车厢的模糊景象。,"{'province': '湖南省', 'city': '长沙市', 'district': '开福区', 'streetName': '芙蓉中路', 'streetNumber': 'XX号', 'poi': '地铁2号线车厢内'}",112.987227,28.192249,"{'province': '湖南省', 'city': '长沙市', 'district': '开福区', 'street': '芙蓉中路', 'formatted_address': '湖南省长沙市开福区芙蓉中路[]'}",
Gallery-240,,IMG_20250220_121500,2025-02-20 12:15:00,轻食午餐; 鸡胸肉沙拉; 南瓜汤; 同事聚餐; 健康饮食,无,冯浩然与同事郑文博在轻食店共进午餐，餐桌上摆放着鸡胸肉蔬菜沙拉和南瓜汤，背景是简约的餐厅环境。,"{'province': '湖南省', 'city': '长沙市', 'district': '开福区', 'streetName': '传媒路', 'streetNumber': 'XX号', 'poi': '“沙拉盒子”轻食店'}",113.044429,28.237237,"{'province': '湖南省', 'city': '长沙市', 'district': '开福区', 'street': '传媒路', 'formatted_address': '湖南省长沙市开福区传媒路[]'}",
Gallery-241,187-1,IMG_20250221_070520,2025-02-21 07:05:20,晨跑; 岳麓山; 林间道路; 清晨阳光; 运动装备; 城市风景,无,冯浩然在岳麓山风景名胜区东门附近晨跑，清晨的阳光透过林间，道路两旁是茂密的树木和晨练的市民,"{'province': '湖南省', 'city': '长沙市', 'district': '岳麓区', 'streetName': '麓山南路', 'streetNumber': 'XX号', 'poi': '岳麓山风景名胜区东门'}",112.936104,28.183601,"{'province': '湖南省', 'city': '长沙市', 'district': '岳麓区', 'street': '麓山南路', 'formatted_address': '湖南省长沙市岳麓区麓山南路[]'}",187-a
Gallery-242,185-4,IMG_20250221_134215,2025-02-21 13:42:15,PPT截图; 电脑屏幕; 数据图表; 客户拓展策略; 工作汇报; 金融,新季度行动计划 - 科技企业客户拓展策略 2025年Q1 预算：XX万元,冯浩然电脑屏幕上显示着向钱永强汇报用的PPT截图，内容是关于新季度科技企业客户拓展策略的图表和数据,"{'province': '湖南省', 'city': '长沙市', 'district': '开福区', 'streetName': '三一大道', 'streetNumber': 'XX号', 'poi': '湖南广电中心大楼华泰证券办公室'}",113.046444,28.236175,"{'province': '湖南省', 'city': '长沙市', 'district': '开福区', 'street': '三一大道', 'formatted_address': '湖南省长沙市开福区三一大道[]'}",185-d
Gallery-243,185-4,IMG_20250221_140530,2025-02-21 14:05:30,会议纪要; 白板; 上司讲解; 优化建议; 工作计划; 办公室,客户筛选标准优化：1. 技术壁垒 2. 市场潜力 3. 团队背景 2025-02-21,冯浩然的上司钱永强在办公室的白板前讲解，白板上写满了会议纪要和对计划的优化建议要点,"{'province': '湖南省', 'city': '长沙市', 'district': '开福区', 'streetName': '三一大道', 'streetNumber': 'XX号', 'poi': '湖南广电中心大楼钱永强副总经理办公室'}",113.046444,28.236175,"{'province': '湖南省', 'city': '长沙市', 'district': '开福区', 'street': '三一大道', 'formatted_address': '湖南省长沙市开福区三一大道[]'}",185-d
Gallery-244,185-4,IMG_20250221_144805,2025-02-21 14:48:05,办公室环境; 工位; 城市景观; 办公桌; 工作空间; 金融公司,无,从冯浩然工位角度拍摄的办公室环境，可以看到整洁的办公桌、电脑和窗外的城市景观,"{'province': '湖南省', 'city': '长沙市', 'district': '开福区', 'streetName': '三一大道', 'streetNumber': 'XX号', 'poi': '湖南广电中心大楼华泰证券办公室'}",113.046444,28.236175,"{'province': '湖南省', 'city': '长沙市', 'district': '开福区', 'street': '三一大道', 'formatted_address': '湖南省长沙市开福区三一大道[]'}",185-d
Gallery-245,,IMG_20250221_184520,2025-02-21 18:45:20,西兰花虾仁; 糙米饭; 健康晚餐; 家常菜; 美食记录; 烹饪,无,冯浩然在家中厨房烹饪的晚餐，餐盘里盛放着色彩鲜艳的西兰花炒虾仁和一碗糙米饭,"{'province': '湖南省', 'city': '长沙市', 'district': '岳麓区', 'streetName': '双塘路', 'streetNumber': '99号', 'poi': '岳麓区机关金星住宅小区家中厨房'}",112.938578,28.221525,"{'province': '湖南省', 'city': '长沙市', 'district': '岳麓区', 'street': '桐梓坡路', 'formatted_address': '湖南省长沙市岳麓区桐梓坡路99号'}",
Gallery-246,187-3,IMG_20250221_204015,2025-02-21 20:40:15,冰袋; 云南白药; 药箱收纳; 医疗用品; 物品整理; 家庭常备,无,冯浩然将冰袋和云南白药喷雾整齐地收纳在家中药箱的隔层里，旁边还放着绷带等物品,"{'province': '湖南省', 'city': '长沙市', 'district': '岳麓区', 'streetName': '双塘路', 'streetNumber': '99号', 'poi': '岳麓区机关金星住宅小区家中客厅'}",112.938578,28.221525,"{'province': '湖南省', 'city': '长沙市', 'district': '岳麓区', 'street': '桐梓坡路', 'formatted_address': '湖南省长沙市岳麓区桐梓坡路99号'}",187-a
Gallery-247,188-1,IMG_20250222_074530,2025-02-22 07:45:30,晨跑; 合影; 毛主席雕像; 东方红广场; 清晨; 运动装备; 恢复性慢跑,无,冯浩然与跑友高云飞在东方红广场晨跑后合影，身后是广场的毛主席雕像和清晨的麓山南路街景,"{'province': '湖南省', 'city': '长沙市', 'district': '岳麓区', 'streetName': '麓山南路', 'streetNumber': 'XX号', 'poi': '东方红广场'}",112.943877,28.179428,"{'province': '湖南省', 'city': '长沙市', 'district': '岳麓区', 'street': '麓山南路', 'formatted_address': '湖南省长沙市岳麓区麓山南路[]'}",188-a
Gallery-248,188-3,IMG_20250222_081015,2025-02-22 08:10:15,牛肉粉; 肉丝面; 早餐; 湘味小吃; 木质餐桌; 热气腾腾; 美食记录,原味粉馆 牛肉粉 18元/碗 肉丝面 15元/碗,冯浩然在‘原味粉馆’拍摄桌上的牛肉粉和肉丝面早餐，热气腾腾的米粉和面条摆放在木质桌面上,"{'province': '湖南省', 'city': '长沙市', 'district': '岳麓区', 'streetName': '麓山南路', 'streetNumber': '715号', 'poi': '原味粉馆家常菜馆'}",112.927314,28.090027,"{'province': '湖南省', 'city': '长沙市', 'district': '岳麓区', 'street': [], 'formatted_address': '湖南省长沙市岳麓区[][]'}",188-a
Gallery-249,162-5,IMG_20250222_095520,2025-02-22 09:55:20,LED营地灯; 手冲咖啡滤具; 露营装备; 迪卡侬; 货架; 采购清单; 户外用品,迪卡侬 DECATHLON 轻便LED营地灯 89元 便携式手冲咖啡滤具 129元,冯浩然在迪卡侬门店拍摄货架上陈列的轻便LED营地灯和便携式手冲咖啡滤具，背景是户外装备货架,"{'province': '湖南省', 'city': '长沙市', 'district': '岳麓区', 'streetName': '金星中路', 'streetNumber': 'XX号', 'poi': '河西王府井商业广场迪卡侬门店'}",112.934376,28.217535,"{'province': '湖南省', 'city': '长沙市', 'district': '岳麓区', 'street': '金星中路', 'formatted_address': '湖南省长沙市岳麓区金星中路[]'}",162-e
Gallery-250,162-5,IMG_20250222_102200,2025-02-22 10:22:00,帐篷检查; 防水压胶条; 专业店员; 户外装备维护; 迪卡侬服务区; 设备确认,无,冯浩然在迪卡侬门店请店员检查自带帐篷的防水压胶条，店员正用手指按压检查胶条密封性,"{'province': '湖南省', 'city': '长沙市', 'district': '岳麓区', 'streetName': '金星中路', 'streetNumber': 'XX号', 'poi': '河西王府井商业广场迪卡侬门店'}",112.934376,28.217535,"{'province': '湖南省', 'city': '长沙市', 'district': '岳麓区', 'street': '金星中路', 'formatted_address': '湖南省长沙市岳麓区金星中路[]'}",162-e
Gallery-251,189-1,IMG_20250222_151030,2025-02-22 15:10:30,索尼A7III; 相机镜头; 设备清洁; 街拍规划; 路线草图; 书房桌面; 摄影准备,无,冯浩然在书房擦拭干净的桌面上摆放着索尼A7III相机和镜头，旁边是清洁布和规划好的太平街、坡子街街拍路线草图,"{'province': '湖南省', 'city': '长沙市', 'district': '岳麓区', 'streetName': '双塘路', 'streetNumber': '99号', 'poi': '岳麓区机关金星住宅小区'}",112.938578,28.221525,"{'province': '湖南省', 'city': '长沙市', 'district': '岳麓区', 'street': '桐梓坡路', 'formatted_address': '湖南省长沙市岳麓区桐梓坡路99号'}",189-a
Gallery-252,,IMG_20250222_164500,2025-02-22 16:45:00,Lightroom; 后期处理; 黑白照片; 高对比度; 街拍摄影; 电脑屏幕; 摄影爱好,无,冯浩然在Lightroom软件中处理上周街拍的一张黑白照片，屏幕上显示着调整后的高对比度街景,"{'province': '湖南省', 'city': '长沙市', 'district': '岳麓区', 'streetName': '双塘路', 'streetNumber': '99号', 'poi': '岳麓区机关金星住宅小区'}",112.938578,28.221525,"{'province': '湖南省', 'city': '长沙市', 'district': '岳麓区', 'street': '桐梓坡路', 'formatted_address': '湖南省长沙市岳麓区桐梓坡路99号'}",
Gallery-253,,IMG_20250222_172200,2025-02-22 17:22:00,番茄鸡蛋面; 凉拌黄瓜; 晚餐准备; 家常菜; 厨房灶台; 美食记录,无,冯浩然拍摄正在准备的番茄鸡蛋面和凉拌黄瓜晚餐，面条和配菜摆放在厨房灶台旁,"{'province': '湖南省', 'city': '长沙市', 'district': '岳麓区', 'streetName': '双塘路', 'streetNumber': '99号', 'poi': '岳麓区机关金星住宅小区'}",112.938578,28.221525,"{'province': '湖南省', 'city': '长沙市', 'district': '岳麓区', 'street': '桐梓坡路', 'formatted_address': '湖南省长沙市岳麓区桐梓坡路99号'}",
Gallery-254,,IMG_20250223_084000,2025-02-23 08:40:00,运动鞋收纳; 白色鞋柜; 玄关; 家居整理; 晨间准备,无,冯浩然将晨跑后换下的运动鞋整齐收纳进玄关鞋柜，鞋柜为白色简约设计，背景是家中玄关的木质地板和墙面,"{'province': '湖南省', 'city': '长沙市', 'district': '岳麓区', 'streetName': '双塘路', 'streetNumber': '99号', 'poi': '岳麓区机关金星住宅小区'}",112.938578,28.221525,"{'province': '湖南省', 'city': '长沙市', 'district': '岳麓区', 'street': '桐梓坡路', 'formatted_address': '湖南省长沙市岳麓区桐梓坡路99号'}",
Gallery-255,,IMG_20250223_094500,2025-02-23 09:45:00,肉丝粉; 煎蛋; 长沙米粉; 早餐; 热气腾腾,无,冯浩然在刘记手工米粉店拍摄面前的招牌肉丝粉，米粉上盖着肉丝和煎蛋，热气腾腾，背景是木质餐桌和店内环境,"{'province': '湖南省', 'city': '长沙市', 'district': '岳麓区', 'streetName': '双塘路', 'streetNumber': 'XX号', 'poi': '刘记手工米粉店'}",112.938131,28.217347,"{'province': '湖南省', 'city': '长沙市', 'district': '岳麓区', 'street': '双塘路', 'formatted_address': '湖南省长沙市岳麓区双塘路[]'}",
Gallery-256,189-2-1,IMG_20250223_141500,2025-02-23 14:15:00,太平街; 麻石路; 民国建筑; 光影; 街拍; 长沙老街,无,冯浩然在太平街拍摄古老的麻石街道和两侧的民国风格建筑，阳光透过屋檐形成斑驳光影，远处有游客行走,"{'province': '湖南省', 'city': '长沙市', 'district': '天心区', 'streetName': '太平街', 'streetNumber': 'XX号', 'poi': '太平街历史文化街区'}",112.971813,28.193695,"{'province': '湖南省', 'city': '长沙市', 'district': '天心区', 'street': '太平街', 'formatted_address': '湖南省长沙市天心区太平街[]'}",189-b
Gallery-257,189-2-1,IMG_20250223_154500,2025-02-23 15:45:00,人物合影; 砖墙背景; 街拍留念; 太平里公馆; 游客,无,冯浩然请一位路过的游客帮忙，在太平里公馆的砖墙前拍摄了一张半身合影，两人都面带微笑,"{'province': '湖南省', 'city': '长沙市', 'district': '天心区', 'streetName': '太平街', 'streetNumber': '167号', 'poi': '长沙太平里167号公馆'}",112.971685,28.194679,"{'province': '湖南省', 'city': '长沙市', 'district': '天心区', 'street': '太平街', 'formatted_address': '湖南省长沙市天心区太平街167号'}",189-b
Gallery-258,,IMG_20250223_181000,2025-02-23 18:10:00,香煎鸡胸肉; 蒜蓉西兰花; 杂粮饭; 健康晚餐; 家常烹饪,无,冯浩然在家中厨房拍摄刚出锅的香煎鸡胸肉配蒜蓉西兰花和杂粮饭，食物摆放在白色餐盘中，色彩搭配诱人,"{'province': '湖南省', 'city': '长沙市', 'district': '岳麓区', 'streetName': '双塘路', 'streetNumber': '99号', 'poi': '岳麓区机关金星住宅小区'}",112.938578,28.221525,"{'province': '湖南省', 'city': '长沙市', 'district': '岳麓区', 'street': '桐梓坡路', 'formatted_address': '湖南省长沙市岳麓区桐梓坡路99号'}",
Gallery-259,a_103,IMG_20250224_090200,2025-02-24 09:02:00,城市街道; 早高峰; 车流; 加油站; 行道树; 通勤,无,冯浩然在通勤途中经过枫林一路，拍摄下周一早高峰后车流渐疏的城市街道，远处可见中国石化加油站和行道树,"{'province': '湖南省', 'city': '长沙市', 'district': '岳麓区', 'streetName': '枫林一路', 'streetNumber': 'XX号', 'poi': '中国石化河西加油站附近路段'}",112.946066,28.200141,"{'province': '湖南省', 'city': '长沙市', 'district': '岳麓区', 'street': '枫林一路', 'formatted_address': '湖南省长沙市岳麓区枫林一路[]'}",a_103
Gallery-260,190-1,IMG_20250224_124500,2025-02-24 12:45:00,剁椒鱼头; 湘菜; 同事聚餐; 红色剁椒; 木质餐桌; 美食,无,冯浩然与同事郑文博在湘聚缘湘菜馆用餐，桌上摆着刚上桌的剁椒鱼头，红亮的剁椒覆盖着鲜嫩的鱼头，背景是餐厅的木质桌椅,"{'province': '湖南省', 'city': '长沙市', 'district': '开福区', 'streetName': '金鹰路', 'streetNumber': 'XX号', 'poi': '湘聚缘湘菜馆'}",113.043533,28.238287,"{'province': '湖南省', 'city': '长沙市', 'district': '开福区', 'street': '金鹰路', 'formatted_address': '湖南省长沙市开福区金鹰路[]'}",190-a
Gallery-261,,IMG_20250224_183500,2025-02-24 18:35:00,三文鱼排; 煎制; 芦笋; 晚餐; 厨房; 健康饮食,无,冯浩然在家中厨房准备晚餐，平底锅中正在煎制的三文鱼排色泽金黄，旁边摆放着焯水后的翠绿芦笋,"{'province': '湖南省', 'city': '长沙市', 'district': '岳麓区', 'streetName': '双塘路', 'streetNumber': '99号', 'poi': '岳麓区机关金星住宅小区'}",112.938578,28.221525,"{'province': '湖南省', 'city': '长沙市', 'district': '岳麓区', 'street': '桐梓坡路', 'formatted_address': '湖南省长沙市岳麓区桐梓坡路99号'}",
Gallery-262,,IMG_20250225_082015,2025-02-25 08:20:15,早餐; 煎蛋; 培根; 手冲咖啡; 木质餐桌; 晨间,无,冯浩然在家中的餐桌上拍摄自己的早餐，盘中有煎蛋、培根和吐司，旁边放着一杯手冲咖啡，背景是整洁的厨房一角。,"{'province': '湖南省', 'city': '长沙市', 'district': '岳麓区', 'streetName': '双塘路', 'streetNumber': '99号', 'poi': '岳麓区机关金星住宅小区'}",112.938578,28.221525,"{'province': '湖南省', 'city': '长沙市', 'district': '岳麓区', 'street': '桐梓坡路', 'formatted_address': '湖南省长沙市岳麓区桐梓坡路99号'}",
Gallery-263,a_103,IMG_20250225_090510,2025-02-25 09:05:10,城市街景; 早高峰; 车流; 写字楼; 芙蓉中路; 通勤,无,冯浩然在通勤途中拍摄芙蓉中路街景，画面中是早高峰的车流和湖南广电中心写字楼，天空多云。,"{'province': '湖南省', 'city': '长沙市', 'district': '开福区', 'streetName': '芙蓉中路', 'streetNumber': 'XX号', 'poi': '湖南广电中心写字楼附近'}",113.046548,28.235932,"{'province': '湖南省', 'city': '长沙市', 'district': '开福区', 'street': [], 'formatted_address': '湖南省长沙市开福区[][]'}",a_103
Gallery-264,189-4,IMG_20250225_121530,2025-02-25 12:15:30,午餐; 辣椒炒肉; 米饭; 快餐店; 同事聚餐; 湘菜,无,冯浩然在传媒路快餐店拍摄午餐，餐盘中有辣椒炒肉和米饭，同事郑文博的手部入镜，背景是简约的餐厅环境。,"{'province': '湖南省', 'city': '长沙市', 'district': '开福区', 'streetName': '传媒路', 'streetNumber': 'XX号', 'poi': '传媒路快餐店'}",113.044429,28.237237,"{'province': '湖南省', 'city': '长沙市', 'district': '开福区', 'street': '传媒路', 'formatted_address': '湖南省长沙市开福区传媒路[]'}",189-d
Gallery-265,189-4,IMG_20250225_125520,2025-02-25 12:55:20,街道; 商铺; 行人; 午后; 城市生活; 街拍,无,冯浩然在返回办公室的路上拍摄传媒路街景，道路两旁有行道树和临街商铺，行人匆匆。,"{'province': '湖南省', 'city': '长沙市', 'district': '开福区', 'streetName': '传媒路', 'streetNumber': 'XX号', 'poi': '传媒路'}",113.044429,28.237237,"{'province': '湖南省', 'city': '长沙市', 'district': '开福区', 'street': '传媒路', 'formatted_address': '湖南省长沙市开福区传媒路[]'}",189-d
Gallery-266,189-4,IMG_20250225_144500,2025-02-25 14:45:00,咖啡厅; 街角; 遮阳伞; 午后阳光; 休闲时光; 城市角落,无,冯浩然在圣爵菲斯咖啡厅外拍摄街角风景，画面中有咖啡厅的招牌、遮阳伞和稀疏的行人，阳光透过云层。,"{'province': '湖南省', 'city': '长沙市', 'district': '开福区', 'streetName': '芙蓉中路', 'streetNumber': 'XX号', 'poi': '圣爵菲斯咖啡厅'}",112.987227,28.192249,"{'province': '湖南省', 'city': '长沙市', 'district': '开福区', 'street': '芙蓉中路', 'formatted_address': '湖南省长沙市开福区芙蓉中路[]'}",189-d
Gallery-267,a_103,IMG_20250225_175000,2025-02-25 17:50:00,下班路上; 黄昏; 街道; 小区入口; 路灯; 驾车视角,无,冯浩然在下班驾车途中拍摄杜鹃路街景，前方是恒大雅苑小区入口，天色渐暗，路灯初亮。,"{'province': '湖南省', 'city': '长沙市', 'district': '开福区', 'streetName': '杜鹃路', 'streetNumber': 'XX号', 'poi': '恒大雅苑健身中心附近'}",113.046287,28.245704,"{'province': '湖南省', 'city': '长沙市', 'district': '开福区', 'street': [], 'formatted_address': '湖南省长沙市开福区[][]'}",a_103
Gallery-268,,IMG_20250225_200005,2025-02-25 20:00:05,晚餐; 清蒸鱼; 时蔬; 外卖餐盒; iPad; 财经浏览,无,冯浩然在家中餐厅拍摄外卖晚餐，餐盒内是清蒸鱼和时蔬，旁边放着iPad，屏幕上显示着财经新闻。,"{'province': '湖南省', 'city': '长沙市', 'district': '岳麓区', 'streetName': '双塘路', 'streetNumber': '99号', 'poi': '岳麓区机关金星住宅小区'}",112.938578,28.221525,"{'province': '湖南省', 'city': '长沙市', 'district': '岳麓区', 'street': '桐梓坡路', 'formatted_address': '湖南省长沙市岳麓区桐梓坡路99号'}",
Gallery-269,,IMG_20250226_064000,2025-02-26 06:40:00,岳麓山; 停车场; 清晨; 晨跑准备; SUV汽车; 山景,无,冯浩然在岳麓山风景名胜区东门停车场停好车，准备开始晨跑，背景是清晨的岳麓山和停车场内的车辆,"{'province': '湖南省', 'city': '长沙市', 'district': '岳麓区', 'streetName': '登高路', 'streetNumber': '58号', 'poi': '岳麓山风景名胜区东门停车场'}",112.936104,28.183601,"{'province': '湖南省', 'city': '长沙市', 'district': '岳麓区', 'street': '登高路', 'formatted_address': '湖南省长沙市岳麓区登高路58号'}",
Gallery-270,,IMG_20250226_080500,2025-02-26 08:05:00,早餐; 水煮蛋; 燕麦片; 手冲咖啡; 耶加雪菲; 健康饮食; 木质餐桌,无,冯浩然在家中餐厅拍摄自己准备的早餐，包括水煮蛋、燕麦片和手冲耶加雪菲咖啡，背景是简约的木质餐桌,"{'province': '湖南省', 'city': '长沙市', 'district': '岳麓区', 'streetName': '双塘路', 'streetNumber': '99号', 'poi': '岳麓区机关金星住宅小区'}",112.938578,28.221525,"{'province': '湖南省', 'city': '长沙市', 'district': '岳麓区', 'street': '桐梓坡路', 'formatted_address': '湖南省长沙市岳麓区桐梓坡路99号'}",
Gallery-271,,IMG_20250226_083000,2025-02-26 08:30:00,公文包; 通勤准备; 笔记本电脑; 文件; 水杯; 物品收纳; 玄关,无,冯浩然在出门前检查公文包，确保工作物品齐全，公文包内装有笔记本电脑、文件和水杯，背景是家中玄关,"{'province': '湖南省', 'city': '长沙市', 'district': '岳麓区', 'streetName': '双塘路', 'streetNumber': '99号', 'poi': '岳麓区机关金星住宅小区'}",112.938578,28.221525,"{'province': '湖南省', 'city': '长沙市', 'district': '岳麓区', 'street': '桐梓坡路', 'formatted_address': '湖南省长沙市岳麓区桐梓坡路99号'}",
Gallery-272,,IMG_20250226_121500,2025-02-26 12:15:00,午餐; 烧腊双拼饭; 例汤; 同事聚餐; 工作交流; 快餐店,无,冯浩然与同事郑文博在明记烧腊快餐店共进午餐，桌上摆着烧腊双拼饭和例汤，两人正在讨论市场动态,"{'province': '湖南省', 'city': '长沙市', 'district': '开福区', 'streetName': '传媒路', 'streetNumber': 'XX号', 'poi': '明记烧腊快餐店'}",113.044429,28.237237,"{'province': '湖南省', 'city': '长沙市', 'district': '开福区', 'street': '传媒路', 'formatted_address': '湖南省长沙市开福区传媒路[]'}",
Gallery-273,192-1,IMG_20250226_200000,2025-02-26 20:00:00,电脑屏幕; 照片筛选; 街拍照片; Lightroom软件; 修图显示器; 摄影后期; 书房,无,冯浩然在书房电脑屏幕上筛选周日街拍的照片，显示器上显示着多张城市街景照片，旁边放着咖啡杯,"{'province': '湖南省', 'city': '长沙市', 'district': '岳麓区', 'streetName': '双塘路', 'streetNumber': '99号', 'poi': '岳麓区机关金星住宅小区书房'}",112.938578,28.221525,"{'province': '湖南省', 'city': '长沙市', 'district': '岳麓区', 'street': '桐梓坡路', 'formatted_address': '湖南省长沙市岳麓区桐梓坡路99号'}",192-a
Gallery-274,,IMG_20250227_073015,2025-02-27 07:30:15,早餐; 煎蛋; 吐司; 平底锅; 厨房; 晨间,无,冯浩然在家中厨房准备早餐，煎蛋和吐司在平底锅中滋滋作响，背景是整洁的灶台和牛奶杯,"{'province': '湖南省', 'city': '长沙市', 'district': '岳麓区', 'streetName': '双塘路', 'streetNumber': '99号', 'poi': '岳麓区机关金星住宅小区'}",112.938578,28.221525,"{'province': '湖南省', 'city': '长沙市', 'district': '岳麓区', 'street': '桐梓坡路', 'formatted_address': '湖南省长沙市岳麓区桐梓坡路99号'}",
Gallery-275,104-2,IMG_20250227_130520,2025-02-27 13:05:20,书籍; 阅读; 金融; 市场情绪; 办公桌; 笔记,《周期、价值与人性》 - 市场情绪的钟摆总是在贪婪与恐惧之间摆动...,冯浩然在办公室工位上拍摄《周期、价值与人性》的书籍内页，页面内容是关于市场情绪钟摆的论述,"{'province': '湖南省', 'city': '长沙市', 'district': '开福区', 'streetName': '芙蓉中路', 'streetNumber': '88号', 'poi': '湖南广电中心写字楼华泰证券办公室'}",113.046548,28.235932,"{'province': '湖南省', 'city': '长沙市', 'district': '开福区', 'street': [], 'formatted_address': '湖南省长沙市开福区[][]'}",104-b
Gallery-276,192-2-2,IMG_20250227_144005,2025-02-27 14:40:05,美式咖啡; 咖啡杯; 窗台; 街景; 午后; 放松,无,一杯冒着热气的冰美式咖啡放在咖啡厅的窗台上，窗外是开福区传媒路的街景和来往车辆,"{'province': '湖南省', 'city': '长沙市', 'district': '开福区', 'streetName': '芙蓉中路', 'streetNumber': '88号', 'poi': '圣爵菲斯咖啡厅'}",112.986675,28.223728,"{'province': '湖南省', 'city': '长沙市', 'district': '开福区', 'street': '芙蓉中路', 'formatted_address': '湖南省长沙市开福区芙蓉中路88号'}",192-b
Gallery-277,192-2-1,IMG_20250227_184530,2025-02-27 18:45:30,人物合影; 手冲咖啡; 咖啡馆; 朋友聚会; 窗边; 交流,无,冯浩然与朋友沈心怡在一丹咖啡厅的窗边座位合影，两人面前各放着一杯手冲咖啡，沈心怡正在讲解咖啡豆,"{'province': '湖南省', 'city': '长沙市', 'district': '芙蓉区', 'streetName': '浏阳河大道', 'streetNumber': 'XX号', 'poi': '一丹咖啡厅'}",113.039134,28.174765,"{'province': '湖南省', 'city': '长沙市', 'district': '芙蓉区', 'street': '浏阳河大道', 'formatted_address': '湖南省长沙市芙蓉区浏阳河大道[]'}",192-b
Gallery-278,,IMG_20250227_200105,2025-02-27 20:01:05,超市购物; 西兰花; 鸡胸肉; 番茄; 购物车; 生鲜,无,超市购物车里堆满了新鲜的西兰花、番茄、鸡胸肉和鸡蛋等健康食材，背景是超市的生鲜区货架,"{'province': '湖南省', 'city': '长沙市', 'district': '岳麓区', 'streetName': '金星中路', 'streetNumber': 'XX号', 'poi': '大型连锁超市'}",112.934376,28.217535,"{'province': '湖南省', 'city': '长沙市', 'district': '岳麓区', 'street': '金星中路', 'formatted_address': '湖南省长沙市岳麓区金星中路[]'}",
Gallery-279,,IMG_20250227_204015,2025-02-27 20:40:15,冰箱收纳; 牛奶; 全麦面包; 水果; 厨房; 整理,无,冯浩然将采购的牛奶、全麦面包和水果等物品整齐地放入冰箱的冷藏室进行收纳,"{'province': '湖南省', 'city': '长沙市', 'district': '岳麓区', 'streetName': '双塘路', 'streetNumber': '99号', 'poi': '岳麓区机关金星住宅小区'}",112.938578,28.221525,"{'province': '湖南省', 'city': '长沙市', 'district': '岳麓区', 'street': '桐梓坡路', 'formatted_address': '湖南省长沙市岳麓区桐梓坡路99号'}",
Gallery-280,,IMG_20250227_211020,2025-02-27 21:10:20,晚餐; 鸡胸肉; 西兰花; 全麦面包; 健康饮食; 餐盘,无,晚餐的餐盘中摆放着煎好的鸡胸肉、蒸西兰花和全麦面包，旁边放着一杯水，背景是家中的餐桌,"{'province': '湖南省', 'city': '长沙市', 'district': '岳麓区', 'streetName': '双塘路', 'streetNumber': '99号', 'poi': '岳麓区机关金星住宅小区'}",112.938578,28.221525,"{'province': '湖南省', 'city': '长沙市', 'district': '岳麓区', 'street': '桐梓坡路', 'formatted_address': '湖南省长沙市岳麓区桐梓坡路99号'}",
Gallery-281,,IMG_20250228_063215,2025-02-28 06:32:15,岳麓山; 晨跑; 晨雾; 岳麓书院; 石板路; 竹林; 清晨,无,冯浩然在岳麓山晨跑途中，用手机拍摄远处晨雾缭绕的岳麓书院一角，石板路旁有青翠的竹林,"{'province': '湖南省', 'city': '长沙市', 'district': '岳麓区', 'streetName': '麓山南路', 'streetNumber': 'XX号', 'poi': '岳麓山风景区'}",112.938383,28.182973,"{'province': '湖南省', 'city': '长沙市', 'district': '岳麓区', 'street': '麓山南路', 'formatted_address': '湖南省长沙市岳麓区麓山南路[]'}",
Gallery-282,,IMG_20250228_121045,2025-02-28 12:10:45,剁椒鱼头; 辣椒炒肉; 湘菜; 白色瓷盘; 午餐; 同事聚餐,无,冯浩然与同事郑文博在公司附近的湘菜馆用餐，拍摄桌上的剁椒鱼头和辣椒炒肉，餐具为白色瓷盘,"{'province': '湖南省', 'city': '长沙市', 'district': '开福区', 'streetName': '芙蓉中路', 'streetNumber': '102号', 'poi': '老长沙湘菜馆'}",112.996811,28.214575,"{'province': '湖南省', 'city': '长沙市', 'district': '开福区', 'street': '芙蓉中路', 'formatted_address': '湖南省长沙市开福区芙蓉中路[]'}",
Gallery-283,,IMG_20250228_153020,2025-02-28 15:30:20,手冲咖啡; 耶加雪菲; V60滤杯; 咖啡师; 木质吧台; 咖啡豆,无,冯浩然在心怡手冲咖啡馆品尝新品耶加雪菲，拍摄咖啡师沈心怡正在用V60滤杯进行冲煮，背景是木质吧台和咖啡豆罐,"{'province': '湖南省', 'city': '长沙市', 'district': '芙蓉区', 'streetName': '解放西路', 'streetNumber': '233号', 'poi': '心怡手冲咖啡馆'}",112.982268,28.190765,"{'province': '湖南省', 'city': '长沙市', 'district': '芙蓉区', 'street': '解放西路', 'formatted_address': '湖南省长沙市芙蓉区解放西路[]'}",
Gallery-284,196-3-1,IMG_20250228_163510,2025-02-28 16:35:10,投资组合; 分析图表; 电脑屏幕; 金融; 办公室; 手冲咖啡,客户资产配置建议书 - 2025年2月28日,冯浩然在芙蓉中路华泰证券办公室内，拍摄电脑屏幕上显示的一份客户投资组合分析图表，图表旁放着一杯手冲咖啡,"{'province': '湖南省', 'city': '长沙市', 'district': '开福区', 'streetName': '芙蓉中路', 'streetNumber': '88号', 'poi': '华泰证券股份有限公司'}",112.986675,28.223728,"{'province': '湖南省', 'city': '长沙市', 'district': '开福区', 'street': '芙蓉中路', 'formatted_address': '湖南省长沙市开福区芙蓉中路88号'}",196-c
Gallery-285,a_124,IMG_20250228_181525,2025-02-28 18:15:25,街拍; 老人; 看报纸; 长椅; 夕阳; 梧桐树; 人文,无,冯浩然在麓山南路自家小区附近进行街拍，捕捉一位老人坐在长椅上看报纸的瞬间，背景是傍晚的夕阳和梧桐树,"{'province': '湖南省', 'city': '长沙市', 'district': '岳麓区', 'streetName': '麓山南路', 'streetNumber': '156号', 'poi': '麓山南苑小区'}",112.937813,28.165577,"{'province': '湖南省', 'city': '长沙市', 'district': '岳麓区', 'street': '麓山南路', 'formatted_address': '湖南省长沙市岳麓区麓山南路156号'}",a_124
Gallery-286,88-1,IMG_20250301_121520,2025-03-01 12:15:20,酸辣鸡杂; 湘菜; 烹饪失败; 白色瓷盘; 厨房灶台,无,冯浩然拍摄了午餐时尝试复刻但失败的酸辣鸡杂，菜品盛放在白色瓷盘中，背景是厨房灶台和调料瓶。,"{'province': '湖南省', 'city': '长沙市', 'district': '岳麓区', 'streetName': '双塘路', 'streetNumber': '99号', 'poi': '岳麓区机关金星住宅小区（家中厨房）'}",112.938578,28.221525,"{'province': '湖南省', 'city': '长沙市', 'district': '岳麓区', 'street': '桐梓坡路', 'formatted_address': '湖南省长沙市岳麓区桐梓坡路99号'}",88-a
Gallery-287,,IMG_20250301_130510,2025-03-01 13:05:10,橘猫; 小区宠物; 晒太阳; 草坪; 绿化带,无,冯浩然在小区散步时拍摄了一只正在草坪上晒太阳的橘猫，背景是小区绿化带和步道。,"{'province': '湖南省', 'city': '长沙市', 'district': '岳麓区', 'streetName': '双塘路', 'streetNumber': '99号', 'poi': '岳麓区机关金星住宅小区'}",112.938578,28.221525,"{'province': '湖南省', 'city': '长沙市', 'district': '岳麓区', 'street': '桐梓坡路', 'formatted_address': '湖南省长沙市岳麓区桐梓坡路99号'}",
Gallery-288,102-1-1,IMG_20250301_144530,2025-03-01 14:45:30,跑步APP; 挑战赛报名; 手机屏幕; 春日焕新; 岳麓跑者,春日焕新 100公里挑战赛 报名截止：2025-03-15 队伍：岳麓跑者,冯浩然在书房用手机拍摄了跑步APP上的‘春日焕新’100公里挑战赛报名页面，屏幕上显示队伍名称‘岳麓跑者’和邀请信息。,"{'province': '湖南省', 'city': '长沙市', 'district': '岳麓区', 'streetName': '双塘路', 'streetNumber': '99号', 'poi': '岳麓区机关金星住宅小区（家中书房）'}",112.938578,28.221525,"{'province': '湖南省', 'city': '长沙市', 'district': '岳麓区', 'street': '桐梓坡路', 'formatted_address': '湖南省长沙市岳麓区桐梓坡路99号'}",102-a
Gallery-289,102-1-2,IMG_20250301_171530,2025-03-01 17:15:30,跑友合影; 岳麓山; 运动装; 山门; 启动挑战,无,冯浩然在岳麓山南门入口处为跑友高云飞拍摄了一张合影，两人身穿运动装，背景是岳麓山山门和游客。,"{'province': '湖南省', 'city': '长沙市', 'district': '岳麓区', 'streetName': '登高路', 'streetNumber': '58号', 'poi': '岳麓山风景名胜区南门'}",112.936104,28.183601,"{'province': '湖南省', 'city': '长沙市', 'district': '岳麓区', 'street': '登高路', 'formatted_address': '湖南省长沙市岳麓区登高路58号'}",102-a
Gallery-290,,IMG_20250302_074000,2025-03-02 07:40:00,岳麓山; 清晨街道; 行道树; 阳光; 车载视角; 前往运动,无,冯浩然驾车经过岳麓山东门外的登高路，清晨的阳光透过行道树洒在整洁的街道上，远处可见岳麓山的轮廓。,"{'province': '湖南省', 'city': '长沙市', 'district': '岳麓区', 'streetName': '登高路', 'streetNumber': '58号', 'poi': '岳麓山风景名胜区东门停车场'}",112.936104,28.183601,"{'province': '湖南省', 'city': '长沙市', 'district': '岳麓区', 'street': '登高路', 'formatted_address': '湖南省长沙市岳麓区登高路58号'}",
Gallery-291,100-2,IMG_20250302_090000,2025-03-02 09:00:00,牛肉粉; 排骨粉; 早餐; 跑友聚餐; 湘味小吃; 热气腾腾,无,冯浩然与跑友高云飞在原味粉馆共进早餐，桌上摆着热气腾腾的牛肉粉和排骨粉，两人正边吃边交流。,"{'province': '湖南省', 'city': '长沙市', 'district': '岳麓区', 'streetName': '麓山南路', 'streetNumber': '715号', 'poi': '原味粉馆家常菜馆'}",112.927314,28.090027,"{'province': '湖南省', 'city': '长沙市', 'district': '岳麓区', 'street': [], 'formatted_address': '湖南省长沙市岳麓区[][]'}",100-b
Gallery-292,,IMG_20250302_121500,2025-03-02 12:15:00,鸡胸肉沙拉; 全麦面包; 健康午餐; 自制美食; 营养搭配; 白色餐盘,无,冯浩然制作的午餐鸡胸肉沙拉配全麦面包，色彩鲜艳的蔬菜、鸡胸肉和面包整齐地摆放在白色餐盘中。,"{'province': '湖南省', 'city': '长沙市', 'district': '岳麓区', 'streetName': '双塘路', 'streetNumber': '99号', 'poi': '岳麓区机关金星住宅小区厨房及餐厅'}",112.938578,28.221525,"{'province': '湖南省', 'city': '长沙市', 'district': '岳麓区', 'street': '桐梓坡路', 'formatted_address': '湖南省长沙市岳麓区桐梓坡路99号'}",
Gallery-293,100-2,IMG_20250302_171500,2025-03-02 17:15:00,训练计划; 手写笔记; 跑步挑战; 日程安排; 咖啡馆; 文档记录,"春日焕新100公里挑战训练计划
月度总里程：100km
周三节奏跑：岳麓山环线 10km 07:00
周六长距离：梅溪湖步道 20km 06:30
交叉训练：周四游泳 19:00
2025年3月-4月",冯浩然与高云飞在咖啡馆制定的“春日焕新”100公里挑战训练计划手写稿，上面清晰地列出了周度里程、训练地点和时间安排。,"{'province': '湖南省', 'city': '长沙市', 'district': '芙蓉区', 'streetName': '浏阳河大道', 'streetNumber': 'XX号', 'poi': '一丹咖啡厅'}",113.039134,28.174765,"{'province': '湖南省', 'city': '长沙市', 'district': '芙蓉区', 'street': '浏阳河大道', 'formatted_address': '湖南省长沙市芙蓉区浏阳河大道[]'}",100-b
Gallery-294,,IMG_20250302_191000,2025-03-02 19:10:00,香煎鸡胸肉; 蒜蓉西兰花; 糙米饭; 健康晚餐; 自制美食; 营养均衡,无,冯浩然烹饪的香煎鸡胸肉配蒜蓉西兰花和糙米饭，鸡胸肉表面金黄，西兰花翠绿，摆盘精致。,"{'province': '湖南省', 'city': '长沙市', 'district': '岳麓区', 'streetName': '双塘路', 'streetNumber': '99号', 'poi': '岳麓区机关金星住宅小区厨房及餐厅'}",112.938578,28.221525,"{'province': '湖南省', 'city': '长沙市', 'district': '岳麓区', 'street': '桐梓坡路', 'formatted_address': '湖南省长沙市岳麓区桐梓坡路99号'}",
Gallery-295,104-4,IMG_20250303_110530,2025-03-03 11:05:30,PPT截图; 电脑屏幕; 资产配置; 数据图表; 工作文档; 金融分析,无,冯浩然在办公室电脑屏幕上截取了一份关于客户资产配置建议的PPT页面，屏幕上显示着清晰的图表和数据,"{'province': '湖南省', 'city': '长沙市', 'district': '开福区', 'streetName': '芙蓉中路', 'streetNumber': '88号', 'poi': '湖南广电中心写字楼华泰证券办公室'}",113.046548,28.235932,"{'province': '湖南省', 'city': '长沙市', 'district': '开福区', 'street': [], 'formatted_address': '湖南省长沙市开福区[][]'}",104-d
Gallery-296,104-4,IMG_20250303_123015,2025-03-03 12:30:15,烧鸭饭; 快餐; 美食; 白色瓷盘; 午餐; 湘式烧腊,无,冯浩然在明记烧腊快餐店拍摄面前的招牌烧鸭饭，烧鸭色泽油亮，搭配米饭和青菜，餐具为白色瓷盘,"{'province': '湖南省', 'city': '长沙市', 'district': '开福区', 'streetName': '传媒路', 'streetNumber': 'XX号', 'poi': '明记烧腊快餐店'}",113.044429,28.237237,"{'province': '湖南省', 'city': '长沙市', 'district': '开福区', 'street': '传媒路', 'formatted_address': '湖南省长沙市开福区传媒路[]'}",104-d
Gallery-297,198-6-1,IMG_20250303_214520,2025-03-03 21:45:20,述职报告; 文档扫描; 打印稿; 木质书桌; 工作文件; 晋升材料,晋升述职报告 - 冯浩然 - 华泰证券投资顾问部 - 2025年3月,冯浩然在家中书房拍摄了打印出来的晋升述职报告最终版首页，报告标题和姓名清晰可见，纸张平铺在木质书桌上,"{'province': '湖南省', 'city': '长沙市', 'district': '岳麓区', 'streetName': '双塘路', 'streetNumber': '99号', 'poi': '岳麓区机关金星住宅小区家中书房'}",112.938578,28.221525,"{'province': '湖南省', 'city': '长沙市', 'district': '岳麓区', 'street': '桐梓坡路', 'formatted_address': '湖南省长沙市岳麓区桐梓坡路99号'}",198-f
Gallery-298,,IMG_20250303_225005,2025-03-03 22:50:05,摄影包; 相机镜头; 物品收纳; 清洁保养; 摄影器材; 客厅茶几,无,冯浩然在客厅茶几上整理摄影包，将清洁好的相机镜头和备用电池整齐地放入包内隔层，背景是沙发,"{'province': '湖南省', 'city': '长沙市', 'district': '岳麓区', 'streetName': '双塘路', 'streetNumber': '99号', 'poi': '岳麓区机关金星住宅小区家中客厅'}",112.938578,28.221525,"{'province': '湖南省', 'city': '长沙市', 'district': '岳麓区', 'street': '桐梓坡路', 'formatted_address': '湖南省长沙市岳麓区桐梓坡路99号'}",
Gallery-299,a_101,IMG_20250304_071520,2025-03-04 07:15:20,晨跑; 合影; 爱晚亭; 运动服; 山林; 晨光,无,冯浩然与跑友高云飞在岳麓山爱晚亭前合影，两人身穿运动服，背景是古色古香的亭子和晨光中的山林,"{'province': '湖南省', 'city': '长沙市', 'district': '岳麓区', 'streetName': '登高路', 'streetNumber': '58号', 'poi': '岳麓山风景名胜区爱晚亭'}",112.937564,28.180437,"{'province': '湖南省', 'city': '长沙市', 'district': '岳麓区', 'street': '登高路', 'formatted_address': '湖南省长沙市岳麓区登高路58号'}",a_101
Gallery-300,,IMG_20250304_072205,2025-03-04 07:22:05,城市全景; 晨雾; 湘江; 远眺; 观景台; 晨跑,无,冯浩然在岳麓山山腰平台拍摄城市晨景，远处是湘江和长沙市区，晨雾缭绕，视野开阔,"{'province': '湖南省', 'city': '长沙市', 'district': '岳麓区', 'streetName': '登高路', 'streetNumber': '58号', 'poi': '岳麓山风景名胜区观景平台'}",112.936104,28.183601,"{'province': '湖南省', 'city': '长沙市', 'district': '岳麓区', 'street': '登高路', 'formatted_address': '湖南省长沙市岳麓区登高路58号'}",
Gallery-301,,IMG_20250304_074015,2025-03-04 07:40:15,林间小道; 古树; 石阶; 光影; 静谧; 街头风景,无,冯浩然在岳麓山下山步道拍摄路边的古树和石阶，阳光透过树叶洒下斑驳光影，充满静谧感,"{'province': '湖南省', 'city': '长沙市', 'district': '岳麓区', 'streetName': '麓山南路', 'streetNumber': 'XX号', 'poi': '岳麓山风景名胜区下山步道'}",112.936104,28.183601,"{'province': '湖南省', 'city': '长沙市', 'district': '岳麓区', 'street': '麓山南路', 'formatted_address': '湖南省长沙市岳麓区麓山南路[]'}",
Gallery-302,,IMG_20250304_082510,2025-03-04 08:25:10,营养早餐; 煎蛋; 全麦面包; 香蕉; 牛奶; 健康饮食,无,冯浩然在家中厨房拍摄刚做好的早餐，盘中有煎蛋、全麦面包和香蕉，旁边放着一杯牛奶,"{'province': '湖南省', 'city': '长沙市', 'district': '岳麓区', 'streetName': '双塘路', 'streetNumber': '99号', 'poi': '岳麓区机关金星住宅小区家中厨房'}",112.938578,28.221525,"{'province': '湖南省', 'city': '长沙市', 'district': '岳麓区', 'street': '桐梓坡路', 'formatted_address': '湖南省长沙市岳麓区桐梓坡路99号'}",
Gallery-303,,IMG_20250304_121530,2025-03-04 12:15:30,腊味煲仔饭; 同事聚餐; 快餐店; 工作午餐; 美食; 交流,无,冯浩然与同事郑文博在煲仔皇快餐店共进午餐，桌上摆着两份腊味煲仔饭和青菜，两人正在交谈,"{'province': '湖南省', 'city': '长沙市', 'district': '开福区', 'streetName': '金鹰路', 'streetNumber': 'XX号', 'poi': '煲仔皇快餐店'}",113.043533,28.238287,"{'province': '湖南省', 'city': '长沙市', 'district': '开福区', 'street': '金鹰路', 'formatted_address': '湖南省长沙市开福区金鹰路[]'}",
Gallery-304,101-3-1,IMG_20250305_074520,2025-03-05 07:45:20,晨跑; 合影; 爱晚亭; 岳麓山; 清晨; 运动装; 山林背景,无,冯浩然与跑友高云飞在岳麓山晨跑后，于爱晚亭前合影留念，背景是清晨的山林与古亭,"{'province': '湖南省', 'city': '长沙市', 'district': '岳麓区', 'streetName': '登高路', 'streetNumber': '58号', 'poi': '岳麓山风景名胜区爱晚亭'}",112.937564,28.180437,"{'province': '湖南省', 'city': '长沙市', 'district': '岳麓区', 'street': '登高路', 'formatted_address': '湖南省长沙市岳麓区登高路58号'}",101-c
Gallery-305,16-6,IMG_20250305_114530,2025-03-05 11:45:30,CFA备考; 学习笔记; 手写计划; 办公桌; 金融学习; 进度评估,CFA备考进度评估 - 第三章进度滞后约15% - 面谈后两周冲刺计划 - 2025-03-05,冯浩然在办公室拍摄自己手写的CFA备考进度评估与冲刺计划笔记，笔记本摊开在办公桌上,"{'province': '湖南省', 'city': '长沙市', 'district': '开福区', 'streetName': '芙蓉中路', 'streetNumber': '88号', 'poi': '华泰证券股份有限公司办公室'}",112.986675,28.223728,"{'province': '湖南省', 'city': '长沙市', 'district': '开福区', 'street': '芙蓉中路', 'formatted_address': '湖南省长沙市开福区芙蓉中路88号'}",16-f
Gallery-306,,IMG_20250305_182520,2025-03-05 18:25:20,健康晚餐; 香煎鸡胸肉; 蒜蓉西兰花; 杂粮饭; 白色餐盘; 家庭烹饪,无,冯浩然在家中厨房拍摄刚出锅的健康晚餐，香煎鸡胸肉、蒜蓉西兰花和杂粮饭摆放在白色餐盘中,"{'province': '湖南省', 'city': '长沙市', 'district': '岳麓区', 'streetName': '双塘路', 'streetNumber': '99号', 'poi': '家中厨房'}",112.937966,28.221552,"{'province': '湖南省', 'city': '长沙市', 'district': '岳麓区', 'street': '双塘路', 'formatted_address': '湖南省长沙市岳麓区双塘路99号'}",
Gallery-307,104-5-1,IMG_20250305_210530,2025-03-05 21:05:30,读书笔记; 周期价值与人性; 市场情绪; 风险认知; 金融书籍; 个人摘要,《周期、价值与人性》读书摘要 - 核心观点：市场情绪钟摆、风险认知偏差 - 2025-03-05,冯浩然在家中书房拍摄《周期、价值与人性》的读书笔记摘要，笔记内容关于市场情绪钟摆和风险认知偏差,"{'province': '湖南省', 'city': '长沙市', 'district': '岳麓区', 'streetName': '双塘路', 'streetNumber': '99号', 'poi': '家中书房'}",112.937966,28.221552,"{'province': '湖南省', 'city': '长沙市', 'district': '岳麓区', 'street': '双塘路', 'formatted_address': '湖南省长沙市岳麓区双塘路99号'}",104-e
Gallery-308,,IMG_20250305_222015,2025-03-05 22:20:15,睡前收纳; 床头柜; 书籍; 手机; 水杯; 眼镜; 就寝准备,无,冯浩然在睡前拍摄床头柜上整齐摆放的物品，包括《人类群星闪耀时》书籍、手机、水杯和眼镜,"{'province': '湖南省', 'city': '长沙市', 'district': '岳麓区', 'streetName': '双塘路', 'streetNumber': '99号', 'poi': '家中卧室'}",112.937966,28.221552,"{'province': '湖南省', 'city': '长沙市', 'district': '岳麓区', 'street': '双塘路', 'formatted_address': '湖南省长沙市岳麓区双塘路99号'}",
Gallery-309,207-2,IMG_20250306_074530,2025-03-06 07:45:30,文档扫描; 资产调整建议; 备忘录; 深色木桌; 钢笔; 咖啡杯; 工作文件,"资产调整建议备忘录
客户：林志豪
日期：2025-03-06
核心建议：建议将现有房地产投资组合中15%的资产调整为防御性较强的商业地产信托基金（REITs），以对冲近期市场波动风险。
风险提示：市场政策变化可能导致短期收益波动。",冯浩然在家中书房拍摄客户林志豪的《资产调整建议备忘录》文档，文档平铺在深色木质书桌上，旁边放着一支钢笔和一杯咖啡。,"{'province': '湖南省', 'city': '长沙市', 'district': '岳麓区', 'streetName': '双塘路', 'streetNumber': '99号', 'poi': '岳麓区机关金星住宅小区'}",112.938578,28.221525,"{'province': '湖南省', 'city': '长沙市', 'district': '岳麓区', 'street': '桐梓坡路', 'formatted_address': '湖南省长沙市岳麓区桐梓坡路99号'}",207-b
Gallery-310,,IMG_20250306_194510,2025-03-06 19:45:10,香煎鸡胸肉; 蔬菜沙拉; 白色瓷盘; 全麦面包; 健康晚餐; 自制美食,无,冯浩然在家中厨房拍摄自己制作的晚餐，香煎鸡胸肉搭配蔬菜沙拉盛放在白色瓷盘中，旁边摆着全麦面包和一杯牛奶。,"{'province': '湖南省', 'city': '长沙市', 'district': '岳麓区', 'streetName': '双塘路', 'streetNumber': '99号', 'poi': '岳麓区机关金星住宅小区'}",112.938578,28.221525,"{'province': '湖南省', 'city': '长沙市', 'district': '岳麓区', 'street': '桐梓坡路', 'formatted_address': '湖南省长沙市岳麓区桐梓坡路99号'}",
Gallery-311,a_103,IMG_20250307_085015,2025-03-07 08:50:15,写字楼; 玻璃幕墙; 清晨阳光; 街道; 通勤; 城市风景,无,冯浩然在湖南广电中心写字楼停车场入口处拍摄清晨街景，阳光洒在写字楼玻璃幕墙上，道路干净整洁，远处有稀疏的车流,"{'province': '湖南省', 'city': '长沙市', 'district': '开福区', 'streetName': '芙蓉中路', 'streetNumber': '88号', 'poi': '湖南广电中心写字楼停车场'}",113.046548,28.235932,"{'province': '湖南省', 'city': '长沙市', 'district': '开福区', 'street': [], 'formatted_address': '湖南省长沙市开福区[][]'}",a_103
Gallery-312,,IMG_20250307_091520,2025-03-07 09:15:20,手冲咖啡; 咖啡壶; 电子秤; 办公桌; 工作日常; 饮品,无,冯浩然在办公室为自己制作的手冲咖啡拍照，咖啡液面油脂丰富，旁边放着咖啡壶和电子秤，背景是办公桌和电脑屏幕,"{'province': '湖南省', 'city': '长沙市', 'district': '开福区', 'streetName': '芙蓉中路', 'streetNumber': '88号', 'poi': '华泰证券股份有限公司办公室'}",112.986675,28.223728,"{'province': '湖南省', 'city': '长沙市', 'district': '开福区', 'street': '芙蓉中路', 'formatted_address': '湖南省长沙市开福区芙蓉中路88号'}",
Gallery-313,194-4,IMG_20250307_121530,2025-03-07 12:15:30,牛肉拉面; 小菜; 午餐; 同事聚餐; 面食; 餐馆,无,冯浩然与同事郑文博在兰州拉面馆午餐，桌上摆着两碗热气腾腾的牛肉拉面和几碟小菜，背景是餐馆的木质桌椅和墙面装饰,"{'province': '湖南省', 'city': '长沙市', 'district': '开福区', 'streetName': '金鹰路', 'streetNumber': 'XX号', 'poi': '兰州拉面馆'}",113.043533,28.238287,"{'province': '湖南省', 'city': '长沙市', 'district': '开福区', 'street': '金鹰路', 'formatted_address': '湖南省长沙市开福区金鹰路[]'}",194-d
Gallery-314,a_101,IMG_20250307_174510,2025-03-07 17:45:10,药品; 保健品; 购物; 药店; 收纳; 为家人购买,无,冯浩然在药店购买的助眠片剂和灵芝孢子粉胶囊整齐摆放在收银台旁的柜台上，药品包装清晰可见，旁边放着购物小票,"{'province': '湖南省', 'city': '长沙市', 'district': '开福区', 'streetName': 'XX路', 'streetNumber': 'XX号', 'poi': '老百姓大药房(月湖市场分店)'}",112.985284,28.257286,"{'province': '湖南省', 'city': '长沙市', 'district': '开福区', 'street': [], 'formatted_address': '湖南省长沙市开福区[][]'}",a_101
Gallery-315,88-3-1,IMG_20250308_094520,2025-03-08 09:45:20,早餐; 全麦面包; 煎蛋; 牛奶; 个人所得税APP; 退税成功,个人所得税 - 综合所得年度汇算 - 退税申请已提交 退税金额：XXXX元,冯浩然在家中餐厅的餐桌上，拍摄了一份包含烤全麦面包、煎蛋和牛奶的早餐，背景是个人所得税APP的申报成功界面。,"{'province': '湖南省', 'city': '长沙市', 'district': '岳麓区', 'streetName': '双塘路', 'streetNumber': '99号', 'poi': '岳麓区机关金星住宅小区'}",112.938578,28.221525,"{'province': '湖南省', 'city': '长沙市', 'district': '岳麓区', 'street': '桐梓坡路', 'formatted_address': '湖南省长沙市岳麓区桐梓坡路99号'}",88-c
Gallery-316,136-3,IMG_20250308_144815,2025-03-08 14:48:15,尼康相机; 广角镜头; 三脚架; 摄影器材; 清洁收纳; 夜景准备,无,冯浩然在书房的书桌上，整齐摆放着已清洁完毕的尼康相机、广角镜头、三脚架、ND减光镜和快门线，为夜景拍摄做准备。,"{'province': '湖南省', 'city': '长沙市', 'district': '岳麓区', 'streetName': '双塘路', 'streetNumber': '99号', 'poi': '岳麓区机关金星住宅小区'}",112.938578,28.221525,"{'province': '湖南省', 'city': '长沙市', 'district': '岳麓区', 'street': '桐梓坡路', 'formatted_address': '湖南省长沙市岳麓区桐梓坡路99号'}",136-c
Gallery-317,,IMG_20250308_161030,2025-03-08 16:10:30,手冲咖啡; 巴拿马瑰夏; 咖啡厅; 好友聚会; 木质桌面; 下午茶,无,冯浩然与好友彭雨晴在一丹咖啡厅的木质桌边，共同品尝巴拿马瑰夏手冲咖啡，背景是咖啡厅的吧台和绿植。,"{'province': '湖南省', 'city': '长沙市', 'district': '芙蓉区', 'streetName': '浏阳河大道', 'streetNumber': 'XX号', 'poi': '一丹咖啡厅'}",113.039134,28.174765,"{'province': '湖南省', 'city': '长沙市', 'district': '芙蓉区', 'street': '浏阳河大道', 'formatted_address': '湖南省长沙市芙蓉区浏阳河大道[]'}",
Gallery-318,,IMG_20250308_175510,2025-03-08 17:55:10,猪骨汤拉面; 溏心蛋; 日式拉面; 晚餐; 味千拉面; 美食,无,冯浩然在味千拉面店的餐桌上，拍摄了一碗招牌猪骨汤拉面，上面放有溏心蛋，旁边摆着筷子和调味瓶。,"{'province': '湖南省', 'city': '长沙市', 'district': '芙蓉区', 'streetName': '黄兴中路', 'streetNumber': '88号', 'poi': '味千拉面(长沙平和堂店)'}",112.976789,28.194542,"{'province': '湖南省', 'city': '长沙市', 'district': '芙蓉区', 'street': '黄兴中路', 'formatted_address': '湖南省长沙市芙蓉区黄兴中路88号负1楼'}",
Gallery-319,136-3,IMG_20250308_185520,2025-03-08 18:55:20,湘江夜景; 蓝调时刻; 长曝光; 城市天际线; 江面倒影; 风光摄影,无,冯浩然在湘江风光带文津观景平台，使用三脚架长曝光拍摄蓝调时刻的湘江江景，远处是城市天际线的剪影和初亮的灯光。,"{'province': '湖南省', 'city': '长沙市', 'district': '芙蓉区', 'streetName': '白沙路', 'streetNumber': '2号', 'poi': '长沙湘江风光带-文津观景平台'}",112.967511,28.174838,"{'province': '湖南省', 'city': '长沙市', 'district': '天心区', 'street': '白沙路', 'formatted_address': '湖南省长沙市天心区白沙路[]'}",136-c
Gallery-320,136-3,IMG_20250308_191015,2025-03-08 19:10:15,建筑灯光; 夜景特写; 窗户细节; 暖黄色调; 长焦镜头; 城市建筑,无,冯浩然在文津观景平台，使用三脚架拍摄湘江对岸建筑群的灯光细节，暖黄色的窗户灯光在深蓝色夜幕下显得格外清晰。,"{'province': '湖南省', 'city': '长沙市', 'district': '芙蓉区', 'streetName': '白沙路', 'streetNumber': '2号', 'poi': '长沙湘江风光带-文津观景平台'}",112.967511,28.174838,"{'province': '湖南省', 'city': '长沙市', 'district': '天心区', 'street': '白沙路', 'formatted_address': '湖南省长沙市天心区白沙路[]'}",136-c
Gallery-321,136-3,IMG_20250308_194530,2025-03-08 19:45:30,车流光轨; 湘江大桥; 慢门摄影; 红色尾灯; 白色前灯; 夜景长曝光,无,冯浩然在文津观景平台，使用慢门拍摄湘江大桥上流动的车灯光轨，红色的尾灯与白色的前灯在夜色中划出绚丽的线条。,"{'province': '湖南省', 'city': '长沙市', 'district': '芙蓉区', 'streetName': '白沙路', 'streetNumber': '2号', 'poi': '长沙湘江风光带-文津观景平台'}",112.967511,28.174838,"{'province': '湖南省', 'city': '长沙市', 'district': '天心区', 'street': '白沙路', 'formatted_address': '湖南省长沙市天心区白沙路[]'}",136-c
Gallery-322,119-1-1,IMG_20250309_123015,2025-03-09 12:30:15,豚骨拉面; 日式拉面; 美食摄影; 午餐; 热气腾腾; 简约装修,无,冯浩然在万科西街花园日式拉面店品尝招牌豚骨拉面，汤面热气腾腾，背景是简约的日式装修风格,"{'province': '湖南省', 'city': '长沙市', 'district': '芙蓉区', 'streetName': '西街花园路', 'streetNumber': 'XX号', 'poi': '万科西街花园商业街（某日式拉面店）'}",113.039799,28.180719,"{'province': '湖南省', 'city': '长沙市', 'district': '芙蓉区', 'street': [], 'formatted_address': '湖南省长沙市芙蓉区[][]'}",119-a
Gallery-323,204-3-1,IMG_20250309_184520,2025-03-09 18:45:20,小米空气净化器; 开箱; 智能家居; 配件; 说明书; 客厅,无,冯浩然将新购买的小米空气净化器从包装箱中取出，放置在客厅地板上，旁边散落着说明书和配件,"{'province': '湖南省', 'city': '长沙市', 'district': '岳麓区', 'streetName': '双塘路', 'streetNumber': '99号', 'poi': '岳麓区机关金星住宅小区，家中客厅'}",112.938578,28.221525,"{'province': '湖南省', 'city': '长沙市', 'district': '岳麓区', 'street': '桐梓坡路', 'formatted_address': '湖南省长沙市岳麓区桐梓坡路99号'}",204-c
Gallery-324,204-3-1,IMG_20250309_191025,2025-03-09 19:10:25,Yeelight智能灯带; 安装完成; 暖光效果; 卧室床头; 氛围照明; 智能家居,无,冯浩然将Yeelight智能灯带安装并粘贴在卧室床头板后方，通过手机APP测试其发出的柔和暖光效果,"{'province': '湖南省', 'city': '长沙市', 'district': '岳麓区', 'streetName': '双塘路', 'streetNumber': '99号', 'poi': '岳麓区机关金星住宅小区，家中卧室'}",112.938578,28.221525,"{'province': '湖南省', 'city': '长沙市', 'district': '岳麓区', 'street': '桐梓坡路', 'formatted_address': '湖南省长沙市岳麓区桐梓坡路99号'}",204-c
Gallery-325,,IMG_20250309_211520,2025-03-09 21:15:20,中国古镇邮票; 特种邮票; 集邮册; 邮票镊子; 细节特写; 收藏,无,冯浩然将新购买的《中国古镇》特种邮票整齐地放入集邮册的透明保护袋中，旁边放着邮票镊子和放大镜,"{'province': '湖南省', 'city': '长沙市', 'district': '岳麓区', 'streetName': '双塘路', 'streetNumber': '99号', 'poi': '岳麓区机关金星住宅小区，家中书房'}",112.938578,28.221525,"{'province': '湖南省', 'city': '长沙市', 'district': '岳麓区', 'street': '桐梓坡路', 'formatted_address': '湖南省长沙市岳麓区桐梓坡路99号'}",
Gallery-326,101-5,IMG_20250310_074520,2025-03-10 07:45:20,水煮蛋; 牛奶燕麦; 早餐; 厨房灶台; 健康饮食,无,冯浩然在厨房灶台前拍摄刚煮好的水煮蛋和牛奶燕麦早餐，背景是整洁的现代厨房,"{'province': '湖南省', 'city': '长沙市', 'district': '岳麓区', 'streetName': '双塘路', 'streetNumber': '99号', 'poi': '岳麓区机关金星住宅小区'}",112.938578,28.221525,"{'province': '湖南省', 'city': '长沙市', 'district': '岳麓区', 'street': '桐梓坡路', 'formatted_address': '湖南省长沙市岳麓区桐梓坡路99号'}",101-e
Gallery-327,6-1,IMG_20250310_100015,2025-03-10 10:00:15,电脑屏幕; 电子邮件; 会议通知; 工作邮件; 办公室,主题：季度投资策略研讨会通知 时间：2025-03-12 14:00 地点：公司大会议室,冯浩然在办公室电脑前拍摄已发送的季度投资策略研讨会通知邮件，屏幕上显示收件人列表和附件,"{'province': '湖南省', 'city': '长沙市', 'district': '开福区', 'streetName': '芙蓉中路', 'streetNumber': '88号', 'poi': '湖南广电中心写字楼华泰证券办公室'}",113.046548,28.235932,"{'province': '湖南省', 'city': '长沙市', 'district': '开福区', 'street': [], 'formatted_address': '湖南省长沙市开福区[][]'}",6-a
Gallery-328,,IMG_20250310_123530,2025-03-10 12:35:30,牛肉拉面; 午餐; 同事聚餐; 面馆; 工作交流,无,冯浩然与同事郑文博在兰州拉面馆用餐，桌上摆着两碗招牌牛肉拉面，背景是餐馆环境,"{'province': '湖南省', 'city': '长沙市', 'district': '开福区', 'streetName': '金鹰路', 'streetNumber': 'XX号', 'poi': '兰州拉面馆'}",113.043533,28.238287,"{'province': '湖南省', 'city': '长沙市', 'district': '开福区', 'street': '金鹰路', 'formatted_address': '湖南省长沙市开福区金鹰路[]'}",
Gallery-329,,IMG_20250310_154205,2025-03-10 15:42:05,美式咖啡; 咖啡杯; 咖啡厅; 午后提神; 手冲咖啡,无,冯浩然在圣爵菲斯咖啡厅柜台前拍摄刚制作好的美式咖啡，背景是咖啡厅吧台和咖啡师,"{'province': '湖南省', 'city': '长沙市', 'district': '开福区', 'streetName': '三一大道', 'streetNumber': '471号', 'poi': '圣爵菲斯大酒店内咖啡厅'}",113.05021,28.237214,"{'province': '湖南省', 'city': '长沙市', 'district': '开福区', 'street': '三一大道', 'formatted_address': '湖南省长沙市开福区三一大道471号'}",
Gallery-330,6-1,IMG_20250310_190510,2025-03-10 19:05:10,小炒黄牛肉; 湘菜外卖; 加班晚餐; 办公桌; 香辣美食,无,冯浩然在办公室工位上拍摄送达的湘菜外卖，餐盒里是小炒黄牛肉和米饭，旁边放着筷子,"{'province': '湖南省', 'city': '长沙市', 'district': '开福区', 'streetName': '芙蓉中路', 'streetNumber': '88号', 'poi': '湖南广电中心写字楼华泰证券办公室'}",113.046548,28.235932,"{'province': '湖南省', 'city': '长沙市', 'district': '开福区', 'street': [], 'formatted_address': '湖南省长沙市开福区[][]'}",6-a
Gallery-331,199-1,IMG_20250310_220510,2025-03-10 22:05:10,CFA教材; 学习计划; 备考; 书房书桌; 金融考试,CFA Level III Study Plan 2025-03-10 to 2025-03-17,冯浩然在书房书桌上拍摄摊开的CFA三级备考资料和新写下的碎片化学习计划，旁边放着笔和笔记本,"{'province': '湖南省', 'city': '长沙市', 'district': '岳麓区', 'streetName': '双塘路', 'streetNumber': '99号', 'poi': '岳麓区机关金星住宅小区'}",112.938578,28.221525,"{'province': '湖南省', 'city': '长沙市', 'district': '岳麓区', 'street': '桐梓坡路', 'formatted_address': '湖南省长沙市岳麓区桐梓坡路99号'}",199-a
Gallery-332,6-2,IMG_20250311_113000,2025-03-11 11:30:00,投资报告; 文档扫描; 办公桌; 科技股分析; 金融文件; 手机拍摄,科技股投资策略报告（2025Q1） - 华泰证券投资顾问部 - 冯浩然 - 2025-03-11,冯浩然在办公室工位上，用手机扫描一份打印出来的科技股投资报告初稿，报告封面标题清晰可见，背景是电脑屏幕和键盘。,"{'province': '湖南省', 'city': '长沙市', 'district': '开福区', 'streetName': '芙蓉中路', 'streetNumber': '88号', 'poi': '华泰证券股份有限公司（湖南广电中心写字楼）'}",113.046548,28.235932,"{'province': '湖南省', 'city': '长沙市', 'district': '开福区', 'street': [], 'formatted_address': '湖南省长沙市开福区[][]'}",6-b
Gallery-333,104-5-2,IMG_20250311_121500,2025-03-11 12:15:00,同事聚餐; 牛肉拉面; 兰州拉面馆; 工作午餐; 人物合影; 美食记录,中国兰州拉面 - 招牌牛肉拉面 28元/碗,冯浩然与同事郑文博在兰州拉面馆的餐桌前合影，两人面前各有一碗热气腾腾的牛肉拉面，背景是餐馆的木质桌椅和墙面装饰。,"{'province': '湖南省', 'city': '长沙市', 'district': '开福区', 'streetName': '金鹰路', 'streetNumber': 'XX号', 'poi': '中国兰州拉面(广电店)'}",113.040558,28.243161,"{'province': '湖南省', 'city': '长沙市', 'district': '开福区', 'street': '金鹰路', 'formatted_address': '湖南省长沙市开福区金鹰路[]'}",104-e
Gallery-334,,IMG_20250311_185000,2025-03-11 18:50:00,剁椒鱼头; 湘菜; 庆祝晚餐; 美食记录; 餐厅灯光; 中式餐具,无,冯浩然在湘菜馆的餐桌上，拍摄一盘色泽红亮的剁椒鱼头，鱼头上铺满剁椒和蒜蓉，旁边配有一盘清炒时蔬，背景是餐厅的灯光和餐具。,"{'province': '湖南省', 'city': '长沙市', 'district': '岳麓区', 'streetName': '西湖建新安置小区', 'streetNumber': 'XX号', 'poi': '西湖建新安置小区湘菜馆'}",112.937354,28.220409,"{'province': '湖南省', 'city': '长沙市', 'district': '岳麓区', 'street': [], 'formatted_address': '湖南省长沙市岳麓区[][]'}",
Gallery-335,,IMG_20250311_213000,2025-03-11 21:30:00,手冲咖啡; 咖啡壶; 滤杯; 细节特写; 居家生活; 庆祝时刻,无,冯浩然在家中厨房的操作台上，拍摄一杯刚冲泡好的手冲咖啡，咖啡液面泛着光泽，旁边放着咖啡壶和滤杯，背景是厨房的瓷砖墙面。,"{'province': '湖南省', 'city': '长沙市', 'district': '岳麓区', 'streetName': '双塘路', 'streetNumber': '99号', 'poi': '岳麓区机关金星住宅小区'}",112.938578,28.221525,"{'province': '湖南省', 'city': '长沙市', 'district': '岳麓区', 'street': '桐梓坡路', 'formatted_address': '湖南省长沙市岳麓区桐梓坡路99号'}",
Gallery-336,,IMG_20250312_085520,2025-03-12 08:55:20,车窗雨滴; 城市街景; 雨中通勤; 芙蓉中路; 湖南广电中心; 朦胧感,无,冯浩然在驾车通勤途中，透过被雨水打湿的车窗拍摄芙蓉中路街景，远处湖南广电中心写字楼在雨中若隐若现,"{'province': '湖南省', 'city': '长沙市', 'district': '开福区', 'streetName': '芙蓉中路', 'streetNumber': 'XX号', 'poi': '湖南广电中心写字楼附近'}",113.046548,28.235932,"{'province': '湖南省', 'city': '长沙市', 'district': '开福区', 'street': [], 'formatted_address': '湖南省长沙市开福区[][]'}",
Gallery-337,207-6-2,IMG_20250312_100815,2025-03-12 10:08:15,PPT截图; 投资策略; 资产配置图表; 投影屏幕; 研讨会; 金融数据,二季度资产配置展望 - 科技股 30% 消费股 25% 利率债 20% 现金 25%,冯浩然在主持季度投资策略研讨会时，用手机拍摄投影屏幕上展示的“二季度资产配置展望”PPT图表,"{'province': '湖南省', 'city': '长沙市', 'district': '开福区', 'streetName': '芙蓉中路', 'streetNumber': '88号', 'poi': '华泰证券大会议室'}",112.986675,28.223728,"{'province': '湖南省', 'city': '长沙市', 'district': '开福区', 'street': '芙蓉中路', 'formatted_address': '湖南省长沙市开福区芙蓉中路88号'}",207-f
Gallery-338,207-6-2,IMG_20250312_111230,2025-03-12 11:12:30,参会人员; 会议讨论; 白板; 商务正装; 团队协作; 投资分析,无,冯浩然在研讨会中场休息时，拍摄上司钱永强和同事郑文博站在会议室白板前讨论问题的场景,"{'province': '湖南省', 'city': '长沙市', 'district': '开福区', 'streetName': '芙蓉中路', 'streetNumber': '88号', 'poi': '华泰证券大会议室'}",112.986675,28.223728,"{'province': '湖南省', 'city': '长沙市', 'district': '开福区', 'street': '芙蓉中路', 'formatted_address': '湖南省长沙市开福区芙蓉中路88号'}",207-f
Gallery-339,a_207,IMG_20250312_121545,2025-03-12 12:15:45,湘菜; 小炒肉; 清炒菜心; 午餐套餐; 美食记录; 工作餐,无,冯浩然与同事郑文博在传媒路快餐店用午餐时，拍摄桌上刚上桌的小炒肉和清炒菜心套餐,"{'province': '湖南省', 'city': '长沙市', 'district': '开福区', 'streetName': '传媒路', 'streetNumber': 'XX号', 'poi': '传媒路快餐店'}",113.044429,28.237237,"{'province': '湖南省', 'city': '长沙市', 'district': '开福区', 'street': '传媒路', 'formatted_address': '湖南省长沙市开福区传媒路[]'}",a_207
Gallery-340,194-5,IMG_20250312_200510,2025-03-12 20:05:10,文档扫描; 路线规划; 高德地图; 张家界; 露营自驾; 笔记本电脑屏幕,长沙至张家界自驾露营路线 - 途经：益阳、常德、慈利 - 预计时长：4.5小时 - 观景台：天门山观景台、金鞭溪休息点,冯浩然在书房规划露营路线时，用手机扫描笔记本电脑屏幕上显示的高德地图张家界区域路线规划图,"{'province': '湖南省', 'city': '长沙市', 'district': '岳麓区', 'streetName': '双塘路', 'streetNumber': '99号', 'poi': '岳麓区机关金星住宅小区家中书房'}",112.938578,28.221525,"{'province': '湖南省', 'city': '长沙市', 'district': '岳麓区', 'street': '桐梓坡路', 'formatted_address': '湖南省长沙市岳麓区桐梓坡路99号'}",194-e
Gallery-341,,IMG_20250313_121520,2025-03-13 12:15:20,清汤牛肉拉面; 午餐; 同事聚餐; 美食; 面条; 餐厅,无,冯浩然与同事郑文博在兰州拉面馆共进午餐，桌上摆着两碗热气腾腾的清汤牛肉拉面，背景是简约的餐厅环境,"{'province': '湖南省', 'city': '长沙市', 'district': '开福区', 'streetName': '金鹰路', 'streetNumber': 'XX号', 'poi': '兰州拉面馆'}",113.043533,28.238287,"{'province': '湖南省', 'city': '长沙市', 'district': '开福区', 'street': '金鹰路', 'formatted_address': '湖南省长沙市开福区金鹰路[]'}",
Gallery-342,,IMG_20250313_183005,2025-03-13 18:30:05,香煎鸡胸肉; 健康餐; 外卖; 晚餐; 轻食; 西兰花; 藜麦,无,冯浩然在家中餐厅享用健康轻食外卖，餐盒内是香煎鸡胸肉、西兰花和藜麦，摆放在木质餐桌上,"{'province': '湖南省', 'city': '长沙市', 'district': '岳麓区', 'streetName': '双塘路', 'streetNumber': '99号', 'poi': '岳麓区机关金星住宅小区家中餐厅'}",112.938578,28.221525,"{'province': '湖南省', 'city': '长沙市', 'district': '岳麓区', 'street': '桐梓坡路', 'formatted_address': '湖南省长沙市岳麓区桐梓坡路99号'}",
Gallery-343,194-6-2,IMG_20250313_191520,2025-03-13 19:15:20,露营装备; 帐篷; 睡袋; 炉头; 物品收纳; 清点; 户外,无,冯浩然在家中客厅地板上分类整理露营装备，包括帐篷、睡袋、灯具和炉头，旁边放着手机显示购物页面,"{'province': '湖南省', 'city': '长沙市', 'district': '岳麓区', 'streetName': '双塘路', 'streetNumber': '99号', 'poi': '岳麓区机关金星住宅小区家中客厅'}",112.938578,28.221525,"{'province': '湖南省', 'city': '长沙市', 'district': '岳麓区', 'street': '桐梓坡路', 'formatted_address': '湖南省长沙市岳麓区桐梓坡路99号'}",194-f
Gallery-344,a_104,IMG_20250313_214510,2025-03-13 21:45:10,日记本; 复盘; 文档; 书房; 书写; 计划; 工作日志,"2025-03-13 复盘
工作：完成季度总结，客户沟通
露营：清点装备，下单炉头
健康：核心力量训练
学习：夜景拍摄规划
明日首要：准备客户会议材料",冯浩然在书房书桌上翻开日记本进行当日复盘，旁边放着手机显示草莓盆栽的养护信息页面,"{'province': '湖南省', 'city': '长沙市', 'district': '岳麓区', 'streetName': '双塘路', 'streetNumber': '99号', 'poi': '岳麓区机关金星住宅小区家中书房'}",112.938578,28.221525,"{'province': '湖南省', 'city': '长沙市', 'district': '岳麓区', 'street': '桐梓坡路', 'formatted_address': '湖南省长沙市岳麓区桐梓坡路99号'}",a_104
Gallery-345,6-5,IMG_20250314_074530,2025-03-14 07:45:30,文档扫描; 季度汇报; 木质桌面; 手冲咖啡; iPad Pro; 工作准备,华泰证券投资顾问部 2025年第一季度工作汇报 汇报人：冯浩然 日期：2025-03-14,冯浩然用手机扫描一份打印的季度工作汇报材料，材料平铺在木质书桌上，旁边放着一杯手冲咖啡和iPad Pro。,"{'province': '湖南省', 'city': '长沙市', 'district': '岳麓区', 'streetName': '双塘路', 'streetNumber': '99号', 'poi': '岳麓区机关金星住宅小区（家中书房）'}",112.938578,28.221525,"{'province': '湖南省', 'city': '长沙市', 'district': '岳麓区', 'street': '桐梓坡路', 'formatted_address': '湖南省长沙市岳麓区桐梓坡路99号'}",6-e
Gallery-346,,IMG_20250314_122015,2025-03-14 12:20:15,牛肉拉面; 葱花; 香菜; 辣椒油; 午餐; 美食记录,无,一碗热气腾腾的招牌牛肉拉面摆放在木纹餐桌上，汤面上浮着葱花和香菜，旁边放着辣椒油和醋瓶。,"{'province': '湖南省', 'city': '长沙市', 'district': '开福区', 'streetName': '金鹰路', 'streetNumber': 'XX号', 'poi': '兰州拉面馆'}",113.043533,28.238287,"{'province': '湖南省', 'city': '长沙市', 'district': '开福区', 'street': '金鹰路', 'formatted_address': '湖南省长沙市开福区金鹰路[]'}",
Gallery-347,137-4,IMG_20250314_185520,2025-03-14 18:55:20,人物合影; 自拍; 杜甫江阁; 湘江夜景; 城市灯光; 蓝调时刻; 摄影师,无,冯浩然在湘江风光带观景平台，以杜甫江阁为背景，手持相机进行自拍，身后是湘江夜景和城市灯光。,"{'province': '湖南省', 'city': '长沙市', 'district': '天心区', 'streetName': '湘江中路二段', 'streetNumber': '108号', 'poi': '杜甫江阁观景平台'}",112.968624,28.184442,"{'province': '湖南省', 'city': '长沙市', 'district': '天心区', 'street': '湘江中路二段', 'formatted_address': '湖南省长沙市天心区湘江中路二段108号'}",137-d
Gallery-348,137-4,IMG_20250314_190205,2025-03-14 19:02:05,风景打卡; 湘江; 游船光轨; 城市倒影; 夜景摄影; 长曝光; 水面,无,湘江江面上，一艘亮着灯光的游船驶过，在长时间曝光下拖出长长的彩色光轨，与对岸的城市建筑群倒影交相辉映。,"{'province': '湖南省', 'city': '长沙市', 'district': '天心区', 'streetName': '湘江中路二段', 'streetNumber': '108号', 'poi': '杜甫江阁观景平台'}",112.968624,28.184442,"{'province': '湖南省', 'city': '长沙市', 'district': '天心区', 'street': '湘江中路二段', 'formatted_address': '湖南省长沙市天心区湘江中路二段108号'}",137-d
Gallery-349,137-4,IMG_20250314_191030,2025-03-14 19:10:30,导视牌/门票; 铜牌; 杜甫江阁; 景区地图; 细节特写; 雕刻文字,杜甫江阁 Dufu Pavilion 国家AAAA级旅游景区 开放时间：9:00-22:00 门票：免费,观景平台栏杆上的一块铜质导览牌特写，上面刻有杜甫江阁的中英文介绍和景区地图。,"{'province': '湖南省', 'city': '长沙市', 'district': '天心区', 'streetName': '湘江中路二段', 'streetNumber': '108号', 'poi': '杜甫江阁观景平台'}",112.968624,28.184442,"{'province': '湖南省', 'city': '长沙市', 'district': '天心区', 'street': '湘江中路二段', 'formatted_address': '湖南省长沙市天心区湘江中路二段108号'}",137-d
Gallery-350,,IMG_20250315_064520,2025-03-15 06:45:20,晨跑; 岳麓山; 晨光; 石板路; 爱晚亭; 树林; 运动,无,冯浩然在岳麓山晨跑时拍摄的晨光，阳光透过树林洒在石板路上，远处可见爱晚亭的轮廓,"{'province': '湖南省', 'city': '长沙市', 'district': '岳麓区', 'streetName': '麓山南路', 'streetNumber': 'XX号', 'poi': '岳麓山风景名胜区'}",112.936104,28.183601,"{'province': '湖南省', 'city': '长沙市', 'district': '岳麓区', 'street': '麓山南路', 'formatted_address': '湖南省长沙市岳麓区麓山南路[]'}",
Gallery-351,,IMG_20250315_103015,2025-03-15 10:30:15,金融投资; 办公桌; 电脑屏幕; K线图; 手冲咖啡; 工作场景,无,冯浩然在办公室查看股票行情，电脑屏幕上显示着K线图和实时数据，桌边放着一杯手冲咖啡,"{'province': '湖南省', 'city': '长沙市', 'district': '开福区', 'streetName': '芙蓉中路', 'streetNumber': '88号', 'poi': '华泰证券股份有限公司'}",112.986675,28.223728,"{'province': '湖南省', 'city': '长沙市', 'district': '开福区', 'street': '芙蓉中路', 'formatted_address': '湖南省长沙市开福区芙蓉中路88号'}",
Gallery-352,,IMG_20250315_121240,2025-03-15 12:12:40,湘菜; 剁椒鱼头; 辣椒炒肉; 同事聚餐; 午餐; 中式餐桌,火宫殿 - 剁椒鱼头 128元/份 辣椒炒肉 48元/份,冯浩然与同事郑文博在公司附近的湘菜馆共进午餐，桌上摆着剁椒鱼头和辣椒炒肉,"{'province': '湖南省', 'city': '长沙市', 'district': '开福区', 'streetName': '芙蓉中路', 'streetNumber': '102号', 'poi': '火宫殿（芙蓉中路店）'}",112.984704,28.168986,"{'province': '湖南省', 'city': '长沙市', 'district': '天心区', 'street': '芙蓉中路', 'formatted_address': '湖南省长沙市天心区芙蓉中路[]'}",
Gallery-353,,IMG_20250315_153030,2025-03-15 15:30:30,街拍; 太平老街; 糖画; 手工艺人; 古建筑; 人文纪实,无,冯浩然在太平老街进行街拍，捕捉到一位手工艺人正在制作糖画的瞬间，背景是古色古香的建筑,"{'province': '湖南省', 'city': '长沙市', 'district': '天心区', 'streetName': '太平街', 'streetNumber': 'XX号', 'poi': '太平老街历史文化街区'}",112.972071,28.193573,"{'province': '湖南省', 'city': '长沙市', 'district': '天心区', 'street': '太平街', 'formatted_address': '湖南省长沙市天心区太平街[]'}",
Gallery-354,,IMG_20250315_170510,2025-03-15 17:05:10,手冲咖啡; 咖啡馆; 咖啡师; 咖啡豆; 下午茶; 休闲,心怡手冲咖啡馆 - 今日推荐：埃塞俄比亚耶加雪菲 68元/杯,冯浩然在心怡手冲咖啡馆品尝新品咖啡，咖啡师沈心怡正在介绍咖啡豆的产地和风味,"{'province': '湖南省', 'city': '长沙市', 'district': '芙蓉区', 'streetName': '解放西路', 'streetNumber': '233号', 'poi': '心怡手冲咖啡馆'}",112.982268,28.190765,"{'province': '湖南省', 'city': '长沙市', 'district': '芙蓉区', 'street': '解放西路', 'formatted_address': '湖南省长沙市芙蓉区解放西路[]'}",
Gallery-355,101-7,IMG_20250316_072015,2025-03-16 07:20:15,跑友; 等待; 停车场; 岳麓山; 清晨; 运动装备,岳麓山风景名胜区 东门停车场 收费标准 7:00-18:00,高云飞在岳麓山东门停车场等待，身后是清晨的岳麓山入口和停车场车辆,"{'province': '湖南省', 'city': '长沙市', 'district': '岳麓区', 'streetName': '登高路', 'streetNumber': '58号', 'poi': '岳麓山风景名胜区东门停车场'}",112.936104,28.183601,"{'province': '湖南省', 'city': '长沙市', 'district': '岳麓区', 'street': '登高路', 'formatted_address': '湖南省长沙市岳麓区登高路58号'}",101-g
Gallery-356,101-7,IMG_20250316_075530,2025-03-16 07:55:30,慢跑; 登山步道; 树林; 石阶; 晨练; 社交,无,冯浩然与高云飞在岳麓山登山步道慢跑，背景是茂密的树林和蜿蜒的石阶,"{'province': '湖南省', 'city': '长沙市', 'district': '岳麓区', 'streetName': '登高路', 'streetNumber': 'XX号', 'poi': '岳麓山登山步道'}",112.941308,28.177037,"{'province': '湖南省', 'city': '长沙市', 'district': '岳麓区', 'street': '登高路', 'formatted_address': '湖南省长沙市岳麓区登高路[]'}",101-g
Gallery-357,,IMG_20250316_094005,2025-03-16 09:40:05,电脑屏幕; 家庭合影; 照片整理; 武汉聚会; 后期调色,无,电脑屏幕上显示着昨日武汉家庭聚会的合影，照片中家人笑容满面，背景是客厅沙发,"{'province': '湖南省', 'city': '长沙市', 'district': '岳麓区', 'streetName': '双塘路', 'streetNumber': '99号', 'poi': '岳麓区机关金星住宅小区家中书房'}",112.938578,28.221525,"{'province': '湖南省', 'city': '长沙市', 'district': '岳麓区', 'street': '桐梓坡路', 'formatted_address': '湖南省长沙市岳麓区桐梓坡路99号'}",
Gallery-358,,IMG_20250316_103500,2025-03-16 10:35:00,草莓盆栽; 阳台; 浇水; 绿植; 果实; 放松,无,阳台上的草莓盆栽，绿叶间挂着几颗红色果实，背景是小区绿化和远处楼房,"{'province': '湖南省', 'city': '长沙市', 'district': '岳麓区', 'streetName': '双塘路', 'streetNumber': '99号', 'poi': '岳麓区机关金星住宅小区家中阳台'}",112.938578,28.221525,"{'province': '湖南省', 'city': '长沙市', 'district': '岳麓区', 'street': '桐梓坡路', 'formatted_address': '湖南省长沙市岳麓区桐梓坡路99号'}",
Gallery-359,,IMG_20250316_164520,2025-03-16 16:45:20,零食店; 货架; 面包; 牛奶; 购物; 日常采购,罗比零食 鲜牛奶 12.8元/盒 全麦吐司 9.9元/袋,罗比零食专卖店的货架上摆满了面包和牛奶，一名顾客正在挑选商品,"{'province': '湖南省', 'city': '长沙市', 'district': '岳麓区', 'streetName': '双塘路', 'streetNumber': 'XX号', 'poi': '罗比零食专卖店'}",112.936869,28.220303,"{'province': '湖南省', 'city': '长沙市', 'district': '岳麓区', 'street': '双塘路', 'formatted_address': '湖南省长沙市岳麓区双塘路[]'}",
Gallery-360,,IMG_20250316_184230,2025-03-16 18:42:30,创意湘菜; 紫苏桃子姜焖排骨; 餐厅; 聚餐; 好友; 美食,麓山小院 紫苏桃子姜焖排骨 ￥88 2025-03-16,彭雨晴在麓山小院餐厅品尝紫苏桃子姜焖排骨，餐具精致，背景是餐厅的木质装饰,"{'province': '湖南省', 'city': '长沙市', 'district': '雨花区', 'streetName': '韶山南路', 'streetNumber': 'XX号', 'poi': '麓山小院创意湘菜馆'}",113.001146,28.135385,"{'province': '湖南省', 'city': '长沙市', 'district': '雨花区', 'street': '韶山南路', 'formatted_address': '湖南省长沙市雨花区韶山南路[]'}",
Gallery-361,,IMG_20250316_204015,2025-03-16 20:40:15,手冲咖啡; 耶加雪菲; 咖啡壶; 热气; 晚间放松; 香气,无,手冲咖啡壶正在向杯中注入耶加雪菲咖啡，热气袅袅升起，背景是客厅的灯光和沙发,"{'province': '湖南省', 'city': '长沙市', 'district': '岳麓区', 'streetName': '双塘路', 'streetNumber': '99号', 'poi': '岳麓区机关金星住宅小区家中客厅'}",112.938578,28.221525,"{'province': '湖南省', 'city': '长沙市', 'district': '岳麓区', 'street': '桐梓坡路', 'formatted_address': '湖南省长沙市岳麓区桐梓坡路99号'}",
Gallery-362,a_138,IMG_20250316_211000,2025-03-16 21:10:00,平板电脑; 摄影论坛; 夜景构图; 精华帖; 学习笔记; 瑜伽垫,【精华】湘江夜景十大经典机位与后期思路 by 光影捕手 2025-03-10,平板电脑屏幕上显示着摄影论坛关于湘江夜景构图的精华帖，旁边放着瑜伽垫,"{'province': '湖南省', 'city': '长沙市', 'district': '岳麓区', 'streetName': '双塘路', 'streetNumber': '99号', 'poi': '岳麓区机关金星住宅小区家中客厅'}",112.938578,28.221525,"{'province': '湖南省', 'city': '长沙市', 'district': '岳麓区', 'street': '桐梓坡路', 'formatted_address': '湖南省长沙市岳麓区桐梓坡路99号'}",a_138
Gallery-363,a_101,IMG_20250317_071520,2025-03-17 07:15:20,晨跑; 湘江; 晨雾; 城市天际线; 跑步道; 清晨,无,冯浩然在湘江风光带晨跑，江面晨雾缭绕，对岸城市天际线在晨曦中若隐若现,"{'province': '湖南省', 'city': '长沙市', 'district': '岳麓区', 'streetName': '潇湘中路', 'streetNumber': 'XX号', 'poi': '湘江风光带-隔烟区'}",112.938294,28.154469,"{'province': '湖南省', 'city': '长沙市', 'district': '岳麓区', 'street': '潇湘中路', 'formatted_address': '湖南省长沙市岳麓区潇湘中路[]'}",a_101
Gallery-364,,IMG_20250317_121035,2025-03-17 12:10:35,轻食沙拉; 全麦面包; 同事聚餐; 健康午餐; 木质餐桌; 开福寺,沙拉拉轻食 - 经典鸡肉沙拉 38元/份 2025-03-17,冯浩然与同事郑文博在沙拉拉轻食店用餐，桌上摆放着两份色彩丰富的沙拉和全麦面包,"{'province': '湖南省', 'city': '长沙市', 'district': '开福区', 'streetName': '文昌阁街', 'streetNumber': '37号', 'poi': '沙拉拉轻食(长沙开福寺店)'}",112.978319,28.224351,"{'province': '湖南省', 'city': '长沙市', 'district': '开福区', 'street': '文昌阁街', 'formatted_address': '湖南省长沙市开福区文昌阁街37号'}",
Gallery-365,,IMG_20250317_130520,2025-03-17 13:05:20,开福寺; 红墙; 梧桐树; 春日新绿; 街拍; 午间散步,无,冯浩然在开福寺附近街区散步，拍摄下古寺红墙与春日新绿的梧桐树相映成趣的街景,"{'province': '湖南省', 'city': '长沙市', 'district': '开福区', 'streetName': '开福寺路', 'streetNumber': 'XX号', 'poi': '开福寺周边街区'}",112.980982,28.223054,"{'province': '湖南省', 'city': '长沙市', 'district': '开福区', 'street': '开福寺路', 'formatted_address': '湖南省长沙市开福区开福寺路[]'}",
Gallery-366,,IMG_20250317_184520,2025-03-17 18:45:20,香煎鸡胸肉; 西兰花; 糙米饭; 健康晚餐; 白色餐盘; 居家美食,无,冯浩然在家中厨房制作的简易晚餐，香煎鸡胸肉、水煮西兰花和糙米饭整齐摆放在白色餐盘中,"{'province': '湖南省', 'city': '长沙市', 'district': '岳麓区', 'streetName': '双塘路', 'streetNumber': '99号', 'poi': '岳麓区机关金星住宅小区-家中厨房'}",112.938578,28.221525,"{'province': '湖南省', 'city': '长沙市', 'district': '岳麓区', 'street': '桐梓坡路', 'formatted_address': '湖南省长沙市岳麓区桐梓坡路99号'}",
Gallery-367,a_101,IMG_20250318_071530,2025-03-18 07:15:30,湘江; 晨雾; 城市天际线; 晨跑; 岳麓山; 江景,无,冯浩然在湘江风光带晨跑时，拍摄江对岸的晨雾与城市天际线，远处岳麓山若隐若现,"{'province': '湖南省', 'city': '长沙市', 'district': '岳麓区', 'streetName': '潇湘中路', 'streetNumber': 'XX号', 'poi': '湘江风光带（岳麓段）'}",112.938294,28.154469,"{'province': '湖南省', 'city': '长沙市', 'district': '岳麓区', 'street': '潇湘中路', 'formatted_address': '湖南省长沙市岳麓区潇湘中路[]'}",a_101
Gallery-368,105-2-1,IMG_20250318_122520,2025-03-18 12:25:20,剁椒鱼头; 湘菜; 午餐; 聚餐; 美食特写; 红色剁椒,老长沙湘菜馆 - 剁椒鱼头 98元/份,冯浩然与同事郑文博在老长沙湘菜馆午餐，拍摄桌上的剁椒鱼头，红绿剁椒铺满鱼头，香气四溢,"{'province': '湖南省', 'city': '长沙市', 'district': '开福区', 'streetName': '金鹰路', 'streetNumber': 'XX号', 'poi': '老长沙湘菜馆（金鹰路店）'}",113.0459,28.246161,"{'province': '湖南省', 'city': '长沙市', 'district': '开福区', 'street': '金鹰路', 'formatted_address': '湖南省长沙市开福区金鹰路[]'}",105-b
Gallery-369,101-8-1,IMG_20250318_175530,2025-03-18 17:55:30,跑前热身; 朋友合影; 风帆广场; 动态拉伸; 跑步伙伴; 傍晚,无,冯浩然与跑友高云飞在风帆广场雕塑旁进行跑前热身拉伸，两人面带笑容，背景是湘江与城市灯光,"{'province': '湖南省', 'city': '长沙市', 'district': '天心区', 'streetName': '湘江中路', 'streetNumber': 'XX号', 'poi': '风帆广场（湘春路口）'}",112.971795,28.208766,"{'province': '湖南省', 'city': '长沙市', 'district': '开福区', 'street': '湘江中路', 'formatted_address': '湖南省长沙市开福区湘江中路[]'}",101-h
Gallery-370,a_138,IMG_20250318_200510,2025-03-18 20:05:10,相机收纳; 摄影器材; 防潮箱; 镜头清洁; 物品整理; 书房,无,冯浩然在书房整理相机和镜头，将设备整齐收纳进防潮箱，桌面上还有清洁工具,"{'province': '湖南省', 'city': '长沙市', 'district': '岳麓区', 'streetName': '双塘路', 'streetNumber': '99号', 'poi': '岳麓区机关金星住宅小区（家中书房）'}",112.938578,28.221525,"{'province': '湖南省', 'city': '长沙市', 'district': '岳麓区', 'street': '桐梓坡路', 'formatted_address': '湖南省长沙市岳麓区桐梓坡路99号'}",a_138
Gallery-371,a_138,IMG_20250318_201520,2025-03-18 20:15:20,摄影计划; 手写笔记; 夜景拍摄; 参数草稿; 文档扫描; 学习清单,湘江夜景拍摄计划 - 机位：杜甫江阁、风帆广场 - 参数：光圈f/8，快门15s，ISO 200 - 时间：2025-03-22 19:00,冯浩然拍摄书桌上手写的湘江夜景摄影计划草稿，上面列出了杜甫江阁等机位和光圈快门参数,"{'province': '湖南省', 'city': '长沙市', 'district': '岳麓区', 'streetName': '双塘路', 'streetNumber': '99号', 'poi': '岳麓区机关金星住宅小区（家中书房）'}",112.938578,28.221525,"{'province': '湖南省', 'city': '长沙市', 'district': '岳麓区', 'street': '桐梓坡路', 'formatted_address': '湖南省长沙市岳麓区桐梓坡路99号'}",a_138
Gallery-372,a_101,IMG_20250318_210530,2025-03-18 21:05:30,晨跑装备; 衣物整理; 跑鞋; 速干衣; 物品收纳; 睡前准备,无,冯浩然将次日晨跑要穿的速干衣、运动裤和跑鞋整齐摆放在床边椅子上,"{'province': '湖南省', 'city': '长沙市', 'district': '岳麓区', 'streetName': '双塘路', 'streetNumber': '99号', 'poi': '岳麓区机关金星住宅小区（家中卧室）'}",112.938578,28.221525,"{'province': '湖南省', 'city': '长沙市', 'district': '岳麓区', 'street': '桐梓坡路', 'formatted_address': '湖南省长沙市岳麓区桐梓坡路99号'}",a_101
Gallery-373,a_138,IMG_20250318_211015,2025-03-18 21:10:15,相机电池; 充电器; 设备维护; 摄影准备; 物品收纳; 充电状态,无,冯浩然将相机电池放入充电器，多个电池正在充电，指示灯亮起红色,"{'province': '湖南省', 'city': '长沙市', 'district': '岳麓区', 'streetName': '双塘路', 'streetNumber': '99号', 'poi': '岳麓区机关金星住宅小区（家中书房）'}",112.938578,28.221525,"{'province': '湖南省', 'city': '长沙市', 'district': '岳麓区', 'street': '桐梓坡路', 'formatted_address': '湖南省长沙市岳麓区桐梓坡路99号'}",a_138
Gallery-374,a_199,IMG_20250318_213020,2025-03-18 21:30:20,睡前阅读; 金融书籍; 《周期》; 风险态度; 文档扫描; 学习笔记,《周期》 - 第8章 风险态度周期 - 作者：霍华德·马克斯 - 出版社：中信出版集团,冯浩然睡前阅读《周期》一书，拍摄翻开的那一页，内容是关于风险态度周期的章节，旁边有荧光笔标记,"{'province': '湖南省', 'city': '长沙市', 'district': '岳麓区', 'streetName': '双塘路', 'streetNumber': '99号', 'poi': '岳麓区机关金星住宅小区（家中书房）'}",112.938578,28.221525,"{'province': '湖南省', 'city': '长沙市', 'district': '岳麓区', 'street': '桐梓坡路', 'formatted_address': '湖南省长沙市岳麓区桐梓坡路99号'}",a_199
Gallery-375,,IMG_20250319_085025,2025-03-19 08:50:25,金枪鱼三明治; 燕麦奶; 便利店早餐; 打包食品; 木质台面,无,冯浩然在归心苑便利店购买的金枪鱼三明治和燕麦奶早餐，整齐摆放在便利店收银台旁的木质台面上。,"{'province': '湖南省', 'city': '长沙市', 'district': '开福区', 'streetName': '归心路', 'streetNumber': 'XX号', 'poi': '归心苑小区便利店'}",113.045701,28.240445,"{'province': '湖南省', 'city': '长沙市', 'district': '开福区', 'street': '归心路', 'formatted_address': '湖南省长沙市开福区归心路[]'}",
Gallery-376,a_208,IMG_20250319_091520,2025-03-19 09:15:20,文档扫描; 财经新闻; 办公桌; 手机拍摄; A4纸,宏观视角：科技股的下一个支点 - 财政政策与创新投资联动分析 - 2025年3月19日,冯浩然在办公桌上用手机扫描一份打印的财经新闻简报，简报标题和关键数据清晰可见。,"{'province': '湖南省', 'city': '长沙市', 'district': '开福区', 'streetName': '芙蓉中路', 'streetNumber': '88号', 'poi': '湖南广电中心写字楼-华泰证券办公室'}",113.046548,28.235932,"{'province': '湖南省', 'city': '长沙市', 'district': '开福区', 'street': [], 'formatted_address': '湖南省长沙市开福区[][]'}",a_208
Gallery-377,208-7-2,IMG_20250319_154010,2025-03-19 15:40:10,冰美式咖啡; 透明玻璃杯; 大理石桌面; 财经杂志; 下午茶,无,冯浩然在圣爵菲斯咖啡厅购买的冰美式咖啡，放在深色大理石桌面上，旁边放着一本翻开的《财经》杂志。,"{'province': '湖南省', 'city': '长沙市', 'district': '开福区', 'streetName': '金鹰路', 'streetNumber': 'XX号', 'poi': '圣爵菲斯咖啡厅'}",113.043533,28.238287,"{'province': '湖南省', 'city': '长沙市', 'district': '开福区', 'street': '金鹰路', 'formatted_address': '湖南省长沙市开福区金鹰路[]'}",208-g
Gallery-378,a_138,IMG_20250319_213015,2025-03-19 21:30:15,摄影笔记; 手写文字; 城市夜景; 拍摄技巧; 学习规划,摄影修行笔记 - 城市夜景中的人物融入与故事感营造 - 关键技巧：1. 利用慢门制造行人拖影 2. 寻找有叙事性的前景人物 3. 利用环境光为人脸补光 - 周末计划：杜甫江阁至文津渡口段,冯浩然在书房书桌上拍摄的摄影学习笔记，笔记上记录着关于城市夜景拍摄技巧的要点。,"{'province': '湖南省', 'city': '长沙市', 'district': '岳麓区', 'streetName': '双塘路', 'streetNumber': '99号', 'poi': '岳麓区机关金星住宅小区-书房'}",112.938578,28.221525,"{'province': '湖南省', 'city': '长沙市', 'district': '岳麓区', 'street': '桐梓坡路', 'formatted_address': '湖南省长沙市岳麓区桐梓坡路99号'}",a_138
Gallery-379,,IMG_20250320_091015,2025-03-20 09:10:15,早餐; 全麦吐司; 煎蛋; 牛油果; 手冲咖啡; 厨房餐桌; 营养均衡,无,冯浩然在自家厨房的餐桌上拍摄刚做好的早餐，包括全麦吐司、煎蛋、牛油果和一杯手冲咖啡，背景是整洁的厨房台面。,"{'province': '湖南省', 'city': '长沙市', 'district': '岳麓区', 'streetName': '双塘路', 'streetNumber': '99号', 'poi': '岳麓区机关金星住宅小区（冯浩然家厨房）'}",112.938578,28.221525,"{'province': '湖南省', 'city': '长沙市', 'district': '岳麓区', 'street': '桐梓坡路', 'formatted_address': '湖南省长沙市岳麓区桐梓坡路99号'}",
Gallery-380,16-6,IMG_20250320_091830,2025-03-20 09:18:30,通勤包; 笔记本电脑; 工作笔记; CFA资料书; 物品收纳; 客厅沙发,无,冯浩然在客厅拍摄刚整理好的通勤包，包内物品包括笔记本电脑、工作笔记和CFA资料书，整齐地摆放在沙发上。,"{'province': '湖南省', 'city': '长沙市', 'district': '岳麓区', 'streetName': '双塘路', 'streetNumber': '99号', 'poi': '岳麓区机关金星住宅小区（冯浩然家客厅）'}",112.938578,28.221525,"{'province': '湖南省', 'city': '长沙市', 'district': '岳麓区', 'street': '桐梓坡路', 'formatted_address': '湖南省长沙市岳麓区桐梓坡路99号'}",16-f
Gallery-381,7-8-2,IMG_20250320_102510,2025-03-20 10:25:10,会议纪要; 文档扫描; 行动项; 责任人; 截止时间; 办公桌,虚拟小组会议纪要 - 行动项：数据分析（郑文博），截止时间：2025-03-20 下午；客户方案修订（孙晓雅），截止时间：2025-03-21,冯浩然在办公室工位上拍摄一份打印出来的会议纪要文档，文档上清晰标注了行动项、责任人和截止时间。,"{'province': '湖南省', 'city': '长沙市', 'district': '开福区', 'streetName': '芙蓉中路', 'streetNumber': '88号', 'poi': '湖南广电中心写字楼12层华泰证券办公室'}",113.046548,28.235932,"{'province': '湖南省', 'city': '长沙市', 'district': '开福区', 'street': [], 'formatted_address': '湖南省长沙市开福区[][]'}",7-l
Gallery-382,,IMG_20250320_181830,2025-03-20 18:18:30,咖啡豆; 埃塞俄比亚耶加雪菲; 水洗豆; 咖啡厅; 吧台; 购买记录; 手冲咖啡,埃塞俄比亚 耶加雪菲 G1 水洗 - 250g - 烘焙日期：2025-03-18,冯浩然在一丹咖啡厅的柜台前拍摄一包新购买的埃塞俄比亚耶加雪菲G1水洗咖啡豆，豆子包装精美，背景是咖啡厅的吧台和咖啡机。,"{'province': '湖南省', 'city': '长沙市', 'district': '芙蓉区', 'streetName': '浏阳河大道', 'streetNumber': 'XX号', 'poi': '一丹咖啡厅'}",113.039134,28.174765,"{'province': '湖南省', 'city': '长沙市', 'district': '芙蓉区', 'street': '浏阳河大道', 'formatted_address': '湖南省长沙市芙蓉区浏阳河大道[]'}",
Gallery-383,206-2,IMG_20250321_201015,2025-03-21 20:10:15,日式拉面; 好友聚餐; 热气腾腾; 木质餐桌; 日式餐厅; 美食分享,无,冯浩然与好友彭雨晴在‘一風堂’拉面馆聚餐，两人面前摆放着热气腾腾的日式拉面和配菜，背景是简约的日式餐厅装潢,"{'province': '湖南省', 'city': '长沙市', 'district': '天心区', 'streetName': '黄兴南路', 'streetNumber': 'XX号', 'poi': '乐和城购物中心L4层‘一風堂’拉面馆'}",112.975806,28.180843,"{'province': '湖南省', 'city': '长沙市', 'district': '天心区', 'street': '黄兴南路', 'formatted_address': '湖南省长沙市天心区黄兴南路[]'}",206-a
Gallery-384,,IMG_20250322_084015,2025-03-22 08:40:15,城市街景; 芙蓉中路; 清晨; 高楼; 车窗外; 通勤,无,冯浩然驾车经过长沙芙蓉中路，拍摄车窗外清晨的城市街景，高楼林立，道路通畅。,"{'province': '湖南省', 'city': '长沙市', 'district': '开福区', 'streetName': '芙蓉中路', 'streetNumber': 'XX号', 'poi': '芙蓉中路沿线'}",112.987227,28.192249,"{'province': '湖南省', 'city': '长沙市', 'district': '开福区', 'street': '芙蓉中路', 'formatted_address': '湖南省长沙市开福区芙蓉中路[]'}",
Gallery-385,122-2-1,IMG_20250322_100520,2025-03-22 10:05:20,远山; 田野; 丘陵; 车窗风景; 旅途; 阳光,无,冯浩然在大巴车上拍摄窗外远山和田野的风景，阳光透过云层洒在丘陵上。,"{'province': '湖南省', 'city': '长沙市', 'district': '宁乡市', 'streetName': '金洲大道', 'streetNumber': 'XX号', 'poi': '前往灰汤镇途中'}",112.335584,27.987372,"{'province': '湖南省', 'city': '长沙市', 'district': '宁乡市', 'street': [], 'formatted_address': '湖南省长沙市宁乡市[][]'}",122-b
Gallery-386,122-2-1,IMG_20250322_104230,2025-03-22 10:42:30,同事合影; 大巴自拍; 笑容; 旅途; 团队建设,无,冯浩然与同事郑文博、孙晓雅在大巴车内自拍合影，三人笑容灿烂，背景是车窗外的风景。,"{'province': '湖南省', 'city': '长沙市', 'district': '宁乡市', 'streetName': '温泉大道', 'streetNumber': 'XX号', 'poi': '前往金太阳温泉度假村途中'}",112.338395,27.993908,"{'province': '湖南省', 'city': '长沙市', 'district': '宁乡市', 'street': [], 'formatted_address': '湖南省长沙市宁乡市[][]'}",122-b
Gallery-387,122-2-2,IMG_20250322_110815,2025-03-22 11:08:15,度假村主楼; 中式建筑; 广场; 抵达; 团队建设,无,冯浩然抵达宁乡金太阳温泉度假村，拍摄度假村主楼和前方广场的风景，建筑具有中式风格。,"{'province': '湖南省', 'city': '长沙市', 'district': '宁乡市', 'streetName': '温泉大道', 'streetNumber': '1号', 'poi': '宁乡金太阳温泉度假村主楼广场'}",112.338395,27.993908,"{'province': '湖南省', 'city': '长沙市', 'district': '宁乡市', 'street': [], 'formatted_address': '湖南省长沙市宁乡市[][]'}",122-b
Gallery-388,122-2-2,IMG_20250322_111520,2025-03-22 11:15:20,房卡; 欢迎信; 酒店前台; 办理入住; 细节,宁乡金太阳温泉度假村 欢迎您 入住时间：2025-03-22 退房时间：2025-03-23 房号：A308,冯浩然在度假村大堂前台拍摄办理入住时拿到的房卡和欢迎信，背景是酒店前台。,"{'province': '湖南省', 'city': '长沙市', 'district': '宁乡市', 'streetName': '温泉大道', 'streetNumber': '1号', 'poi': '宁乡金太阳温泉度假村大堂前台'}",112.338395,27.993908,"{'province': '湖南省', 'city': '长沙市', 'district': '宁乡市', 'street': [], 'formatted_address': '湖南省长沙市宁乡市[][]'}",122-b
Gallery-389,a_122,IMG_20250322_121040,2025-03-22 12:10:40,团队午餐; 同事合影; 圆桌; 宁乡菜; 聚餐,无,冯浩然与同事钱永强、郑文博、孙晓雅在山水轩中餐厅包厢的圆桌旁合影，桌上摆满宁乡特色菜肴。,"{'province': '湖南省', 'city': '长沙市', 'district': '宁乡市', 'streetName': '温泉大道', 'streetNumber': '1号', 'poi': '宁乡金太阳温泉度假村山水轩中餐厅（包厢）'}",112.338395,27.993908,"{'province': '湖南省', 'city': '长沙市', 'district': '宁乡市', 'street': [], 'formatted_address': '湖南省长沙市宁乡市[][]'}",a_122
Gallery-390,a_122,IMG_20250322_131520,2025-03-22 13:15:20,仿古亭子; 园林; 飞檐; 绿植; 午后; 散步,无,冯浩然在度假村园林中拍摄一座仿古亭子的风景，亭子飞檐翘角，周围绿植环绕。,"{'province': '湖南省', 'city': '长沙市', 'district': '宁乡市', 'streetName': '温泉大道', 'streetNumber': '1号', 'poi': '宁乡金太阳温泉度假村园林区'}",112.338395,27.993908,"{'province': '湖南省', 'city': '长沙市', 'district': '宁乡市', 'street': [], 'formatted_address': '湖南省长沙市宁乡市[][]'}",a_122
Gallery-391,a_122,IMG_20250322_132205,2025-03-22 13:22:05,枫叶; 露珠; 微距; 叶脉; 细节特写; 绿植,无,冯浩然用微距模式拍摄园林中一片带有露珠的枫叶，叶脉清晰，露珠晶莹剔透。,"{'province': '湖南省', 'city': '长沙市', 'district': '宁乡市', 'streetName': '温泉大道', 'streetNumber': '1号', 'poi': '宁乡金太阳温泉度假村园林区'}",112.338395,27.993908,"{'province': '湖南省', 'city': '长沙市', 'district': '宁乡市', 'street': [], 'formatted_address': '湖南省长沙市宁乡市[][]'}",a_122
Gallery-392,122-2-2,IMG_20250322_154010,2025-03-22 15:40:10,团队拓展; 动力绳圈; 团队协作; 户外活动; 集体发力,无,冯浩然在团队拓展训练“动力绳圈”项目中，与全体同事合力拉紧绳圈，展现团队协作的瞬间。,"{'province': '湖南省', 'city': '长沙市', 'district': '宁乡市', 'streetName': '温泉大道', 'streetNumber': '1号', 'poi': '宁乡金太阳温泉度假村户外拓展训练基地'}",112.338395,27.993908,"{'province': '湖南省', 'city': '长沙市', 'district': '宁乡市', 'street': [], 'formatted_address': '湖南省长沙市宁乡市[][]'}",122-b
Gallery-393,a_122,IMG_20250322_173020,2025-03-22 17:30:20,温泉; 夕阳; 水汽; 山峦; 黄昏; 景观,无,冯浩然在夕阳下拍摄度假村温泉区的景观，温泉水汽氤氲，远处山峦轮廓柔和。,"{'province': '湖南省', 'city': '长沙市', 'district': '宁乡市', 'streetName': '温泉大道', 'streetNumber': '1号', 'poi': '宁乡金太阳温泉度假村温泉区'}",112.335107,27.987287,"{'province': '湖南省', 'city': '长沙市', 'district': '宁乡市', 'street': [], 'formatted_address': '湖南省长沙市宁乡市[][]'}",a_122
Gallery-394,a_122,IMG_20250322_174515,2025-03-22 17:45:15,石材; 纹理; 微距; 细节; 湿润; 温泉池边,无,冯浩然用微距模式拍摄温泉池边一块天然石材的纹理细节，石面湿润，纹路独特。,"{'province': '湖南省', 'city': '长沙市', 'district': '宁乡市', 'streetName': '温泉大道', 'streetNumber': '1号', 'poi': '宁乡金太阳温泉度假村温泉池边'}",112.335107,27.987287,"{'province': '湖南省', 'city': '长沙市', 'district': '宁乡市', 'street': [], 'formatted_address': '湖南省长沙市宁乡市[][]'}",a_122
Gallery-395,122-2-3,IMG_20250322_191530,2025-03-22 19:15:30,篝火晚会; 自助烧烤; 主烤官; 肉串; 同事协作; 火光,无,冯浩然在篝火晚会中担任“主烤官”，与同事郑文博、孙晓雅一起在烧烤架前翻烤肉串和蔬菜，火光映照脸庞。,"{'province': '湖南省', 'city': '长沙市', 'district': '宁乡市', 'streetName': '温泉大道', 'streetNumber': '1号', 'poi': '宁乡金太阳温泉度假村烧烤广场'}",112.338395,27.993908,"{'province': '湖南省', 'city': '长沙市', 'district': '宁乡市', 'street': [], 'formatted_address': '湖南省长沙市宁乡市[][]'}",122-b
Gallery-396,122-3-1,IMG_20250323_100530,2025-03-23 10:05:30,团队合影; 高空断桥; 拓展训练; 同事; 挑战成功; 户外,无,冯浩然与钱永强、郑文博、孙晓雅在拓展训练基地高空断桥下合影，身后是高耸的断桥设施和蓝天,"{'province': '湖南省', 'city': '长沙市', 'district': '宁乡市', 'streetName': '灰汤镇迎宾西路', 'streetNumber': '1号', 'poi': '金太阳温泉度假村户外拓展训练基地'}",112.338395,27.993908,"{'province': '湖南省', 'city': '长沙市', 'district': '宁乡市', 'street': [], 'formatted_address': '湖南省长沙市宁乡市[][]'}",122-c
Gallery-397,122-3-1,IMG_20250323_110215,2025-03-23 11:02:15,高空挑战; 跨越瞬间; 孙晓雅; 断桥; 鼓励; 抓拍,无,冯浩然拍摄孙晓雅成功跨越断桥的瞬间，她张开双臂，背景是远处的山峦和训练基地,"{'province': '湖南省', 'city': '长沙市', 'district': '宁乡市', 'streetName': '灰汤镇迎宾西路', 'streetNumber': '1号', 'poi': '金太阳温泉度假村户外拓展训练基地'}",112.338395,27.993908,"{'province': '湖南省', 'city': '长沙市', 'district': '宁乡市', 'street': [], 'formatted_address': '湖南省长沙市宁乡市[][]'}",122-c
Gallery-398,a_122,IMG_20250323_161045,2025-03-23 16:10:45,中式凉亭; 池塘倒影; 生态园林; 翠竹; 静物摄影; 度假村景观,无,冯浩然在度假村生态园林区拍摄一座中式凉亭，亭子倒映在池塘中，周围环绕着翠竹,"{'province': '湖南省', 'city': '长沙市', 'district': '宁乡市', 'streetName': '灰汤镇迎宾西路', 'streetNumber': '1号', 'poi': '金太阳温泉度假村生态园林区'}",112.338395,27.993908,"{'province': '湖南省', 'city': '长沙市', 'district': '宁乡市', 'street': [], 'formatted_address': '湖南省长沙市宁乡市[][]'}",a_122
Gallery-399,a_122,IMG_20250323_162230,2025-03-23 16:22:30,茶花特写; 微距摄影; 粉色花瓣; 水珠; 植物细节; 生态园林,无,冯浩然使用微距模式拍摄园林中一朵盛开的粉色茶花，花瓣上还挂着晶莹的水珠,"{'province': '湖南省', 'city': '长沙市', 'district': '宁乡市', 'streetName': '灰汤镇迎宾西路', 'streetNumber': '1号', 'poi': '金太阳温泉度假村生态园林区'}",112.338395,27.993908,"{'province': '湖南省', 'city': '长沙市', 'district': '宁乡市', 'street': [], 'formatted_address': '湖南省长沙市宁乡市[][]'}",a_122
Gallery-400,122-3-3,IMG_20250323_164500,2025-03-23 16:45:00,返程准备; 同事自拍; 旅游大巴; 停车场; 团建结束; 纪念,无,冯浩然与郑文博在主停车场集合点，以即将出发的旅游大巴和度假村建筑为背景进行自拍,"{'province': '湖南省', 'city': '长沙市', 'district': '宁乡市', 'streetName': '灰汤镇迎宾西路', 'streetNumber': '1号', 'poi': '金太阳温泉度假村主停车场'}",112.338395,27.993908,"{'province': '湖南省', 'city': '长沙市', 'district': '宁乡市', 'street': [], 'formatted_address': '湖南省长沙市宁乡市[][]'}",122-c
Gallery-401,205-4-1,IMG_20250324_074530,2025-03-24 07:45:30,早餐; 牛奶燕麦; 煎蛋; 厨房; 晨间; 健康饮食,无,冯浩然在厨房准备早餐，牛奶燕麦和煎蛋摆放在白色餐盘中，背景是整洁的灶台和咖啡机。,"{'province': '湖南省', 'city': '长沙市', 'district': '岳麓区', 'streetName': '双塘路', 'streetNumber': '99号', 'poi': '岳麓区机关金星住宅小区'}",112.938578,28.221525,"{'province': '湖南省', 'city': '长沙市', 'district': '岳麓区', 'street': '桐梓坡路', 'formatted_address': '湖南省长沙市岳麓区桐梓坡路99号'}",205-d
Gallery-402,205-4-1,IMG_20250324_081000,2025-03-24 08:10:00,iPad屏幕; 体检预约; 武汉协和医院; 文档扫描; 家庭事务,武汉协和医院体检中心预约成功通知 姓名：冯建国/李秀英 套餐：全面体检套餐 预约时间：2025-04-12 08:30 费用：2680元/人,冯浩然拍摄iPad屏幕上显示的武汉协和医院体检中心预约确认页面，包含父母姓名、套餐名称和预约时间。,"{'province': '湖南省', 'city': '长沙市', 'district': '岳麓区', 'streetName': '双塘路', 'streetNumber': '99号', 'poi': '岳麓区机关金星住宅小区'}",112.938578,28.221525,"{'province': '湖南省', 'city': '长沙市', 'district': '岳麓区', 'street': '桐梓坡路', 'formatted_address': '湖南省长沙市岳麓区桐梓坡路99号'}",205-d
Gallery-403,7-3,IMG_20250324_122030,2025-03-24 12:20:30,午餐; 沙拉; 同事聚餐; 轻食; 健康饮食; 团队互动,无,冯浩然与同事郑文博在沙拉店用餐，两人面前摆放着色彩丰富的自选沙拉碗，背景是简约的木质餐桌和绿植。,"{'province': '湖南省', 'city': '长沙市', 'district': '开福区', 'streetName': '金鹰路', 'streetNumber': 'XX号', 'poi': '轻食主义沙拉店'}",113.043533,28.238287,"{'province': '湖南省', 'city': '长沙市', 'district': '开福区', 'street': '金鹰路', 'formatted_address': '湖南省长沙市开福区金鹰路[]'}",7-f
Gallery-404,208-10,IMG_20250324_163020,2025-03-24 16:30:20,电脑屏幕; 工作日志; 待办事项; 文档扫描; 工作收尾,2025-03-24 工作日志 已完成：客户报告归档、父母体检预约、团队会议、市场复盘 明日待办：整合科技数据报告、跟进客户黄思琪、团队分享会准备,冯浩然拍摄电脑屏幕上打开的当日工作日志文档，文档中清晰列出了已完成事项和明日待办列表。,"{'province': '湖南省', 'city': '长沙市', 'district': '开福区', 'streetName': '芙蓉中路', 'streetNumber': '一段', 'poi': '湖南广电中心写字楼'}",113.046548,28.235932,"{'province': '湖南省', 'city': '长沙市', 'district': '开福区', 'street': [], 'formatted_address': '湖南省长沙市开福区[][]'}",208-j
Gallery-405,,IMG_20250324_164500,2025-03-24 16:45:00,外套; 干洗袋; 物品收纳; 办公桌; 准备工作,无,冯浩然将需要干洗的团建外套整齐叠好，放入干洗店的专用塑料袋中，袋子放在办公桌显眼位置。,"{'province': '湖南省', 'city': '长沙市', 'district': '开福区', 'streetName': '芙蓉中路', 'streetNumber': '一段', 'poi': '湖南广电中心写字楼'}",113.046548,28.235932,"{'province': '湖南省', 'city': '长沙市', 'district': '开福区', 'street': [], 'formatted_address': '湖南省长沙市开福区[][]'}",
Gallery-406,,IMG_20250324_173500,2025-03-24 17:35:00,晚餐; 打包餐盒; 香煎龙利鱼; 烤蔬菜; 轻食; 健康晚餐,无,冯浩然在轻食店柜台前，展示打包好的晚餐餐盒，餐盒内可见香煎龙利鱼、烤蔬菜和杂粮饭，背景是店铺Logo。,"{'province': '湖南省', 'city': '长沙市', 'district': '岳麓区', 'streetName': '银双路', 'streetNumber': 'XX号', 'poi': '你好适绿轻食店'}",112.945778,28.222257,"{'province': '湖南省', 'city': '长沙市', 'district': '岳麓区', 'street': '银双路', 'formatted_address': '湖南省长沙市岳麓区银双路[]'}",
Gallery-407,a_138,IMG_20250324_174200,2025-03-24 17:42:00,街景; 傍晚; 路灯; 车窗外; 蓝调时刻; 城市风光,无,冯浩然驾车途中等红灯时，拍摄车窗外银双路傍晚的街景，路灯初亮，行人匆匆，天空呈现蓝调时刻。,"{'province': '湖南省', 'city': '长沙市', 'district': '岳麓区', 'streetName': '银双路', 'streetNumber': 'XX号', 'poi': '银双路沿途'}",112.945778,28.222257,"{'province': '湖南省', 'city': '长沙市', 'district': '岳麓区', 'street': '银双路', 'formatted_address': '湖南省长沙市岳麓区银双路[]'}",a_138
Gallery-408,,IMG_20250324_180500,2025-03-24 18:05:00,晚餐; 居家; 龙利鱼; 平板电脑; 晚间放松; 独处时光,无,冯浩然在家中的客厅餐桌上享用晚餐，餐盒打开，龙利鱼和蔬菜摆放整齐，旁边放着平板电脑正在浏览网页。,"{'province': '湖南省', 'city': '长沙市', 'district': '岳麓区', 'streetName': '双塘路', 'streetNumber': '99号', 'poi': '岳麓区机关金星住宅小区'}",112.938578,28.221525,"{'province': '湖南省', 'city': '长沙市', 'district': '岳麓区', 'street': '桐梓坡路', 'formatted_address': '湖南省长沙市岳麓区桐梓坡路99号'}",
Gallery-409,a_101,IMG_20250325_073015,2025-03-25 07:30:15,晨跑打卡; 爱晚亭; 岳麓山; 清晨阳光; 山林; 运动,无,冯浩然在岳麓山爱晚亭晨跑后打卡，背景是古朴的亭子和晨光中的山林,"{'province': '湖南省', 'city': '长沙市', 'district': '岳麓区', 'streetName': '登高路', 'streetNumber': '58号', 'poi': '岳麓山风景名胜区-爱晚亭'}",112.937564,28.180437,"{'province': '湖南省', 'city': '长沙市', 'district': '岳麓区', 'street': '登高路', 'formatted_address': '湖南省长沙市岳麓区登高路58号'}",a_101
Gallery-410,,IMG_20250325_080510,2025-03-25 08:05:10,早餐; 全麦面包; 煎蛋; 牛奶; 健康饮食; 餐盘,无,冯浩然在家中餐桌上拍摄早餐，盘中有全麦面包和煎蛋，旁边放着牛奶杯,"{'province': '湖南省', 'city': '长沙市', 'district': '岳麓区', 'streetName': '双塘路', 'streetNumber': '99号', 'poi': '岳麓区机关金星住宅小区'}",112.938578,28.221525,"{'province': '湖南省', 'city': '长沙市', 'district': '岳麓区', 'street': '桐梓坡路', 'formatted_address': '湖南省长沙市岳麓区桐梓坡路99号'}",
Gallery-411,,IMG_20250325_132030,2025-03-25 13:20:30,手冲咖啡; 咖啡师; 咖啡吧台; 哥伦比亚蕙兰; 咖啡豆罐; 休憩时光,无,冯浩然在一丹咖啡厅拍摄手冲咖啡，咖啡师沈心怡正在冲煮，背景是咖啡吧台和豆罐,"{'province': '湖南省', 'city': '长沙市', 'district': '芙蓉区', 'streetName': '浏阳河大道', 'streetNumber': 'XX号', 'poi': '一丹咖啡厅'}",113.039134,28.174765,"{'province': '湖南省', 'city': '长沙市', 'district': '芙蓉区', 'street': '浏阳河大道', 'formatted_address': '湖南省长沙市芙蓉区浏阳河大道[]'}",
Gallery-412,212-1,IMG_20250325_174520,2025-03-25 17:45:20,晋升报告; 电脑屏幕; 文档扫描; 工作复盘; 办公桌; 金融,冯浩然 - 投资总监晋升述职报告 2024-2025年度业绩总结 关键业绩：虚拟服务小组创新、客户资产规模增长,冯浩然在办公室拍摄电脑屏幕上已定稿的晋升述职报告文档，文档标题清晰可见,"{'province': '湖南省', 'city': '长沙市', 'district': '开福区', 'streetName': '芙蓉中路', 'streetNumber': '88号', 'poi': '湖南广电中心写字楼-华泰证券办公室'}",113.046548,28.235932,"{'province': '湖南省', 'city': '长沙市', 'district': '开福区', 'street': [], 'formatted_address': '湖南省长沙市开福区[][]'}",212-a
Gallery-413,,IMG_20250325_221015,2025-03-25 22:10:15,睡前阅读; 《原则》书籍; 工作计划清单; 书桌; 笔记; 物品收纳,《原则》- 瑞·达利欧 明日核心工作：1. 优化项目沟通流程提议 2. 内部研讨会发言 3. 客户方案深化,冯浩然在书房书桌上拍摄摊开的《原则》书籍和旁边记录的明日工作计划清单,"{'province': '湖南省', 'city': '长沙市', 'district': '岳麓区', 'streetName': '双塘路', 'streetNumber': '99号', 'poi': '岳麓区机关金星住宅小区-书房'}",112.938578,28.221525,"{'province': '湖南省', 'city': '长沙市', 'district': '岳麓区', 'street': '桐梓坡路', 'formatted_address': '湖南省长沙市岳麓区桐梓坡路99号'}",
Gallery-414,a_199,IMG_20250326_161005,2025-03-26 16:10:05,拿铁咖啡; 木质桌面; 笔记本电脑; 金融报告; 咖啡厅; 工作间隙; 手冲咖啡,无,一杯冒着热气的拿铁咖啡被放在圣爵菲斯咖啡厅的木质桌面上，旁边是冯浩然的笔记本电脑和金融分析报告，背景是咖啡厅温暖的灯光和简约的装饰,"{'province': '湖南省', 'city': '长沙市', 'district': '开福区', 'streetName': '圣爵菲斯路', 'streetNumber': 'XX号', 'poi': '圣爵菲斯咖啡厅'}",112.985284,28.257286,"{'province': '湖南省', 'city': '长沙市', 'district': '开福区', 'street': [], 'formatted_address': '湖南省长沙市开福区[][]'}",a_199
Gallery-415,a_101,IMG_20250327_072015,2025-03-27 07:20:15,晨跑; 早餐店; 蒸笼热气; 老长沙米粉; 街头风景; 清晨,老长沙米粉 - 营业时间 6:00-14:00,冯浩然在晨跑途中拍摄路边的早餐店，蒸笼冒着热气，招牌上写着‘老长沙米粉’，背景是清晨宁静的街道,"{'province': '湖南省', 'city': '长沙市', 'district': '岳麓区', 'streetName': '双塘路', 'streetNumber': 'XX号', 'poi': '双塘路沿街商铺'}",112.938131,28.217347,"{'province': '湖南省', 'city': '长沙市', 'district': '岳麓区', 'street': '双塘路', 'formatted_address': '湖南省长沙市岳麓区双塘路[]'}",a_101
Gallery-416,7-5-2,IMG_20250327_094530,2025-03-27 09:45:30,PPT截图; 晨会; 投影屏幕; 投资策略; 会议室; 工作,关于当前市场波动下投资组合韧性增强策略的补充说明 - 华泰证券投资顾问部 - 2025年3月,冯浩然在部门晨会上拍摄投影屏幕，屏幕上显示着关于‘市场波动下投资组合韧性增强策略’的PPT标题页，背景是会议室环境,"{'province': '湖南省', 'city': '长沙市', 'district': '开福区', 'streetName': '三一大道', 'streetNumber': 'XX号', 'poi': '湖南广电中心写字楼华泰证券会议室'}",113.046548,28.235932,"{'province': '湖南省', 'city': '长沙市', 'district': '开福区', 'street': '三一大道', 'formatted_address': '湖南省长沙市开福区三一大道[]'}",7-h
Gallery-417,7-5-2,IMG_20250327_100205,2025-03-27 10:02:05,会议纪要; 手写板; 白板笔; 关键词; 咖啡杯; 办公桌,客户反馈 - 市场焦点 - 本周计划,冯浩然拍摄会议桌上的手写会议纪要板，上面用白板笔写着‘客户反馈’、‘市场焦点’、‘本周计划’等关键词，旁边放着咖啡杯,"{'province': '湖南省', 'city': '长沙市', 'district': '开福区', 'streetName': '三一大道', 'streetNumber': 'XX号', 'poi': '湖南广电中心写字楼华泰证券会议室'}",113.046548,28.235932,"{'province': '湖南省', 'city': '长沙市', 'district': '开福区', 'street': '三一大道', 'formatted_address': '湖南省长沙市开福区三一大道[]'}",7-h
Gallery-418,203-1,IMG_20250327_122045,2025-03-27 12:20:45,照烧鸡排饭; 午餐; 美食; 简餐; 同事聚餐; 湘味,慢食光 - 照烧鸡排饭套餐 38元,冯浩然与同事郑文博在‘慢食光’简餐店用餐，拍摄桌上的照烧鸡排饭套餐，鸡排色泽诱人，配菜丰富，背景是简约的餐厅环境,"{'province': '湖南省', 'city': '长沙市', 'district': '开福区', 'streetName': '金鹰路', 'streetNumber': 'XX号', 'poi': '慢食光简餐店'}",113.043533,28.238287,"{'province': '湖南省', 'city': '长沙市', 'district': '开福区', 'street': '金鹰路', 'formatted_address': '湖南省长沙市开福区金鹰路[]'}",203-a
Gallery-419,219-2,IMG_20250327_143015,2025-03-27 14:30:15,文档扫描; 数据报告; Wind终端; 半导体; 库存周期; 办公桌,半导体库存周期分析 - Wind资讯 - 数据截至2025-03-26,冯浩然在办公室使用手机扫描一份打印的Wind终端数据报告，报告标题为‘半导体库存周期分析’，图表清晰可见,"{'province': '湖南省', 'city': '长沙市', 'district': '开福区', 'streetName': '三一大道', 'streetNumber': 'XX号', 'poi': '湖南广电中心写字楼华泰证券办公室'}",113.046548,28.235932,"{'province': '湖南省', 'city': '长沙市', 'district': '开福区', 'street': '三一大道', 'formatted_address': '湖南省长沙市开福区三一大道[]'}",219-b
Gallery-420,7-5-2,IMG_20250327_160520,2025-03-27 16:05:20,文档扫描; 手写提纲; 资产配置; 科技主题; 工作笔记; 规划,科技主题资产配置方案 - 宏观趋势扫描 - 大类资产配置比例建议 - 多因子模型分析,冯浩然扫描一份手写的科技主题资产配置方案提纲，纸上列有‘宏观趋势’、‘资产比例’、‘阿尔法机会’等要点，字迹工整,"{'province': '湖南省', 'city': '长沙市', 'district': '开福区', 'streetName': '三一大道', 'streetNumber': 'XX号', 'poi': '湖南广电中心写字楼华泰证券办公室'}",113.046548,28.235932,"{'province': '湖南省', 'city': '长沙市', 'district': '开福区', 'street': '三一大道', 'formatted_address': '湖南省长沙市开福区三一大道[]'}",7-h
Gallery-421,102-7,IMG_20250327_183025,2025-03-27 18:30:25,岳麓山; 环湖路; 夕阳; 湖面; 跑道; 风景打卡,无,冯浩然在岳麓山环湖路跑道边拍摄风景，夕阳下的湖面波光粼粼，远处是郁郁葱葱的山林和蜿蜒的跑道,"{'province': '湖南省', 'city': '长沙市', 'district': '岳麓区', 'streetName': '登高路', 'streetNumber': '58号', 'poi': '岳麓山风景名胜区环湖路'}",112.936104,28.183601,"{'province': '湖南省', 'city': '长沙市', 'district': '岳麓区', 'street': '登高路', 'formatted_address': '湖南省长沙市岳麓区登高路58号'}",102-g
Gallery-422,102-7,IMG_20250327_190105,2025-03-27 19:01:05,人物合影; 跑步合练; 击掌庆祝; 达成目标; 跑友; 户外运动,无,冯浩然与跑友高云飞在跑步APP显示团队累计里程达到100.5公里时兴奋击掌，两人面带笑容，背景是岳麓山的绿树,"{'province': '湖南省', 'city': '长沙市', 'district': '岳麓区', 'streetName': '登高路', 'streetNumber': '58号', 'poi': '岳麓山风景名胜区环湖路'}",112.936104,28.183601,"{'province': '湖南省', 'city': '长沙市', 'district': '岳麓区', 'street': '登高路', 'formatted_address': '湖南省长沙市岳麓区登高路58号'}",102-g
Gallery-423,102-7,IMG_20250327_190220,2025-03-27 19:02:20,跑步APP; 屏幕截图; 累计里程; 达成目标; 数据记录; 运动成就,团队累计里程：100.5公里 - 恭喜达成目标！ - 2025-03-27 19:01,冯浩然拍摄跑步APP的手机屏幕截图，屏幕上清晰显示‘团队累计里程：100.5公里’和‘恭喜达成目标！’的提示信息,"{'province': '湖南省', 'city': '长沙市', 'district': '岳麓区', 'streetName': '登高路', 'streetNumber': '58号', 'poi': '岳麓山风景名胜区环湖路'}",112.936104,28.183601,"{'province': '湖南省', 'city': '长沙市', 'district': '岳麓区', 'street': '登高路', 'formatted_address': '湖南省长沙市岳麓区登高路58号'}",102-g
Gallery-424,a_199,IMG_20250328_075510,2025-03-28 07:55:10,健康早餐; 黑咖啡; 全麦面包; 牛油果鸡胸肉; 水煮蛋; 木质餐桌; iPad; 财经资讯,无,冯浩然在家中餐厅拍摄早餐，桌上有黑咖啡、全麦面包夹牛油果鸡胸肉和水煮蛋，背景是简约的木质餐桌和iPad显示的财经资讯,"{'province': '湖南省', 'city': '长沙市', 'district': '岳麓区', 'streetName': '双塘路', 'streetNumber': '99号', 'poi': '岳麓区机关金星住宅小区（家中餐厅）'}",112.938578,28.221525,"{'province': '湖南省', 'city': '长沙市', 'district': '岳麓区', 'street': '桐梓坡路', 'formatted_address': '湖南省长沙市岳麓区桐梓坡路99号'}",a_199
Gallery-425,,IMG_20250328_080215,2025-03-28 08:02:15,置物架; 收纳; 车钥匙; 钱包; AirPods; 玄关; 整洁,无,冯浩然拍摄家中整洁的玄关置物架，上面整齐摆放着车钥匙、钱包和AirPods耳机盒，背景是浅灰色的墙面,"{'province': '湖南省', 'city': '长沙市', 'district': '岳麓区', 'streetName': '双塘路', 'streetNumber': '99号', 'poi': '岳麓区机关金星住宅小区（家中玄关）'}",112.938578,28.221525,"{'province': '湖南省', 'city': '长沙市', 'district': '岳麓区', 'street': '桐梓坡路', 'formatted_address': '湖南省长沙市岳麓区桐梓坡路99号'}",
Gallery-426,,IMG_20250328_085030,2025-03-28 08:50:30,PPT截图; 晨会; 投影屏幕; 市场展望; 会议室; 同事,Q1市场回顾与策略调整 - 华泰证券投资顾问部 - 2025年3月28日,冯浩然在部门晨会上拍摄投影屏幕，屏幕上显示着关于本周市场展望的PPT，标题为‘Q1市场回顾与策略调整’,"{'province': '湖南省', 'city': '长沙市', 'district': '开福区', 'streetName': '芙蓉中路一段', 'streetNumber': 'XX号', 'poi': '湖南广电中心写字楼（主楼）15层 华泰证券会议室'}",113.046548,28.235932,"{'province': '湖南省', 'city': '长沙市', 'district': '开福区', 'street': [], 'formatted_address': '湖南省长沙市开福区[][]'}",
Gallery-427,102-8,IMG_20250328_103520,2025-03-28 10:35:20,文档扫描; 跑步APP; 电子证书; 挑战赛完成; 手机屏幕; 工位,恭喜完成春日焕新100公里挑战赛！ - 完赛日期：2025-03-28 - 获得限量版数字奖章,冯浩然在办公室工位上用手机扫描跑步APP的电子证书，屏幕上显示‘恭喜完成春日焕新100公里挑战赛’字样和奖章图案,"{'province': '湖南省', 'city': '长沙市', 'district': '开福区', 'streetName': '芙蓉中路一段', 'streetNumber': 'XX号', 'poi': '湖南广电中心写字楼（主楼）15层 华泰证券办公室（个人工位）'}",113.046548,28.235932,"{'province': '湖南省', 'city': '长沙市', 'district': '开福区', 'street': [], 'formatted_address': '湖南省长沙市开福区[][]'}",102-h
Gallery-428,200-1,IMG_20250328_121530,2025-03-28 12:15:30,午餐; 轻食; 香煎鸡胸肉沙拉; 牛肉能量碗; 同事聚餐; 餐厅,无,冯浩然与同事郑文博在轻食店共进午餐，桌上摆放着香煎鸡胸肉沙拉和牛肉能量碗，背景是简约的餐厅环境,"{'province': '湖南省', 'city': '长沙市', 'district': '开福区', 'streetName': '文昌阁街', 'streetNumber': '37号', 'poi': '沙拉拉轻食(长沙开福寺店)'}",112.978319,28.224351,"{'province': '湖南省', 'city': '长沙市', 'district': '开福区', 'street': '文昌阁街', 'formatted_address': '湖南省长沙市开福区文昌阁街37号'}",200-a
Gallery-429,,IMG_20250328_183210,2025-03-28 18:32:10,晚餐; 煎三文鱼; 蒸芦笋; 藜麦饭; 健康饮食; 厨房,无,冯浩然在家中厨房拍摄晚餐，盘子里盛着煎三文鱼、蒸芦笋和藜麦饭，背景是现代化的厨房灶台,"{'province': '湖南省', 'city': '长沙市', 'district': '岳麓区', 'streetName': '双塘路', 'streetNumber': '99号', 'poi': '岳麓区机关金星住宅小区（家中厨房）'}",112.938578,28.221525,"{'province': '湖南省', 'city': '长沙市', 'district': '岳麓区', 'street': '桐梓坡路', 'formatted_address': '湖南省长沙市岳麓区桐梓坡路99号'}",
Gallery-430,100-9-1,IMG_20250329_093015,2025-03-29 09:30:15,湘江风光带; 晨跑; 跑友合影; 运动装; 江景; 风帆广场,无,冯浩然与跑友高云飞在湘江风光带风帆广场的合影，两人穿着运动装，身后是宽阔的江面和远处的橘子洲大桥,"{'province': '湖南省', 'city': '长沙市', 'district': '天心区', 'streetName': '湘春路', 'streetNumber': 'XX号', 'poi': '风帆广场'}",112.971795,28.208766,"{'province': '湖南省', 'city': '长沙市', 'district': '开福区', 'street': '湘春路', 'formatted_address': '湖南省长沙市开福区湘春路[]'}",100-i
Gallery-431,100-9-1,IMG_20250329_104520,2025-03-29 10:45:20,长沙肉丝粉; 早餐; 美食记录; 葱花; 辣椒油; 复古小店,无,一碗热气腾腾的老长沙肉丝粉，粉条上铺满了肉丝和葱花，旁边放着辣椒油和醋瓶，背景是复古风格的早餐店,"{'province': '湖南省', 'city': '长沙市', 'district': '天心区', 'streetName': '解放西路', 'streetNumber': 'XX号', 'poi': '老长沙粉店'}",112.974475,28.182525,"{'province': '湖南省', 'city': '长沙市', 'district': '天心区', 'street': '解放西路', 'formatted_address': '湖南省长沙市天心区解放西路[]'}",100-i
Gallery-432,203-3-1,IMG_20250329_152030,2025-03-29 15:20:30,龙利鱼; 糙米饭; 健康简餐; 西兰花; 圣女果; 营养搭配,无,一份健康的龙利鱼糙米饭简餐，龙利鱼煎至金黄，搭配糙米饭和西兰花、圣女果等蔬菜，摆放在白色餐盘中,"{'province': '湖南省', 'city': '长沙市', 'district': '开福区', 'streetName': '金鹰路', 'streetNumber': 'XX号', 'poi': '轻食引力健康简餐店'}",113.043533,28.238287,"{'province': '湖南省', 'city': '长沙市', 'district': '开福区', 'street': '金鹰路', 'formatted_address': '湖南省长沙市开福区金鹰路[]'}",203-c
Gallery-433,8-1-1,IMG_20250329_161205,2025-03-29 16:12:05,潮宗街; 导视牌; 历史文化街区; 石牌; 老建筑; 街拍,潮宗街历史文化街区 - 长沙市历史文化街区 - 始建于明清时期,潮宗街历史文化街区入口的石质导视牌，上面刻有街区名称和历史简介，背景是青砖灰瓦的老建筑,"{'province': '湖南省', 'city': '长沙市', 'district': '开福区', 'streetName': '通泰街', 'streetNumber': 'XX号', 'poi': '潮宗街历史文化街区'}",112.972255,28.203177,"{'province': '湖南省', 'city': '长沙市', 'district': '开福区', 'street': '潮宗街', 'formatted_address': '湖南省长沙市开福区潮宗街[]'}",8-a
Gallery-434,8-1-1,IMG_20250329_191810,2025-03-29 19:18:10,咖啡馆社交; 摄友合影; 手冲咖啡; 木质书架; 暖光; 分享作品,无,冯浩然与摄友王哥、咖啡馆老板沈心怡在一丹咖啡厅的合影，三人手持咖啡杯，背景是咖啡馆的木质书架和暖色灯光,"{'province': '湖南省', 'city': '长沙市', 'district': '芙蓉区', 'streetName': '浏阳河大道', 'streetNumber': '288号', 'poi': '一丹咖啡厅'}",113.046427,28.192246,"{'province': '湖南省', 'city': '长沙市', 'district': '芙蓉区', 'street': '浏阳河大道', 'formatted_address': '湖南省长沙市芙蓉区浏阳河大道[]'}",8-a
Gallery-435,203-4,IMG_20250330_131520,2025-03-30 13:15:20,桃子湖公园; 跑友; 道别; 午后阳光; 绿植步道; 休闲散步,无,冯浩然与跑友高云飞在桃子湖公园入口附近道别，背景是公园的绿植和步道，午后阳光洒在两人身上,"{'province': '湖南省', 'city': '长沙市', 'district': '岳麓区', 'streetName': '麓山南路', 'streetNumber': 'XX号', 'poi': '桃子湖公园'}",112.951173,28.183075,"{'province': '湖南省', 'city': '长沙市', 'district': '岳麓区', 'street': '麓山南路', 'formatted_address': '湖南省长沙市岳麓区麓山南路[]'}",203-d
Gallery-436,203-4,IMG_20250330_132205,2025-03-30 13:22:05,桃子湖; 湖面波光; 城市建筑; 岳麓山; 慢行步道; 午后风景,无,冯浩然独自在桃子湖边步道慢行，拍摄湖面波光与对岸的城市建筑，远处可见岳麓山轮廓,"{'province': '湖南省', 'city': '长沙市', 'district': '岳麓区', 'streetName': '麓山南路', 'streetNumber': 'XX号', 'poi': '桃子湖公园湖边步道'}",112.951173,28.183075,"{'province': '湖南省', 'city': '长沙市', 'district': '岳麓区', 'street': '麓山南路', 'formatted_address': '湖南省长沙市岳麓区麓山南路[]'}",203-d
Gallery-437,200-3-1,IMG_20250330_144530,2025-03-30 14:45:30,Excel表格; 财务数据; 月度复盘; 电脑屏幕; 工资支出; 净结余,"3月份财务复盘 - 工资收入 25,000.00 - 个税退税 1,200.00 - 餐饮支出 3,500.00 - 月度净结余 12,500.00",冯浩然在书房拍摄电脑屏幕上打开的3月份财务数据Excel表格，表格中清晰显示工资、个税退税、各项支出及月度净结余,"{'province': '湖南省', 'city': '长沙市', 'district': '岳麓区', 'streetName': '双塘路', 'streetNumber': '99号', 'poi': '岳麓区机关金星住宅小区家中书房'}",112.938578,28.221525,"{'province': '湖南省', 'city': '长沙市', 'district': '岳麓区', 'street': '桐梓坡路', 'formatted_address': '湖南省长沙市岳麓区桐梓坡路99号'}",200-c
Gallery-438,200-3-1,IMG_20250330_170815,2025-03-30 17:08:15,证券账户; 交易确认; 减持科技股; 指数基金定投; 投资组合; 手机截图,"华泰证券 - 交易确认 - 卖出 科技股A 5%仓位 - 买入 沪深300指数基金 定投金额 +2,000元/月 - 2025-03-30 17:05:22",冯浩然拍摄个人证券账户的交易确认页面截图，显示已成功执行减持某科技股5%仓位并增加沪深300指数基金定投金额的操作,"{'province': '湖南省', 'city': '长沙市', 'district': '岳麓区', 'streetName': '双塘路', 'streetNumber': '99号', 'poi': '岳麓区机关金星住宅小区家中书房'}",112.938578,28.221525,"{'province': '湖南省', 'city': '长沙市', 'district': '岳麓区', 'street': '桐梓坡路', 'formatted_address': '湖南省长沙市岳麓区桐梓坡路99号'}",200-c
Gallery-439,,IMG_20250330_180105,2025-03-30 18:01:05,煎鸡胸肉; 焯水西兰花; 糙米饭; 健康晚餐; 木质餐桌; 营养搭配,无,冯浩然拍摄自己准备的健康晚餐，餐盘中是煎鸡胸肉、焯水西兰花和一小份糙米饭，摆放在家中的木质餐桌上,"{'province': '湖南省', 'city': '长沙市', 'district': '岳麓区', 'streetName': '双塘路', 'streetNumber': '99号', 'poi': '岳麓区机关金星住宅小区家中餐厅'}",112.938578,28.221525,"{'province': '湖南省', 'city': '长沙市', 'district': '岳麓区', 'street': '桐梓坡路', 'formatted_address': '湖南省长沙市岳麓区桐梓坡路99号'}",
Gallery-440,a_101,IMG_20250331_070815,2025-03-31 07:08:15,岳麓山; 登山步道; 石板路; 枫香树; 城市天际线; 清晨风景,无,冯浩然在岳麓山晨跑路线上拍摄的风景，蜿蜒的石板路两旁是茂密的枫香树，远处可见城市轮廓,"{'province': '湖南省', 'city': '长沙市', 'district': '岳麓区', 'streetName': '登高路', 'streetNumber': 'XX号', 'poi': '岳麓山风景名胜区登山步道'}",112.936104,28.183601,"{'province': '湖南省', 'city': '长沙市', 'district': '岳麓区', 'street': '登高路', 'formatted_address': '湖南省长沙市岳麓区登高路[]'}",a_101
Gallery-441,a_101,IMG_20250331_073520,2025-03-31 07:35:20,晨跑; 爱晚亭; 拉伸; 晨光; 山林; 运动打卡,无,冯浩然在岳麓山爱晚亭前完成晨跑后，迎着晨光进行拉伸，背景是古朴的亭子和葱郁的山林,"{'province': '湖南省', 'city': '长沙市', 'district': '岳麓区', 'streetName': '登高路', 'streetNumber': '58号', 'poi': '岳麓山风景名胜区爱晚亭'}",112.937564,28.180437,"{'province': '湖南省', 'city': '长沙市', 'district': '岳麓区', 'street': '登高路', 'formatted_address': '湖南省长沙市岳麓区登高路58号'}",a_101
Gallery-442,8-2,IMG_20250331_094215,2025-03-31 09:42:15,手机屏幕; 跑步APP; 电子证书; 虚拟勋章; 挑战完成; 办公桌面,春日焕新100公里挑战成功 完成日期：2025-03-31 总里程：100.5km 用时：8h 42m 15s,冯浩然在办公室用手机拍摄跑步APP的完成界面，屏幕上显示着‘春日焕新100公里挑战成功’的电子证书和虚拟勋章,"{'province': '湖南省', 'city': '长沙市', 'district': '开福区', 'streetName': '芙蓉中路', 'streetNumber': '442号', 'poi': '湖南广电中心（金鹰大厦）华泰证券办公室'}",113.047204,28.239396,"{'province': '湖南省', 'city': '长沙市', 'district': '开福区', 'street': [], 'formatted_address': '湖南省长沙市开福区[][]'}",8-b
Gallery-443,199-3,IMG_20250331_122530,2025-03-31 12:25:30,剁椒鱼头; 辣椒炒肉; 湘菜; 同事聚餐; 木质餐桌; 美食记录,无,冯浩然与同事郑文博在老长沙湘菜馆用餐，桌上摆着剁椒鱼头和辣椒炒肉，背景是热闹的餐厅环境,"{'province': '湖南省', 'city': '长沙市', 'district': '开福区', 'streetName': '金鹰路', 'streetNumber': 'XX号', 'poi': '老长沙湘菜馆'}",113.0459,28.246161,"{'province': '湖南省', 'city': '长沙市', 'district': '开福区', 'street': '金鹰路', 'formatted_address': '湖南省长沙市开福区金鹰路[]'}",199-c
Gallery-444,7-6-2,IMG_20250401_103015,2025-04-01 10:30:15,PPT截图; 科技股投资; 策略框架; 投影屏幕; 会议室; 工作汇报,科技主题配置方案 - 核心逻辑与筛选维度 - 2025年Q2展望,冯浩然在办公室会议中拍摄了投影屏幕上显示的关于科技股投资策略的PPT页面，页面标题清晰，背景是会议室的白墙。,"{'province': '湖南省', 'city': '长沙市', 'district': '开福区', 'streetName': '芙蓉中路', 'streetNumber': '88号', 'poi': '华泰证券办公室会议室'}",112.986675,28.223728,"{'province': '湖南省', 'city': '长沙市', 'district': '开福区', 'street': '芙蓉中路', 'formatted_address': '湖南省长沙市开福区芙蓉中路88号'}",7-i
Gallery-445,7-6-2,IMG_20250401_114520,2025-04-01 11:45:20,参会人员; 会议讨论; 白板; 同事协作; 工作场景; 团队会议,无,冯浩然在项目会议结束后，拍摄了同事郑文博和孙晓雅在会议室白板前讨论会议纪要的场景，白板上写有分工和节点。,"{'province': '湖南省', 'city': '长沙市', 'district': '开福区', 'streetName': '芙蓉中路', 'streetNumber': '88号', 'poi': '华泰证券办公室会议室'}",112.986675,28.223728,"{'province': '湖南省', 'city': '长沙市', 'district': '开福区', 'street': '芙蓉中路', 'formatted_address': '湖南省长沙市开福区芙蓉中路88号'}",7-i
Gallery-446,58-1,IMG_20250401_125505,2025-04-01 12:55:05,手冲咖啡; 耶加雪菲; 咖啡杯; 木质桌面; 下午茶; 美食摄影,坐标咖啡 - 耶加雪菲手冲 - 45元/杯,冯浩然在坐标咖啡店接受邀请后，拍摄了面前桌上的一杯耶加雪菲手冲咖啡，咖啡液色泽清澈，旁边放着咖啡店的名片。,"{'province': '湖南省', 'city': '长沙市', 'district': '开福区', 'streetName': '传媒路', 'streetNumber': 'XX号', 'poi': '坐标咖啡'}",113.046965,28.237516,"{'province': '湖南省', 'city': '长沙市', 'district': '开福区', 'street': '传媒路', 'formatted_address': '湖南省长沙市开福区传媒路[]'}",58-a
Gallery-447,a_219,IMG_20250402_071520,2025-04-02 07:15:20,手冲咖啡; 煎蛋; 烤吐司; 木质餐桌; 早晨阳光; 手机屏幕; 早餐,无,冯浩然将手冲咖啡、煎蛋和烤吐司摆放在家中的木质餐桌上，阳光透过窗户洒在餐盘上，旁边放着手机和隔夜市场摘要的屏幕,"{'province': '湖南省', 'city': '长沙市', 'district': '岳麓区', 'streetName': '双塘路', 'streetNumber': '99号', 'poi': '岳麓区机关金星住宅小区'}",112.938578,28.221525,"{'province': '湖南省', 'city': '长沙市', 'district': '岳麓区', 'street': '桐梓坡路', 'formatted_address': '湖南省长沙市岳麓区桐梓坡路99号'}",a_219
Gallery-448,,IMG_20250402_121015,2025-04-02 12:10:15,小炒黄牛肉; 剁椒鱼头; 湘菜; 同事聚餐; 餐桌; 辣椒,无,冯浩然与同事郑文博在金鹰路湘菜馆的餐桌前，桌上摆着刚上桌的小炒黄牛肉和剁椒鱼头，两人正准备动筷,"{'province': '湖南省', 'city': '长沙市', 'district': '开福区', 'streetName': '金鹰路', 'streetNumber': 'XX号', 'poi': '某家常湘菜馆'}",113.043533,28.238287,"{'province': '湖南省', 'city': '长沙市', 'district': '开福区', 'street': '金鹰路', 'formatted_address': '湖南省长沙市开福区金鹰路[]'}",
Gallery-449,,IMG_20250403_085520,2025-04-03 08:55:20,工作交接; 文档扫描; 办公桌; 金融行业; 备忘清单,"工作交接备忘
致：钱永强、孙晓雅
发件人：冯浩然
日期：2025-04-03
项目A：客户黄思琪资产配置方案已提交，待节后审批。
项目B：林志豪投资组合季度报告已完成初稿。
应急预案：紧急事务请联系郑文博。",冯浩然在办公室工位上，用手机扫描一份打印好的工作交接备忘文档，文档平铺在木质桌面上，背景是电脑显示器。,"{'province': '湖南省', 'city': '长沙市', 'district': '开福区', 'streetName': '三一大道', 'streetNumber': 'XX号', 'poi': '湖南广电中心写字楼华泰证券办公室'}",113.046548,28.235932,"{'province': '湖南省', 'city': '长沙市', 'district': '开福区', 'street': '三一大道', 'formatted_address': '湖南省长沙市开福区三一大道[]'}",
Gallery-450,,IMG_20250403_121520,2025-04-03 12:15:20,牛肉粉; 午餐; 同事聚餐; 湘味小吃; 热气腾腾,无,冯浩然与同事郑文博在粉面馆的餐桌前，桌上摆着两碗热气腾腾的招牌牛肉粉，两人面带微笑准备开动，背景是简约的餐厅环境。,"{'province': '湖南省', 'city': '长沙市', 'district': '开福区', 'streetName': '营盘路', 'streetNumber': 'XX号', 'poi': '老长沙面粉馆(中山路店)'}",112.985088,28.206501,"{'province': '湖南省', 'city': '长沙市', 'district': '开福区', 'street': '营盘路', 'formatted_address': '湖南省长沙市开福区营盘路[]'}",
Gallery-451,210-2-1,IMG_20250403_144850,2025-04-03 14:48:50,高铁车票; 电子票; 手机屏幕; 检票上车; 旅程开始,"G1102 长沙南->武汉
2025-04-03 14:40开
02车 08F号
二等座 ￥164.5",冯浩然的手持着G1102次列车的电子车票二维码，屏幕显示着座位信息和车次，背景是高铁车厢的行李架和座椅。,"{'province': '湖南省', 'city': '长沙市', 'district': '雨花区', 'streetName': '花侯路', 'streetNumber': 'XX号', 'poi': 'G1102次列车02车厢'}",113.060912,28.150854,"{'province': '湖南省', 'city': '长沙市', 'district': '雨花区', 'street': '花侯路', 'formatted_address': '湖南省长沙市雨花区花侯路[]'}",210-b
Gallery-452,210-2-1,IMG_20250403_151530,2025-04-03 15:15:30,高铁窗外; 田野风光; 旅途风景; 动态模糊; 远山,无,冯浩然透过高铁车窗拍摄窗外飞速掠过的田野和远山，阳光透过云层洒下，构成一幅动态的旅途风景。,"{'province': '湖南省', 'city': '长沙市', 'district': '雨花区', 'streetName': '花侯路', 'streetNumber': 'XX号', 'poi': 'G1102次列车车厢内'}",113.060912,28.150854,"{'province': '湖南省', 'city': '长沙市', 'district': '雨花区', 'street': '花侯路', 'formatted_address': '湖南省长沙市雨花区花侯路[]'}",210-b
Gallery-453,210-2-1,IMG_20250403_160220,2025-04-03 16:02:20,手冲咖啡; 随行杯; 书籍; 旅途阅读; 细节特写,无,冯浩然放在高铁小桌板上的手冲咖啡随行杯，杯盖打开，旁边放着一本翻开的《原则》书籍，构成旅途中的安静角落。,"{'province': '湖南省', 'city': '长沙市', 'district': '雨花区', 'streetName': '花侯路', 'streetNumber': 'XX号', 'poi': 'G1102次列车车厢内'}",113.060912,28.150854,"{'province': '湖南省', 'city': '长沙市', 'district': '雨花区', 'street': '花侯路', 'formatted_address': '湖南省长沙市雨花区花侯路[]'}",210-b
Gallery-454,210-2-1,IMG_20250403_165500,2025-04-03 16:55:00,父子重逢; 车站接站; 拥抱; 家庭团聚; 笑容,无,冯浩然与父亲冯建国在武汉站西出站口的停车场相拥，父亲笑容满面地拍着儿子的背，背景是车站建筑和来往车辆。,"{'province': '湖北省', 'city': '武汉市', 'district': '洪山区', 'streetName': '杨春湖南侧', 'streetNumber': 'XX号', 'poi': '武汉站西出站口停车场'}",114.42312,30.607043,"{'province': '湖北省', 'city': '武汉市', 'district': '洪山区', 'street': [], 'formatted_address': '湖北省武汉市洪山区[][]'}",210-b
Gallery-455,210-2-1,IMG_20250403_180000,2025-04-03 18:00:00,母子团聚; 家庭温暖; 拥抱; 厨房烟火气; 温馨家居,无,冯浩然与母亲李秀英在家中客厅亲切拥抱，母亲手里还拿着锅铲，脸上洋溢着幸福的笑容，背景是温馨的家居环境。,"{'province': '湖北省', 'city': '武汉市', 'district': '江岸区', 'streetName': '解放大道', 'streetNumber': '1866号', 'poi': '家中客厅'}",114.282987,30.633093,"{'province': '湖北省', 'city': '武汉市', 'district': '江岸区', 'street': [], 'formatted_address': '湖北省武汉市江岸区[][]'}",210-b
Gallery-456,a_210,IMG_20250403_214500,2025-04-03 21:45:00,睡前道别; 家庭日常; 父母; 客厅; 晚安,无,冯浩然在卧室门口与坐在客厅沙发上的父母挥手道晚安，父亲冯建国看着电视，母亲李秀英回头微笑叮嘱，画面充满家庭温情。,"{'province': '湖北省', 'city': '武汉市', 'district': '江岸区', 'streetName': '解放大道', 'streetNumber': '1866号', 'poi': '家中客厅与卧室门口'}",114.282987,30.633093,"{'province': '湖北省', 'city': '武汉市', 'district': '江岸区', 'street': [], 'formatted_address': '湖北省武汉市江岸区[][]'}",a_210
Gallery-457,a_210,IMG_20250404_081525,2025-04-04 08:15:25,热干面; 青花瓷碗; 豆浆; 武汉早餐; 家庭餐桌; 美食记录,无,冯浩然拍摄母亲李秀英准备的武汉特色早餐，热干面盛在青花瓷碗中，旁边配有一杯豆浆，背景是家中餐厅的木质餐桌。,"{'province': '湖北省', 'city': '武汉市', 'district': '江岸区', 'streetName': '解放大道', 'streetNumber': '368号', 'poi': '父母家中餐厅'}",114.282987,30.633093,"{'province': '湖北省', 'city': '武汉市', 'district': '江岸区', 'street': [], 'formatted_address': '湖北省武汉市江岸区[][]'}",a_210
Gallery-458,,IMG_20250404_141520,2025-04-04 14:15:20,东湖绿道; 导览图; 骑行路线; 梨园入口; 导视牌,东湖绿道 - 梨园至磨山段 - 全长约6公里 - 开放时间：全天,冯浩然在东湖绿道梨园入口处拍摄导览图，地图上清晰标注了骑行路线和景点分布，背景是绿道入口的景观石。,"{'province': '湖北省', 'city': '武汉市', 'district': '武昌区', 'streetName': '沿湖大道', 'streetNumber': 'XX号', 'poi': '东湖绿道梨园入口'}",114.360036,30.570863,"{'province': '湖北省', 'city': '武汉市', 'district': '武昌区', 'street': '沿湖大道', 'formatted_address': '湖北省武汉市武昌区沿湖大道[]'}",
Gallery-459,a_210,IMG_20250404_150810,2025-04-04 15:08:10,父子合影; 东湖; 共享单车; 湖岸线; 磨山远景; 骑行休息,无,冯浩然与父亲冯建国在东湖绿道湖边合影，两人扶着共享单车，身后是波光粼粼的湖面和远处的磨山。,"{'province': '湖北省', 'city': '武汉市', 'district': '武昌区', 'streetName': '东湖绿道', 'streetNumber': 'XX号', 'poi': '东湖绿道湖岸观景台'}",114.41989,30.550294,"{'province': '湖北省', 'city': '武汉市', 'district': '武昌区', 'street': '东湖绿道', 'formatted_address': '湖北省武汉市武昌区东湖绿道[]'}",a_210
Gallery-460,,IMG_20250404_152230,2025-04-04 15:22:30,樱花; 微距摄影; 花瓣特写; 露珠; 东湖春色; 细节特写,无,冯浩然用微距模式拍摄东湖岸边一朵盛开的粉色樱花，花瓣上还挂着清晨的露珠，背景是虚化的湖面。,"{'province': '湖北省', 'city': '武汉市', 'district': '武昌区', 'streetName': '东湖绿道', 'streetNumber': 'XX号', 'poi': '东湖樱花园附近'}",114.410109,30.546277,"{'province': '湖北省', 'city': '武汉市', 'district': '武昌区', 'street': '东湖绿道', 'formatted_address': '湖北省武汉市武昌区东湖绿道[]'}",
Gallery-461,58-2,IMG_20250404_170510,2025-04-04 17:05:10,咖啡豆; 风味描述; 文档扫描; 耶加雪菲; 品鉴会准备,埃塞俄比亚 耶加雪菲 G1 - 水洗处理 - 风味：茉莉花香、柠檬、柑橘、红茶感 - 烘焙度：浅度烘焙 - 建议冲煮水温：92°C,冯浩然在书房用手机扫描一份咖啡豆风味描述文档，文档上印有埃塞俄比亚耶加雪菲的产区信息和风味轮图。,"{'province': '湖北省', 'city': '武汉市', 'district': '江岸区', 'streetName': '解放大道', 'streetNumber': '368号', 'poi': '父母家中书房'}",114.282987,30.633093,"{'province': '湖北省', 'city': '武汉市', 'district': '江岸区', 'street': [], 'formatted_address': '湖北省武汉市江岸区[][]'}",58-b
Gallery-462,,IMG_20250405_165530,2025-04-05 16:55:30,健康食材; 鸡胸肉; 西兰花; 超市货架; 采购; 健身餐,无,冯浩然在罗比零食专卖店选购鸡胸肉和西兰花，货架上整齐摆放着各类健康食材,"{'province': '湖南省', 'city': '长沙市', 'district': '岳麓区', 'streetName': '双塘路', 'streetNumber': 'XX号', 'poi': '罗比零食专卖店'}",112.936869,28.220303,"{'province': '湖南省', 'city': '长沙市', 'district': '岳麓区', 'street': '双塘路', 'formatted_address': '湖南省长沙市岳麓区双塘路[]'}",
Gallery-463,,IMG_20250405_184520,2025-04-05 18:45:20,健康晚餐; 煎鸡胸肉; 西兰花; 小番茄; 白色餐盘; 平板电脑,无,冯浩然将煎好的鸡胸肉、焯烫的西兰花和小番茄摆放在白色餐盘中，搭配平板电脑显示着全球市场早盘情况,"{'province': '湖南省', 'city': '长沙市', 'district': '岳麓区', 'streetName': '双塘路', 'streetNumber': '99号', 'poi': '岳麓区机关金星住宅小区X栋XXX室客厅'}",112.938578,28.221525,"{'province': '湖南省', 'city': '长沙市', 'district': '岳麓区', 'street': '桐梓坡路', 'formatted_address': '湖南省长沙市岳麓区桐梓坡路99号'}",
Gallery-464,,IMG_20250406_094530,2025-04-06 09:45:30,鸡胸肉; 西兰花; 平底锅; 健康早餐; 厨房; 烹饪,无,冯浩然在厨房灶台前准备健康早餐，平底锅中正在香煎鸡胸肉和西兰花，旁边放着全麦面包片。,"{'province': '湖南省', 'city': '长沙市', 'district': '岳麓区', 'streetName': '双塘路', 'streetNumber': '99号', 'poi': '岳麓区机关金星住宅小区'}",112.938578,28.221525,"{'province': '湖南省', 'city': '长沙市', 'district': '岳麓区', 'street': '桐梓坡路', 'formatted_address': '湖南省长沙市岳麓区桐梓坡路99号'}",
Gallery-465,211-3,IMG_20250406_112015,2025-04-06 11:20:15,CFA学习计划; 电脑屏幕; 手机拍摄; 文档扫描; 书房; 备考,"CFA Level II 冲刺计划 (2025.04.06-2025.05.31)
日期 | 章节 | 习题量
2025-04-07 | 财务报表分析 (FSA) | 30题
2025-04-08 | 公司金融 (CF) | 25题",冯浩然在书房书桌前，用手机拍摄电脑屏幕上刚制定好的CFA学习计划表，表格详细列出了每日章节和习题量。,"{'province': '湖南省', 'city': '长沙市', 'district': '岳麓区', 'streetName': '双塘路', 'streetNumber': '99号', 'poi': '岳麓区机关金星住宅小区'}",112.938578,28.221525,"{'province': '湖南省', 'city': '长沙市', 'district': '岳麓区', 'street': '桐梓坡路', 'formatted_address': '湖南省长沙市岳麓区桐梓坡路99号'}",211-a
Gallery-466,58-3-1,IMG_20250406_150520,2025-04-06 15:05:20,手冲咖啡; 咖啡豆品鉴; 风味卡片; 咖啡杯; 咖啡厅; 社交活动,无,冯浩然在一丹咖啡厅的品鉴桌上，拍摄三杯不同产地的精品咖啡，旁边放着咖啡豆样品和风味描述卡片。,"{'province': '湖南省', 'city': '长沙市', 'district': '芙蓉区', 'streetName': '浏阳河大道', 'streetNumber': '198号', 'poi': '一丹咖啡厅'}",113.045069,28.193427,"{'province': '湖南省', 'city': '长沙市', 'district': '芙蓉区', 'street': '浏阳河大道', 'formatted_address': '湖南省长沙市芙蓉区浏阳河大道[]'}",58-c
Gallery-467,,IMG_20250406_174520,2025-04-06 17:45:20,潮宗街; 夕阳; 光影; 麻石路; 老墙; 街拍; 人文,无,冯浩然在潮宗街历史文化街区，拍摄夕阳余晖洒在麻石路和老墙上的光影，一位路人正从巷口走过。,"{'province': '湖南省', 'city': '长沙市', 'district': '开福区', 'streetName': '通泰街', 'streetNumber': 'XX号', 'poi': '潮宗街历史文化街区'}",112.972255,28.203177,"{'province': '湖南省', 'city': '长沙市', 'district': '开福区', 'street': '潮宗街', 'formatted_address': '湖南省长沙市开福区潮宗街[]'}",
Gallery-468,58-3-2,IMG_20250406_175510,2025-04-06 17:55:10,人物合影; 沈心怡; 小店门口; 复古招牌; 街拍; 社交,无,冯浩然在潮宗街一家特色小店门口，与店主沈心怡（咖啡店老板）合影，背景是复古的木门和招牌。,"{'province': '湖南省', 'city': '长沙市', 'district': '开福区', 'streetName': '通泰街', 'streetNumber': 'XX号', 'poi': '潮宗街历史文化街区'}",112.972255,28.203177,"{'province': '湖南省', 'city': '长沙市', 'district': '开福区', 'street': '潮宗街', 'formatted_address': '湖南省长沙市开福区潮宗街[]'}",58-c
Gallery-469,,IMG_20250406_180205,2025-04-06 18:02:05,导视牌; 潮宗街; 历史简介; 导览图; 石刻; 街拍,"潮宗街历史文化街区
始建于清康熙年间，因临城门潮宗门而名。
现存历史遗迹：金九活动旧址、真耶稣教会堂等。
开放时间：全天 | 门票：免费",冯浩然在潮宗街入口处，拍摄一块刻有街区历史简介和导览图的石质导视牌。,"{'province': '湖南省', 'city': '长沙市', 'district': '开福区', 'streetName': '通泰街', 'streetNumber': 'XX号', 'poi': '潮宗街历史文化街区'}",112.972255,28.203177,"{'province': '湖南省', 'city': '长沙市', 'district': '开福区', 'street': '潮宗街', 'formatted_address': '湖南省长沙市开福区潮宗街[]'}",
Gallery-470,,IMG_20250406_190210,2025-04-06 19:02:10,蔬菜沙拉; 鸡胸肉丸; 无糖酸奶; 健康晚餐; 餐桌; 清淡饮食,无,冯浩然在餐厅餐桌上，拍摄一份搭配好的简易晚餐，包括蔬菜沙拉、鸡胸肉丸和无糖酸奶。,"{'province': '湖南省', 'city': '长沙市', 'district': '岳麓区', 'streetName': '双塘路', 'streetNumber': '99号', 'poi': '岳麓区机关金星住宅小区'}",112.938578,28.221525,"{'province': '湖南省', 'city': '长沙市', 'district': '岳麓区', 'street': '桐梓坡路', 'formatted_address': '湖南省长沙市岳麓区桐梓坡路99号'}",
Gallery-471,,IMG_20250407_153015,2025-04-07 15:30:15,手冲咖啡; 玻璃咖啡杯; 木质吧台; 绿植; 下午茶; 工作间隙,无,冯浩然在圣爵菲斯咖啡厅品尝手冲咖啡，咖啡杯旁放着笔记本电脑，背景是木质吧台和绿植,"{'province': '湖南省', 'city': '长沙市', 'district': '开福区', 'streetName': '三一大道', 'streetNumber': 'XX号', 'poi': '圣爵菲斯咖啡厅'}",113.016375,28.233632,"{'province': '湖南省', 'city': '长沙市', 'district': '开福区', 'street': '三一大道', 'formatted_address': '湖南省长沙市开福区三一大道[]'}",
Gallery-472,a_9,IMG_20250407_201020,2025-04-07 20:10:20,学习计划表; CFA备考; 红笔标注; 书桌; 文档扫描; 学习工具,"CFA四月冲刺计划
目标：专攻财务报表分析、股权投资
每日额外学习时长：1.5小时
执行日期：2025-04-08 至 2025-04-30",冯浩然在书房书桌上拍摄新制定的CFA四月冲刺计划表，红笔圈出的重点清晰可见,"{'province': '湖南省', 'city': '长沙市', 'district': '岳麓区', 'streetName': '双塘路', 'streetNumber': '99号', 'poi': '岳麓区机关金星住宅小区家中书房'}",112.938578,28.221525,"{'province': '湖南省', 'city': '长沙市', 'district': '岳麓区', 'street': '桐梓坡路', 'formatted_address': '湖南省长沙市岳麓区桐梓坡路99号'}",a_9
Gallery-473,a_9,IMG_20250407_211530,2025-04-07 21:15:30,CFA教材; 错题本; 财务报表分析; 书桌; 学习资料; 备考,"CFA Program Curriculum Level II
Financial Reporting and Analysis
Page 156",冯浩然拍摄摊开在书桌上的CFA官方教材和错题本，教材页面停留在财务报表分析章节,"{'province': '湖南省', 'city': '长沙市', 'district': '岳麓区', 'streetName': '双塘路', 'streetNumber': '99号', 'poi': '岳麓区机关金星住宅小区家中书房'}",112.938578,28.221525,"{'province': '湖南省', 'city': '长沙市', 'district': '岳麓区', 'street': '桐梓坡路', 'formatted_address': '湖南省长沙市岳麓区桐梓坡路99号'}",a_9
Gallery-474,,IMG_20250407_215005,2025-04-07 21:50:05,工作笔记本; 待办事项; 钢笔; 木质茶几; 明日计划; 任务清单,"2025-04-08 核心任务
1. 抛光科技主题配置方案PPT
2. 预约客户黄思琪汇报时间
3. 执行CFA新计划第一天（财务报表分析模块）",冯浩然拍摄摊开在茶几上的工作笔记本，上面清晰地写着明日待办事项清单,"{'province': '湖南省', 'city': '长沙市', 'district': '岳麓区', 'streetName': '双塘路', 'streetNumber': '99号', 'poi': '岳麓区机关金星住宅小区家中客厅'}",112.938578,28.221525,"{'province': '湖南省', 'city': '长沙市', 'district': '岳麓区', 'street': '桐梓坡路', 'formatted_address': '湖南省长沙市岳麓区桐梓坡路99号'}",
Gallery-475,,IMG_20250407_222200,2025-04-07 22:22:00,跑鞋; 运动手表; 运动袜; 床头柜; 物品收纳; 晨跑准备,无,冯浩然拍摄整齐叠放在床头柜上的晨跑装备，包括跑鞋、运动袜和运动手表,"{'province': '湖南省', 'city': '长沙市', 'district': '岳麓区', 'streetName': '双塘路', 'streetNumber': '99号', 'poi': '岳麓区机关金星住宅小区家中卧室'}",112.938578,28.221525,"{'province': '湖南省', 'city': '长沙市', 'district': '岳麓区', 'street': '桐梓坡路', 'formatted_address': '湖南省长沙市岳麓区桐梓坡路99号'}",
Gallery-476,,IMG_20250408_124520,2025-04-08 12:45:20,剁椒鱼头; 湘菜; 聚餐; 同事; 美食摄影; 红色剁椒,无,冯浩然与同事郑文博在金鹰路湘菜馆品尝剁椒鱼头，红色剁椒铺满鱼头，热气腾腾，背景是木质餐桌和店内装饰,"{'province': '湖南省', 'city': '长沙市', 'district': '开福区', 'streetName': '金鹰路', 'streetNumber': 'XX号', 'poi': '金鹰路湘菜馆'}",113.043533,28.238287,"{'province': '湖南省', 'city': '长沙市', 'district': '开福区', 'street': '金鹰路', 'formatted_address': '湖南省长沙市开福区金鹰路[]'}",
Gallery-477,a_212,IMG_20250408_151530,2025-04-08 15:15:30,文档扫描; 办公桌; 二季度目标; 工作文件; 签字笔; 手机摄影,华泰证券投资顾问部 - 2025年第二季度个人绩效目标草案 - 关键目标：1. 推进黄思琪公司上市服务项目 2. 拓展新晋高净值客户3名 - 责任人：冯浩然 - 审核人：钱永强,冯浩然在华泰证券办公室用手机扫描一份二季度目标草案文档，文档平铺在办公桌上，旁边放着签字笔和咖啡杯,"{'province': '湖南省', 'city': '长沙市', 'district': '开福区', 'streetName': '三一大道', 'streetNumber': 'XX号', 'poi': '湖南广电中心写字楼-华泰证券办公室'}",113.046548,28.235932,"{'province': '湖南省', 'city': '长沙市', 'district': '开福区', 'street': '三一大道', 'formatted_address': '湖南省长沙市开福区三一大道[]'}",a_212
Gallery-478,213-2-1,IMG_20250409_071530,2025-04-09 07:15:30,晨雾; 麓山南路; 古树; 晨跑; 岳麓山; 街景,无,冯浩然在岳麓山晨跑途中，用手机拍摄清晨薄雾笼罩下的麓山南路，道路两旁古树参天，远处可见湖南大学建筑群,"{'province': '湖南省', 'city': '长沙市', 'district': '岳麓区', 'streetName': '麓山南路', 'streetNumber': 'XX号', 'poi': '岳麓山风景名胜区'}",112.936104,28.183601,"{'province': '湖南省', 'city': '长沙市', 'district': '岳麓区', 'street': '麓山南路', 'formatted_address': '湖南省长沙市岳麓区麓山南路[]'}",213-b
Gallery-479,,IMG_20250409_121520,2025-04-09 12:15:20,小炒黄牛肉; 剁椒鱼头; 湘菜; 午餐; 同事聚餐; 美食记录,无,冯浩然与同事郑文博在金鹰路湘菜馆用餐，拍摄桌上的招牌菜小炒黄牛肉和剁椒鱼头，菜品色泽诱人，餐具摆放整齐,"{'province': '湖南省', 'city': '长沙市', 'district': '开福区', 'streetName': '金鹰路', 'streetNumber': 'XX号', 'poi': '某湘菜馆'}",113.043533,28.238287,"{'province': '湖南省', 'city': '长沙市', 'district': '开福区', 'street': '金鹰路', 'formatted_address': '湖南省长沙市开福区金鹰路[]'}",
Gallery-480,,IMG_20250409_121810,2025-04-09 12:18:10,菜单; 湘菜; 价格; 菜品; 餐厅; 文档扫描,小炒黄牛肉 68元/份 剁椒鱼头 88元/份 2025-04-09,冯浩然拍摄湘菜馆的菜单，上面印有菜品名称和价格，背景是餐厅的木质桌面,"{'province': '湖南省', 'city': '长沙市', 'district': '开福区', 'streetName': '金鹰路', 'streetNumber': 'XX号', 'poi': '某湘菜馆'}",113.043533,28.238287,"{'province': '湖南省', 'city': '长沙市', 'district': '开福区', 'street': '金鹰路', 'formatted_address': '湖南省长沙市开福区金鹰路[]'}",
Gallery-481,213-2-4,IMG_20250409_184520,2025-04-09 18:45:20,三文鱼排; 西兰花; 玉米; 蔬菜沙拉; 健康晚餐; 自制美食,无,冯浩然在家中厨房，拍摄自己准备的健康晚餐：橄榄油煎三文鱼排、蒸西兰花和玉米，搭配混合蔬菜沙拉，摆盘精致,"{'province': '湖南省', 'city': '长沙市', 'district': '岳麓区', 'streetName': '双塘路', 'streetNumber': '99号', 'poi': '岳麓区机关金星住宅小区家中厨房'}",112.938578,28.221525,"{'province': '湖南省', 'city': '长沙市', 'district': '岳麓区', 'street': '桐梓坡路', 'formatted_address': '湖南省长沙市岳麓区桐梓坡路99号'}",213-b
Gallery-482,a_138,IMG_20250409_200510,2025-04-09 20:05:10,电脑屏幕; 摄影作品; 长沙街景; Lightroom; 后期处理; 文档扫描,无,冯浩然在书房整理近期拍摄的摄影作品，用手机翻拍电脑屏幕上的一张经过Lightroom调整后的长沙街景照片，照片构图工整,"{'province': '湖南省', 'city': '长沙市', 'district': '岳麓区', 'streetName': '双塘路', 'streetNumber': '99号', 'poi': '岳麓区机关金星住宅小区家中书房'}",112.938578,28.221525,"{'province': '湖南省', 'city': '长沙市', 'district': '岳麓区', 'street': '桐梓坡路', 'formatted_address': '湖南省长沙市岳麓区桐梓坡路99号'}",a_138
Gallery-483,a_147,IMG_20250410_103015,2025-04-10 10:30:15,文档扫描; 研究报告; 比特币ETF; 办公桌; 金融分析; 工作准备,比特币现货ETF市场深度研究报告 - 华泰证券研究所 - 2025年4月,冯浩然在办公室的办公桌上，使用手机扫描一份关于比特币ETF的卖方研究报告，报告封面清晰可见，背景是笔记本电脑和茶杯。,"{'province': '湖南省', 'city': '长沙市', 'district': '开福区', 'streetName': '芙蓉中路', 'streetNumber': '88号', 'poi': '华泰证券股份有限公司写字楼'}",112.986675,28.223728,"{'province': '湖南省', 'city': '长沙市', 'district': '开福区', 'street': '芙蓉中路', 'formatted_address': '湖南省长沙市开福区芙蓉中路88号'}",a_147
Gallery-484,9-3-2,IMG_20250410_121520,2025-04-10 12:15:20,人物合影; 同事聚餐; 牛肉粉; 湘菜小吃; 午餐时光; 工作社交,无,冯浩然与同事郑文博在老长沙面粉馆的餐桌前合影，两人面前各摆放着一碗招牌牛肉粉，背景是餐厅的复古装饰墙。,"{'province': '湖南省', 'city': '长沙市', 'district': '开福区', 'streetName': '营盘路', 'streetNumber': 'XX号', 'poi': '老长沙面粉馆(中山路店)'}",112.985088,28.206501,"{'province': '湖南省', 'city': '长沙市', 'district': '开福区', 'street': '营盘路', 'formatted_address': '湖南省长沙市开福区营盘路[]'}",9-c
Gallery-485,147-3,IMG_20250411_113025,2025-04-11 11:30:25,文档扫描; 研究报告; 比特币ETF; 办公桌; 金融分析; 手机拍摄,"比特币现货ETF投资分析报告
风险收益特征：高波动性、与传统资产相关性低、受监管政策影响显著
建议配置比例：不超过总资产的5%
报告日期：2025-04-10",冯浩然在办公室的办公桌上，用手机扫描一份关于比特币ETF投资风险与收益特征的研究报告文档，背景是笔记本电脑和咖啡杯。,"{'province': '湖南省', 'city': '长沙市', 'district': '开福区', 'streetName': '芙蓉中路', 'streetNumber': '88号', 'poi': '华泰证券股份有限公司'}",112.986675,28.223728,"{'province': '湖南省', 'city': '长沙市', 'district': '开福区', 'street': '芙蓉中路', 'formatted_address': '湖南省长沙市开福区芙蓉中路88号'}",147-c
Gallery-486,61-2-1,IMG_20250411_184510,2025-04-11 18:45:10,天文台; 科普展板; 系外行星; 星空背景; 知识打卡; 室内拍摄,"系外行星探测简史
1995年：发现第一颗围绕类太阳恒星运行的行星（飞马座51b）
2009年：开普勒空间望远镜发射，开启系外行星普查时代
2025年：已确认的系外行星超过5000颗
寻找第二个地球——我们仍在路上",冯浩然在湖南省天文台科普展厅内，拍摄展示系外行星探测历史与发现的科普展板，背景是深蓝色的星空主题墙。,"{'province': '湖南省', 'city': '长沙市', 'district': '望城区', 'streetName': '金星北路', 'streetNumber': '一段', 'poi': '湖南省天文台'}",112.871107,28.313761,"{'province': '湖南省', 'city': '长沙市', 'district': '望城区', 'street': '金星北路', 'formatted_address': '湖南省长沙市望城区金星北路[]'}",61-b
Gallery-487,61-2-1,IMG_20250411_201520,2025-04-11 20:15:20,人物合影; 天文望远镜; 天文台圆顶; 夜间活动; 爱好者交流; 星空爱好者,无,冯浩然与一位天文摄影爱好者在望远镜观测区合影，两人站在一台大型天文望远镜旁，背景是天文台的圆顶和夜空。,"{'province': '湖南省', 'city': '长沙市', 'district': '望城区', 'streetName': '金星北路', 'streetNumber': '一段', 'poi': '湖南省天文台'}",112.871107,28.313761,"{'province': '湖南省', 'city': '长沙市', 'district': '望城区', 'street': '金星北路', 'formatted_address': '湖南省长沙市望城区金星北路[]'}",61-b
Gallery-488,61-2-1,IMG_20250411_210805,2025-04-11 21:08:05,望远镜观测; 土星; 行星光环; 天体特写; 天文摄影; 细节捕捉,无,冯浩然通过望远镜目镜拍摄土星及其光环的细节特写，土星环清晰可见，画面呈现深邃的黑色背景和明亮的天体。,"{'province': '湖南省', 'city': '长沙市', 'district': '望城区', 'streetName': '金星北路', 'streetNumber': '一段', 'poi': '湖南省天文台'}",112.871107,28.313761,"{'province': '湖南省', 'city': '长沙市', 'district': '望城区', 'street': '金星北路', 'formatted_address': '湖南省长沙市望城区金星北路[]'}",61-b
Gallery-489,a_61,IMG_20250411_230215,2025-04-11 23:02:15,物品收纳; 摄影器材; 相机; 备用电池; 充电宝; 桌面整理,无,冯浩然在家中书房的书桌上，整理并拍摄自己外出观星时使用的相机、备用电池和充电宝，物品整齐排列在桌面上。,"{'province': '湖南省', 'city': '长沙市', 'district': '岳麓区', 'streetName': '双塘路', 'streetNumber': '99号', 'poi': '岳麓区机关金星住宅小区'}",112.938578,28.221525,"{'province': '湖南省', 'city': '长沙市', 'district': '岳麓区', 'street': '桐梓坡路', 'formatted_address': '湖南省长沙市岳麓区桐梓坡路99号'}",a_61
Gallery-490,,IMG_20250411_231840,2025-04-11 23:18:40,文档扫描; 手写笔记; 金融思考; 宇宙感悟; 笔记本; 知识整理,"2025-04-11 观星随想
比特币ETF的波动性如同行星轨道，看似无序却遵循引力（市场规律）。
风险管理如同望远镜校准，需要耐心和精确。
从宇宙的宏观秩序感，反思资产配置的长期平衡。",冯浩然在书房用手机扫描记录有比特币ETF研究思考和观星感悟的笔记本页面，页面上写满了金融分析与宇宙规律的类比文字。,"{'province': '湖南省', 'city': '长沙市', 'district': '岳麓区', 'streetName': '双塘路', 'streetNumber': '99号', 'poi': '岳麓区机关金星住宅小区'}",112.938578,28.221525,"{'province': '湖南省', 'city': '长沙市', 'district': '岳麓区', 'street': '桐梓坡路', 'formatted_address': '湖南省长沙市岳麓区桐梓坡路99号'}",
Gallery-491,118-1-1,IMG_20250412_124530,2025-04-12 12:45:30,草莓盆栽; 章姬草莓; 花卉市场; 园艺植物; 果实特写; 木质摊位,无,冯浩然在红星花卉市场选购的草莓盆栽，果实饱满红润，整齐摆放在木质摊位上，背景是琳琅满目的其他绿植,"{'province': '湖南省', 'city': '长沙市', 'district': '雨花区', 'streetName': '时代阳光大道', 'streetNumber': 'XX号', 'poi': '红星花卉市场'}",113.032666,28.097162,"{'province': '湖南省', 'city': '长沙市', 'district': '雨花区', 'street': '时代阳光大道', 'formatted_address': '湖南省长沙市雨花区时代阳光大道[]'}",118-a
Gallery-492,,IMG_20250412_134015,2025-04-12 13:40:15,鸡胸肉沙拉; 健康午餐; 蔬菜水果; 白色瓷盘; 自制美食; 营养餐,无,冯浩然自制的午餐鸡胸肉蔬菜沙拉，盛放在白色瓷盘中，色彩鲜艳，旁边放着不锈钢叉子,"{'province': '湖南省', 'city': '长沙市', 'district': '岳麓区', 'streetName': '双塘路', 'streetNumber': '99号', 'poi': '岳麓区机关金星住宅小区家中'}",112.938578,28.221525,"{'province': '湖南省', 'city': '长沙市', 'district': '岳麓区', 'street': '桐梓坡路', 'formatted_address': '湖南省长沙市岳麓区桐梓坡路99号'}",
Gallery-493,118-1-3,IMG_20250412_141220,2025-04-12 14:12:20,草莓盆栽; 阳台园艺; 木质花架; 阳光照射; 浇水壶; 家居绿植,无,草莓盆栽被安置在朝南阳台的木质花架上，阳光透过玻璃窗洒在绿叶和红果上，旁边放着浇水壶,"{'province': '湖南省', 'city': '长沙市', 'district': '岳麓区', 'streetName': '双塘路', 'streetNumber': '99号', 'poi': '岳麓区机关金星住宅小区家中阳台'}",112.938578,28.221525,"{'province': '湖南省', 'city': '长沙市', 'district': '岳麓区', 'street': '桐梓坡路', 'formatted_address': '湖南省长沙市岳麓区桐梓坡路99号'}",118-a
Gallery-494,89-4-2,IMG_20250412_203045,2025-04-12 20:30:45,车辆年检标志; 检测费用收据; 文档扫描; 财务记录; 深色桌面,长沙安通机动车检测站 机动车安全技术检验合格标志 有效期至2026年4月 检验费用：280元,冯浩然手机拍摄的车辆年检合格标志和检测费用收据，单据平铺在深色桌面上，文字清晰可见,"{'province': '湖南省', 'city': '长沙市', 'district': '岳麓区', 'streetName': '双塘路', 'streetNumber': '99号', 'poi': '岳麓区机关金星住宅小区家中书房'}",112.938578,28.221525,"{'province': '湖南省', 'city': '长沙市', 'district': '岳麓区', 'street': '桐梓坡路', 'formatted_address': '湖南省长沙市岳麓区桐梓坡路99号'}",89-d
Gallery-495,,IMG_20250413_084520,2025-04-13 08:45:20,早餐; 煎蛋; 吐司; 平板电脑; 财经新闻; 木质餐桌,无,冯浩然在自家餐厅的餐桌上拍摄早餐，餐盘里有煎蛋和吐司，旁边放着平板电脑显示财经新闻,"{'province': '湖南省', 'city': '长沙市', 'district': '岳麓区', 'streetName': '双塘路', 'streetNumber': '99号', 'poi': '岳麓区机关金星住宅小区'}",112.938578,28.221525,"{'province': '湖南省', 'city': '长沙市', 'district': '岳麓区', 'street': '桐梓坡路', 'formatted_address': '湖南省长沙市岳麓区桐梓坡路99号'}",
Gallery-496,,IMG_20250413_121530,2025-04-13 12:15:30,香煎鸡胸肉; 西兰花; 糙米饭; 午餐; 家常菜; 厨房灶台,无,冯浩然在自家厨房拍摄刚出锅的香煎鸡胸肉配西兰花和糙米饭，餐盘摆放在灶台旁,"{'province': '湖南省', 'city': '长沙市', 'district': '岳麓区', 'streetName': '双塘路', 'streetNumber': '99号', 'poi': '岳麓区机关金星住宅小区'}",112.938578,28.221525,"{'province': '湖南省', 'city': '长沙市', 'district': '岳麓区', 'street': '桐梓坡路', 'formatted_address': '湖南省长沙市岳麓区桐梓坡路99号'}",
Gallery-497,,IMG_20250413_185510,2025-04-13 18:55:10,晚樱; 花瓣; 社区公园; 傍晚光线; 植物特写; 散步随拍,无,冯浩然在英才园社区公园散步时拍摄路边盛开的晚樱，粉色花瓣在傍晚光线下显得柔和,"{'province': '湖南省', 'city': '长沙市', 'district': '岳麓区', 'streetName': '英才园路', 'streetNumber': 'XX号', 'poi': '英才园社区公园'}",112.94648,28.213092,"{'province': '湖南省', 'city': '长沙市', 'district': '岳麓区', 'street': '英才园路', 'formatted_address': '湖南省长沙市岳麓区英才园路[]'}",
Gallery-498,,IMG_20250414_122015,2025-04-14 12:20:15,牛肉粉; 湘味小吃; 午餐; 同事聚餐; 复古餐厅; 美食摄影,老长沙面粉馆 - 牛肉粉 28元/碗 2025-04-14,冯浩然与同事郑文博在老长沙面粉馆品尝牛肉粉，桌上摆着两碗热气腾腾的米粉和几碟小菜，背景是复古风格的餐厅环境。,"{'province': '湖南省', 'city': '长沙市', 'district': '开福区', 'streetName': '营盘路', 'streetNumber': 'XX号', 'poi': '老长沙面粉馆(中山路店)'}",112.985088,28.206501,"{'province': '湖南省', 'city': '长沙市', 'district': '开福区', 'street': '营盘路', 'formatted_address': '湖南省长沙市开福区营盘路[]'}",
Gallery-499,10-1,IMG_20250414_144530,2025-04-14 14:45:30,PPT截图; 比特币ETF; 风险收益分析; 金融图表; 会议筹备; 笔记本电脑屏幕,比特币ETF配置策略 - 风险收益分析框架 - 华泰证券内部资料 2025-04-14,冯浩然笔记本电脑屏幕上显示着为明日客户会议准备的PPT，内容包含比特币ETF的风险收益分析框架图表和关键数据。,"{'province': '湖南省', 'city': '长沙市', 'district': '开福区', 'streetName': '芙蓉中路', 'streetNumber': '88号', 'poi': '湖南广电中心写字楼华泰证券办公室'}",113.046548,28.235932,"{'province': '湖南省', 'city': '长沙市', 'district': '开福区', 'street': [], 'formatted_address': '湖南省长沙市开福区[][]'}",10-a
Gallery-500,a_215,IMG_20250414_191020,2025-04-14 19:10:20,香煎鸡胸肉; 西兰花; 健康晚餐; 高蛋白饮食; 厨房烹饪; 美食摆盘,无,冯浩然在家中厨房烹饪的香煎鸡胸肉和西兰花，鸡胸肉色泽金黄，西兰花翠绿，摆放在白色餐盘中，背景是整洁的厨房灶台。,"{'province': '湖南省', 'city': '长沙市', 'district': '岳麓区', 'streetName': '双塘路', 'streetNumber': '99号', 'poi': '岳麓区机关金星住宅小区家中厨房'}",112.938578,28.221525,"{'province': '湖南省', 'city': '长沙市', 'district': '岳麓区', 'street': '桐梓坡路', 'formatted_address': '湖南省长沙市岳麓区桐梓坡路99号'}",a_215
Gallery-501,10-2-2,IMG_20250415_103000,2025-04-15 10:30:00,PPT截图; 上市项目; 市场分析; 财务预测; 办公电脑; 工作文档,"黄思琪科技公司上市服务项目
市场分析
财务预测 (2025-2027)
关键时间节点
2025-Q4: 提交A1申请
2026-Q2: 预计聆讯
2026-Q3: 目标挂牌上市",冯浩然电脑屏幕上显示着关于黄思琪科技公司上市项目的PPT截图，内容包含市场分析、财务预测和上市时间线，背景是办公室的工位隔板。,"{'province': '湖南省', 'city': '长沙市', 'district': '开福区', 'streetName': '芙蓉中路', 'streetNumber': '88号', 'poi': '华泰证券股份有限公司办公室'}",112.986675,28.223728,"{'province': '湖南省', 'city': '长沙市', 'district': '开福区', 'street': '芙蓉中路', 'formatted_address': '湖南省长沙市开福区芙蓉中路88号'}",10-b
Gallery-502,10-2-2,IMG_20250415_111500,2025-04-15 11:15:00,白板; 会议纪要; 手写笔记; 任务分工; 时间节点; 办公室,"黄思琪科技上市项目 - 跟进要点
任务分工：
- 冯浩然：整体协调，财务模型
- 郑文博：法律文件
- 孙晓雅：客户沟通
时间节点：
- 4月20日：初版财务模型
- 4月25日：法律意见书初稿
交付标准：符合港交所要求",冯浩然在办公室白板上手写的会议纪要要点，内容包括任务分工、时间节点和交付标准，旁边放着一支黑色白板笔。,"{'province': '湖南省', 'city': '长沙市', 'district': '开福区', 'streetName': '芙蓉中路', 'streetNumber': '88号', 'poi': '华泰证券股份有限公司办公室'}",112.986675,28.223728,"{'province': '湖南省', 'city': '长沙市', 'district': '开福区', 'street': '芙蓉中路', 'formatted_address': '湖南省长沙市开福区芙蓉中路88号'}",10-b
Gallery-503,,IMG_20250416_064520,2025-04-16 06:45:20,清晨街头; 晨光; 人行道; 行道树; 居民楼; 宁静,无,冯浩然在清晨的双塘路街头拍摄，晨光透过行道树洒在干净的人行道上，远处可见岳麓区机关金星住宅小区的楼宇轮廓。,"{'province': '湖南省', 'city': '长沙市', 'district': '岳麓区', 'streetName': '双塘路', 'streetNumber': '99号', 'poi': '岳麓区机关金星住宅小区'}",112.938578,28.221525,"{'province': '湖南省', 'city': '长沙市', 'district': '岳麓区', 'street': '桐梓坡路', 'formatted_address': '湖南省长沙市岳麓区桐梓坡路99号'}",
Gallery-504,,IMG_20250416_070005,2025-04-16 07:00:05,运动装备; 收纳; 运动手表; 无线耳机; 玄关柜; 晨跑准备,无,冯浩然将运动手表、无线耳机和手机整齐地摆放在玄关柜上，准备出发晨跑，背景是家中的木质鞋柜。,"{'province': '湖南省', 'city': '长沙市', 'district': '岳麓区', 'streetName': '双塘路', 'streetNumber': '99号', 'poi': '岳麓区机关金星住宅小区家中玄关'}",112.938578,28.221525,"{'province': '湖南省', 'city': '长沙市', 'district': '岳麓区', 'street': '桐梓坡路', 'formatted_address': '湖南省长沙市岳麓区桐梓坡路99号'}",
Gallery-505,217-3,IMG_20250416_072230,2025-04-16 07:22:30,岳麓山; 晨跑; 自拍; 山林; 城市天际线; 风景打卡,无,冯浩然在岳麓山风景名胜区步道旁，以清晨的山林和远处若隐若现的城市天际线为背景，进行风景打卡自拍。,"{'province': '湖南省', 'city': '长沙市', 'district': '岳麓区', 'streetName': '麓山南路', 'streetNumber': 'XX号', 'poi': '岳麓山风景名胜区步道'}",112.936104,28.183601,"{'province': '湖南省', 'city': '长沙市', 'district': '岳麓区', 'street': '麓山南路', 'formatted_address': '湖南省长沙市岳麓区麓山南路[]'}",217-c
Gallery-506,217-3,IMG_20250416_073510,2025-04-16 07:35:10,人物合影; 晨跑伙伴; 运动装; 观景平台; 山谷; 岳麓山,无,冯浩然与跑友高云飞在岳麓山一处观景平台并肩站立，两人都穿着运动装，面带微笑，背景是开阔的山谷景色。,"{'province': '湖南省', 'city': '长沙市', 'district': '岳麓区', 'streetName': '麓山南路', 'streetNumber': 'XX号', 'poi': '岳麓山风景名胜区观景平台'}",112.936104,28.183601,"{'province': '湖南省', 'city': '长沙市', 'district': '岳麓区', 'street': '麓山南路', 'formatted_address': '湖南省长沙市岳麓区麓山南路[]'}",217-c
Gallery-507,217-3,IMG_20250416_074520,2025-04-16 07:45:20,枫叶; 晨露; 微距; 叶脉; 细节特写; 自然,无,冯浩然用微距模式拍摄步道旁一片沾满晨露的枫叶，露珠晶莹剔透，叶脉纹理清晰可见。,"{'province': '湖南省', 'city': '长沙市', 'district': '岳麓区', 'streetName': '麓山南路', 'streetNumber': 'XX号', 'poi': '岳麓山风景名胜区步道旁'}",112.936104,28.183601,"{'province': '湖南省', 'city': '长沙市', 'district': '岳麓区', 'street': '麓山南路', 'formatted_address': '湖南省长沙市岳麓区麓山南路[]'}",217-c
Gallery-508,a_9,IMG_20250416_081520,2025-04-16 08:15:20,早餐; 湖南米粉; 手冲咖啡; 吧台; 美食; 晨间,无,冯浩然将刚做好的早餐——一碗热气腾腾的米粉和一杯手冲咖啡，摆放在厨房的吧台上，旁边放着财经资讯的平板电脑。,"{'province': '湖南省', 'city': '长沙市', 'district': '岳麓区', 'streetName': '双塘路', 'streetNumber': '99号', 'poi': '岳麓区机关金星住宅小区家中厨房'}",112.938578,28.221525,"{'province': '湖南省', 'city': '长沙市', 'district': '岳麓区', 'street': '桐梓坡路', 'formatted_address': '湖南省长沙市岳麓区桐梓坡路99号'}",a_9
Gallery-509,16-6,IMG_20250416_191020,2025-04-16 19:10:20,湘菜外卖; 辣椒炒肉; 剁椒鱼头; 白色瓷盘; 晚餐; 美食,无,冯浩然拍摄了晚餐外卖——一份辣椒炒肉和一份剁椒鱼头，盛放在家中的白色瓷盘里，色彩鲜艳，令人食欲大开。,"{'province': '湖南省', 'city': '长沙市', 'district': '岳麓区', 'streetName': '双塘路', 'streetNumber': '99号', 'poi': '岳麓区机关金星住宅小区家中客厅餐桌'}",112.938578,28.221525,"{'province': '湖南省', 'city': '长沙市', 'district': '岳麓区', 'street': '桐梓坡路', 'formatted_address': '湖南省长沙市岳麓区桐梓坡路99号'}",16-f
Gallery-510,16-6,IMG_20250416_195530,2025-04-16 19:55:30,摄影器材; 收纳; 单反相机; 镜头; 摄影包; 整理,无,冯浩然将单反相机、镜头和清洁工具整齐地收纳进专用的摄影包隔层中，准备结束一天的整理。,"{'province': '湖南省', 'city': '长沙市', 'district': '岳麓区', 'streetName': '双塘路', 'streetNumber': '99号', 'poi': '岳麓区机关金星住宅小区家中书房'}",112.938578,28.221525,"{'province': '湖南省', 'city': '长沙市', 'district': '岳麓区', 'street': '桐梓坡路', 'formatted_address': '湖南省长沙市岳麓区桐梓坡路99号'}",16-f
Gallery-511,,IMG_20250417_071520,2025-04-17 07:15:20,牛奶麦片; 水果早餐; 木质餐桌; 清晨光线; 健康饮食; 厨房一角,无,冯浩然在自家厨房的餐桌上拍摄早餐，一碗牛奶麦片搭配切好的水果，旁边放着财经播客的手机,"{'province': '湖南省', 'city': '长沙市', 'district': '岳麓区', 'streetName': '双塘路', 'streetNumber': '99号', 'poi': '岳麓区机关金星住宅小区'}",112.938578,28.221525,"{'province': '湖南省', 'city': '长沙市', 'district': '岳麓区', 'street': '桐梓坡路', 'formatted_address': '湖南省长沙市岳麓区桐梓坡路99号'}",
Gallery-512,,IMG_20250417_141030,2025-04-17 14:10:30,办公文档; 内部流程; 签字笔; 工位桌面; 金融工作; 文件扫描,华泰证券内部流程审批单 - 项目编号：HT20250417 - 申请人：冯浩然 - 申请日期：2025-04-17,冯浩然在华泰证券办公室工位上拍摄一份待批复的内部流程文件，文件标题清晰可见，旁边放着签字笔,"{'province': '湖南省', 'city': '长沙市', 'district': '开福区', 'streetName': '三一大道', 'streetNumber': 'XX号', 'poi': '湖南广电中心写字楼华泰证券办公室'}",113.046548,28.235932,"{'province': '湖南省', 'city': '长沙市', 'district': '开福区', 'street': '三一大道', 'formatted_address': '湖南省长沙市开福区三一大道[]'}",
Gallery-513,220-4-1,IMG_20250417_162015,2025-04-17 16:20:15,手冲咖啡; 埃塞俄比亚日晒; 笔记本电脑; 投资报告; 下午茶; 办公环境,无,冯浩然在办公室拍摄一杯埃塞俄比亚日晒手冲咖啡，咖啡杯旁是打开的笔记本电脑，屏幕上显示着正在润色的投资报告,"{'province': '湖南省', 'city': '长沙市', 'district': '开福区', 'streetName': '三一大道', 'streetNumber': 'XX号', 'poi': '湖南广电中心写字楼华泰证券办公室'}",113.046548,28.235932,"{'province': '湖南省', 'city': '长沙市', 'district': '开福区', 'street': '三一大道', 'formatted_address': '湖南省长沙市开福区三一大道[]'}",220-d
Gallery-514,,IMG_20250418_071520,2025-04-18 07:15:20,早餐; 全麦面包; 煎鸡蛋; 牛奶; 厨房餐桌; 晨间,无,冯浩然在厨房餐桌上拍摄自己的早餐，盘中有全麦面包、煎鸡蛋和一杯牛奶，背景是简约的厨房环境。,"{'province': '湖南省', 'city': '长沙市', 'district': '岳麓区', 'streetName': '双塘路', 'streetNumber': '99号', 'poi': '岳麓区机关金星住宅小区'}",112.938578,28.221525,"{'province': '湖南省', 'city': '长沙市', 'district': '岳麓区', 'street': '桐梓坡路', 'formatted_address': '湖南省长沙市岳麓区桐梓坡路99号'}",
Gallery-515,,IMG_20250418_075530,2025-04-18 07:55:30,美式咖啡; 外带杯; 咖啡厅吧台; 早高峰; 通勤,圣爵菲斯咖啡 - 美式咖啡 28元/杯,冯浩然在圣爵菲斯咖啡厅外带了一杯美式咖啡，咖啡杯放在木质吧台上，背景是咖啡厅的装饰和菜单。,"{'province': '湖南省', 'city': '长沙市', 'district': '开福区', 'streetName': '金鹰路', 'streetNumber': 'XX号', 'poi': '圣爵菲斯咖啡厅'}",113.043533,28.238287,"{'province': '湖南省', 'city': '长沙市', 'district': '开福区', 'street': '金鹰路', 'formatted_address': '湖南省长沙市开福区金鹰路[]'}",
Gallery-516,9-4,IMG_20250418_164520,2025-04-18 16:45:20,电脑屏幕; 投资报告; 文档封面; 办公桌; 工作收尾,林志豪先生季度投资报告 - 华泰证券 - 2025年第一季度,冯浩然在办公室工位上拍摄电脑屏幕，屏幕上显示着已定稿的《林志豪先生季度投资报告》的封面页。,"{'province': '湖南省', 'city': '长沙市', 'district': '开福区', 'streetName': '芙蓉中路', 'streetNumber': '88号', 'poi': '华泰证券办公室'}",112.986675,28.223728,"{'province': '湖南省', 'city': '长沙市', 'district': '开福区', 'street': '芙蓉中路', 'formatted_address': '湖南省长沙市开福区芙蓉中路88号'}",9-d
Gallery-517,11-3-1,IMG_20250418_174010,2025-04-18 17:40:10,购物车; 徒步物资; 矿泉水; 能量棒; 超市货架; 采购,无,冯浩然在王府井购物中心超市的货架前，将采购的矿泉水、能量棒、牛肉干和坚果整齐地放入购物车中。,"{'province': '湖南省', 'city': '长沙市', 'district': '岳麓区', 'streetName': '金星中路', 'streetNumber': '383号', 'poi': '王府井购物中心超市'}",112.933436,28.218511,"{'province': '湖南省', 'city': '长沙市', 'district': '岳麓区', 'street': '金星中路', 'formatted_address': '湖南省长沙市岳麓区金星中路[]'}",11-c
Gallery-518,,IMG_20250418_183520,2025-04-18 18:35:20,湘菜外卖; 辣椒炒肉; 擂辣椒皮蛋; 米饭; 晚餐; 情绪饮食,无,冯浩然在家中的餐厅餐桌上，拍摄外卖送来的湘菜套餐，包括辣椒炒肉和擂辣椒皮蛋，旁边还有一碗米饭。,"{'province': '湖南省', 'city': '长沙市', 'district': '岳麓区', 'streetName': '双塘路', 'streetNumber': '99号', 'poi': '岳麓区机关金星住宅小区'}",112.938578,28.221525,"{'province': '湖南省', 'city': '长沙市', 'district': '岳麓区', 'street': '桐梓坡路', 'formatted_address': '湖南省长沙市岳麓区桐梓坡路99号'}",
Gallery-519,11-4-1,IMG_20250419_074520,2025-04-19 07:45:20,登山鞋; 水壶; 单反相机; 装备检查; 木质桌面; 晨间准备,无,冯浩然在书房整理桌上摊开的徒步装备，包括登山鞋、水壶和相机，背景是书柜和电脑显示器。,"{'province': '湖南省', 'city': '长沙市', 'district': '岳麓区', 'streetName': '双塘路', 'streetNumber': '99号', 'poi': '岳麓区机关金星住宅小区'}",112.938578,28.221525,"{'province': '湖南省', 'city': '长沙市', 'district': '岳麓区', 'street': '桐梓坡路', 'formatted_address': '湖南省长沙市岳麓区桐梓坡路99号'}",11-d
Gallery-520,11-4-1,IMG_20250419_094530,2025-04-19 09:45:30,人物合影; 车前; 森林公园; 停车场; 好友汇合; 春日,无,冯浩然在影珠山森林公园东门停车场，与好友彭雨晴在车前合影，背景是山林和停车场指示牌。,"{'province': '湖南省', 'city': '长沙市', 'district': '长沙县', 'streetName': '福临镇影珠山村', 'streetNumber': 'XX号', 'poi': '影珠山森林公园东门停车场'}",113.188018,28.527455,"{'province': '湖南省', 'city': '长沙市', 'district': '长沙县', 'street': [], 'formatted_address': '湖南省长沙市长沙县[][]'}",11-d
Gallery-521,11-4-1,IMG_20250419_112015,2025-04-19 11:20:15,山峦; 云海; 观景台; 徒步风景; 春日阳光; 远眺,无,冯浩然在影珠山观景平台拍摄远处的山峦和云海，阳光透过薄雾洒在山脊上，景色壮丽。,"{'province': '湖南省', 'city': '长沙市', 'district': '长沙县', 'streetName': '福临镇影珠山村', 'streetNumber': 'XX号', 'poi': '影珠山森林公园观景平台'}",113.188018,28.527455,"{'province': '湖南省', 'city': '长沙市', 'district': '长沙县', 'street': [], 'formatted_address': '湖南省长沙市长沙县[][]'}",11-d
Gallery-522,,IMG_20250419_151020,2025-04-19 15:10:20,斑驳砖墙; 藤蔓植物; 光影; 老街细节; 街拍创作; 城市烟火气,无,冯浩然在学堂坡社区的老街拍摄一面斑驳的砖墙，墙上爬着藤蔓植物，阳光在墙面上投下光影。,"{'province': '湖南省', 'city': '长沙市', 'district': '岳麓区', 'streetName': '潇湘中路', 'streetNumber': '138号', 'poi': '学堂坡社区'}",112.95513,28.188187,"{'province': '湖南省', 'city': '长沙市', 'district': '岳麓区', 'street': '潇湘中路', 'formatted_address': '湖南省长沙市岳麓区潇湘中路138号'}",
Gallery-523,11-4-2,IMG_20250419_164530,2025-04-19 16:45:30,手冲咖啡; 咖啡杯; 甜品; 咖啡馆; 下午茶; 木质吧台,无,冯浩然在一丹咖啡厅拍摄桌上的两杯手冲咖啡，咖啡杯旁放着甜品，背景是咖啡馆温暖的木质吧台。,"{'province': '湖南省', 'city': '长沙市', 'district': '芙蓉区', 'streetName': '浏阳河大道', 'streetNumber': 'XX号', 'poi': '一丹咖啡厅'}",113.039134,28.174765,"{'province': '湖南省', 'city': '长沙市', 'district': '芙蓉区', 'street': '浏阳河大道', 'formatted_address': '湖南省长沙市芙蓉区浏阳河大道[]'}",11-d
Gallery-524,a_138,IMG_20250419_212050,2025-04-19 21:20:50,夜晚街景; 路灯; 霓虹灯; 地面倒影; 餐后散步; 城市夜景,无,冯浩然在香樟路的人行道上拍摄夜晚的街景，路灯和商铺的霓虹灯在湿漉漉的地面上形成倒影。,"{'province': '湖南省', 'city': '长沙市', 'district': '雨花区', 'streetName': '香樟路', 'streetNumber': '168号附近', 'poi': '萝卜白菜湘菜馆周边街道'}",113.043883,28.148656,"{'province': '湖南省', 'city': '长沙市', 'district': '雨花区', 'street': '香樟东路', 'formatted_address': '湖南省长沙市雨花区香樟东路[]'}",a_138
Gallery-525,,IMG_20250420_081520,2025-04-20 08:15:20,营养早餐; 全麦面包; 煎蛋; 牛油果; 手冲咖啡; 木质餐桌; 晨间,无,冯浩然在自家厨房的木质餐桌上拍摄营养早餐，餐盘中有全麦面包、煎蛋、牛油果和一杯手冲咖啡，背景是厨房的瓷砖墙面,"{'province': '湖南省', 'city': '长沙市', 'district': '岳麓区', 'streetName': '双塘路', 'streetNumber': '99号', 'poi': '岳麓区机关金星住宅小区'}",112.938578,28.221525,"{'province': '湖南省', 'city': '长沙市', 'district': '岳麓区', 'street': '桐梓坡路', 'formatted_address': '湖南省长沙市岳麓区桐梓坡路99号'}",
Gallery-526,,IMG_20250420_124520,2025-04-20 12:45:20,健康午餐; 香煎鸡胸肉; 清炒西兰花; 糙米饭; 白色餐盘; 木质餐桌,无,冯浩然在自家餐厅的餐桌上拍摄午餐，餐盘中是香煎鸡胸肉、清炒西兰花和糙米饭，旁边放着一杯水,"{'province': '湖南省', 'city': '长沙市', 'district': '岳麓区', 'streetName': '双塘路', 'streetNumber': '99号', 'poi': '岳麓区机关金星住宅小区'}",112.938578,28.221525,"{'province': '湖南省', 'city': '长沙市', 'district': '岳麓区', 'street': '桐梓坡路', 'formatted_address': '湖南省长沙市岳麓区桐梓坡路99号'}",
Gallery-527,91-2-2,IMG_20250420_142015,2025-04-20 14:20:15,路演PPT; 出差材料; 打印稿; 笔记本电脑; 办公桌; 工作准备,华泰证券 - 华南市场投资策略路演 2025年4月,冯浩然在书房书桌上拍摄为华南市场准备的路演PPT打印稿，旁边放着笔记本电脑和笔,"{'province': '湖南省', 'city': '长沙市', 'district': '岳麓区', 'streetName': '双塘路', 'streetNumber': '99号', 'poi': '岳麓区机关金星住宅小区'}",112.938578,28.221525,"{'province': '湖南省', 'city': '长沙市', 'district': '岳麓区', 'street': '桐梓坡路', 'formatted_address': '湖南省长沙市岳麓区桐梓坡路99号'}",91-b
Gallery-528,,IMG_20250421_070815,2025-04-21 07:08:15,晨跑; 社区步道; 清晨阳光; 行道树; 街头风景; 宁静,无,冯浩然在晨跑途中拍摄岳麓区金星住宅小区周边步道的清晨街景，阳光透过行道树洒在整洁的步道上，远处有居民在散步,"{'province': '湖南省', 'city': '长沙市', 'district': '岳麓区', 'streetName': '双塘路', 'streetNumber': '99号', 'poi': '岳麓区机关金星住宅小区社区步道'}",112.936049,28.213108,"{'province': '湖南省', 'city': '长沙市', 'district': '岳麓区', 'street': '双塘路', 'formatted_address': '湖南省长沙市岳麓区双塘路[]'}",
Gallery-529,,IMG_20250421_121530,2025-04-21 12:15:30,小炒黄牛肉; 湘菜; 午餐; 同事聚餐; 美食; 快餐店,无,冯浩然与同事郑文博在‘小炒黄牛肉’快餐店午餐，桌上摆着两盘热气腾腾的小炒黄牛肉和米饭，背景是简约的餐厅环境,"{'province': '湖南省', 'city': '长沙市', 'district': '开福区', 'streetName': '金鹰路', 'streetNumber': 'XX号', 'poi': '小炒黄牛肉快餐店'}",113.043533,28.238287,"{'province': '湖南省', 'city': '长沙市', 'district': '开福区', 'street': '金鹰路', 'formatted_address': '湖南省长沙市开福区金鹰路[]'}",
Gallery-530,,IMG_20250421_121605,2025-04-21 12:16:05,小炒黄牛肉; 美食特写; 湘菜; 辣椒; 午餐; 诱人,无,冯浩然拍摄午餐桌上的美食特写，一盘色泽油亮、香气扑鼻的小炒黄牛肉，点缀着青红辣椒和蒜叶，令人食欲大增,"{'province': '湖南省', 'city': '长沙市', 'district': '开福区', 'streetName': '金鹰路', 'streetNumber': 'XX号', 'poi': '小炒黄牛肉快餐店'}",113.043533,28.238287,"{'province': '湖南省', 'city': '长沙市', 'district': '开福区', 'street': '金鹰路', 'formatted_address': '湖南省长沙市开福区金鹰路[]'}",
Gallery-531,91-3,IMG_20250421_204520,2025-04-21 20:45:20,电子车票; 手机屏幕; 出差行程; 高铁; 文档扫描; 确认,G6113 长沙南-广州南 2025-04-22 08:30 二等座 08车12F,冯浩然在家中客厅沙发上拍摄手机屏幕上的高铁电子车票信息，显示明天G6113次列车从长沙南到广州南的行程详情,"{'province': '湖南省', 'city': '长沙市', 'district': '岳麓区', 'streetName': '双塘路', 'streetNumber': '99号', 'poi': '岳麓区机关金星住宅小区家中客厅'}",112.938578,28.221525,"{'province': '湖南省', 'city': '长沙市', 'district': '岳麓区', 'street': '桐梓坡路', 'formatted_address': '湖南省长沙市岳麓区桐梓坡路99号'}",91-c
Gallery-532,,IMG_20250422_070530,2025-04-22 07:05:30,珠江公园; 晨光; 城市天际线; 高楼剪影; 晨跑; 摄影,无,冯浩然在珠江公园的晨光中拍摄城市天际线，远处高楼在柔和阳光下轮廓分明，近处是公园的绿树和步道,"{'province': '广东省', 'city': '广州市', 'district': '天河区', 'streetName': '金穗路', 'streetNumber': 'XX号', 'poi': '珠江公园'}",113.340305,23.120352,"{'province': '广东省', 'city': '广州市', 'district': '天河区', 'street': '金穗路', 'formatted_address': '广东省广州市天河区金穗路[]'}",
Gallery-533,a_91,IMG_20250422_124520,2025-04-22 12:45:20,清蒸东星斑; 粤菜; 私房菜; 商务午餐; 精致摆盘; 聚餐,无,冯浩然与客户在私房菜馆品尝精致的清蒸东星斑，鱼肉洁白鲜嫩，点缀着葱丝和红椒，背景是雅致的包厢环境,"{'province': '广东省', 'city': '广州市', 'district': '天河区', 'streetName': '兴盛路', 'streetNumber': '8号', 'poi': 'XX公馆私房菜'}",113.329866,23.120789,"{'province': '广东省', 'city': '广州市', 'district': '天河区', 'street': '兴盛路', 'formatted_address': '广东省广州市天河区兴盛路8号'}",a_91
Gallery-534,a_91,IMG_20250423_113025,2025-04-23 11:30:25,文档扫描; PPT材料; 投资汇报; 商务中心; 办公桌; 手机拍摄,华泰证券 - 2025年第二季度资产配置优化方案 - 汇报人：冯浩然 - 2025-04-23,冯浩然在酒店商务中心隔间的桌面上，用手机扫描一份打印好的投资汇报PPT材料，材料上标注着重点数据和图表。,"{'province': '广东省', 'city': '广州市', 'district': '天河区', 'streetName': '中山大道西', 'streetNumber': '277号', 'poi': '广州天河公园万枫酒店(天河区店)商务中心'}",113.369839,23.131244,"{'province': '广东省', 'city': '广州市', 'district': '天河区', 'street': [], 'formatted_address': '广东省广州市天河区[][]'}",a_91
Gallery-535,,IMG_20250423_123015,2025-04-23 12:30:15,能量沙拉; 健康午餐; 有机轻食; 陶瓷碗; K11餐厅; 美食记录,无,冯浩然在K11购物艺术中心内的原品食集餐厅，拍摄面前一份色彩丰富的能量沙拉，沙拉盛放在白色陶瓷碗中，背景是简约的餐厅环境。,"{'province': '广东省', 'city': '广州市', 'district': '天河区', 'streetName': '珠江东路', 'streetNumber': '6号', 'poi': 'K11购物艺术中心原品食集有机轻西餐'}",113.326291,23.118442,"{'province': '广东省', 'city': '广州市', 'district': '天河区', 'street': '珠江东路', 'formatted_address': '广东省广州市天河区珠江东路[]'}",
Gallery-536,,IMG_20250423_164045,2025-04-23 16:40:45,广州西塔; 现代建筑; 城市天际线; 街头风景; 步行途中; 商务区,无,冯浩然在花城大道辅路的人行道上，拍摄远处广州国际金融中心西塔的现代建筑轮廓，天空晴朗，街道整洁。,"{'province': '广东省', 'city': '广州市', 'district': '天河区', 'streetName': '花城大道辅路', 'streetNumber': 'XX号', 'poi': '广州国际金融中心西塔附近'}",113.323252,23.117724,"{'province': '广东省', 'city': '广州市', 'district': '天河区', 'street': '花城大道', 'formatted_address': '广东省广州市天河区花城大道[]'}",
Gallery-537,,IMG_20250423_170520,2025-04-23 17:05:20,美式咖啡; Peet's Coffee; 木质桌面; 笔记本电脑; 工作复盘; 咖啡时光,无,冯浩然在Peet's Coffee店内，拍摄一杯刚点的美式咖啡，咖啡杯放在木质桌面上，旁边放着一台打开的笔记本电脑。,"{'province': '广东省', 'city': '广州市', 'district': '天河区', 'streetName': '花城大道辅路', 'streetNumber': 'XX号', 'poi': ""Peet's Coffee""}",113.350419,23.117021,"{'province': '广东省', 'city': '广州市', 'district': '天河区', 'street': '花城大道辅路', 'formatted_address': '广东省广州市天河区花城大道辅路[]'}",
Gallery-538,,IMG_20250423_191030,2025-04-23 19:10:30,脆皮叉烧; 粤菜; 炳胜品味; 招牌菜; 庆祝晚餐; 美食记录,无,冯浩然在炳胜品味餐厅的餐桌上，拍摄一盘招牌脆皮叉烧，叉烧色泽红亮油润，摆盘精致，背景是餐厅的雅致环境。,"{'province': '广东省', 'city': '广州市', 'district': '天河区', 'streetName': '冼村路', 'streetNumber': '2号', 'poi': '炳胜品味(珠江新城旗舰店)'}",113.32691,23.125566,"{'province': '广东省', 'city': '广州市', 'district': '天河区', 'street': '冼村路', 'formatted_address': '广东省广州市天河区冼村路[]'}",
Gallery-539,13-2,IMG_20250423_220500,2025-04-23 22:05:00,物品收纳; 行李准备; 办公用品; 酒店书桌; 返程整理; 出差,无,冯浩然在酒店房间的书桌上，整齐摆放着为明日返程准备的物品，包括笔记本电脑、充电器、文件袋和采购的文具。,"{'province': '广东省', 'city': '广州市', 'district': '天河区', 'streetName': '中山大道西', 'streetNumber': '277号', 'poi': '广州天河公园万枫酒店(天河区店)房间'}",113.369839,23.131244,"{'province': '广东省', 'city': '广州市', 'district': '天河区', 'street': [], 'formatted_address': '广东省广州市天河区[][]'}",13-b
Gallery-540,a_92,IMG_20250424_085530,2025-04-24 08:55:30,雨后街道; 清晨街景; 湿润路面; 现代建筑; 城市通勤; 绿植水珠,无,冯浩然在酒店门口等待网约车时，拍摄了清晨雨后湿润的街道，路边绿植挂着水珠，远处是广州天河区的现代建筑群。,"{'province': '广东省', 'city': '广州市', 'district': '天河区', 'streetName': '天河路', 'streetNumber': '208号', 'poi': '广州天河公园万枫酒店门口'}",113.327597,23.1308,"{'province': '广东省', 'city': '广州市', 'district': '天河区', 'street': '天河东路', 'formatted_address': '广东省广州市天河区天河东路208号'}",a_92
Gallery-541,a_92,IMG_20250424_121015,2025-04-24 12:10:15,热美式咖啡; 咖啡杯; 木质吧台; 车站候车; 手冲咖啡爱好者; 旅途饮品,无,冯浩然在广州南站候车室的咖啡店，拍摄了刚购买的大杯热美式咖啡，咖啡杯放在木质吧台上，背景是车站熙攘的人流。,"{'province': '广东省', 'city': '广州市', 'district': '番禺区', 'streetName': '南站北路', 'streetNumber': 'XX号', 'poi': '广州南站候车大厅咖啡店'}",113.269815,22.988773,"{'province': '广东省', 'city': '广州市', 'district': '番禺区', 'street': '南站北路', 'formatted_address': '广东省广州市番禺区南站北路[]'}",a_92
Gallery-542,,IMG_20250424_164520,2025-04-24 16:45:20,煎蛋吐司; 水果拼盘; 简易晚餐; 白色餐盘; 厨房台面; 居家美食,无,冯浩然在家中厨房，拍摄了刚做好的简易晚餐——煎蛋吐司搭配水果，食物摆放在白色餐盘中，背景是整洁的厨房台面。,"{'province': '湖南省', 'city': '长沙市', 'district': '岳麓区', 'streetName': '双塘路', 'streetNumber': '99号', 'poi': '岳麓区机关金星住宅小区家中厨房'}",112.938578,28.221525,"{'province': '湖南省', 'city': '长沙市', 'district': '岳麓区', 'street': '桐梓坡路', 'formatted_address': '湖南省长沙市岳麓区桐梓坡路99号'}",
Gallery-543,,IMG_20250425_180215,2025-04-25 18:02:15,街头风景; 便利店; 夕阳; 下班通勤; 车辆; 城市傍晚,无,冯浩然下班驾车途中，在便利店门口拍摄的街头风景，夕阳余晖洒在归心苑小区便利店招牌和路边停放的车辆上,"{'province': '湖南省', 'city': '长沙市', 'district': '开福区', 'streetName': '三一大道辅路', 'streetNumber': 'XX号', 'poi': '归心苑小区便利店'}",113.045701,28.240445,"{'province': '湖南省', 'city': '长沙市', 'district': '开福区', 'street': '三一大道', 'formatted_address': '湖南省长沙市开福区三一大道[]'}",
Gallery-544,119-2-1,IMG_20250425_185510,2025-04-25 18:55:10,草莓; 阳台种植; 收获; 水果; 白色瓷盘; 绿植背景,无,冯浩然在自家阳台收获的成熟草莓，鲜红的草莓被放在白色瓷盘中，背景是阳台的绿植,"{'province': '湖南省', 'city': '长沙市', 'district': '岳麓区', 'streetName': '双塘路', 'streetNumber': '99号', 'poi': '岳麓区机关金星住宅小区阳台'}",112.938578,28.221525,"{'province': '湖南省', 'city': '长沙市', 'district': '岳麓区', 'street': '桐梓坡路', 'formatted_address': '湖南省长沙市岳麓区桐梓坡路99号'}",119-b
Gallery-545,119-2-2,IMG_20250425_193205,2025-04-25 19:32:05,草莓特写; 水珠; 美食摄影; 红色水果; 家庭分享; 柔光,无,冯浩然为分享到家庭群而拍摄的草莓特写，一颗饱满鲜红的草莓占据画面中心，表面挂着水珠，光线柔和,"{'province': '湖南省', 'city': '长沙市', 'district': '岳麓区', 'streetName': '双塘路', 'streetNumber': '99号', 'poi': '岳麓区机关金星住宅小区客厅'}",112.938578,28.221525,"{'province': '湖南省', 'city': '长沙市', 'district': '岳麓区', 'street': '桐梓坡路', 'formatted_address': '湖南省长沙市岳麓区桐梓坡路99号'}",119-b
Gallery-546,119-2-2,IMG_20250425_193845,2025-04-25 19:38:45,晚餐; 草莓; 凉面; 卤牛肉; 餐桌; 财经新闻平板,无,冯浩然将收获的草莓与晚餐凉面、卤牛肉一同摆放在餐桌上，构成丰盛的晚餐画面，平板电脑显示着财经新闻,"{'province': '湖南省', 'city': '长沙市', 'district': '岳麓区', 'streetName': '双塘路', 'streetNumber': '99号', 'poi': '岳麓区机关金星住宅小区餐厅'}",112.938578,28.221525,"{'province': '湖南省', 'city': '长沙市', 'district': '岳麓区', 'street': '桐梓坡路', 'formatted_address': '湖南省长沙市岳麓区桐梓坡路99号'}",119-b
Gallery-547,119-2-2,IMG_20250425_194320,2025-04-25 19:43:20,静物摄影; 草莓; 苏打水; 木质砧板; 金属餐具; 厨房,无,冯浩然拍摄的草莓与苏打水、餐具的静物组合，草莓放在木质砧板上，旁边是玻璃杯装的苏打水和金属餐具，构图简洁,"{'province': '湖南省', 'city': '长沙市', 'district': '岳麓区', 'streetName': '双塘路', 'streetNumber': '99号', 'poi': '岳麓区机关金星住宅小区厨房'}",112.938578,28.221525,"{'province': '湖南省', 'city': '长沙市', 'district': '岳麓区', 'street': '桐梓坡路', 'formatted_address': '湖南省长沙市岳麓区桐梓坡路99号'}",119-b
Gallery-548,,IMG_20250426_073015,2025-04-26 07:30:15,晨跑; 岳麓山; 登山步道; 合影; 运动装备; 山林背景; 清晨,无,冯浩然与跑友高云飞在岳麓山登山步道晨跑后合影，身后是郁郁葱葱的山林和清晨的阳光,"{'province': '湖南省', 'city': '长沙市', 'district': '岳麓区', 'streetName': '登高路', 'streetNumber': '58号', 'poi': '岳麓山风景名胜区登山步道'}",112.936104,28.183601,"{'province': '湖南省', 'city': '长沙市', 'district': '岳麓区', 'street': '登高路', 'formatted_address': '湖南省长沙市岳麓区登高路58号'}",
Gallery-549,45-2-1,IMG_20250426_111520,2025-04-26 11:15:20,考古遗址; 发掘现场; 探方; 陶瓷碎片; 湘江; 历史遗迹; 风景打卡,无,冯浩然在长沙铜官窑遗址考古发掘现场拍摄风景，画面中有探方、出土的陶瓷碎片和远处的湘江,"{'province': '湖南省', 'city': '长沙市', 'district': '望城区', 'streetName': '湘江大道', 'streetNumber': 'XX号', 'poi': '长沙铜官窑国家考古遗址公园考古发掘现场'}",112.832865,28.419991,"{'province': '湖南省', 'city': '长沙市', 'district': '望城区', 'street': '湘江大道', 'formatted_address': '湖南省长沙市望城区湘江大道[]'}",45-b
Gallery-550,45-2-4,IMG_20250426_130510,2025-04-26 13:05:10,剁椒鱼头; 湘菜; 青花瓷盘; 辣椒; 美食记录; 午餐; 铜官古镇,无,冯浩然在铜官古镇窑火食坊拍摄的剁椒鱼头，盛放在青花瓷盘中，红绿辣椒点缀，背景是木质餐桌,"{'province': '湖南省', 'city': '长沙市', 'district': '望城区', 'streetName': '铜官街', 'streetNumber': 'XX号', 'poi': '窑火食坊'}",112.815539,28.451388,"{'province': '湖南省', 'city': '长沙市', 'district': '望城区', 'street': '铜官街', 'formatted_address': '湖南省长沙市望城区铜官街[]'}",45-b
Gallery-551,218-3,IMG_20250426_144530,2025-04-26 14:45:30,保险方案; Excel表格; 电脑屏幕; 文档扫描; 数据分析; 金融; 书房,安康尊享医疗险计划 保障范围：住院医疗、特殊门诊 保费：XXXX元/年 公司：A保险公司,冯浩然在书房拍摄的电脑屏幕上显示的保险方案对比Excel表格，表格内容清晰可见,"{'province': '湖南省', 'city': '长沙市', 'district': '岳麓区', 'streetName': '双塘路', 'streetNumber': '99号', 'poi': '岳麓区机关金星住宅小区家中书房'}",112.938578,28.221525,"{'province': '湖南省', 'city': '长沙市', 'district': '岳麓区', 'street': '桐梓坡路', 'formatted_address': '湖南省长沙市岳麓区桐梓坡路99号'}",218-c
Gallery-552,,IMG_20250427_123015,2025-04-27 12:30:15,小炒黄牛肉; 湘菜; 白色瓷盘; 木质餐桌; 午餐; 美食摄影,无,冯浩然在常去的湘菜馆品尝刚上桌的小炒黄牛肉，热气腾腾的菜肴盛在白色瓷盘中，背景是木质餐桌和靠窗的座位。,"{'province': '湖南省', 'city': '长沙市', 'district': '岳麓区', 'streetName': '银双路', 'streetNumber': 'XX号', 'poi': '老刘家湘菜馆'}",112.945778,28.222257,"{'province': '湖南省', 'city': '长沙市', 'district': '岳麓区', 'street': '银双路', 'formatted_address': '湖南省长沙市岳麓区银双路[]'}",
Gallery-553,a_9,IMG_20250427_221520,2025-04-27 22:15:20,日程本; 钢笔; 书籍; 桌面收纳; 台灯; 睡前准备,无,冯浩然在睡前将书桌上的日程本、钢笔和《周期》一书整齐地归置在一起，背景是暖色调的台灯光和木质桌面。,"{'province': '湖南省', 'city': '长沙市', 'district': '岳麓区', 'streetName': '双塘路', 'streetNumber': '99号', 'poi': '岳麓区机关金星住宅小区'}",112.938578,28.221525,"{'province': '湖南省', 'city': '长沙市', 'district': '岳麓区', 'street': '桐梓坡路', 'formatted_address': '湖南省长沙市岳麓区桐梓坡路99号'}",a_9
Gallery-554,a_9,IMG_20250428_085015,2025-04-28 08:50:15,PPT截图; 财务模型; 数据图表; 电脑屏幕; 并购项目; 工作准备,黄思琪并购项目 - 财务尽调模型 v2.1 - 2025-04-28,冯浩然在办公室电脑屏幕上截取并购项目财务模型PPT，屏幕显示复杂的图表和数据表格,"{'province': '湖南省', 'city': '长沙市', 'district': '开福区', 'streetName': '芙蓉中路', 'streetNumber': '88号', 'poi': '华泰证券办公室'}",112.986675,28.223728,"{'province': '湖南省', 'city': '长沙市', 'district': '开福区', 'street': '芙蓉中路', 'formatted_address': '湖南省长沙市开福区芙蓉中路88号'}",a_9
Gallery-555,10-9,IMG_20250428_094520,2025-04-28 09:45:20,PPT投影; 会议室; 项目周会; 风险点; 远程会议; 工作讨论,黄思琪并购项目 - 周会 - 2025-04-28 - 关键风险：或有负债,冯浩然在会议室主持并购项目周会，投影幕布上展示着项目进度与风险点的PPT页面,"{'province': '湖南省', 'city': '长沙市', 'district': '开福区', 'streetName': '芙蓉中路', 'streetNumber': '88号', 'poi': '华泰证券办公室3号会议室'}",112.986675,28.223728,"{'province': '湖南省', 'city': '长沙市', 'district': '开福区', 'street': '芙蓉中路', 'formatted_address': '湖南省长沙市开福区芙蓉中路88号'}",10-i
Gallery-556,10-9,IMG_20250428_110530,2025-04-28 11:05:30,白板; 手写纪要; 行动项; 责任人; 时间节点; 会议记录,行动项：1. 孙晓雅 - 法律障碍分析报告 - 2025-05-05前完成,冯浩然在白板上手写会议纪要要点，内容包括行动项、责任人和时间节点,"{'province': '湖南省', 'city': '长沙市', 'district': '开福区', 'streetName': '芙蓉中路', 'streetNumber': '88号', 'poi': '华泰证券办公室3号会议室'}",112.986675,28.223728,"{'province': '湖南省', 'city': '长沙市', 'district': '开福区', 'street': '芙蓉中路', 'formatted_address': '湖南省长沙市开福区芙蓉中路88号'}",10-i
Gallery-557,148-3-2,IMG_20250428_143022,2025-04-28 14:30:22,手机截图; 贝莱德官网; 投资者关系; 数字资产; 加密货币; 研究报告; 浏览器,"BlackRock Investor Relations
Digital Assets & Crypto Outlook
Our perspective on the evolving landscape of digital assets, including cryptocurrency ETFs and market trends.
Download Full Report (PDF)",手机截图显示贝莱德官网投资者关系页面，页面标题为‘Digital Assets & Crypto Outlook’，包含关于数字资产配置和加密货币ETF的报告摘要。,"{'province': '北京市', 'city': '北京市', 'district': '海淀区', 'streetName': '中关村大街', 'streetNumber': '59号', 'poi': '北京大学学生宿舍'}",116.311532,39.986609,"{'province': '北京市', 'city': '北京市', 'district': '海淀区', 'street': '中关村大街', 'formatted_address': '北京市北京市海淀区中关村大街59号'}",148-c
Gallery-558,148-3-1,IMG_20250428_153042,2025-04-28 15:30:42,手机截图; 网页浏览; 资产管理公司; 贝莱德; 投资者关系; 数字资产; 加密货币; 报告; 研究资料,"BlackRock Investor Relations
Our Insights
Digital Assets: A Framework for Institutional Investors
As institutional interest grows, we explore the role of digital assets, including cryptocurrency ETFs, in diversified portfolios. This report outlines key considerations for long-term allocation and market outlook.
Download Full Report (PDF)",手机截屏显示贝莱德（BlackRock）官网投资者关系页面，页面中央有一份题为“Digital Assets: A Framework for Institutional Investors”的报告摘要，提及加密货币ETF和长期市场展望。,"{'province': '北京市', 'city': '北京市', 'district': '海淀区', 'streetName': '中关村大街', 'streetNumber': '59号', 'poi': '北京大学学生宿舍'}",116.311532,39.986609,"{'province': '北京市', 'city': '北京市', 'district': '海淀区', 'street': '中关村大街', 'formatted_address': '北京市北京市海淀区中关村大街59号'}",148-c
Gallery-559,,IMG_20250428_181210,2025-04-28 18:12:10,番茄菌菇豆腐汤; 蒸红薯; 白色瓷碗; 家常晚餐; 清淡饮食; 居家美食,无,冯浩然在家中餐桌上拍摄自己烹饪的番茄菌菇豆腐汤和蒸红薯，菜品摆放在白色瓷碗中,"{'province': '湖南省', 'city': '长沙市', 'district': '岳麓区', 'streetName': '双塘路', 'streetNumber': '99号', 'poi': '岳麓区机关金星住宅小区家中'}",112.938578,28.221525,"{'province': '湖南省', 'city': '长沙市', 'district': '岳麓区', 'street': '桐梓坡路', 'formatted_address': '湖南省长沙市岳麓区桐梓坡路99号'}",
Gallery-560,,IMG_20250429_064520,2025-04-29 06:45:20,小米粥; 煎蛋; 全麦吐司; 白瓷碗; 早餐; 木质餐桌,无,冯浩然在自家餐厅的餐桌上拍摄早餐，小米粥盛在白瓷碗中，旁边是煎蛋和全麦吐司，背景是简约的木质餐桌和厨房一角。,"{'province': '湖南省', 'city': '长沙市', 'district': '岳麓区', 'streetName': '双塘路', 'streetNumber': '99号', 'poi': '岳麓区机关金星住宅小区'}",112.938578,28.221525,"{'province': '湖南省', 'city': '长沙市', 'district': '岳麓区', 'street': '桐梓坡路', 'formatted_address': '湖南省长沙市岳麓区桐梓坡路99号'}",
Gallery-561,148-4,IMG_20250429_100530,2025-04-29 10:05:30,电脑屏幕; PPT截图; CBDC; 监管框架; 金融研究; 办公桌,无,冯浩然在办公室电脑屏幕上拍摄PPT截图，内容是关于CBDC监管框架的要点整理，屏幕边缘可见Excel和浏览器图标。,"{'province': '湖南省', 'city': '长沙市', 'district': '开福区', 'streetName': '芙蓉中路', 'streetNumber': '88号', 'poi': '湖南广电中心写字楼'}",113.046548,28.235932,"{'province': '湖南省', 'city': '长沙市', 'district': '开福区', 'street': [], 'formatted_address': '湖南省长沙市开福区[][]'}",148-d
Gallery-562,148-4,IMG_20250429_172015,2025-04-29 17:20:15,打印报告; 欧洲央行; 数字欧元; 文档封面; 办公桌; 签字笔,欧洲央行数字欧元项目 - 2024年度进展报告 - 公开版本,冯浩然在办公桌上拍摄一份打印的欧洲央行数字欧元项目报告封面，旁边放着签字笔和笔记本。,"{'province': '湖南省', 'city': '长沙市', 'district': '开福区', 'streetName': '芙蓉中路', 'streetNumber': '88号', 'poi': '湖南广电中心写字楼'}",113.046548,28.235932,"{'province': '湖南省', 'city': '长沙市', 'district': '开福区', 'street': [], 'formatted_address': '湖南省长沙市开福区[][]'}",148-d
Gallery-563,,IMG_20250429_181050,2025-04-29 18:10:50,青菜; 零食店; 货架; 生鲜; 购物; 灯光,无,冯浩然在小区门口的罗比零食专卖店拍摄货架上的新鲜青菜，店内灯光明亮，货品摆放整齐。,"{'province': '湖南省', 'city': '长沙市', 'district': '岳麓区', 'streetName': '双塘路', 'streetNumber': 'XX号', 'poi': '罗比零食专卖店'}",112.936869,28.220303,"{'province': '湖南省', 'city': '长沙市', 'district': '岳麓区', 'street': '双塘路', 'formatted_address': '湖南省长沙市岳麓区双塘路[]'}",
Gallery-564,,IMG_20250429_184530,2025-04-29 18:45:30,西红柿鸡蛋面; 青菜; 晚餐; 白色大碗; 热气; 厨房灶台,无,冯浩然在自家厨房灶台前拍摄刚出锅的西红柿鸡蛋青菜面，面条盛在白色大碗里，热气腾腾，背景是干净的厨房台面。,"{'province': '湖南省', 'city': '长沙市', 'district': '岳麓区', 'streetName': '双塘路', 'streetNumber': '99号', 'poi': '岳麓区机关金星住宅小区'}",112.938578,28.221525,"{'province': '湖南省', 'city': '长沙市', 'district': '岳麓区', 'street': '桐梓坡路', 'formatted_address': '湖南省长沙市岳麓区桐梓坡路99号'}",
Gallery-565,148-4,IMG_20250429_214520,2025-04-29 21:45:20,电脑屏幕; 思维导图; 数字资产; 央行监管; BIS; 美联储; 欧央行; 研究框架,主要央行数字资产监管观点 - BIS - 美联储 - 欧央行 - 跨境支付 - 稳定币,冯浩然在书房电脑屏幕上拍摄新建的思维导图，标题为“主要央行数字资产监管观点”，包含BIS、美联储、欧央行等分支。,"{'province': '湖南省', 'city': '长沙市', 'district': '岳麓区', 'streetName': '双塘路', 'streetNumber': '99号', 'poi': '岳麓区机关金星住宅小区'}",112.938578,28.221525,"{'province': '湖南省', 'city': '长沙市', 'district': '岳麓区', 'street': '桐梓坡路', 'formatted_address': '湖南省长沙市岳麓区桐梓坡路99号'}",148-d
Gallery-566,,IMG_20250430_083015,2025-04-30 08:30:15,高蛋白早餐; 煎蛋; 全麦吐司; 黑咖啡; 木质餐桌; 财经播客,无,冯浩然在家中厨房的木质餐桌上享用高蛋白早餐，包括煎蛋、全麦吐司和一杯黑咖啡，旁边放着正在播放《财经郎眼》播客的iPad。,"{'province': '湖南省', 'city': '长沙市', 'district': '岳麓区', 'streetName': '双塘路', 'streetNumber': '99号', 'poi': '岳麓区机关金星住宅小区'}",112.938578,28.221525,"{'province': '湖南省', 'city': '长沙市', 'district': '岳麓区', 'street': '桐梓坡路', 'formatted_address': '湖南省长沙市岳麓区桐梓坡路99号'}",
Gallery-567,,IMG_20250430_121530,2025-04-30 12:15:30,湘菜; 小炒黄牛肉; 同事聚餐; 木质餐桌; 香辣; 美食,无,冯浩然与同事郑文博在公司附近湘菜馆的餐桌前，桌上摆着香辣的小炒黄牛肉、清炒时蔬和米饭，两人正在愉快交流。,"{'province': '湖南省', 'city': '长沙市', 'district': '开福区', 'streetName': '金鹰路', 'streetNumber': 'XX号', 'poi': '“小炒黄牛肉”专门店'}",113.043533,28.238287,"{'province': '湖南省', 'city': '长沙市', 'district': '开福区', 'street': '金鹰路', 'formatted_address': '湖南省长沙市开福区金鹰路[]'}",
Gallery-568,,IMG_20250430_191520,2025-04-30 19:15:20,湘潭菜; 辣白菜炒牛肉; 紫苏炒田螺肉; 清炒丝瓜; 探店; 晚餐,无,冯浩然在“冇味湘潭菜”餐馆内，拍摄桌上色香味俱全的辣白菜炒牛肉、紫苏炒田螺肉和清炒丝瓜，背景是温馨的餐厅环境。,"{'province': '湖南省', 'city': '长沙市', 'district': '岳麓区', 'streetName': '银杉路', 'streetNumber': 'XX号', 'poi': '冇味湘潭菜(观沙岭店)'}",112.951685,28.253246,"{'province': '湖南省', 'city': '长沙市', 'district': '岳麓区', 'street': '银杉路', 'formatted_address': '湖南省长沙市岳麓区银杉路[]'}",
Gallery-569,a_138,IMG_20250430_203025,2025-04-30 20:30:25,夜景; 街道; 路灯; 车流; 商业街; 夜晚散步,无,冯浩然在夜晚的银杉路街头，拍摄远处灯火通明的商业街和稀疏的车流，天空呈现深蓝色，街道两旁树木成荫。,"{'province': '湖南省', 'city': '长沙市', 'district': '岳麓区', 'streetName': '银杉路', 'streetNumber': 'XX号', 'poi': '银杉路商业街'}",112.951685,28.253246,"{'province': '湖南省', 'city': '长沙市', 'district': '岳麓区', 'street': '银杉路', 'formatted_address': '湖南省长沙市岳麓区银杉路[]'}",a_138
Gallery-570,,IMG_20250501_070215,2025-05-01 07:02:15,晨跑; 岳麓山; 林间步道; 清晨阳光; 运动; 山景,无,冯浩然在岳麓山风景名胜区附近步道晨跑，清晨的阳光穿过林间，步道干净整洁，远处可见山峦轮廓。,"{'province': '湖南省', 'city': '长沙市', 'district': '岳麓区', 'streetName': '麓山南路', 'streetNumber': 'XX号', 'poi': '岳麓山风景名胜区（东门附近步道）'}",112.936104,28.183601,"{'province': '湖南省', 'city': '长沙市', 'district': '岳麓区', 'street': '麓山南路', 'formatted_address': '湖南省长沙市岳麓区麓山南路[]'}",
Gallery-571,13-7,IMG_20250501_081025,2025-05-01 08:10:25,CFA复习计划; Excel甘特图; 电脑屏幕; 手冲咖啡; 书房; 学习规划,"CFA三级五月复习总规划
基础强化阶段 (5.1-5.10)
专题突破阶段 (5.11-5.20)
模拟冲刺阶段 (5.21-5.31)",冯浩然拍摄书桌上摊开的CFA三级复习计划Excel甘特图，电脑屏幕显示着详细的模块划分和时间安排，旁边放着一杯手冲咖啡。,"{'province': '湖南省', 'city': '长沙市', 'district': '岳麓区', 'streetName': '双塘路', 'streetNumber': '99号', 'poi': '岳麓区机关金星住宅小区家中书房'}",112.938578,28.221525,"{'province': '湖南省', 'city': '长沙市', 'district': '岳麓区', 'street': '桐梓坡路', 'formatted_address': '湖南省长沙市岳麓区桐梓坡路99号'}",13-g
Gallery-572,,IMG_20250501_123040,2025-05-01 12:30:40,湘潭辣白菜炒肉; 酸辣鸡杂; 湘菜; 午餐; 美食记录; 餐厅,"冇味湘潭菜
湘潭辣白菜炒肉 ￥48
酸辣鸡杂 ￥42",冯浩然在冇味湘潭菜餐厅拍摄桌上的湘潭辣白菜炒肉和酸辣鸡杂，菜品色泽红亮，热气腾腾，背景是餐厅的木质桌椅。,"{'province': '湖南省', 'city': '长沙市', 'district': '岳麓区', 'streetName': '银杉路', 'streetNumber': 'XX号', 'poi': '冇味湘潭菜(观沙岭店)'}",112.951685,28.253246,"{'province': '湖南省', 'city': '长沙市', 'district': '岳麓区', 'street': '银杉路', 'formatted_address': '湖南省长沙市岳麓区银杉路[]'}",
Gallery-573,,IMG_20250501_154520,2025-05-01 15:45:20,潮宗街; 民国建筑; 青砖灰瓦; 玻璃幕墙; 新旧对话; 街拍,无,冯浩然在潮宗街拍摄一栋修缮后的民国风格老建筑，青砖灰瓦与现代玻璃幕墙的写字楼形成鲜明对比，阳光洒在墙面上。,"{'province': '湖南省', 'city': '长沙市', 'district': '开福区', 'streetName': '通泰街', 'streetNumber': 'XX号', 'poi': '潮宗街历史文化街区'}",112.972255,28.203177,"{'province': '湖南省', 'city': '长沙市', 'district': '开福区', 'street': '潮宗街', 'formatted_address': '湖南省长沙市开福区潮宗街[]'}",
Gallery-574,,IMG_20250501_161015,2025-05-01 16:10:15,人物合影; 潮宗街; 红灯笼; 石板路; 砖墙; 街拍,无,冯浩然请一位路过的游客帮忙，在潮宗街一处挂有红灯笼的巷口为自己拍摄了一张半身照，背景是古朴的石板路和砖墙。,"{'province': '湖南省', 'city': '长沙市', 'district': '开福区', 'streetName': '潮宗街', 'streetNumber': 'XX号', 'poi': '潮宗街历史文化街区'}",112.974319,28.202487,"{'province': '湖南省', 'city': '长沙市', 'district': '开福区', 'street': '潮宗街', 'formatted_address': '湖南省长沙市开福区潮宗街[]'}",
Gallery-575,,IMG_20250501_163330,2025-05-01 16:33:30,木门特写; 斑驳门板; 褪色春联; 锈蚀门环; 细节特写; 岁月痕迹,无,冯浩然对潮宗街老建筑上一扇斑驳的木门进行特写拍摄，门上残留着褪色的春联和锈蚀的门环，细节充满岁月感。,"{'province': '湖南省', 'city': '长沙市', 'district': '开福区', 'streetName': '潮宗街', 'streetNumber': 'XX号', 'poi': '潮宗街历史文化街区'}",112.974319,28.202487,"{'province': '湖南省', 'city': '长沙市', 'district': '开福区', 'street': '潮宗街', 'formatted_address': '湖南省长沙市开福区潮宗街[]'}",
Gallery-576,a_13,IMG_20250501_220530,2025-05-01 22:05:30,日记软件; 当日复盘; 明日预览; 电脑屏幕; CFA学习; 书房,"2025-05-01 复盘
成就：完成CFA五月总规划、制定加密货币阅读清单、整理摄影作品、潮宗街街拍、与家人视频。
明日预览：CFA固定收益专题学习准备。",冯浩然拍摄电脑屏幕上打开的日记软件界面，显示着当日成就记录和明日CFA固定收益专题学习的预览要点。,"{'province': '湖南省', 'city': '长沙市', 'district': '岳麓区', 'streetName': '双塘路', 'streetNumber': '99号', 'poi': '岳麓区机关金星住宅小区家中书房'}",112.938578,28.221525,"{'province': '湖南省', 'city': '长沙市', 'district': '岳麓区', 'street': '桐梓坡路', 'formatted_address': '湖南省长沙市岳麓区桐梓坡路99号'}",a_13
Gallery-577,a_92,IMG_20250502_091520,2025-05-02 09:15:20,PPT截图; 晨会; 投影屏幕; 资产配置图表; 会议室; 工作,无,冯浩然在团队晨会上拍摄投影屏幕上的PPT，内容为季度客户资产配置分析图表，背景是会议室和专注的同事,"{'province': '湖南省', 'city': '长沙市', 'district': '开福区', 'streetName': '三一大道', 'streetNumber': 'XX号', 'poi': '湖南广电中心写字楼华泰证券会议室'}",113.046548,28.235932,"{'province': '湖南省', 'city': '长沙市', 'district': '开福区', 'street': '三一大道', 'formatted_address': '湖南省长沙市开福区三一大道[]'}",a_92
Gallery-578,,IMG_20250502_151005,2025-05-02 15:10:05,冰美式; 咖啡; 玻璃杯; 窗边; 阴天; 下午茶,无,冯浩然在咖啡厅的靠窗位置拍摄桌上的冰美式咖啡，背景是窗外阴沉的天空和街道,"{'province': '湖南省', 'city': '长沙市', 'district': '开福区', 'streetName': '三一大道', 'streetNumber': 'XX号', 'poi': '圣爵菲斯咖啡厅'}",113.016375,28.233632,"{'province': '湖南省', 'city': '长沙市', 'district': '开福区', 'street': '三一大道', 'formatted_address': '湖南省长沙市开福区三一大道[]'}",
Gallery-579,,IMG_20250502_183020,2025-05-02 18:30:20,鸡胸肉; 西兰花; 荞麦面; 健康晚餐; 空气炸锅; 低脂,无,冯浩然在家中厨房拍摄刚做好的健康晚餐，包括空气炸锅鸡胸肉、西兰花和荞麦面，背景是厨房台面,"{'province': '湖南省', 'city': '长沙市', 'district': '岳麓区', 'streetName': '双塘路', 'streetNumber': '99号', 'poi': '岳麓区机关金星住宅小区家中厨房'}",112.938578,28.221525,"{'province': '湖南省', 'city': '长沙市', 'district': '岳麓区', 'street': '桐梓坡路', 'formatted_address': '湖南省长沙市岳麓区桐梓坡路99号'}",
Gallery-580,13-8,IMG_20250502_203015,2025-05-02 20:30:15,CFA教材; 学习资料; 专业性章节; 笔记本; 书房; 备考,CFA Program Curriculum - Level I - Ethical and Professional Standards - Professionalism - 2025 Edition,冯浩然在书房拍摄CFA学习资料中关于“专业性”章节的页面，旁边放着打开的笔记本和笔,"{'province': '湖南省', 'city': '长沙市', 'district': '岳麓区', 'streetName': '双塘路', 'streetNumber': '99号', 'poi': '岳麓区机关金星住宅小区家中书房'}",112.938578,28.221525,"{'province': '湖南省', 'city': '长沙市', 'district': '岳麓区', 'street': '桐梓坡路', 'formatted_address': '湖南省长沙市岳麓区桐梓坡路99号'}",13-h
Gallery-581,,IMG_20250503_140520,2025-05-03 14:05:20,城市街景; 高楼大厦; 车窗视角; 午后阳光; 道路; 车流,无,冯浩然在前往咖啡馆途中，透过车窗拍摄长沙芙蓉中路街景，高楼林立，阳光透过云层洒下光束,"{'province': '湖南省', 'city': '长沙市', 'district': '芙蓉区', 'streetName': '芙蓉中路', 'streetNumber': 'XX号', 'poi': '芙蓉中路沿线'}",112.986929,28.187201,"{'province': '湖南省', 'city': '长沙市', 'district': '芙蓉区', 'street': '芙蓉中路', 'formatted_address': '湖南省长沙市芙蓉区芙蓉中路[]'}",
Gallery-582,139-2,IMG_20250503_150310,2025-05-03 15:03:10,手冲咖啡; 咖啡杯; 木质桌面; 笔记本电脑; 工作场景; 咖啡馆,无,冯浩然在小咖主咖啡厅拍摄桌上的手冲咖啡，咖啡杯旁放着笔记本电脑，屏幕显示着待筛选的摄影作品,"{'province': '湖南省', 'city': '长沙市', 'district': '芙蓉区', 'streetName': '定王台街道', 'streetNumber': 'XX号', 'poi': '小咖主咖啡厅'}",112.98333,28.188463,"{'province': '湖南省', 'city': '长沙市', 'district': '芙蓉区', 'street': [], 'formatted_address': '湖南省长沙市芙蓉区[][]'}",139-b
Gallery-583,,IMG_20250503_170005,2025-05-03 17:00:05,橙子; 猕猴桃; 蜂蜜; 水果采购; 购物篮; 超市货架,无,冯浩然在罗比零食专卖店拍摄采购的新鲜水果，包括橙子、猕猴桃和蜂蜜，整齐摆放在购物篮中,"{'province': '湖南省', 'city': '长沙市', 'district': '岳麓区', 'streetName': '观沙岭街道', 'streetNumber': 'XX号', 'poi': '罗比零食专卖店'}",112.936869,28.220303,"{'province': '湖南省', 'city': '长沙市', 'district': '岳麓区', 'street': [], 'formatted_address': '湖南省长沙市岳麓区[][]'}",
Gallery-584,226-2-3,IMG_20250504_171205,2025-05-04 17:12:05,车险账单; 平板电脑屏幕; 文档扫描; 财务优化; 自动扣款; 家庭客厅,"中国平安财产保险股份有限公司
机动车交通事故责任强制保险单
被保险人：冯浩然
保险期间：2025-01-01 至 2025-12-31
保险费：人民币 950.00元
缴费账户：招商银行 尾号 6688
下次扣款日期：2025-12-01",冯浩然在客厅沙发上用平板电脑拍摄一份车险账单详情页，背景是客厅的落地灯和窗帘,"{'province': '湖南省', 'city': '长沙市', 'district': '岳麓区', 'streetName': '双塘路', 'streetNumber': '99号', 'poi': '岳麓区机关金星住宅小区'}",112.938578,28.221525,"{'province': '湖南省', 'city': '长沙市', 'district': '岳麓区', 'street': '桐梓坡路', 'formatted_address': '湖南省长沙市岳麓区桐梓坡路99号'}",226-b
Gallery-585,,IMG_20250505_064520,2025-05-05 06:45:20,岳麓山; 爱晚亭; 晨雾; 枫叶; 晨光; 街拍,无,冯浩然在岳麓山爱晚亭前拍摄清晨的薄雾与枫叶，阳光透过树叶洒下斑驳光影,"{'province': '湖南省', 'city': '长沙市', 'district': '岳麓区', 'streetName': '麓山南路', 'streetNumber': 'XX号', 'poi': '岳麓山爱晚亭'}",112.937564,28.180437,"{'province': '湖南省', 'city': '长沙市', 'district': '岳麓区', 'street': '麓山南路', 'formatted_address': '湖南省长沙市岳麓区麓山南路[]'}",
Gallery-586,226-3,IMG_20250505_071015,2025-05-05 07:10:15,晨跑; 合影; 观景台; 湘江; 晨曦; 运动,无,冯浩然与跑友高云飞在岳麓山晨跑途中，于观景台合影，背景是晨曦中的湘江与城市,"{'province': '湖南省', 'city': '长沙市', 'district': '岳麓区', 'streetName': '麓山南路', 'streetNumber': 'XX号', 'poi': '岳麓山观景台'}",112.941308,28.177037,"{'province': '湖南省', 'city': '长沙市', 'district': '岳麓区', 'street': '麓山南路', 'formatted_address': '湖南省长沙市岳麓区麓山南路[]'}",226-c
Gallery-587,221-2,IMG_20250505_093200,2025-05-05 09:32:00,工位; 多屏显示器; 金融报告; 手冲咖啡; 办公环境; 金融,无,冯浩然在办公室内拍摄自己的工位，桌上摆放着多屏显示器、金融分析报告和一杯手冲咖啡,"{'province': '湖南省', 'city': '长沙市', 'district': '开福区', 'streetName': '芙蓉中路', 'streetNumber': '88号', 'poi': '华泰证券股份有限公司'}",112.986675,28.223728,"{'province': '湖南省', 'city': '长沙市', 'district': '开福区', 'street': '芙蓉中路', 'formatted_address': '湖南省长沙市开福区芙蓉中路88号'}",221-b
Gallery-588,,IMG_20250505_121540,2025-05-05 12:15:40,湘菜; 剁椒鱼头; 辣椒炒肉; 午餐; 聚餐; 美食,无,冯浩然与同事郑文博在公司附近的湘菜馆用餐，拍摄桌上的剁椒鱼头和辣椒炒肉,"{'province': '湖南省', 'city': '长沙市', 'district': '开福区', 'streetName': '芙蓉中路', 'streetNumber': '86号', 'poi': '老长沙湘菜馆'}",112.996811,28.214575,"{'province': '湖南省', 'city': '长沙市', 'district': '开福区', 'street': '芙蓉中路', 'formatted_address': '湖南省长沙市开福区芙蓉中路[]'}",
Gallery-589,221-2,IMG_20250505_150530,2025-05-05 15:05:30,白板; 思维导图; 资产配置; 股票; 债券; 会议记录,"资产配置策略
股票 40%
债券 30%
基金 20%
其他 10%
2025-05-05",冯浩然在客户会议后拍摄白板上的资产配置思维导图，包含股票、债券、基金等板块,"{'province': '湖南省', 'city': '长沙市', 'district': '开福区', 'streetName': '芙蓉中路', 'streetNumber': '88号', 'poi': '华泰证券股份有限公司会议室'}",112.986675,28.223728,"{'province': '湖南省', 'city': '长沙市', 'district': '开福区', 'street': '芙蓉中路', 'formatted_address': '湖南省长沙市开福区芙蓉中路88号'}",221-b
Gallery-590,,IMG_20250505_180210,2025-05-05 18:02:10,手冲咖啡; 冲泡; 咖啡壶; 特写; 咖啡馆; 休闲,无,冯浩然下班后在心怡手冲咖啡馆拍摄老板沈心怡正在冲泡咖啡的特写，咖啡壶冒出热气,"{'province': '湖南省', 'city': '长沙市', 'district': '芙蓉区', 'streetName': '解放西路', 'streetNumber': '233号', 'poi': '心怡手冲咖啡馆'}",112.982268,28.190765,"{'province': '湖南省', 'city': '长沙市', 'district': '芙蓉区', 'street': '解放西路', 'formatted_address': '湖南省长沙市芙蓉区解放西路[]'}",
Gallery-591,a_138,IMG_20250505_191530,2025-05-05 19:15:30,街拍; 街头艺人; 吉他; 橘子洲大桥; 夜景; 城市生活,无,冯浩然在湘江风光带进行街拍，捕捉一位街头艺人弹奏吉他的瞬间，背景是傍晚的橘子洲大桥灯光,"{'province': '湖南省', 'city': '长沙市', 'district': '天心区', 'streetName': '湘江中路', 'streetNumber': 'XX号', 'poi': '湘江风光带'}",112.968025,28.17906,"{'province': '湖南省', 'city': '长沙市', 'district': '天心区', 'street': [], 'formatted_address': '湖南省长沙市天心区[][]'}",a_138
Gallery-592,228-2,IMG_20250506_073020,2025-05-06 07:30:20,晨跑; 合影; 岳麓山; 登山步道; 清晨; 运动,无,冯浩然与跑友高云飞在岳麓山风景名胜区晨跑后合影，身后是清晨的山林和登山步道,"{'province': '湖南省', 'city': '长沙市', 'district': '岳麓区', 'streetName': '登高路', 'streetNumber': '58号', 'poi': '岳麓山风景名胜区'}",112.936104,28.183601,"{'province': '湖南省', 'city': '长沙市', 'district': '岳麓区', 'street': '登高路', 'formatted_address': '湖南省长沙市岳麓区登高路58号'}",228-a
Gallery-593,,IMG_20250506_124015,2025-05-06 12:40:15,湘菜; 小炒黄牛肉; 清炒时蔬; 白色瓷盘; 午餐; 美食城,无,冯浩然在西湖楼美食城拍摄桌上的湘菜午餐，包括小炒黄牛肉和清炒时蔬，餐具为白色瓷盘,"{'province': '湖南省', 'city': '长沙市', 'district': '开福区', 'streetName': '三一大道', 'streetNumber': '303号', 'poi': '西湖楼美食城'}",113.042175,28.232916,"{'province': '湖南省', 'city': '长沙市', 'district': '开福区', 'street': '三一大道', 'formatted_address': '湖南省长沙市开福区三一大道[]'}",
Gallery-594,221-3-2,IMG_20250506_135510,2025-05-06 13:55:10,PPT截图; 任务分工; 时间节点; 投影屏幕; 会议复盘; 金融,"客户方案修订任务分工
冯浩然：资产配置模块 (2025-05-13)
郑文博：ESG策略模块 (2025-05-12)
孙晓雅：流动性模型模块 (2025-05-11)",冯浩然拍摄会议复盘时投影屏幕上的PPT内容，显示着修订任务分工和截止时间节点,"{'province': '湖南省', 'city': '长沙市', 'district': '开福区', 'streetName': '芙蓉中路', 'streetNumber': '一段442号', 'poi': '新湖南大厦湖南广电中心写字楼小会议室'}",112.985416,28.207419,"{'province': '湖南省', 'city': '长沙市', 'district': '开福区', 'street': '芙蓉中路一段', 'formatted_address': '湖南省长沙市开福区芙蓉中路一段442号'}",221-c
Gallery-595,a_92,IMG_20250506_160530,2025-05-06 16:05:30,文档扫描; 客户报告; 扫描仪; 办公室; 金融文件; 工作,"华泰证券 2025年第一季度投资顾问报告
客户：林志豪
报告日期：2025-05-06
资产配置建议：稳健型 (债券60%，股票30%，现金10%)",冯浩然在办公室扫描一份客户季度报告文档，文档平铺在扫描仪玻璃板上，旁边放着签字笔,"{'province': '湖南省', 'city': '长沙市', 'district': '开福区', 'streetName': '芙蓉中路', 'streetNumber': '一段442号', 'poi': '新湖南大厦湖南广电中心写字楼办公室'}",112.985416,28.207419,"{'province': '湖南省', 'city': '长沙市', 'district': '开福区', 'street': '芙蓉中路一段', 'formatted_address': '湖南省长沙市开福区芙蓉中路一段442号'}",a_92
Gallery-596,221-4-2,IMG_20250507_113045,2025-05-07 11:30:45,文档扫描; ESG评级; MSCI报告; 办公桌; 金融分析; 打印文件,MSCI ESG Ratings Methodology - Core Framework - Version 2.0 - 2024-12-31,冯浩然在个人工位上，用手机扫描一份关于MSCI ESG评级方法的打印文档，文档平铺在木质办公桌上，旁边放着一杯茶和笔记本电脑。,"{'province': '湖南省', 'city': '长沙市', 'district': '开福区', 'streetName': '芙蓉中路', 'streetNumber': '88号', 'poi': '华泰证券股份有限公司写字楼'}",112.986675,28.223728,"{'province': '湖南省', 'city': '长沙市', 'district': '开福区', 'street': '芙蓉中路', 'formatted_address': '湖南省长沙市开福区芙蓉中路88号'}",221-d
Gallery-597,221-4-2,IMG_20250507_143020,2025-05-07 14:30:20,文档扫描; 流动性预案; 压力测试; 分析表格; 办公用品; 金融风控,流动性压力测试预案 - 情景一：极端市场下行 - 资产变现顺序：1. 高流动性债券 2. 蓝筹股 - 时间窗口：3-5个工作日 - 预警指标：VIX指数 > 35,冯浩然午休后，在办公桌上拍摄一份流动性压力测试情景分析表格，表格上列出了三种市场情景下的资产变现顺序和时间窗口，旁边放着计算器和笔。,"{'province': '湖南省', 'city': '长沙市', 'district': '开福区', 'streetName': '芙蓉中路', 'streetNumber': '88号', 'poi': '华泰证券股份有限公司写字楼'}",112.986675,28.223728,"{'province': '湖南省', 'city': '长沙市', 'district': '开福区', 'street': '芙蓉中路', 'formatted_address': '湖南省长沙市开福区芙蓉中路88号'}",221-d
Gallery-598,,IMG_20250507_160805,2025-05-07 16:08:05,美式咖啡; 咖啡杯; 城市街景; 写字楼; 下午茶; 提神饮品,无,冯浩然在咖啡厅窗边，拍摄一杯刚买的美式咖啡，咖啡杯上印有店名logo，背景是窗外长沙的城市街景和写字楼。,"{'province': '湖南省', 'city': '长沙市', 'district': '开福区', 'streetName': '芙蓉中路', 'streetNumber': 'XX号', 'poi': '圣爵菲斯咖啡厅'}",112.987227,28.192249,"{'province': '湖南省', 'city': '长沙市', 'district': '开福区', 'street': '芙蓉中路', 'formatted_address': '湖南省长沙市开福区芙蓉中路[]'}",
Gallery-599,a_43,IMG_20250508_085215,2025-05-08 08:52:15,东方明珠塔; 陆家嘴; 黄浦江; 晨光; 城市天际线; 步行,无,冯浩然在滨江大道上拍摄东方明珠塔，清晨阳光洒在塔身和陆家嘴建筑群上，背景是黄浦江和蓝天,"{'province': '上海市', 'city': '上海市', 'district': '浦东新区', 'streetName': '滨江大道', 'streetNumber': 'XX号', 'poi': '滨江大道观景平台（近东方明珠塔）'}",121.533431,31.245485,"{'province': '上海市', 'city': '上海市', 'district': '浦东新区', 'street': '滨江大道', 'formatted_address': '上海市上海市浦东新区滨江大道[]'}",a_43
Gallery-600,43-2,IMG_20250508_093010,2025-05-08 09:30:10,PPT截图; AI量化投资; 算法模型; 金融科技; 演讲屏幕; 峰会,AI在量化投资中的应用 - 模型架构与因子挖掘 2025亚洲金融科技峰会,冯浩然拍摄峰会主屏幕上关于‘AI在量化投资中的应用’的PPT页面，展示了复杂的算法模型架构图,"{'province': '上海市', 'city': '上海市', 'district': '浦东新区', 'streetName': '滨江大道', 'streetNumber': '2727号', 'poi': '上海国际会议中心（华夏厅）'}",121.496732,31.239472,"{'province': '上海市', 'city': '上海市', 'district': '浦东新区', 'street': '滨江大道', 'formatted_address': '上海市上海市浦东新区滨江大道2727号'}",43-b
Gallery-601,43-2,IMG_20250508_104530,2025-05-08 10:45:30,茶歇; 同行社交; 名片交换; 咖啡; 商务交流; 峰会,无,冯浩然在茶歇期间与几位同行交流，背景是摆满茶点和咖啡的餐台，大家手持名片和饮品,"{'province': '上海市', 'city': '上海市', 'district': '浦东新区', 'streetName': '滨江大道', 'streetNumber': '2727号', 'poi': '上海国际会议中心（茶歇区）'}",121.496732,31.239472,"{'province': '上海市', 'city': '上海市', 'district': '浦东新区', 'street': '滨江大道', 'formatted_address': '上海市上海市浦东新区滨江大道2727号'}",43-b
Gallery-602,43-2,IMG_20250508_111520,2025-05-08 11:15:20,会场环境; 论坛现场; 参会人员; 大屏幕; 金融峰会; 上海国际会议中心,跨境数字资产监管：挑战与机遇 专题论坛 2025-05-08,冯浩然拍摄会议厅内部环境，宽敞的大厅内坐满了参会者，舞台大屏幕显示着‘跨境数字资产监管’的论坛标题,"{'province': '上海市', 'city': '上海市', 'district': '浦东新区', 'streetName': '滨江大道', 'streetNumber': '2727号', 'poi': '上海国际会议中心（国际厅）'}",121.496732,31.239472,"{'province': '上海市', 'city': '上海市', 'district': '浦东新区', 'street': '滨江大道', 'formatted_address': '上海市上海市浦东新区滨江大道2727号'}",43-b
Gallery-603,139-4,IMG_20250509_063215,2025-05-09 06:32:15,风景; 湖泊; 晨雾; 日出; 宁静,,晨曦微露，薄雾轻笼湖面，远山如黛，近水含烟，一片静谧祥和。,"{'province': '浙江省', 'city': '杭州市', 'district': '西湖区', 'streetName': '龙井路', 'streetNumber': '', 'poi': '西湖风景区'}",120.129685,30.23795,"{'province': '浙江省', 'city': '杭州市', 'district': '西湖区', 'street': '龙井路', 'formatted_address': '浙江省杭州市西湖区龙井路[]'}",139-d
Gallery-604,139-4,IMG_20250509_071830,2025-05-09 07:18:30,人文; 市场; 蔬菜; 色彩; 晨间,新鲜蔬菜,清晨的菜市场，摊主正在整理新鲜的蔬菜，色彩鲜艳，充满生活气息。,"{'province': '浙江省', 'city': '杭州市', 'district': '上城区', 'streetName': '中山南路', 'streetNumber': '', 'poi': '察院前农贸市场'}",120.169037,30.233223,"{'province': '浙江省', 'city': '杭州市', 'district': '上城区', 'street': '中山南路', 'formatted_address': '浙江省杭州市上城区中山南路[]'}",139-d
Gallery-605,43-3,IMG_20250509_074520,2025-05-09 07:45:20,酒店早餐; 煎蛋培根; 蔬菜沙拉; 高蛋白; 落地窗; 现代餐桌,无,冯浩然在上海金茂君悦大酒店餐厅享用高蛋白早餐，餐盘中有煎蛋、培根和蔬菜沙拉，背景是酒店餐厅的落地窗和现代餐桌椅,"{'province': '上海市', 'city': '上海市', 'district': '浦东新区', 'streetName': '世纪大道', 'streetNumber': '88号', 'poi': '上海金茂君悦大酒店餐厅'}",121.505864,31.23491,"{'province': '上海市', 'city': '上海市', 'district': '浦东新区', 'street': '世纪大道', 'formatted_address': '上海市上海市浦东新区世纪大道88号'}",43-c
Gallery-606,43-3,IMG_20250509_080530,2025-05-09 08:05:30,平板电脑; 峰会日程; 区块链分论坛; 高亮显示; 屏幕截图; 规划,亚洲金融科技峰会2025 - 5月9日 09:00-12:00 区块链资产确权实践分论坛 - 上海国际会议中心,冯浩然用平板电脑展示亚洲金融科技峰会议程，屏幕上高亮显示着区块链资产确权实践分论坛，背景是酒店餐厅的咖啡杯,"{'province': '上海市', 'city': '上海市', 'district': '浦东新区', 'streetName': '世纪大道', 'streetNumber': '88号', 'poi': '上海金茂君悦大酒店餐厅'}",121.505864,31.23491,"{'province': '上海市', 'city': '上海市', 'district': '浦东新区', 'street': '世纪大道', 'formatted_address': '上海市上海市浦东新区世纪大道88号'}",43-c
Gallery-607,139-4,IMG_20250509_091045,2025-05-09 09:10:45,街景; 古建筑; 光影; 人文; 怀旧,清河坊,老街巷弄，青石板路蜿蜒，斑驳的墙面上光影交错，诉说着岁月的故事。,"{'province': '浙江省', 'city': '杭州市', 'district': '上城区', 'streetName': '河坊街', 'streetNumber': '', 'poi': '清河坊历史文化街区'}",120.170344,30.238921,"{'province': '浙江省', 'city': '杭州市', 'district': '上城区', 'street': '河坊街', 'formatted_address': '浙江省杭州市上城区河坊街[]'}",139-d
Gallery-608,139-4,IMG_20250509_094500,2025-05-09 09:45:00,风景; 茶山; 云雾; 梯田; 田园,,梅家坞的茶山，层层叠叠的茶树在云雾中若隐若现，宛如仙境。,"{'province': '浙江省', 'city': '杭州市', 'district': '西湖区', 'streetName': '梅灵南路', 'streetNumber': '', 'poi': '梅家坞茶文化村'}",120.087925,30.203525,"{'province': '浙江省', 'city': '杭州市', 'district': '西湖区', 'street': '梅灵南路', 'formatted_address': '浙江省杭州市西湖区梅灵南路[]'}",139-d
Gallery-609,43-3,IMG_20250509_101015,2025-05-09 10:10:15,峰会会场; 大屏幕; PPT演示; 区块链技术; 供应链金融; 演讲,区块链赋能供应链金融 - 提升透明度与效率 - 演讲人：张伟博士,亚洲金融科技峰会会场大屏幕上正在播放演讲者的PPT，内容是关于区块链技术在供应链金融中的应用，周围是昏暗的会场环境,"{'province': '上海市', 'city': '上海市', 'district': '浦东新区', 'streetName': '滨江大道', 'streetNumber': '2727号', 'poi': '上海国际会议中心'}",121.496732,31.239472,"{'province': '上海市', 'city': '上海市', 'district': '浦东新区', 'street': '滨江大道', 'formatted_address': '上海市上海市浦东新区滨江大道2727号'}",43-c
Gallery-610,139-4,IMG_20250509_102115,2025-05-09 10:21:15,动物; 猫; 街拍; 人文; 趣味,,一只橘猫慵懒地趴在老墙头，眼神睥睨，与古朴的环境相映成趣。,"{'province': '浙江省', 'city': '杭州市', 'district': '拱墅区', 'streetName': '桥西直街', 'streetNumber': '', 'poi': '桥西历史文化街区'}",120.138707,30.317189,"{'province': '浙江省', 'city': '杭州市', 'district': '拱墅区', 'street': '桥西直街', 'formatted_address': '浙江省杭州市拱墅区桥西直街[]'}",139-d
Gallery-611,139-4,IMG_20250509_110820,2025-05-09 11:08:20,微距; 植物; 雨滴; 自然; 细节,,雨后的公园，绿叶上挂着晶莹的水珠，折射出微光，充满生机。,"{'province': '浙江省', 'city': '杭州市', 'district': '西湖区', 'streetName': '杨公堤', 'streetNumber': '', 'poi': '杭州花圃'}",120.131465,30.245422,"{'province': '浙江省', 'city': '杭州市', 'district': '西湖区', 'street': '杨公堤', 'formatted_address': '浙江省杭州市西湖区杨公堤[]'}",139-d
Gallery-612,139-4,IMG_20250509_133050,2025-05-09 13:30:50,艺术; 涂鸦; 墙体; 色彩; 创意,,创意园区内的一面涂鸦墙，色彩大胆奔放，展现了年轻的艺术活力。,"{'province': '浙江省', 'city': '杭州市', 'district': '拱墅区', 'streetName': '丽水路', 'streetNumber': '166号', 'poi': '丝联166创意产业园'}",120.141285,30.312735,"{'province': '浙江省', 'city': '杭州市', 'district': '拱墅区', 'street': '丽水路', 'formatted_address': '浙江省杭州市拱墅区丽水路[]'}",139-d
Gallery-613,139-4,IMG_20250509_143322,2025-05-09 14:33:22,静物; 咖啡馆; 光影; 阅读; 生活,单向空间,咖啡馆的一角，阳光透过百叶窗，在书本和咖啡杯上投下温暖的光斑。,"{'province': '浙江省', 'city': '杭州市', 'district': '拱墅区', 'streetName': '丽水路', 'streetNumber': '58号', 'poi': '单向空间书店'}",120.141521,30.305161,"{'province': '浙江省', 'city': '杭州市', 'district': '拱墅区', 'street': '丽水路', 'formatted_address': '浙江省杭州市拱墅区丽水路[]'}",139-d
Gallery-614,139-4,IMG_20250509_152200,2025-05-09 15:22:00,建筑; 几何; 光影; 现代艺术; 极简,浙江美术馆,现代美术馆的一处转角，简洁的线条与几何结构在光影中形成强烈的视觉冲击。,"{'province': '浙江省', 'city': '杭州市', 'district': '西湖区', 'streetName': '南山路', 'streetNumber': '218号', 'poi': '浙江美术馆'}",120.160572,30.243356,"{'province': '浙江省', 'city': '杭州市', 'district': '上城区', 'street': '南山路', 'formatted_address': '浙江省杭州市上城区南山路218号'}",139-d
Gallery-615,139-4,IMG_20250509_155530,2025-05-09 15:55:30,建筑; 室内; 图书馆; 光影; 对称,杭州图书馆,图书馆的穹顶下，阳光透过玻璃洒落，书架林立，营造出知识的圣殿感。,"{'province': '浙江省', 'city': '杭州市', 'district': '余杭区', 'streetName': '余杭塘路', 'streetNumber': '866号', 'poi': '杭州图书馆（新馆）'}",120.085974,30.302034,"{'province': '浙江省', 'city': '杭州市', 'district': '西湖区', 'street': '余杭塘路', 'formatted_address': '浙江省杭州市西湖区余杭塘路866号'}",139-d
Gallery-616,139-4,IMG_20250509_161740,2025-05-09 16:17:40,风景; 湿地; 船只; 倒影; 宁静,,西溪湿地的摇橹船缓缓划过水面，倒影清晰，仿佛船行画中。,"{'province': '浙江省', 'city': '杭州市', 'district': '西湖区', 'streetName': '天目山路', 'streetNumber': '', 'poi': '西溪国家湿地公园'}",120.061159,30.255079,"{'province': '浙江省', 'city': '杭州市', 'district': '西湖区', 'street': '天目山路', 'formatted_address': '浙江省杭州市西湖区天目山路[]'}",139-d
Gallery-617,139-4,IMG_20250509_173045,2025-05-09 17:30:45,自然; 滩涂; 纹理; 抽象; 日落,,钱塘江畔，潮水退去后留下的滩涂纹理，在夕阳下呈现出抽象的艺术美感。,"{'province': '浙江省', 'city': '杭州市', 'district': '滨江区', 'streetName': '闻涛路', 'streetNumber': '', 'poi': '钱塘江边'}",120.200341,30.218454,"{'province': '浙江省', 'city': '杭州市', 'district': '滨江区', 'street': '闻涛路', 'formatted_address': '浙江省杭州市滨江区闻涛路[]'}",139-d
Gallery-618,139-4,IMG_20250509_181230,2025-05-09 18:12:30,地标; 古塔; 日落; 西湖; 金色时刻,雷峰塔,雷峰塔在夕阳的余晖中熠熠生辉，与西湖的水光山色融为一体。,"{'province': '浙江省', 'city': '杭州市', 'district': '西湖区', 'streetName': '南山路', 'streetNumber': '15号', 'poi': '雷峰塔景区'}",120.148849,30.230934,"{'province': '浙江省', 'city': '杭州市', 'district': '西湖区', 'street': '南山路', 'formatted_address': '浙江省杭州市西湖区南山路15号'}",139-d
Gallery-619,139-4,IMG_20250509_184510,2025-05-09 18:45:10,城市; 夜景; 日落; 天际线; 车流,,暮色四合，城市天际线被染成金红色，车流如织，灯火渐次亮起。,"{'province': '浙江省', 'city': '杭州市', 'district': '上城区', 'streetName': '之江路', 'streetNumber': '', 'poi': '城市阳台'}",120.216803,30.241827,"{'province': '浙江省', 'city': '杭州市', 'district': '上城区', 'street': '之江路', 'formatted_address': '浙江省杭州市上城区之江路[]'}",139-d
Gallery-620,139-4,IMG_20250509_201515,2025-05-09 20:15:15,夜景; 运动; 人物剪影; 运河; 街拍,,运河边的夜跑者，身影在路灯下拉长，与静谧的河水构成动与静的平衡。,"{'province': '浙江省', 'city': '杭州市', 'district': '拱墅区', 'streetName': '小河路', 'streetNumber': '', 'poi': '京杭大运河（拱宸桥段）'}",120.136911,30.320123,"{'province': '浙江省', 'city': '杭州市', 'district': '拱墅区', 'street': '小河路', 'formatted_address': '浙江省杭州市拱墅区小河路[]'}",139-d
Gallery-621,84-1,IMG_20250509_210520,2025-05-09 21:05:20,高尔夫球包; 球杆; 高尔夫球; 手套; 物品收纳; 运动装备,无,冯浩然在家中书房检查高尔夫球包，球包内整齐排列着不同型号的球杆，旁边放着白色高尔夫球和手套,"{'province': '湖南省', 'city': '长沙市', 'district': '岳麓区', 'streetName': '双塘路', 'streetNumber': '99号', 'poi': '岳麓区机关金星住宅小区家中书房'}",112.938578,28.221525,"{'province': '湖南省', 'city': '长沙市', 'district': '岳麓区', 'street': '桐梓坡路', 'formatted_address': '湖南省长沙市岳麓区桐梓坡路99号'}",84-a
Gallery-622,84-1,IMG_20250509_211210,2025-05-09 21:12:10,手机屏幕; 微信聊天; 高尔夫活动; 客户沟通; 行程确认; 文档记录,"林志豪：冯顾问，明天上午9点，长沙青竹湖国际高尔夫俱乐部，1号洞开球。着装要求：商务休闲。
冯浩然：收到，林总。明天见！",冯浩然的手机屏幕上显示着与客户林志豪的微信聊天记录，内容是关于次日高尔夫活动的开球时间和地点确认,"{'province': '湖南省', 'city': '长沙市', 'district': '岳麓区', 'streetName': '双塘路', 'streetNumber': '99号', 'poi': '岳麓区机关金星住宅小区家中书房'}",112.938578,28.221525,"{'province': '湖南省', 'city': '长沙市', 'district': '岳麓区', 'street': '桐梓坡路', 'formatted_address': '湖南省长沙市岳麓区桐梓坡路99号'}",84-a
Gallery-623,,IMG_20250510_080215,2025-05-10 08:02:15,晨跑; 岳麓山; 石板路; 林荫道; 清晨阳光; 静谧; 街景,无,冯浩然在岳麓山晨跑途中，拍摄下清晨阳光透过树叶洒在石板路上的静谧街景,"{'province': '湖南省', 'city': '长沙市', 'district': '岳麓区', 'streetName': '麓山南路', 'streetNumber': 'XX号', 'poi': '岳麓山风景名胜区'}",112.936104,28.183601,"{'province': '湖南省', 'city': '长沙市', 'district': '岳麓区', 'street': '麓山南路', 'formatted_address': '湖南省长沙市岳麓区麓山南路[]'}",
Gallery-624,43-4-1,IMG_20250511_111500,2025-05-11 11:15:00,金融科技峰会; 会议资料; 扫描仪; 木质书桌; 电子化归档,2025金融科技与投资创新峰会 - 会议议程 2025-05-08 上海国际会议中心,冯浩然在书房中扫描金融科技峰会资料，资料平铺在木质书桌上，旁边放着扫描仪和笔记本电脑,"{'province': '湖南省', 'city': '长沙市', 'district': '岳麓区', 'streetName': '双塘路', 'streetNumber': '99号', 'poi': '岳麓区机关金星住宅小区'}",112.938578,28.221525,"{'province': '湖南省', 'city': '长沙市', 'district': '岳麓区', 'street': '桐梓坡路', 'formatted_address': '湖南省长沙市岳麓区桐梓坡路99号'}",43-d
Gallery-625,43-4-1,IMG_20250511_114500,2025-05-11 11:45:00,电脑屏幕; 电子文档; 文件夹分类; 云端笔记; 工作归档,"金融科技峰会归档
行业趋势
技术应用
人脉网络
核心收获",冯浩然将整理好的电子文档分类截图，电脑屏幕上显示着按行业趋势、技术应用等标签分类的文件夹列表,"{'province': '湖南省', 'city': '长沙市', 'district': '岳麓区', 'streetName': '双塘路', 'streetNumber': '99号', 'poi': '岳麓区机关金星住宅小区'}",112.938578,28.221525,"{'province': '湖南省', 'city': '长沙市', 'district': '岳麓区', 'street': '桐梓坡路', 'formatted_address': '湖南省长沙市岳麓区桐梓坡路99号'}",43-d
Gallery-626,,IMG_20250511_124500,2025-05-11 12:45:00,餐盘; 剩饭; 糙米饭; 西兰花; 木质餐桌; 午餐后,无,冯浩然拍摄午餐后准备丢弃的餐盘，盘中剩余少量糙米饭和西兰花，背景是餐厅的木质餐桌,"{'province': '湖南省', 'city': '长沙市', 'district': '岳麓区', 'streetName': '双塘路', 'streetNumber': '99号', 'poi': '岳麓区机关金星住宅小区'}",112.938578,28.221525,"{'province': '湖南省', 'city': '长沙市', 'district': '岳麓区', 'street': '桐梓坡路', 'formatted_address': '湖南省长沙市岳麓区桐梓坡路99号'}",
Gallery-627,a_139,IMG_20250511_172000,2025-05-11 17:20:00,笔记本电脑; 照片缩略图; 潮宗街; 街拍作品; 后期整理,"潮宗街历史文化街区
2025-05-04 拍摄
文件总数：48
已选：3",冯浩然在客厅笔记本电脑上整理上周拍摄的潮宗街照片，屏幕上显示着多张街拍照片的缩略图,"{'province': '湖南省', 'city': '长沙市', 'district': '岳麓区', 'streetName': '双塘路', 'streetNumber': '99号', 'poi': '岳麓区机关金星住宅小区'}",112.938578,28.221525,"{'province': '湖南省', 'city': '长沙市', 'district': '岳麓区', 'street': '桐梓坡路', 'formatted_address': '湖南省长沙市岳麓区桐梓坡路99号'}",a_139
Gallery-628,a_139,IMG_20250511_173000,2025-05-11 17:30:00,照片编辑; 调色面板; 曲线调整; 色温; 后期处理,"Lightroom Classic
色调曲线
色温 5200
色调 +5
曝光度 +0.3",冯浩然对一张潮宗街光影照片进行简单调色，屏幕上显示着照片编辑软件的曲线和色温调整面板,"{'province': '湖南省', 'city': '长沙市', 'district': '岳麓区', 'streetName': '双塘路', 'streetNumber': '99号', 'poi': '岳麓区机关金星住宅小区'}",112.938578,28.221525,"{'province': '湖南省', 'city': '长沙市', 'district': '岳麓区', 'street': '桐梓坡路', 'formatted_address': '湖南省长沙市岳麓区桐梓坡路99号'}",a_139
Gallery-629,a_139,IMG_20250511_174500,2025-05-11 17:45:00,社交平台; 发布界面; 摄影作品; 个人品牌; 线上分享,"发布到 500px
上周潮宗街随拍，老建筑的光影游戏。
#长沙 #街拍 #潮宗街 #光影",冯浩然将整理好的三张摄影作品上传到摄影社交平台，屏幕上显示着发布界面，配文已编辑完成,"{'province': '湖南省', 'city': '长沙市', 'district': '岳麓区', 'streetName': '双塘路', 'streetNumber': '99号', 'poi': '岳麓区机关金星住宅小区'}",112.938578,28.221525,"{'province': '湖南省', 'city': '长沙市', 'district': '岳麓区', 'street': '桐梓坡路', 'formatted_address': '湖南省长沙市岳麓区桐梓坡路99号'}",a_139
Gallery-630,148-9,IMG_20250511_214500,2025-05-11 21:45:00,电脑屏幕; 加密货币; 价格图表; 夏普比率; 数据分析; 风险收益,"比特币(BTC) 价格波动分析 (2024-05至2025-05)
年化波动率: 65.3%
夏普比率: 1.2
与传统股指相关性: 0.15",冯浩然在书房分析加密货币数据，电脑屏幕上显示着比特币价格波动图表和计算出的夏普比率公式,"{'province': '湖南省', 'city': '长沙市', 'district': '岳麓区', 'streetName': '双塘路', 'streetNumber': '99号', 'poi': '岳麓区机关金星住宅小区'}",112.938578,28.221525,"{'province': '湖南省', 'city': '长沙市', 'district': '岳麓区', 'street': '桐梓坡路', 'formatted_address': '湖南省长沙市岳麓区桐梓坡路99号'}",148-i
Gallery-631,83-5,IMG_20250512_111530,2025-05-12 11:15:30,PPT截图; 资产配置模型; 投影屏幕; 金融图表; 团队例会; 工作场景,无,冯浩然在团队例会中拍摄了展示资产配置模型的PPT页面，屏幕内容清晰，背景是办公室的投影幕布和会议桌一角。,"{'province': '湖南省', 'city': '长沙市', 'district': '开福区', 'streetName': '芙蓉中路', 'streetNumber': '88号', 'poi': '华泰证券办公室'}",112.986675,28.223728,"{'province': '湖南省', 'city': '长沙市', 'district': '开福区', 'street': '芙蓉中路', 'formatted_address': '湖南省长沙市开福区芙蓉中路88号'}",83-e
Gallery-632,,IMG_20250513_182015,2025-05-13 18:20:15,潮宗街; 麻石路; 青砖灰瓦; 夕阳; 老街; 光影; 街拍; 历史街区,无,冯浩然在潮宗街历史文化街区拍摄夕阳下的麻石老街，暖色光线洒在青砖灰瓦的老建筑上，远处有行人走过,"{'province': '湖南省', 'city': '长沙市', 'district': '开福区', 'streetName': '通泰街', 'streetNumber': 'XX号', 'poi': '潮宗街历史文化街区'}",112.972255,28.203177,"{'province': '湖南省', 'city': '长沙市', 'district': '开福区', 'street': '潮宗街', 'formatted_address': '湖南省长沙市开福区潮宗街[]'}",
Gallery-633,,IMG_20250513_183230,2025-05-13 18:32:30,人物合影; 打卡照; 文创店; 复古招牌; 绿植; 街拍; 游客帮忙,无,冯浩然请一位路过的游客帮忙，在潮宗街一家特色文创店门口为自己拍摄打卡合影，身后是复古的招牌和绿植,"{'province': '湖南省', 'city': '长沙市', 'district': '开福区', 'streetName': '通泰街', 'streetNumber': 'XX号', 'poi': '潮宗街历史文化街区（某文创店门口）'}",112.972255,28.203177,"{'province': '湖南省', 'city': '长沙市', 'district': '开福区', 'street': '潮宗街', 'formatted_address': '湖南省长沙市开福区潮宗街[]'}",
Gallery-634,,IMG_20250513_184510,2025-05-13 18:45:10,砖雕; 墙面细节; 斑驳; 微距; 纹理; 历史感; 建筑特写,无,冯浩然使用微距模式拍摄潮宗街老建筑墙面上斑驳的砖雕纹样，细节清晰，充满岁月感,"{'province': '湖南省', 'city': '长沙市', 'district': '开福区', 'streetName': '通泰街', 'streetNumber': 'XX号', 'poi': '潮宗街历史文化街区（某老建筑外墙）'}",112.972255,28.203177,"{'province': '湖南省', 'city': '长沙市', 'district': '开福区', 'street': '潮宗街', 'formatted_address': '湖南省长沙市开福区潮宗街[]'}",
Gallery-635,43-5,IMG_20250513_221520,2025-05-13 22:15:20,电脑屏幕; 知乎; 金融大V; 个人主页; 粉丝数; 文档扫描; 研究素材,"知乎 - 金融投资领域创作者
粉丝：85.3万
热门文章：资产配置实战拆解（2025-04-20）
个人简介：前投行分析师，专注二级市场与资产配置。",冯浩然用手机拍摄电脑屏幕上显示的知乎平台金融大V个人主页，页面包含其简介、粉丝数和热门文章列表,"{'province': '湖南省', 'city': '长沙市', 'district': '岳麓区', 'streetName': '双塘路', 'streetNumber': '99号', 'poi': '岳麓区机关金星住宅小区（家中书房）'}",112.938578,28.221525,"{'province': '湖南省', 'city': '长沙市', 'district': '岳麓区', 'street': '桐梓坡路', 'formatted_address': '湖南省长沙市岳麓区桐梓坡路99号'}",43-e
Gallery-636,,IMG_20250514_082015,2025-05-14 08:20:15,健康早餐; 燕麦片; 水煮蛋; 小番茄; 白色瓷碗; 木质餐桌; 晨间,无,冯浩然在家中厨房准备健康早餐，餐桌上摆放着盛有燕麦片的白色瓷碗、水煮蛋和小番茄，背景是整洁的现代厨房,"{'province': '湖南省', 'city': '长沙市', 'district': '岳麓区', 'streetName': '双塘路', 'streetNumber': '99号', 'poi': '岳麓区机关金星住宅小区'}",112.938578,28.221525,"{'province': '湖南省', 'city': '长沙市', 'district': '岳麓区', 'street': '桐梓坡路', 'formatted_address': '湖南省长沙市岳麓区桐梓坡路99号'}",
Gallery-637,120-3-2,IMG_20250514_184523,2025-05-14 18:45:23,薄荷; 植物; 修剪; 剪刀; 傍晚; 阳台; 园艺; 绿色植物,,傍晚时分，阳台上的薄荷植物枝叶生长得有些密集，部分过密和老化的叶片已被修剪掉，旁边放着一把消毒过的银色剪刀。,"{'province': '广东省', 'city': '深圳市', 'district': '南山区', 'streetName': '科技南一路', 'streetNumber': '10号', 'poi': '冯浩然家阳台'}",113.941363,22.534437,"{'province': '广东省', 'city': '深圳市', 'district': '南山区', 'street': '科技南一路', 'formatted_address': '广东省深圳市南山区科技南一路[]'}",120-c
Gallery-638,120-3-1,IMG_20250514_184523,2025-05-14 18:45:23,阳台; 植物; 薄荷; 小番茄; 修剪; 园艺; 剪刀; 枝叶,,阳台上的薄荷和小番茄苗。薄荷经过修剪，部分过密和老化的枝叶被剪下放在一旁，旁边放着一把消毒过的剪刀。小番茄苗的苗杆已被扶正。,"{'province': '广东省', 'city': '深圳市', 'district': '南山区', 'streetName': '科技园路', 'streetNumber': '18号', 'poi': '冯浩然家阳台'}",114.12515,22.623097,"{'province': '广东省', 'city': '深圳市', 'district': '龙岗区', 'street': '科技园路', 'formatted_address': '广东省深圳市龙岗区科技园路[]'}",120-c
Gallery-639,,IMG_20250514_184530,2025-05-14 18:45:30,日式拉面; 猪软骨; 晚餐; 热气腾腾; 日式餐厅; 美食,无,冯浩然在日式拉面店享用晚餐，面前是一碗热气腾腾的猪软骨拉面，汤色浓郁，配菜丰富，背景是简约的日式餐厅环境,"{'province': '湖南省', 'city': '长沙市', 'district': '开福区', 'streetName': '中山路', 'streetNumber': 'XX号', 'poi': '剧场附近日式拉面店'}",112.978034,28.200128,"{'province': '湖南省', 'city': '长沙市', 'district': '开福区', 'street': '中山路', 'formatted_address': '湖南省长沙市开福区中山路[]'}",
Gallery-640,,IMG_20250515_073025,2025-05-15 07:30:25,牛油果鸡蛋吐司; 黑咖啡; 全麦面包; 早餐; 厨房吧台; 健康饮食,无,冯浩然制作的牛油果鸡蛋全麦吐司早餐摆放在厨房吧台上，旁边是一杯冒着热气的黑咖啡，背景是整洁的现代厨房,"{'province': '湖南省', 'city': '长沙市', 'district': '岳麓区', 'streetName': '双塘路', 'streetNumber': '99号', 'poi': '岳麓区机关金星住宅小区'}",112.938578,28.221525,"{'province': '湖南省', 'city': '长沙市', 'district': '岳麓区', 'street': '桐梓坡路', 'formatted_address': '湖南省长沙市岳麓区桐梓坡路99号'}",
Gallery-641,231-1-2,IMG_20250515_123045,2025-05-15 12:30:45,电商平台; 截图; 健康监测设备; 血压计; 血氧仪; 参数对比; 购物; 手机屏幕,"产品对比

康安 智能血压计
- 测量精度：±3mmHg
- 操作便捷度：★★★★☆ (一键测量，大屏显示)
- 用户好评率：96%
- 售后服务：7天无理由，2年质保

健测 智能血氧仪
- 测量精度：±2%
- 操作便捷度：★★★★★ (夹指即测，语音播报)
- 用户好评率：98%
- 售后服务：30天退换，3年质保

对比总结：两款设备均适合老年人使用，准确性高，操作简单。",电商平台健康监测设备对比页面截图，展示了‘康安’和‘健测’两个品牌的智能血压计与血氧仪的参数对比，重点突出了准确性评分、操作便捷性评价以及用户好评率。,"{'province': '北京市', 'city': '北京市', 'district': '海淀区', 'streetName': '上地西路', 'streetNumber': '8号', 'poi': '冯浩然的工作单位'}",116.312523,40.033335,"{'province': '北京市', 'city': '北京市', 'district': '海淀区', 'street': '上地西路', 'formatted_address': '北京市北京市海淀区上地西路8号院'}",231-a
Gallery-642,,IMG_20250516_084530,2025-05-16 08:45:30,早高峰; 车流; 湖南广电中心; 城市通勤; 驾驶视角,无,冯浩然在早高峰时段驾车经过芙蓉中路，前方是湖南广电中心大楼，车流密集，天空多云。,"{'province': '湖南省', 'city': '长沙市', 'district': '开福区', 'streetName': '芙蓉中路', 'streetNumber': 'XX号', 'poi': '湖南广电中心写字楼附近路段'}",113.046548,28.235932,"{'province': '湖南省', 'city': '长沙市', 'district': '开福区', 'street': [], 'formatted_address': '湖南省长沙市开福区[][]'}",
Gallery-643,,IMG_20250516_090500,2025-05-16 09:05:00,停车场; 写字楼; 车辆; 通勤结束; 车窗视角,无,冯浩然在公司附近的停车场停好车，透过车窗拍摄停车场内整齐排列的车辆和现代风格的写字楼外立面。,"{'province': '湖南省', 'city': '长沙市', 'district': '开福区', 'streetName': '芙蓉中路', 'streetNumber': '88号', 'poi': '湖南广电中心写字楼停车场'}",113.046548,28.235932,"{'province': '湖南省', 'city': '长沙市', 'district': '开福区', 'street': [], 'formatted_address': '湖南省长沙市开福区[][]'}",
Gallery-644,148-11-2,IMG_20250516_125010,2025-05-16 12:50:10,小炒黄牛肉; 湘菜; 午餐; 同事聚餐; 中式餐具,无,冯浩然与同事郑文博在金鹰路食悦新派湘菜馆用餐，桌上摆着刚上桌的小炒黄牛肉、清炒时蔬和菌菇汤，餐具摆放整齐。,"{'province': '湖南省', 'city': '长沙市', 'district': '开福区', 'streetName': '金鹰路', 'streetNumber': 'XX号', 'poi': '食悦新派湘菜馆（金鹰路店）'}",113.043533,28.238287,"{'province': '湖南省', 'city': '长沙市', 'district': '开福区', 'street': '金鹰路', 'formatted_address': '湖南省长沙市开福区金鹰路[]'}",148-k
Gallery-645,,IMG_20250516_141520,2025-05-16 14:15:20,PPT截图; 投影屏幕; 市场观察; 团队会议; 工作汇报,市场观察周报 - 2025年5月第2周 - 华泰证券投资顾问部,冯浩然在团队周度例会上，用手机拍摄了投影屏幕上正在展示的关于市场观察的PPT页面，页面包含图表和要点文字。,"{'province': '湖南省', 'city': '长沙市', 'district': '开福区', 'streetName': '芙蓉中路', 'streetNumber': '88号', 'poi': '华泰证券办公室会议室'}",112.986675,28.223728,"{'province': '湖南省', 'city': '长沙市', 'district': '开福区', 'street': '芙蓉中路', 'formatted_address': '湖南省长沙市开福区芙蓉中路88号'}",
Gallery-646,a_148,IMG_20250516_171015,2025-05-16 17:10:15,文档扫描; 分析报告; A4纸; 办公桌; 工作文件,数字资产配置初步分析报告 - 客户：黄思琪 - 华泰证券 - 2025年5月16日,冯浩然在办公室工位上，用手机扫描一份打印出来的客户数字资产分析报告初稿，报告标题和部分段落清晰可见。,"{'province': '湖南省', 'city': '长沙市', 'district': '开福区', 'streetName': '芙蓉中路', 'streetNumber': '88号', 'poi': '华泰证券办公室'}",112.986675,28.223728,"{'province': '湖南省', 'city': '长沙市', 'district': '开福区', 'street': '芙蓉中路', 'formatted_address': '湖南省长沙市开福区芙蓉中路88号'}",a_148
Gallery-647,15-9,IMG_20250516_180330,2025-05-16 18:03:30,金枪鱼沙拉; 冰美式; CFA资料; 咖啡厅; 简餐,无,冯浩然在一丹咖啡厅内，将金枪鱼沙拉和冰美式咖啡放在CFA复习资料旁，准备开始学习，木质桌面光线柔和。,"{'province': '湖南省', 'city': '长沙市', 'district': '芙蓉区', 'streetName': '浏阳河大道', 'streetNumber': 'XX号', 'poi': '一丹咖啡厅'}",113.039134,28.174765,"{'province': '湖南省', 'city': '长沙市', 'district': '芙蓉区', 'street': '浏阳河大道', 'formatted_address': '湖南省长沙市芙蓉区浏阳河大道[]'}",15-i
Gallery-648,120-4,IMG_20250517_064530,2025-05-17 06:45:30,小番茄; 嫩芽; 种植盆; 清晨; 植物生长; 绿色; 特写; 家庭园艺,,清晨，小番茄种植盆中冒出的几株细小绿色嫩芽特写。,"{'province': '北京市', 'city': '北京市', 'district': '海淀区', 'streetName': '中关村大街', 'streetNumber': '27号', 'poi': '冯浩然家阳台'}",116.316334,39.977704,"{'province': '北京市', 'city': '北京市', 'district': '海淀区', 'street': '中关村大街', 'formatted_address': '北京市北京市海淀区中关村大街27号'}",120-d
Gallery-649,,IMG_20250517_084015,2025-05-17 08:40:15,全麦面包三明治; 牛油果; 煎蛋; 黑咖啡; iPad; 健康早餐; 木质餐桌,无,冯浩然在自家厨房餐桌上拍摄健康早餐，盘中有全麦面包牛油果鸡蛋三明治，旁边放着一杯黑咖啡和iPad，背景是明亮的厨房窗户。,"{'province': '湖南省', 'city': '长沙市', 'district': '岳麓区', 'streetName': '双塘路', 'streetNumber': '99号', 'poi': '岳麓区机关金星住宅小区'}",112.938578,28.221525,"{'province': '湖南省', 'city': '长沙市', 'district': '岳麓区', 'street': '桐梓坡路', 'formatted_address': '湖南省长沙市岳麓区桐梓坡路99号'}",
Gallery-650,,IMG_20250517_094520,2025-05-17 09:45:20,文档扫描; 播客大纲; 配置相对论; A4纸; 笔记本电脑; 书房桌面,配置相对论 - 首期播客大纲 主题：震荡市下的资产再平衡 2025-05-17,冯浩然在书房书桌上拍摄播客大纲文档，文档标题为‘配置相对论’首期大纲，旁边放着笔记本电脑和咖啡杯。,"{'province': '湖南省', 'city': '长沙市', 'district': '岳麓区', 'streetName': '双塘路', 'streetNumber': '99号', 'poi': '岳麓区机关金星住宅小区'}",112.938578,28.221525,"{'province': '湖南省', 'city': '长沙市', 'district': '岳麓区', 'street': '桐梓坡路', 'formatted_address': '湖南省长沙市岳麓区桐梓坡路99号'}",
Gallery-651,,IMG_20250517_140530,2025-05-17 14:05:30,车窗视角; 麓山南路; 湖南大学; 行道树; 街景; 行驶中,无,冯浩然在网约车内拍摄窗外街景，车辆正行驶在通往岳麓山的麓山南路上，路边是湖南大学的校园建筑和行道树。,"{'province': '湖南省', 'city': '长沙市', 'district': '岳麓区', 'streetName': '麓山南路', 'streetNumber': 'XX号', 'poi': '湖南大学校区附近'}",112.939291,28.166369,"{'province': '湖南省', 'city': '长沙市', 'district': '岳麓区', 'street': '麓山南路', 'formatted_address': '湖南省长沙市岳麓区麓山南路[]'}",
Gallery-652,,IMG_20250517_143200,2025-05-17 14:32:00,岳麓山; 爱晚亭; 古建筑; 绿树环绕; 风景打卡; 阳光光影,爱晚亭 - 始建于清乾隆五十七年（1792年）,冯浩然在岳麓山爱晚亭前拍摄风景打卡照，亭子被绿树环绕，远处可见岳麓山轮廓，阳光透过树叶洒下斑驳光影。,"{'province': '湖南省', 'city': '长沙市', 'district': '岳麓区', 'streetName': '登高路', 'streetNumber': '58号', 'poi': '岳麓山爱晚亭'}",112.937564,28.180437,"{'province': '湖南省', 'city': '长沙市', 'district': '岳麓区', 'street': '登高路', 'formatted_address': '湖南省长沙市岳麓区登高路58号'}",
Gallery-653,,IMG_20250517_144815,2025-05-17 14:48:15,街拍; 游客合影; 岳麓山门; 石阶; 抓拍; 人文纪实,无,冯浩然在岳麓山南门附近为几位正在休息聊天的游客拍摄合影，背景是古朴的山门和石阶。,"{'province': '湖南省', 'city': '长沙市', 'district': '岳麓区', 'streetName': '登高路', 'streetNumber': '58号', 'poi': '岳麓山风景名胜区南门'}",112.936104,28.183601,"{'province': '湖南省', 'city': '长沙市', 'district': '岳麓区', 'street': '登高路', 'formatted_address': '湖南省长沙市岳麓区登高路58号'}",
Gallery-654,,IMG_20250517_151030,2025-05-17 15:10:30,微距摄影; 青苔; 露珠; 石墙; 纹理细节; 自然特写,无,冯浩然使用微距模式拍摄岳麓山路边石墙上的一片青苔，青苔纹理清晰，上面还挂着几颗晶莹的露珠。,"{'province': '湖南省', 'city': '长沙市', 'district': '岳麓区', 'streetName': '登高路', 'streetNumber': '58号', 'poi': '岳麓山登山步道旁'}",112.936606,28.180729,"{'province': '湖南省', 'city': '长沙市', 'district': '岳麓区', 'street': '登高路', 'formatted_address': '湖南省长沙市岳麓区登高路58号'}",
Gallery-655,,IMG_20250517_155500,2025-05-17 15:55:00,街头风景; 书店橱窗; 摄影书籍; 复古海报; 步行随拍; 城市街景,无,冯浩然在步行前往咖啡馆途中，拍摄麓山南路街边一家特色小书店的橱窗，橱窗里摆放着摄影书籍和复古海报。,"{'province': '湖南省', 'city': '长沙市', 'district': '岳麓区', 'streetName': '麓山南路', 'streetNumber': 'XX号', 'poi': '街边独立书店'}",112.938341,28.165647,"{'province': '湖南省', 'city': '长沙市', 'district': '岳麓区', 'street': '麓山南路', 'formatted_address': '湖南省长沙市岳麓区麓山南路[]'}",
Gallery-656,93-1-1,IMG_20250517_191015,2025-05-17 19:10:15,同学聚餐; 湘菜; 剁椒鱼头; 举杯庆祝; 包厢合影; 中式装修,无,冯浩然与大学同学吴俊杰等人在私房菜馆包厢内合影，桌上摆着剁椒鱼头等湘菜，大家举杯庆祝重逢，背景是中式装修的墙面。,"{'province': '湖南省', 'city': '长沙市', 'district': '天心区', 'streetName': '太平街太平巷', 'streetNumber': 'XX号', 'poi': '巷子深私房菜馆'}",112.971813,28.193695,"{'province': '湖南省', 'city': '长沙市', 'district': '天心区', 'street': '太平街', 'formatted_address': '湖南省长沙市天心区太平街[]'}",93-a
Gallery-657,43-7,IMG_20250518_113000,2025-05-18 11:30:00,文档扫描; 金融文章; 笔记本电脑; 咖啡杯; 书房; 手写笔记,《后疫情时代的家庭资产配置策略转型》 冯浩然 2025-05-18 初稿,冯浩然在书房书桌上拍摄自己撰写的《后疫情时代的家庭资产配置策略转型》文章初稿，旁边放着笔记本电脑和咖啡杯。,"{'province': '湖南省', 'city': '长沙市', 'district': '岳麓区', 'streetName': '双塘路', 'streetNumber': '99号', 'poi': '岳麓区机关金星住宅小区'}",112.938578,28.221525,"{'province': '湖南省', 'city': '长沙市', 'district': '岳麓区', 'street': '桐梓坡路', 'formatted_address': '湖南省长沙市岳麓区桐梓坡路99号'}",43-g
Gallery-658,a_222,IMG_20250518_124500,2025-05-18 12:45:00,鸡胸肉沙拉; 健康午餐; 油醋汁; 白色餐盘; 料理台; 色彩鲜艳,无,冯浩然在厨房料理台上拍摄刚制作好的鸡胸肉沙拉，沙拉色彩鲜艳，盛放在白色餐盘中，旁边是油醋汁小碗。,"{'province': '湖南省', 'city': '长沙市', 'district': '岳麓区', 'streetName': '双塘路', 'streetNumber': '99号', 'poi': '岳麓区机关金星住宅小区'}",112.938578,28.221525,"{'province': '湖南省', 'city': '长沙市', 'district': '岳麓区', 'street': '桐梓坡路', 'formatted_address': '湖南省长沙市岳麓区桐梓坡路99号'}",a_222
Gallery-659,,IMG_20250518_161500,2025-05-18 16:15:00,手冲咖啡; 行业研报; 咖啡厅; 靠窗座位; 木质桌面; 街景,《家庭信托与保险金信托市场研究报告》 2025年第一季度,冯浩然在一丹咖啡厅的靠窗座位上拍摄手冲咖啡和摊开的行业研报，窗外是浏阳河大道的街景。,"{'province': '湖南省', 'city': '长沙市', 'district': '芙蓉区', 'streetName': '浏阳河大道', 'streetNumber': 'XX号', 'poi': '一丹咖啡厅'}",113.039134,28.174765,"{'province': '湖南省', 'city': '长沙市', 'district': '芙蓉区', 'street': '浏阳河大道', 'formatted_address': '湖南省长沙市芙蓉区浏阳河大道[]'}",
Gallery-660,a_138,IMG_20250518_174500,2025-05-18 17:45:00,浏阳河; 傍晚; 夕阳; 河岸风光; 波光粼粼; 城市天际线,无,冯浩然在浏阳河风光带拍摄傍晚时分的河岸风景，夕阳余晖洒在波光粼粼的水面上，对岸的建筑轮廓清晰可见。,"{'province': '湖南省', 'city': '长沙市', 'district': '芙蓉区', 'streetName': '浏阳河大道', 'streetNumber': 'XX号', 'poi': '浏阳河风光带'}",113.049753,28.1891,"{'province': '湖南省', 'city': '长沙市', 'district': '芙蓉区', 'street': '浏阳河大道', 'formatted_address': '湖南省长沙市芙蓉区浏阳河大道[]'}",a_138
Gallery-661,,IMG_20250519_070520,2025-05-19 07:05:20,晨练; 快走; 社区公园; 林荫步道; 清晨阳光; 健身器材,无,冯浩然在英才园社区公园晨练快走，背景是清晨的林荫步道和健身器材，阳光透过树叶洒下斑驳光影。,"{'province': '湖南省', 'city': '长沙市', 'district': '岳麓区', 'streetName': '双塘路', 'streetNumber': 'XX号', 'poi': '英才园社区公园'}",112.94648,28.213092,"{'province': '湖南省', 'city': '长沙市', 'district': '岳麓区', 'street': '双塘路', 'formatted_address': '湖南省长沙市岳麓区双塘路[]'}",
Gallery-662,,IMG_20250519_074015,2025-05-19 07:40:15,早餐; 燕麦; 水煮蛋; 蓝莓; 黑咖啡; 木质餐桌; 健康饮食,无,冯浩然在家中餐厅拍摄早餐，燕麦碗、水煮蛋和蓝莓摆放在木质餐桌上，旁边放着一杯黑咖啡。,"{'province': '湖南省', 'city': '长沙市', 'district': '岳麓区', 'streetName': '双塘路', 'streetNumber': '99号', 'poi': '岳麓区机关金星住宅小区'}",112.938578,28.221525,"{'province': '湖南省', 'city': '长沙市', 'district': '岳麓区', 'street': '桐梓坡路', 'formatted_address': '湖南省长沙市岳麓区桐梓坡路99号'}",
Gallery-663,222-3-1,IMG_20250519_080510,2025-05-19 08:05:10,体检报告; 手机截图; 健康指标; 胆固醇; 屏幕显示; 医疗通知,体检报告通知 - 总胆固醇 5.8 mmol/L (参考值 <5.2) - 低密度脂蛋白 3.9 mmol/L (参考值 <3.4) - 轻度脂肪肝倾向 - 2025-05-19,冯浩然在餐桌上用手机拍摄体检报告通知的屏幕截图，屏幕上显示着总胆固醇和低密度脂蛋白超标的指标。,"{'province': '湖南省', 'city': '长沙市', 'district': '岳麓区', 'streetName': '双塘路', 'streetNumber': '99号', 'poi': '岳麓区机关金星住宅小区'}",112.938578,28.221525,"{'province': '湖南省', 'city': '长沙市', 'district': '岳麓区', 'street': '桐梓坡路', 'formatted_address': '湖南省长沙市岳麓区桐梓坡路99号'}",222-c
Gallery-664,,IMG_20250519_122530,2025-05-19 12:25:30,午餐; 健康沙拉; 轻食餐厅; 同事聚餐; 羽衣甘蓝; 柠檬水,羽衣甘蓝轻食坊 - 招牌鸡胸肉沙拉 38元/份 - 2025-05-19,冯浩然与同事郑文博在羽衣甘蓝轻食坊共进午餐，桌上摆着两份色彩丰富的健康沙拉和两杯柠檬水。,"{'province': '湖南省', 'city': '长沙市', 'district': '开福区', 'streetName': '金鹰路', 'streetNumber': 'XX号', 'poi': '羽衣甘蓝轻食坊'}",113.043533,28.238287,"{'province': '湖南省', 'city': '长沙市', 'district': '开福区', 'street': '金鹰路', 'formatted_address': '湖南省长沙市开福区金鹰路[]'}",
Gallery-665,a_92,IMG_20250519_142015,2025-05-19 14:20:15,团队周会; PPT截图; 市场研判; 投影屏幕; 数据图表; 工作汇报,华泰证券投资顾问部周会 - Q2市场趋势与客户策略 - 2025-05-19,冯浩然在团队周会上拍摄投影屏幕，屏幕上显示着关于市场研判的PPT图表，标题为‘Q2市场趋势与客户策略’。,"{'province': '湖南省', 'city': '长沙市', 'district': '开福区', 'streetName': '芙蓉中路', 'streetNumber': '88号', 'poi': '湖南广电中心写字楼'}",113.046548,28.235932,"{'province': '湖南省', 'city': '长沙市', 'district': '开福区', 'street': [], 'formatted_address': '湖南省长沙市开福区[][]'}",a_92
Gallery-666,,IMG_20250519_194520,2025-05-19 19:45:20,家务; 衣物收纳; 整理衣柜; 衬衫; 居家生活; 抽屉,无,冯浩然在家中客厅整理晾干的衣物，将叠好的衬衫和裤子整齐地放入衣柜的抽屉中。,"{'province': '湖南省', 'city': '长沙市', 'district': '岳麓区', 'streetName': '双塘路', 'streetNumber': '99号', 'poi': '岳麓区机关金星住宅小区'}",112.938578,28.221525,"{'province': '湖南省', 'city': '长沙市', 'district': '岳麓区', 'street': '桐梓坡路', 'formatted_address': '湖南省长沙市岳麓区桐梓坡路99号'}",
Gallery-667,,IMG_20250520_083025,2025-05-20 08:30:25,城市街道; 清晨阳光; 高楼大厦; 玻璃幕墙; 通勤路上; 街拍,无,冯浩然在通勤途中拍摄芙蓉中路清晨街景，道路两旁高楼林立，阳光透过玻璃幕墙反射出光芒,"{'province': '湖南省', 'city': '长沙市', 'district': '开福区', 'streetName': '芙蓉中路', 'streetNumber': 'XX号', 'poi': '湖南广电中心写字楼附近'}",113.046548,28.235932,"{'province': '湖南省', 'city': '长沙市', 'district': '开福区', 'street': [], 'formatted_address': '湖南省长沙市开福区[][]'}",
Gallery-668,,IMG_20250520_085525,2025-05-20 08:55:25,办公室窗景; 城市俯瞰; 街道车流; 写字楼; 工作环境,无,冯浩然抵达公司后从办公室窗户向外拍摄，视角俯瞰楼下街道与远处的城市景观,"{'province': '湖南省', 'city': '长沙市', 'district': '开福区', 'streetName': '芙蓉中路', 'streetNumber': '88号', 'poi': '华泰证券办公室'}",112.986675,28.223728,"{'province': '湖南省', 'city': '长沙市', 'district': '开福区', 'street': '芙蓉中路', 'formatted_address': '湖南省长沙市开福区芙蓉中路88号'}",
Gallery-669,a_85,IMG_20250520_094025,2025-05-20 09:40:25,办公文档; 客户方案; 金融报告; 笔记本电脑; 办公桌,"关于贵司未来资本运作的初步服务构想
华泰证券股份有限公司
投资顾问部
2025年5月20日
服务要点：融资结构、税务筹划、家族信托",冯浩然在办公桌上拍摄起草的客户方案文档第一页，标题为《关于贵司未来资本运作的初步服务构想》,"{'province': '湖南省', 'city': '长沙市', 'district': '开福区', 'streetName': '芙蓉中路', 'streetNumber': '88号', 'poi': '华泰证券办公室'}",112.986675,28.223728,"{'province': '湖南省', 'city': '长沙市', 'district': '开福区', 'street': '芙蓉中路', 'formatted_address': '湖南省长沙市开福区芙蓉中路88号'}",a_85
Gallery-670,a_85,IMG_20250520_110025,2025-05-20 11:00:25,文档细节; 融资结构; 钢笔; 笔记; 工作记录,"融资结构设计
1. 股权融资：引入战略投资者，优化股权结构
2. 债权融资：发行公司债券，降低融资成本
3. 混合融资：可转债、优先股等创新工具",冯浩然拍摄了方案中关于融资结构设计的核心要点页面，旁边放着一支钢笔,"{'province': '湖南省', 'city': '长沙市', 'district': '开福区', 'streetName': '芙蓉中路', 'streetNumber': '88号', 'poi': '华泰证券办公室'}",112.986675,28.223728,"{'province': '湖南省', 'city': '长沙市', 'district': '开福区', 'street': '芙蓉中路', 'formatted_address': '湖南省长沙市开福区芙蓉中路88号'}",a_85
Gallery-671,223-2,IMG_20250520_113525,2025-05-20 11:35:25,运动手环; 充电线; 办公桌面; 电子产品收纳; 工作间隙,无,冯浩然将刚找到的运动手环和充电线整齐摆放在办公桌一角准备充电，旁边是笔记本电脑,"{'province': '湖南省', 'city': '长沙市', 'district': '开福区', 'streetName': '芙蓉中路', 'streetNumber': '88号', 'poi': '华泰证券办公室'}",112.986675,28.223728,"{'province': '湖南省', 'city': '长沙市', 'district': '开福区', 'street': '芙蓉中路', 'formatted_address': '湖南省长沙市开福区芙蓉中路88号'}",223-b
Gallery-672,,IMG_20250520_154025,2025-05-20 15:40:25,咖啡厅外; 广电大楼; 街头行人; 午后街景; 短暂休息,无,冯浩然站在圣爵菲斯咖啡厅外，拍摄街对面湖南广电中心大楼的局部外观与行人,"{'province': '湖南省', 'city': '长沙市', 'district': '开福区', 'streetName': '芙蓉中路', 'streetNumber': 'XX号', 'poi': '圣爵菲斯咖啡厅外'}",112.987227,28.192249,"{'province': '湖南省', 'city': '长沙市', 'district': '开福区', 'street': '芙蓉中路', 'formatted_address': '湖南省长沙市开福区芙蓉中路[]'}",
Gallery-673,a_14,IMG_20250520_183525,2025-05-20 18:35:25,小炒黄牛肉; 清炒时蔬; 湘菜; 白色瓷盘; 晚餐; 美食摄影,无,冯浩然在湘菜馆拍摄桌上的晚餐，小炒黄牛肉和清炒时蔬盛放在白色瓷盘中，色彩诱人,"{'province': '湖南省', 'city': '长沙市', 'district': '岳麓区', 'streetName': '银双路', 'streetNumber': 'XX号', 'poi': '西湖建新安置小区湘菜馆'}",112.937354,28.220409,"{'province': '湖南省', 'city': '长沙市', 'district': '岳麓区', 'street': '银双路', 'formatted_address': '湖南省长沙市岳麓区银双路[]'}",a_14
Gallery-674,222-4-1,IMG_20250520_210525,2025-05-20 21:05:25,真空腊肉; 瓶装辣酱; 厨房储物柜; 食品收纳; 母亲寄来,无,冯浩然将母亲寄来的包裹中的食品，包括真空包装的腊肉和瓶装辣酱，整齐收纳在厨房储物柜中,"{'province': '湖南省', 'city': '长沙市', 'district': '岳麓区', 'streetName': '双塘路', 'streetNumber': '99号', 'poi': '家中厨房'}",112.937966,28.221552,"{'province': '湖南省', 'city': '长沙市', 'district': '岳麓区', 'street': '双塘路', 'formatted_address': '湖南省长沙市岳麓区双塘路99号'}",222-d
Gallery-675,222-4-1,IMG_20250520_211525,2025-05-20 21:15:25,手机备忘录; 明日规划; 工作要点; 待办事项; 屏幕截图,"2025年5月21日 工作规划
1. 上午：发送林总（林志豪）最终版方案
2. 下午：跟进黄总（黄思琪）潜在项目需求
3. 全天：CFA三级考试（考场：湖南大学）
4. 晚上：复盘与总结",冯浩然拍摄手机备忘录中规划的明日工作要点，包括“发送林总方案”、“跟进潜在项目”、“CFA考试”等条目,"{'province': '湖南省', 'city': '长沙市', 'district': '岳麓区', 'streetName': '双塘路', 'streetNumber': '99号', 'poi': '家中'}",112.937966,28.221552,"{'province': '湖南省', 'city': '长沙市', 'district': '岳麓区', 'street': '双塘路', 'formatted_address': '湖南省长沙市岳麓区双塘路99号'}",222-d
Gallery-676,15-11-1,IMG_20250520_213025,2025-05-20 21:30:25,准考证; 身份证; 计算器; 文具; 背包收纳; 考前准备,无,冯浩然睡前将明日考试所需的准考证、身份证、计算器和文具，整齐收纳在背包的独立夹层中,"{'province': '湖南省', 'city': '长沙市', 'district': '岳麓区', 'streetName': '双塘路', 'streetNumber': '99号', 'poi': '家中卧室'}",112.937966,28.221552,"{'province': '湖南省', 'city': '长沙市', 'district': '岳麓区', 'street': '双塘路', 'formatted_address': '湖南省长沙市岳麓区双塘路99号'}",15-k
Gallery-677,223-3,IMG_20250521_071015,2025-05-21 07:10:15,岳麓山; 清晨; 山峦; 薄雾; 登山步道; 风景打卡,无,冯浩然在岳麓山风景名胜区东门附近拍摄清晨山景，远处可见薄雾笼罩的山峦和登山步道,"{'province': '湖南省', 'city': '长沙市', 'district': '岳麓区', 'streetName': '登高路', 'streetNumber': '58号', 'poi': '岳麓山风景名胜区（东门）'}",112.936104,28.183601,"{'province': '湖南省', 'city': '长沙市', 'district': '岳麓区', 'street': '登高路', 'formatted_address': '湖南省长沙市岳麓区登高路58号'}",223-c
Gallery-678,223-3,IMG_20250521_072205,2025-05-21 07:22:05,矿泉水; 便利店; 清晨街道; 石墩; 补给; 风景打卡,无,冯浩然在便利店购买矿泉水后，将水瓶放在路边的石墩上，背景是清晨安静的街道和绿化带,"{'province': '湖南省', 'city': '长沙市', 'district': '岳麓区', 'streetName': '双塘路', 'streetNumber': '99号', 'poi': '岳麓区机关金星住宅小区附近便利店'}",112.938578,28.221525,"{'province': '湖南省', 'city': '长沙市', 'district': '岳麓区', 'street': '桐梓坡路', 'formatted_address': '湖南省长沙市岳麓区桐梓坡路99号'}",223-c
Gallery-679,14-2,IMG_20250521_074005,2025-05-21 07:40:05,牛油果三明治; 全麦面包; 水煮蛋; 黑咖啡; 健康早餐; 美食,无,冯浩然将制作好的牛油果鸡蛋全麦三明治放在白色瓷盘中，旁边是一杯冒着热气的黑咖啡，背景是厨房操作台,"{'province': '湖南省', 'city': '长沙市', 'district': '岳麓区', 'streetName': '双塘路', 'streetNumber': '99号', 'poi': '岳麓区机关金星住宅小区家中厨房'}",112.938578,28.221525,"{'province': '湖南省', 'city': '长沙市', 'district': '岳麓区', 'street': '桐梓坡路', 'formatted_address': '湖南省长沙市岳麓区桐梓坡路99号'}",14-b
Gallery-680,14-2,IMG_20250521_075530,2025-05-21 07:55:30,健康计划表; 冰箱贴; 饮食规划; 热量控制; 文档扫描,"健康饮食计划 2025.05.19-05.25
早餐：全麦面包/鸡蛋/牛油果/黑咖啡
午餐：清蒸鱼/时蔬/杂粮饭
晚餐：鸡胸肉/西兰花/蘑菇
每日热量目标：1800-2000大卡",冯浩然拍摄了贴在冰箱上的本周健康饮食计划表，表格中列出了每日三餐的搭配建议和热量控制目标,"{'province': '湖南省', 'city': '长沙市', 'district': '岳麓区', 'streetName': '双塘路', 'streetNumber': '99号', 'poi': '岳麓区机关金星住宅小区家中厨房'}",112.938578,28.221525,"{'province': '湖南省', 'city': '长沙市', 'district': '岳麓区', 'street': '桐梓坡路', 'formatted_address': '湖南省长沙市岳麓区桐梓坡路99号'}",14-b
Gallery-681,14-2,IMG_20250521_122530,2025-05-21 12:25:30,清蒸鱼; 西兰花; 杂粮饭; 食堂午餐; 健康饮食; 美食,无,冯浩然在公司食堂拍摄午餐餐盘，盘中有清蒸鱼块、清炒西兰花和一小碗杂粮饭，餐具为不锈钢餐盘,"{'province': '湖南省', 'city': '长沙市', 'district': '开福区', 'streetName': '芙蓉中路', 'streetNumber': '88号', 'poi': '湖南广电中心写字楼员工食堂'}",113.046548,28.235932,"{'province': '湖南省', 'city': '长沙市', 'district': '开福区', 'street': [], 'formatted_address': '湖南省长沙市开福区[][]'}",14-b
Gallery-682,14-2,IMG_20250521_123015,2025-05-21 12:30:15,食堂菜单; 电子屏; 清淡套餐; 价格; 美食,"清淡套餐
清蒸鱼+时蔬+杂粮饭
价格：18元
供应时间：11:30-13:30",冯浩然拍摄食堂窗口上方的电子菜单屏，屏幕上显示着“清淡套餐：清蒸鱼+时蔬+杂粮饭 18元”的字样,"{'province': '湖南省', 'city': '长沙市', 'district': '开福区', 'streetName': '芙蓉中路', 'streetNumber': '88号', 'poi': '湖南广电中心写字楼员工食堂'}",113.046548,28.235932,"{'province': '湖南省', 'city': '长沙市', 'district': '开福区', 'street': [], 'formatted_address': '湖南省长沙市开福区[][]'}",14-b
Gallery-683,14-2,IMG_20250521_192015,2025-05-21 19:20:15,煎鸡胸肉; 彩椒; 蘑菇; 健康晚餐; 烹饪过程; 美食,无,冯浩然在厨房灶台前拍摄正在煎制的鸡胸肉，肉块表面呈现金黄色，旁边是切好的彩椒和蘑菇,"{'province': '湖南省', 'city': '长沙市', 'district': '岳麓区', 'streetName': '双塘路', 'streetNumber': '99号', 'poi': '岳麓区机关金星住宅小区家中厨房'}",112.938578,28.221525,"{'province': '湖南省', 'city': '长沙市', 'district': '岳麓区', 'street': '桐梓坡路', 'formatted_address': '湖南省长沙市岳麓区桐梓坡路99号'}",14-b
Gallery-684,14-2,IMG_20250521_200530,2025-05-21 20:05:30,厨房储物柜; 调味瓶; 食材收纳; 分类标签; 物品收纳,无,冯浩然拍摄整理好的厨房储物柜，柜内调味瓶和干货食材分类摆放整齐，标签清晰可见,"{'province': '湖南省', 'city': '长沙市', 'district': '岳麓区', 'streetName': '双塘路', 'streetNumber': '99号', 'poi': '岳麓区机关金星住宅小区家中厨房'}",112.938578,28.221525,"{'province': '湖南省', 'city': '长沙市', 'district': '岳麓区', 'street': '桐梓坡路', 'formatted_address': '湖南省长沙市岳麓区桐梓坡路99号'}",14-b
Gallery-685,95-1,IMG_20250522_065530,2025-05-22 06:55:30,健康早餐; 燕麦碗; 水煮蛋; 香蕉; 木质餐桌; 手机预约,无,冯浩然在家中厨房拍摄自己准备的健康早餐，包括燕麦碗、水煮蛋和香蕉，摆放在木质餐桌上，旁边放着手机显示空调清洗预约页面。,"{'province': '湖南省', 'city': '长沙市', 'district': '岳麓区', 'streetName': '双塘路', 'streetNumber': '99号', 'poi': '岳麓区机关金星住宅小区'}",112.938578,28.221525,"{'province': '湖南省', 'city': '长沙市', 'district': '岳麓区', 'street': '桐梓坡路', 'formatted_address': '湖南省长沙市岳麓区桐梓坡路99号'}",95-a
Gallery-686,a_14,IMG_20250522_121520,2025-05-22 12:15:20,员工食堂; 清蒸鱼; 白灼菜心; 杂粮饭; 同事聚餐; 商务午餐,无,冯浩然与同事郑文博在员工食堂共进午餐，餐盘中有清蒸鱼、白灼菜心和杂粮饭，两人正在交谈，背景是食堂的公共就餐区。,"{'province': '湖南省', 'city': '长沙市', 'district': '开福区', 'streetName': '芙蓉中路', 'streetNumber': '88号', 'poi': '湖南广电中心写字楼员工食堂'}",113.046548,28.235932,"{'province': '湖南省', 'city': '长沙市', 'district': '开福区', 'street': [], 'formatted_address': '湖南省长沙市开福区[][]'}",a_14
Gallery-687,,IMG_20250522_131045,2025-05-22 13:10:45,冰美式; 瑞幸咖啡; 咖啡杯; 吧台; 午后放松,无,冯浩然在写字楼内的瑞幸咖啡店拍摄刚购买的冰美式咖啡，咖啡杯放在吧台上，背景是咖啡店的品牌Logo和忙碌的店员。,"{'province': '湖南省', 'city': '长沙市', 'district': '开福区', 'streetName': '芙蓉中路', 'streetNumber': '88号', 'poi': '瑞幸咖啡(华创国际负一楼店)'}",112.988855,28.22353,"{'province': '湖南省', 'city': '长沙市', 'district': '开福区', 'street': '芙蓉中路', 'formatted_address': '湖南省长沙市开福区芙蓉中路88号'}",
Gallery-688,222-5,IMG_20250522_190815,2025-05-22 19:08:15,武汉特产; 莲藕夹; 鱼糕; 泡沫保温箱; 手写卡片; 家乡味道,无,冯浩然在家中厨房拆开母亲寄来的泡沫保温箱，里面整齐摆放着分装好的武汉特产莲藕夹和鱼糕，旁边有一张手写卡片。,"{'province': '湖南省', 'city': '长沙市', 'district': '岳麓区', 'streetName': '双塘路', 'streetNumber': '99号', 'poi': '岳麓区机关金星住宅小区'}",112.938578,28.221525,"{'province': '湖南省', 'city': '长沙市', 'district': '岳麓区', 'street': '桐梓坡路', 'formatted_address': '湖南省长沙市岳麓区桐梓坡路99号'}",222-e
Gallery-689,15-12-1,IMG_20250522_200530,2025-05-22 20:05:30,日式拉面; 密友聚餐; 坡子街; 美食谈心; 温馨氛围,无,冯浩然与密友彭雨晴在坡子街的日式拉面店聚餐，两人面前摆放着热气腾腾的拉面碗，正在开心交谈，背景是温馨的日式装修风格。,"{'province': '湖南省', 'city': '长沙市', 'district': '天心区', 'streetName': '坡子街', 'streetNumber': '115号', 'poi': '坡子街美食城附近某日式拉面店'}",112.972787,28.190556,"{'province': '湖南省', 'city': '长沙市', 'district': '天心区', 'street': [], 'formatted_address': '湖南省长沙市天心区[]115号'}",15-l
Gallery-690,120-6,IMG_20250523_060500,2025-05-23 06:05:00,橘猫; 藤编猫窝; 阳台; 晨光; 绿植; 宠物,无,一只橘猫蜷缩在阳台的藤编猫窝里，阳光透过栏杆洒在它身上，背景是几盆绿植和浇过水的湿润土壤。,"{'province': '湖南省', 'city': '长沙市', 'district': '岳麓区', 'streetName': '双塘路', 'streetNumber': '99号', 'poi': '岳麓区机关金星住宅小区'}",112.938578,28.221525,"{'province': '湖南省', 'city': '长沙市', 'district': '岳麓区', 'street': '桐梓坡路', 'formatted_address': '湖南省长沙市岳麓区桐梓坡路99号'}",120-f
Gallery-691,a_85,IMG_20250523_103000,2025-05-23 10:30:00,笔记本电脑; PPT截图; 家族信托; 架构图; 手冲咖啡; 工作文档,"林志豪家族信托架构图
跨境资产配置模块
风险隔离机制
2025-05-23",笔记本电脑屏幕上显示着PPT编辑界面，内容为“林志豪家族信托架构图”，旁边放着一杯手冲咖啡和一本打开的笔记本。,"{'province': '湖南省', 'city': '长沙市', 'district': '开福区', 'streetName': '芙蓉中路', 'streetNumber': '88号', 'poi': '湖南广电中心写字楼华泰证券办公室'}",113.046548,28.235932,"{'province': '湖南省', 'city': '长沙市', 'district': '开福区', 'street': [], 'formatted_address': '湖南省长沙市开福区[][]'}",a_85
Gallery-692,138-8-1,IMG_20250523_184500,2025-05-23 18:45:00,湘江; 夕阳; 货船; 慢门摄影; 水流拉丝; 城市天际线; 风光摄影,无,夕阳下的湘江江面被染成橙紫色，一艘货船驶过，慢速快门将水流拉成丝滑的轨迹，远处是城市的天际线剪影。,"{'province': '湖南省', 'city': '长沙市', 'district': '天心区', 'streetName': '湘江中路', 'streetNumber': 'XX号', 'poi': '湘江风光带风帆广场段'}",112.971795,28.208766,"{'province': '湖南省', 'city': '长沙市', 'district': '开福区', 'street': '湘江中路', 'formatted_address': '湖南省长沙市开福区湘江中路[]'}",138-h
Gallery-693,138-8-2,IMG_20250523_210000,2025-05-23 21:00:00,徕卡相机; CFA错题本; 红笔; 木质桌面; 静物; 高感光度测试; 物品收纳,无,书房书桌上，一台徕卡相机、一个CFA错题本和一支红笔整齐地摆放在木质桌面上，模拟弱光测试后的静物组合。,"{'province': '湖南省', 'city': '长沙市', 'district': '岳麓区', 'streetName': '双塘路', 'streetNumber': '99号', 'poi': '岳麓区机关金星住宅小区家中书房'}",112.938578,28.221525,"{'province': '湖南省', 'city': '长沙市', 'district': '岳麓区', 'street': '桐梓坡路', 'formatted_address': '湖南省长沙市岳麓区桐梓坡路99号'}",138-h
Gallery-694,95-2-1,IMG_20250524_114530,2025-05-24 11:45:30,窗帘收纳; 布艺沙发; 清洁工具; 家居整理; 深度清洁; 阳光,无,冯浩然将清洗干净并烘干的窗帘整齐叠放在客厅沙发上，旁边是清洁工具和吸尘器，背景是刚被擦拭过的窗帘杆和明亮的窗户。,"{'province': '湖南省', 'city': '长沙市', 'district': '岳麓区', 'streetName': '双塘路', 'streetNumber': '99号', 'poi': '岳麓区机关金星住宅小区'}",112.938578,28.221525,"{'province': '湖南省', 'city': '长沙市', 'district': '岳麓区', 'street': '桐梓坡路', 'formatted_address': '湖南省长沙市岳麓区桐梓坡路99号'}",95-b
Gallery-695,a_95,IMG_20250524_124520,2025-05-24 12:45:20,鸡胸肉; 西兰花; 健康午餐; 厨房料理台; 食材准备; 清淡饮食,无,冯浩然将腌制好的鸡胸肉和切好的西兰花摆放在厨房料理台上，旁边是橄榄油和调味料，背景是已清洁干净的冰箱。,"{'province': '湖南省', 'city': '长沙市', 'district': '岳麓区', 'streetName': '双塘路', 'streetNumber': '99号', 'poi': '岳麓区机关金星住宅小区'}",112.938578,28.221525,"{'province': '湖南省', 'city': '长沙市', 'district': '岳麓区', 'street': '桐梓坡路', 'formatted_address': '湖南省长沙市岳麓区桐梓坡路99号'}",a_95
Gallery-696,14-4,IMG_20250524_152010,2025-05-24 15:20:10,智能体脂秤; 电子血压计; 健康装备; 购物战利品; 产品开箱; 健康管理,无,冯浩然将新购买的智能体脂秤和上臂式电子血压计从购物袋中取出，整齐摆放在客厅地板上，旁边是超市购物小票。,"{'province': '湖南省', 'city': '长沙市', 'district': '岳麓区', 'streetName': '金星中路', 'streetNumber': '383号', 'poi': '长沙王府井FAMILY PARK购物中心停车场'}",112.933374,28.218775,"{'province': '湖南省', 'city': '长沙市', 'district': '岳麓区', 'street': '金星北路', 'formatted_address': '湖南省长沙市岳麓区金星北路383号'}",14-d
Gallery-697,,IMG_20250524_160515,2025-05-24 16:05:15,手冲咖啡; 玻璃杯; 木质桌面; 商场中庭; 阅读时光; 午后休闲,无,冯浩然在咖啡厅靠窗位置，面前放着一杯冰手冲耶加雪菲和一本翻开的书，窗外是王府井购物中心的中庭景观和来往行人。,"{'province': '湖南省', 'city': '长沙市', 'district': '岳麓区', 'streetName': '金星中路', 'streetNumber': '383号', 'poi': '一丹咖啡（王府井店）'}",112.933419,28.218736,"{'province': '湖南省', 'city': '长沙市', 'district': '岳麓区', 'street': '金星中路', 'formatted_address': '湖南省长沙市岳麓区金星中路383号'}",
Gallery-698,a_14,IMG_20250524_200105,2025-05-24 20:01:05,体脂秤数据; 血压计读数; 健康监测; 电子产品; 客厅茶几; 社交分享,无,冯浩然将新体脂秤和血压计放在客厅茶几上，旁边是显示初始数据的手机屏幕，背景是整洁的沙发和窗帘。,"{'province': '湖南省', 'city': '长沙市', 'district': '岳麓区', 'streetName': '双塘路', 'streetNumber': '99号', 'poi': '岳麓区机关金星住宅小区'}",112.938578,28.221525,"{'province': '湖南省', 'city': '长沙市', 'district': '岳麓区', 'street': '桐梓坡路', 'formatted_address': '湖南省长沙市岳麓区桐梓坡路99号'}",a_14
Gallery-699,a_13,IMG_20250524_205520,2025-05-24 20:55:20,CFA准考证; 身份证; 金融计算器; 考试文具; 考前准备; 书桌,"CFA Level I Exam
Candidate: Feng Haoran
Test Date: 2025-05-25
Test Center: Changsha International Conference Center
Reporting Time: 08:00 AM",冯浩然将CFA准考证、身份证、计算器和文具整齐排列在书桌上，准考证上的个人信息和考试时间清晰可见。,"{'province': '湖南省', 'city': '长沙市', 'district': '岳麓区', 'streetName': '双塘路', 'streetNumber': '99号', 'poi': '岳麓区机关金星住宅小区'}",112.938578,28.221525,"{'province': '湖南省', 'city': '长沙市', 'district': '岳麓区', 'street': '桐梓坡路', 'formatted_address': '湖南省长沙市岳麓区桐梓坡路99号'}",a_13
Gallery-700,a_223,IMG_20250525_064520,2025-05-25 06:45:20,智能体脂秤; 健康数据; 晨间监测; 跑步装备; 山门; 清晨,体重：75.0kg BMI：21.0 体脂率：15.2% 测量时间：2025-05-25 06:45,冯浩然在岳麓山南门入口处拍摄一张智能体脂秤显示的晨间健康数据，背景是清晨的街道和山门轮廓,"{'province': '湖南省', 'city': '长沙市', 'district': '岳麓区', 'streetName': '登高路', 'streetNumber': '58号', 'poi': '岳麓山风景名胜区南门'}",112.936104,28.183601,"{'province': '湖南省', 'city': '长沙市', 'district': '岳麓区', 'street': '登高路', 'formatted_address': '湖南省长沙市岳麓区登高路58号'}",a_223
Gallery-701,a_14,IMG_20250525_121510,2025-05-25 12:15:10,香煎三文鱼; 鸡肉沙拉; 健康午餐; 餐盘; 咖啡杯; 木质餐桌,无,冯浩然在自家餐桌上拍摄一份精心摆盘的香煎三文鱼和鸡肉沙拉，旁边放着咖啡杯，背景是整洁的厨房,"{'province': '湖南省', 'city': '长沙市', 'district': '岳麓区', 'streetName': '双塘路', 'streetNumber': '99号', 'poi': '岳麓区机关金星住宅小区家中餐厅'}",112.938578,28.221525,"{'province': '湖南省', 'city': '长沙市', 'district': '岳麓区', 'street': '桐梓坡路', 'formatted_address': '湖南省长沙市岳麓区桐梓坡路99号'}",a_14
Gallery-702,125-1,IMG_20250525_140520,2025-05-25 14:05:20,Excel表格; 财务评估; 换房预算; 贷款计算; 电脑屏幕; 文档扫描,换房财务可行性分析 - 当前住房估值：180万 - 贷款余额：80万 - 净资产：100万 - 置换预算上限：250万 - 预估月供：8500元,冯浩然在书房电脑上拍摄一份打开的Excel表格，表格内容为换房财务评估模型，包含净资产、预算和月供计算,"{'province': '湖南省', 'city': '长沙市', 'district': '岳麓区', 'streetName': '双塘路', 'streetNumber': '99号', 'poi': '岳麓区机关金星住宅小区家中书房'}",112.938578,28.221525,"{'province': '湖南省', 'city': '长沙市', 'district': '岳麓区', 'street': '桐梓坡路', 'formatted_address': '湖南省长沙市岳麓区桐梓坡路99号'}",125-a
Gallery-703,120-7,IMG_20250525_150230,2025-05-25 15:02:30,小番茄; 微距摄影; 阳台作物; 水珠; 鲜红色; 薄荷叶; 细节特写,无,冯浩然在阳台花盆边用微距模式拍摄一颗刚采摘下来的鲜红小番茄，表面还挂着水珠，背景是绿色的薄荷叶,"{'province': '湖南省', 'city': '长沙市', 'district': '岳麓区', 'streetName': '双塘路', 'streetNumber': '99号', 'poi': '岳麓区机关金星住宅小区家中阳台'}",112.938578,28.221525,"{'province': '湖南省', 'city': '长沙市', 'district': '岳麓区', 'street': '桐梓坡路', 'formatted_address': '湖南省长沙市岳麓区桐梓坡路99号'}",120-g
Gallery-704,120-7,IMG_20250525_154520,2025-05-25 15:45:20,好友合影; 薄荷茶; 小番茄; 客厅; 玻璃杯; 轻松聊天; 人物合影,无,冯浩然与好友彭雨晴在客厅茶几旁合影，两人手持装有薄荷茶的玻璃杯，茶几上摆放着刚采摘的小番茄，气氛轻松愉快,"{'province': '湖南省', 'city': '长沙市', 'district': '岳麓区', 'streetName': '双塘路', 'streetNumber': '99号', 'poi': '岳麓区机关金星住宅小区家中客厅'}",112.938578,28.221525,"{'province': '湖南省', 'city': '长沙市', 'district': '岳麓区', 'street': '桐梓坡路', 'formatted_address': '湖南省长沙市岳麓区桐梓坡路99号'}",120-g
Gallery-705,,IMG_20250525_181530,2025-05-25 18:15:30,桃子湖; 垂钓者; 夕阳; 湖面; 文创园; 街拍; 风景打卡; 光影,无,冯浩然在桃子湖文创园的滨湖步道上拍摄一位正在垂钓的老人，夕阳余晖洒在湖面和远处的建筑上，构成一幅宁静的街拍风景,"{'province': '湖南省', 'city': '长沙市', 'district': '岳麓区', 'streetName': '桃子湖路', 'streetNumber': 'XX号', 'poi': '桃子湖文创园滨湖步道'}",112.951173,28.183075,"{'province': '湖南省', 'city': '长沙市', 'district': '岳麓区', 'street': '桃子湖路', 'formatted_address': '湖南省长沙市岳麓区桃子湖路[]'}",
Gallery-706,a_14,IMG_20250526_071015,2025-05-26 07:10:15,健康早餐; 煎鸡胸肉; 蒸西兰花; 黑咖啡; 木质餐桌; iPad,无,冯浩然在自家餐桌上拍摄健康早餐，餐盘中有煎鸡胸肉、蒸西兰花和一杯黑咖啡，背景是iPad上显示的早间新闻,"{'province': '湖南省', 'city': '长沙市', 'district': '岳麓区', 'streetName': '双塘路', 'streetNumber': '99号', 'poi': '岳麓区机关金星住宅小区'}",112.938578,28.221525,"{'province': '湖南省', 'city': '长沙市', 'district': '岳麓区', 'street': '桐梓坡路', 'formatted_address': '湖南省长沙市岳麓区桐梓坡路99号'}",a_14
Gallery-707,,IMG_20250526_080505,2025-05-26 08:05:05,早高峰; 西二环; 车流拥堵; 高架桥; 城市交通; 周一,无,冯浩然在驾驶途中拍摄周一早高峰的西二环高架桥，车流拥堵，远处可见福元路大桥的轮廓,"{'province': '湖南省', 'city': '长沙市', 'district': '岳麓区', 'streetName': '西二环', 'streetNumber': 'XX号', 'poi': '西二环高架桥'}",112.919364,28.199817,"{'province': '湖南省', 'city': '长沙市', 'district': '岳麓区', 'street': '西二环', 'formatted_address': '湖南省长沙市岳麓区西二环[]'}",
Gallery-708,120-8,IMG_20250526_120305,2025-05-26 12:03:05,CFA资料; 学习用品; 办公桌收纳; 文具; 文件整理; 工位,无,冯浩然在办公室工位上拍摄整理好的CFA学习资料和文具，整齐地摆放在办公桌一角,"{'province': '湖南省', 'city': '长沙市', 'district': '开福区', 'streetName': '芙蓉中路', 'streetNumber': '442号', 'poi': '湖南广电中心写字楼华泰证券办公室'}",113.046548,28.235932,"{'province': '湖南省', 'city': '长沙市', 'district': '开福区', 'street': [], 'formatted_address': '湖南省长沙市开福区[][]'}",120-h
Gallery-709,,IMG_20250526_123025,2025-05-26 12:30:25,小炒黄牛肉; 手撕包菜; 湘菜; 午餐; 同事聚餐; 白色瓷盘,老长沙湘菜馆 - 小炒黄牛肉 58元/份 手撕包菜 28元/份,冯浩然与同事郑文博在老长沙湘菜馆用餐，拍摄桌上的小炒黄牛肉和手撕包菜，餐具为白色瓷盘,"{'province': '湖南省', 'city': '长沙市', 'district': '开福区', 'streetName': '德雅路', 'streetNumber': 'XX号', 'poi': '老长沙湘菜馆(德雅路店)'}",112.996811,28.214575,"{'province': '湖南省', 'city': '长沙市', 'district': '开福区', 'street': [], 'formatted_address': '湖南省长沙市开福区[][]'}",
Gallery-710,a_139,IMG_20250526_191015,2025-05-26 19:10:15,辣椒炒肉; 外卖餐盒; 晚餐; 平板电脑; 摄影论坛; 客厅,无,冯浩然在家中客厅拍摄外卖晚餐，辣椒炒肉盛放在白色餐盒中，旁边放着平板电脑显示摄影论坛页面,"{'province': '湖南省', 'city': '长沙市', 'district': '岳麓区', 'streetName': '双塘路', 'streetNumber': '99号', 'poi': '岳麓区机关金星住宅小区'}",112.938578,28.221525,"{'province': '湖南省', 'city': '长沙市', 'district': '岳麓区', 'street': '桐梓坡路', 'formatted_address': '湖南省长沙市岳麓区桐梓坡路99号'}",a_139
Gallery-711,125-2-1,IMG_20250527_133015,2025-05-27 13:30:15,文档扫描; 房产数据; Excel表格; 电脑屏幕; 办公环境; 调研记录,"岳麓区目标楼盘调研数据
楼盘名称	近6个月成交价区间（万）	税费差异（%）	备注
万科西街花园	320-380	5.3	楼间距大，绿化率35%
恒大雅苑	280-350	4.8	车位充足，配套成熟
西湖建新安置小区	210-260	3.2	性价比高，环境安静
数据来源：贝壳、安居客 2025-05-27",冯浩然在办公室的电脑屏幕上拍摄了一份房产调研数据表格，表格内容包含楼盘名称、成交价区间和税费对比，背景是办公桌和笔记本电脑键盘,"{'province': '湖南省', 'city': '长沙市', 'district': '开福区', 'streetName': '芙蓉中路', 'streetNumber': '88号', 'poi': '湖南广电中心写字楼-华泰证券办公室'}",113.046548,28.235932,"{'province': '湖南省', 'city': '长沙市', 'district': '开福区', 'street': [], 'formatted_address': '湖南省长沙市开福区[][]'}",125-b
Gallery-712,,IMG_20250528_081520,2025-05-28 08:15:20,城市街景; 芙蓉中路; 写字楼; 清晨阳光; 通勤路上; 玻璃幕墙; 行道树,无,冯浩然在通勤途中拍摄芙蓉中路街景，清晨的阳光洒在写字楼玻璃幕墙上，街道上车辆稀疏，行道树绿意盎然,"{'province': '湖南省', 'city': '长沙市', 'district': '开福区', 'streetName': '芙蓉中路', 'streetNumber': 'XX号', 'poi': '湖南广电中心大楼附近'}",113.046444,28.236175,"{'province': '湖南省', 'city': '长沙市', 'district': '开福区', 'street': [], 'formatted_address': '湖南省长沙市开福区[][]'}",
Gallery-713,125-2-3,IMG_20250528_103015,2025-05-28 10:30:15,文档扫描; 换房计划; 时间表; 电脑屏幕; 工作计划; 金融顾问,"冯浩然个人换房计划时间表（2025年7月-9月）
第一阶段（7月1日-7月15日）：市场调研与房源初筛
第二阶段（7月16日-8月15日）：实地看房与价格谈判
第三阶段（8月16日-9月30日）：签约过户与装修筹备",冯浩然用手机拍摄电脑屏幕上显示的换房计划时间表文档，文档标题清晰，内容包含6月至9月的阶段性目标和时间节点,"{'province': '湖南省', 'city': '长沙市', 'district': '开福区', 'streetName': '芙蓉中路', 'streetNumber': '88号', 'poi': '华泰证券股份有限公司办公室'}",112.986675,28.223728,"{'province': '湖南省', 'city': '长沙市', 'district': '开福区', 'street': '芙蓉中路', 'formatted_address': '湖南省长沙市开福区芙蓉中路88号'}",125-b
Gallery-714,a_92,IMG_20250528_140520,2025-05-28 14:05:20,文档扫描; 季度报告; 投资组合; 办公桌; 工作文件; 金融分析,"客户投资组合季度回顾报告（2025年Q2）
报告日期：2025-05-28
客户：黄思琪
资产类别：股票、债券、数字资产
撰写人：冯浩然",冯浩然拍摄办公桌上摊开的客户投资组合季度回顾报告初稿，报告封面标题清晰，旁边放着签字笔和咖啡杯,"{'province': '湖南省', 'city': '长沙市', 'district': '开福区', 'streetName': '芙蓉中路', 'streetNumber': '88号', 'poi': '华泰证券股份有限公司办公室'}",112.986675,28.223728,"{'province': '湖南省', 'city': '长沙市', 'district': '开福区', 'street': '芙蓉中路', 'formatted_address': '湖南省长沙市开福区芙蓉中路88号'}",a_92
Gallery-715,223-8,IMG_20250529_071500,2025-05-29 07:15:00,燕麦粥; 煎蛋; 小番茄; 健康早餐; 木质餐桌; 清晨,无,冯浩然在家中厨房的木质餐桌上拍摄健康早餐，碗中是燕麦粥，旁边有煎蛋和自种的小番茄，背景是厨房台面。,"{'province': '湖南省', 'city': '长沙市', 'district': '岳麓区', 'streetName': '双塘路', 'streetNumber': '99号', 'poi': '岳麓区机关金星住宅小区'}",112.938578,28.221525,"{'province': '湖南省', 'city': '长沙市', 'district': '岳麓区', 'street': '桐梓坡路', 'formatted_address': '湖南省长沙市岳麓区桐梓坡路99号'}",223-h
Gallery-716,,IMG_20250529_122000,2025-05-29 12:20:00,小炒黄牛肉; 清炒丝瓜; 湘菜; 午餐; 同事聚餐; 美食城,无,冯浩然与同事郑文博在西湖楼美食城的湘菜馆用餐，桌上摆着刚上桌的小炒黄牛肉和清炒丝瓜，背景是餐厅环境。,"{'province': '湖南省', 'city': '长沙市', 'district': '开福区', 'streetName': '三一大道', 'streetNumber': 'XX号', 'poi': '西湖楼美食城'}",113.042175,28.232916,"{'province': '湖南省', 'city': '长沙市', 'district': '开福区', 'street': '三一大道', 'formatted_address': '湖南省长沙市开福区三一大道[]'}",
Gallery-717,,IMG_20250529_132500,2025-05-29 13:25:00,城市街道; 绿树; 午后; 步行; 街拍; 通勤路,无,冯浩然在从西湖楼美食城步行返回办公室的途中，拍摄了开福区三一大道上的街景，道路两旁绿树成荫，远处可见城市建筑。,"{'province': '湖南省', 'city': '长沙市', 'district': '开福区', 'streetName': '三一大道', 'streetNumber': 'XX号', 'poi': '三一大道'}",113.016375,28.233632,"{'province': '湖南省', 'city': '长沙市', 'district': '开福区', 'street': '三一大道', 'formatted_address': '湖南省长沙市开福区三一大道[]'}",
Gallery-718,a_14,IMG_20250529_174500,2025-05-29 17:45:00,西兰花; 鸡胸肉; 无糖乌龙茶; 便利店采购; 健康食材; 购物篮,无,冯浩然在归心苑小区便利店的货架前，拍摄了购物篮里的新鲜西兰花、鸡胸肉和一瓶无糖乌龙茶，背景是便利店明亮的货架。,"{'province': '湖南省', 'city': '长沙市', 'district': '岳麓区', 'streetName': 'XX路', 'streetNumber': 'XX号', 'poi': '归心苑小区便利店'}",113.045701,28.240445,"{'province': '湖南省', 'city': '长沙市', 'district': '开福区', 'street': [], 'formatted_address': '湖南省长沙市开福区[][]'}",a_14
Gallery-719,223-9,IMG_20250530_070530,2025-05-30 07:05:30,岳麓山; 晨跑; 林间步道; 清晨阳光; 运动; 自然风光,无,冯浩然在岳麓山登高路晨跑，清晨的阳光穿过茂密的树林，洒在蜿蜒的步道上，空气清新,"{'province': '湖南省', 'city': '长沙市', 'district': '岳麓区', 'streetName': '登高路', 'streetNumber': '58号', 'poi': '岳麓山风景名胜区'}",112.936104,28.183601,"{'province': '湖南省', 'city': '长沙市', 'district': '岳麓区', 'street': '登高路', 'formatted_address': '湖南省长沙市岳麓区登高路58号'}",223-i
Gallery-720,a_14,IMG_20250530_122015,2025-05-30 12:20:15,剁椒鱼头; 清炒时蔬; 湘菜; 同事聚餐; 健康饮食; 午餐,无,冯浩然与同事郑文博在湘菜馆用餐，桌上摆着少油少辣的剁椒鱼头和清炒时蔬，餐具摆放整齐,"{'province': '湖南省', 'city': '长沙市', 'district': '开福区', 'streetName': '金鹰路', 'streetNumber': 'XX号', 'poi': '老长沙湘菜馆(德雅路店)'}",113.0459,28.246161,"{'province': '湖南省', 'city': '长沙市', 'district': '开福区', 'street': '金鹰路', 'formatted_address': '湖南省长沙市开福区金鹰路[]'}",a_14
Gallery-721,224-1,IMG_20250530_172520,2025-05-30 17:25:20,鲜肉粽; 豆沙粽; 端午节; 礼盒包装; 糕点店; 传统美食,无,冯浩然在糕点店购买的长沙风味鲜肉粽和豆沙粽，粽子用礼盒包装，摆放在玻璃柜台前,"{'province': '湖南省', 'city': '长沙市', 'district': '岳麓区', 'streetName': '桐梓坡西路', 'streetNumber': 'XX号', 'poi': '罗莎蛋糕(未来城店)'}",112.905288,28.218303,"{'province': '湖南省', 'city': '长沙市', 'district': '岳麓区', 'street': '桐梓坡路', 'formatted_address': '湖南省长沙市岳麓区桐梓坡路[]'}",224-a
Gallery-722,a_14,IMG_20250530_180510,2025-05-30 18:05:10,烤三文鱼; 藜麦饭; 西兰花; 健康晚餐; 营养搭配; 家庭烹饪,无,冯浩然在家中厨房准备的晚餐，烤三文鱼、藜麦饭和西兰花摆放在白色餐盘中，色彩搭配健康,"{'province': '湖南省', 'city': '长沙市', 'district': '岳麓区', 'streetName': '双塘路', 'streetNumber': '99号', 'poi': '岳麓区机关金星住宅小区'}",112.938578,28.221525,"{'province': '湖南省', 'city': '长沙市', 'district': '岳麓区', 'street': '桐梓坡路', 'formatted_address': '湖南省长沙市岳麓区桐梓坡路99号'}",a_14
Gallery-723,,IMG_20250530_182025,2025-05-30 18:20:25,平板电脑; 街头摄影; 黑白照片; 放松时刻; 晚餐后; 数码设备,无,冯浩然在餐桌前用平板电脑浏览街头摄影作品，屏幕上是黑白城市街景，旁边放着晚餐餐盘,"{'province': '湖南省', 'city': '长沙市', 'district': '岳麓区', 'streetName': '双塘路', 'streetNumber': '99号', 'poi': '岳麓区机关金星住宅小区'}",112.938578,28.221525,"{'province': '湖南省', 'city': '长沙市', 'district': '岳麓区', 'street': '桐梓坡路', 'formatted_address': '湖南省长沙市岳麓区桐梓坡路99号'}",
Gallery-724,224-2-1,IMG_20250531_074520,2025-05-31 07:45:20,晨跑; 岳麓山; 端午节; 肉粽; 跑友合影; 山林步道; 节日氛围,无,冯浩然与跑友高云飞在岳麓山步道晨跑后合影，背景是清晨的山林和步道，两人面带笑容，手持长沙肉粽庆祝端午节。,"{'province': '湖南省', 'city': '长沙市', 'district': '岳麓区', 'streetName': '登高路', 'streetNumber': '58号', 'poi': '岳麓山风景名胜区东门附近步道休息区'}",112.936104,28.183601,"{'province': '湖南省', 'city': '长沙市', 'district': '岳麓区', 'street': '登高路', 'formatted_address': '湖南省长沙市岳麓区登高路58号'}",224-b
Gallery-725,224-2-1,IMG_20250531_115510,2025-05-31 11:55:10,导视牌; 端午市集; 西湖文化园; 活动信息; 指示牌,西湖文化园端午市集 2025年5月31日-6月2日 9:00-21:00 手工艺区/美食区/互动体验区,西湖文化园端午市集入口处的导视牌，上面清晰标注了市集区域、活动时间和主要摊位分布。,"{'province': '湖南省', 'city': '长沙市', 'district': '岳麓区', 'streetName': '枫林路', 'streetNumber': 'XX号', 'poi': '西湖文化园端午市集入口'}",112.934768,28.202951,"{'province': '湖南省', 'city': '长沙市', 'district': '岳麓区', 'street': '枫林路', 'formatted_address': '湖南省长沙市岳麓区枫林路[]'}",224-b
Gallery-726,224-2-1,IMG_20250531_121530,2025-05-31 12:15:30,手工艺人; 香囊制作; 端午市集; 细节特写; 丝线布料; 传统工艺,无,手工艺人正在市集摊位前专注地制作五彩香囊，桌上摆满了丝线、布料和半成品，节日氛围浓厚。,"{'province': '湖南省', 'city': '长沙市', 'district': '岳麓区', 'streetName': '枫林路', 'streetNumber': 'XX号', 'poi': '西湖文化园端午市集手工艺区'}",112.934768,28.202951,"{'province': '湖南省', 'city': '长沙市', 'district': '岳麓区', 'street': '枫林路', 'formatted_address': '湖南省长沙市岳麓区枫林路[]'}",224-b
Gallery-727,a_14,IMG_20250531_124005,2025-05-31 12:40:05,龙井虾仁; 轻食套餐; 美食记录; 湖畔餐厅; 精致摆盘; 节日午餐,无,冯浩然在西湖文化园湖畔餐厅享用的龙井虾仁轻食套餐，虾仁晶莹剔透，搭配翠绿龙井茶叶和精致摆盘。,"{'province': '湖南省', 'city': '长沙市', 'district': '岳麓区', 'streetName': '枫林路', 'streetNumber': 'XX号', 'poi': '西湖文化园湖畔餐厅'}",112.934768,28.202951,"{'province': '湖南省', 'city': '长沙市', 'district': '岳麓区', 'street': '枫林路', 'formatted_address': '湖南省长沙市岳麓区枫林路[]'}",a_14
Gallery-728,,IMG_20250531_160220,2025-05-31 16:02:20,耶加雪菲; 手冲咖啡; 咖啡馆; 书籍; 木质桌面; 阅读时光,无,一杯耶加雪菲手冲咖啡被放在咖啡馆的木质桌面上，旁边是翻开的《看不见的城市》书籍，阳光透过窗户洒下。,"{'province': '湖南省', 'city': '长沙市', 'district': '雨花区', 'streetName': '万家丽中路', 'streetNumber': '358号', 'poi': '小咖主咖啡(五江生活广场店)'}",113.029062,28.179423,"{'province': '湖南省', 'city': '长沙市', 'district': '雨花区', 'street': '万家丽中路', 'formatted_address': '湖南省长沙市雨花区万家丽中路358号'}",
Gallery-729,,IMG_20250531_163010,2025-05-31 16:30:10,街头风景; 咖啡馆窗景; 城市街景; 行人; 生活广场; 午后时光,无,从咖啡馆的窗户向外望去，五江生活广场的街景和来往的行人，构成一幅充满生活气息的城市画面。,"{'province': '湖南省', 'city': '长沙市', 'district': '雨花区', 'streetName': '万家丽中路', 'streetNumber': '358号', 'poi': '小咖主咖啡(五江生活广场店)'}",113.029062,28.179423,"{'province': '湖南省', 'city': '长沙市', 'district': '雨花区', 'street': '万家丽中路', 'formatted_address': '湖南省长沙市雨花区万家丽中路358号'}",
Gallery-730,,IMG_20250601_153025,2025-06-01 15:30:25,街头风景; 咖啡馆; 木质桌椅; 阳光; 梧桐树; 午后; 休闲,无,冯浩然在潮宗街历史文化街区拍摄一家独立咖啡馆的临街座位，阳光透过梧桐树叶洒在木质桌椅和咖啡杯上，营造出悠闲的午后氛围,"{'province': '湖南省', 'city': '长沙市', 'district': '开福区', 'streetName': '潮宗街', 'streetNumber': 'XX号', 'poi': '潮宗街历史文化街区'}",112.974319,28.202487,"{'province': '湖南省', 'city': '长沙市', 'district': '开福区', 'street': '潮宗街', 'formatted_address': '湖南省长沙市开福区潮宗街[]'}",
Gallery-731,,IMG_20250601_160815,2025-06-01 16:08:15,街头风景; 街头艺人; 吉他弹奏; 涂鸦墙; 文创园; 游客; 周末,无,冯浩然在桃子湖文创园拍摄一位街头艺人弹奏吉他，周围有驻足聆听的游客，背景是文创园的涂鸦墙和特色小店,"{'province': '湖南省', 'city': '长沙市', 'district': '岳麓区', 'streetName': '桃子湖路', 'streetNumber': 'XX号', 'poi': '湖南师范大学桃子湖双创园'}",112.949563,28.183881,"{'province': '湖南省', 'city': '长沙市', 'district': '岳麓区', 'street': '桃子湖路', 'formatted_address': '湖南省长沙市岳麓区桃子湖路[]'}",
Gallery-732,,IMG_20250601_171230,2025-06-01 17:12:30,街头风景; 冰美式咖啡; 咖啡店; iPad; 原木桌面; 照片筛选; 小憩,无,冯浩然在远近咖啡店拍摄自己点的冰美式咖啡，咖啡杯放在原木色桌面上，旁边是打开的iPad，屏幕上显示着刚拍摄的照片,"{'province': '湖南省', 'city': '长沙市', 'district': '岳麓区', 'streetName': '新民路', 'streetNumber': 'XX号', 'poi': '远近咖啡（大学城店）'}",112.951176,28.193049,"{'province': '湖南省', 'city': '长沙市', 'district': '岳麓区', 'street': '新民路', 'formatted_address': '湖南省长沙市岳麓区新民路[]'}",
Gallery-733,,IMG_20250601_184510,2025-06-01 18:45:10,美食; 罐罐牛腩; 湘菜; 陶罐; 热气; 香菜; 餐厅灯光,无,冯浩然在湘菜馆拍摄餐桌上的罐罐牛腩，热气腾腾的牛腩盛在特色陶罐中，旁边点缀着香菜，背景是餐厅的暖色灯光和木质餐具,"{'province': '湖南省', 'city': '长沙市', 'district': '雨花区', 'streetName': '湘府东路二段', 'streetNumber': '398号', 'poi': '吃饭皇帝大(星城天地店)'}",113.015886,28.111096,"{'province': '湖南省', 'city': '长沙市', 'district': '雨花区', 'street': '湘府东路二段', 'formatted_address': '湖南省长沙市雨花区湘府东路二段398号'}",
Gallery-734,,IMG_20250601_191520,2025-06-01 19:15:20,人物合影; 好友聚餐; 湘菜馆; 微笑; 社交; 晚餐,无,冯浩然与好友彭雨晴在湘菜馆内合影，两人面带微笑，背景是餐厅的特色装饰墙和桌上的菜肴，气氛轻松愉快,"{'province': '湖南省', 'city': '长沙市', 'district': '雨花区', 'streetName': '湘府东路二段', 'streetNumber': '398号', 'poi': '吃饭皇帝大(星城天地店)'}",113.015886,28.111096,"{'province': '湖南省', 'city': '长沙市', 'district': '雨花区', 'street': '湘府东路二段', 'formatted_address': '湖南省长沙市雨花区湘府东路二段398号'}",
Gallery-735,a_138,IMG_20250602_180215,2025-06-02 18:02:15,街头风景; 车流光轨; 霓虹灯; 傍晚; 车窗视角; 节日氛围,无,冯浩然在前往西湖文化园的途中，透过车窗拍摄节日傍晚的街头风景，霓虹灯和车流交织成光影线条,"{'province': '湖南省', 'city': '长沙市', 'district': '岳麓区', 'streetName': '枫林路', 'streetNumber': 'XX号', 'poi': '枫林路沿线'}",112.944751,28.200899,"{'province': '湖南省', 'city': '长沙市', 'district': '岳麓区', 'street': '枫林路', 'formatted_address': '湖南省长沙市岳麓区枫林路[]'}",a_138
Gallery-736,,IMG_20250602_182510,2025-06-02 18:25:10,果汁店; 招牌; 水果陈列; 轻食; 街头探店; 新店,鲜果时光 - 鲜榨果汁 买一送一 活动至2025-06-05,冯浩然在西湖文化园东门附近一家新开的果汁店前，拍摄其简约的招牌和诱人的水果陈列,"{'province': '湖南省', 'city': '长沙市', 'district': '岳麓区', 'streetName': '咸嘉湖路', 'streetNumber': 'XX号', 'poi': '西湖文化园东门附近果汁店'}",112.934768,28.202951,"{'province': '湖南省', 'city': '长沙市', 'district': '岳麓区', 'street': '咸嘉湖路', 'formatted_address': '湖南省长沙市岳麓区咸嘉湖路[]'}",
Gallery-737,,IMG_20250602_191520,2025-06-02 19:15:20,轻食晚餐; 烤鸡胸肉沙拉; 牛肉卷; 健康饮食; 好友聚餐; 简约餐具,无,冯浩然与好友吴俊杰在西湖文化园内的轻食店，拍摄桌上摆放的烤鸡胸肉蔬菜沙拉和牛肉卷，背景是简约的餐厅环境,"{'province': '湖南省', 'city': '长沙市', 'district': '岳麓区', 'streetName': '咸嘉湖路', 'streetNumber': 'XX号', 'poi': '西湖文化园内轻食店'}",112.934768,28.202951,"{'province': '湖南省', 'city': '长沙市', 'district': '岳麓区', 'street': '咸嘉湖路', 'formatted_address': '湖南省长沙市岳麓区咸嘉湖路[]'}",
Gallery-738,a_138,IMG_20250602_201015,2025-06-02 20:10:15,便利店; 夜晚街景; 店铺招牌; 安静街道; 生活采购; 城市夜景,无,冯浩然在返家途中的便利店门口，拍摄夜晚灯火通明的店铺招牌和安静的街道,"{'province': '湖南省', 'city': '长沙市', 'district': '开福区', 'streetName': '芙蓉中路一段', 'streetNumber': 'XX号', 'poi': '归心苑小区便利店'}",113.045701,28.240445,"{'province': '湖南省', 'city': '长沙市', 'district': '开福区', 'street': [], 'formatted_address': '湖南省长沙市开福区[][]'}",a_138
Gallery-739,,IMG_20250603_122015,2025-06-03 12:20:15,同事合影; 湘菜馆; 午餐社交; 木质背景; 微笑; 餐桌,无,冯浩然与同事郑文博在湘菜馆的餐桌前合影，背景是餐厅的木质隔断和装饰画，两人面带微笑，桌上摆着几道菜肴,"{'province': '湖南省', 'city': '长沙市', 'district': '开福区', 'streetName': '三一大道', 'streetNumber': 'XX号', 'poi': '西湖楼美食城（某湘菜馆）'}",113.042175,28.232916,"{'province': '湖南省', 'city': '长沙市', 'district': '开福区', 'street': '三一大道', 'formatted_address': '湖南省长沙市开福区三一大道[]'}",
Gallery-740,,IMG_20250603_123005,2025-06-03 12:30:05,剁椒鱼头; 湘菜; 美食特写; 白色瓷盘; 葱花; 午餐,无,一盘色泽红亮的剁椒鱼头摆放在白色瓷盘中，点缀着翠绿的葱花和香菜，旁边是两碗米饭和几碟小菜,"{'province': '湖南省', 'city': '长沙市', 'district': '开福区', 'streetName': '三一大道', 'streetNumber': 'XX号', 'poi': '西湖楼美食城（某湘菜馆）'}",113.042175,28.232916,"{'province': '湖南省', 'city': '长沙市', 'district': '开福区', 'street': '三一大道', 'formatted_address': '湖南省长沙市开福区三一大道[]'}",
Gallery-741,,IMG_20250604_074530,2025-06-04 07:45:30,健康早餐; 煮鸡蛋; 牛奶燕麦; 小番茄; 木质餐桌; 清晨,无,冯浩然在自家厨房的餐桌上拍摄健康早餐，餐盘里有煮鸡蛋、牛奶燕麦和阳台自种的小番茄，背景是厨房窗外的阳台绿植,"{'province': '湖南省', 'city': '长沙市', 'district': '岳麓区', 'streetName': '双塘路', 'streetNumber': '99号', 'poi': '岳麓区机关金星住宅小区'}",112.938578,28.221525,"{'province': '湖南省', 'city': '长沙市', 'district': '岳麓区', 'street': '桐梓坡路', 'formatted_address': '湖南省长沙市岳麓区桐梓坡路99号'}",
Gallery-742,,IMG_20250604_082530,2025-06-04 08:25:30,早高峰; 西二环; 拥堵车流; 雨后路面; 高架桥; 通勤,无,冯浩然在驾车通勤途中，用手机拍摄前方拥堵的西二环高架路，雨后的路面湿滑，车辆排成长龙,"{'province': '湖南省', 'city': '长沙市', 'district': '岳麓区', 'streetName': '西二环', 'streetNumber': 'XX号', 'poi': '西二环高架路'}",112.919364,28.199817,"{'province': '湖南省', 'city': '长沙市', 'district': '岳麓区', 'street': '西二环', 'formatted_address': '湖南省长沙市岳麓区西二环[]'}",
Gallery-743,234-3,IMG_20250604_192530,2025-06-04 19:25:30,航班信息; 电脑屏幕; 旅行APP; 机票预订; 截图; 家庭出行,武汉天河机场 - 长沙黄花机场 2025-07-18 19:30 中国南方航空 CZ1234 经济舱 ¥580 长沙黄花机场 - 武汉天河机场 2025-07-20 18:00 中国南方航空 CZ5678 经济舱 ¥620,冯浩然在书房电脑前，用手机拍摄电脑屏幕上旅行APP显示的航班详情页面，页面显示了武汉至长沙往返航班的时刻、价格和航空公司信息,"{'province': '湖南省', 'city': '长沙市', 'district': '岳麓区', 'streetName': '双塘路', 'streetNumber': '99号', 'poi': '岳麓区机关金星住宅小区'}",112.938578,28.221525,"{'province': '湖南省', 'city': '长沙市', 'district': '岳麓区', 'street': '桐梓坡路', 'formatted_address': '湖南省长沙市岳麓区桐梓坡路99号'}",234-c
Gallery-744,,IMG_20250604_195530,2025-06-04 19:55:30,在线课程; Coursera; 平板电脑; 税务筹划; 课件; 学习笔记,"Global Tax Planning - Module 1: Fundamentals of Cross-Border Tax Planning Key Concepts: Permanent Establishment, Transfer Pricing, Tax Treaties",冯浩然在书房学习在线课程，用手机拍摄平板电脑屏幕上Coursera课程《Global Tax Planning》的课件页面，页面显示了“跨境税务筹划基础”模块的内容,"{'province': '湖南省', 'city': '长沙市', 'district': '岳麓区', 'streetName': '双塘路', 'streetNumber': '99号', 'poi': '岳麓区机关金星住宅小区'}",112.938578,28.221525,"{'province': '湖南省', 'city': '长沙市', 'district': '岳麓区', 'street': '桐梓坡路', 'formatted_address': '湖南省长沙市岳麓区桐梓坡路99号'}",
Gallery-745,,IMG_20250604_213530,2025-06-04 21:35:30,投资书籍; 《投资最重要的事》; 阅读笔记; 荧光笔标记; 床头阅读; 晚间学习,无,冯浩然靠在卧室床头，用手机拍摄摊开的《投资最重要的事》书籍内页，页面有荧光笔划线和手写的批注笔记，旁边放着手机和笔,"{'province': '湖南省', 'city': '长沙市', 'district': '岳麓区', 'streetName': '双塘路', 'streetNumber': '99号', 'poi': '岳麓区机关金星住宅小区'}",112.938578,28.221525,"{'province': '湖南省', 'city': '长沙市', 'district': '岳麓区', 'street': '桐梓坡路', 'formatted_address': '湖南省长沙市岳麓区桐梓坡路99号'}",
Gallery-746,,IMG_20250605_073025,2025-06-05 07:30:25,岳麓山; 晨曦; 城市天际线; 湘江; 晨跑; 风景打卡; 金色阳光,无,冯浩然在岳麓山观光长廊上拍摄晨曦中的长沙城市天际线，远处湘江和城市建筑笼罩在金色晨光中,"{'province': '湖南省', 'city': '长沙市', 'district': '岳麓区', 'streetName': '登高路', 'streetNumber': '58号', 'poi': '岳麓山风景名胜区观光长廊'}",112.93223,28.183633,"{'province': '湖南省', 'city': '长沙市', 'district': '岳麓区', 'street': '登高路', 'formatted_address': '湖南省长沙市岳麓区登高路58号'}",
Gallery-747,,IMG_20250605_074015,2025-06-05 07:40:15,蜘蛛网; 露珠; 微距; 晨光; 细节特写; 登山步道; 自然,无,冯浩然用微距模式拍摄登山步道旁沾满露珠的蜘蛛网，露珠在晨光下晶莹剔透,"{'province': '湖南省', 'city': '长沙市', 'district': '岳麓区', 'streetName': '登高路', 'streetNumber': '58号', 'poi': '岳麓山风景名胜区登山步道'}",112.936104,28.183601,"{'province': '湖南省', 'city': '长沙市', 'district': '岳麓区', 'street': '登高路', 'formatted_address': '湖南省长沙市岳麓区登高路58号'}",
Gallery-748,,IMG_20250605_122540,2025-06-05 12:25:40,剁椒鱼头; 小炒黄牛肉; 湘菜; 聚餐; 美食; 同事; 午餐,无,冯浩然与同事郑文博在湘菜馆用餐，桌上摆着剁椒鱼头、小炒黄牛肉和清炒空心菜，餐具是白色瓷盘,"{'province': '湖南省', 'city': '长沙市', 'district': '开福区', 'streetName': '金鹰路', 'streetNumber': 'XX号', 'poi': '老长沙湘菜馆（金鹰路店）'}",113.0459,28.246161,"{'province': '湖南省', 'city': '长沙市', 'district': '开福区', 'street': '金鹰路', 'formatted_address': '湖南省长沙市开福区金鹰路[]'}",
Gallery-749,,IMG_20250605_131520,2025-06-05 13:15:20,街道; 绿树; 行人; 车辆; 午间; 街头风景; 步行,无,冯浩然在步行回公司的路上，拍摄金鹰路街景，道路两旁绿树成荫，有行人和车辆经过,"{'province': '湖南省', 'city': '长沙市', 'district': '开福区', 'streetName': '金鹰路', 'streetNumber': 'XX号', 'poi': '金鹰路街道'}",113.043377,28.229869,"{'province': '湖南省', 'city': '长沙市', 'district': '开福区', 'street': '金鹰路', 'formatted_address': '湖南省长沙市开福区金鹰路[]'}",
Gallery-750,,IMG_20250605_192215,2025-06-05 19:22:15,香煎三文鱼; 西兰花; 芦笋; 健康晚餐; 美食; 烹饪; 白色瓷盘,无,冯浩然在家中厨房拍摄刚出锅的香煎三文鱼排，搭配蒜蓉西兰花和芦笋，摆放在白色瓷盘中,"{'province': '湖南省', 'city': '长沙市', 'district': '岳麓区', 'streetName': '双塘路', 'streetNumber': '99号', 'poi': '岳麓区机关金星住宅小区家中厨房'}",112.938578,28.221525,"{'province': '湖南省', 'city': '长沙市', 'district': '岳麓区', 'street': '桐梓坡路', 'formatted_address': '湖南省长沙市岳麓区桐梓坡路99号'}",
Gallery-751,,IMG_20250606_074530,2025-06-06 07:45:30,煎蛋; 全麦面包; 白色餐盘; 早餐; 厨房台面; 高蛋白,无,冯浩然在厨房准备高蛋白早餐，煎蛋和全麦面包放在白色餐盘中，背景是整洁的厨房台面,"{'province': '湖南省', 'city': '长沙市', 'district': '岳麓区', 'streetName': '双塘路', 'streetNumber': '99号', 'poi': '岳麓区机关金星住宅小区'}",112.938578,28.221525,"{'province': '湖南省', 'city': '长沙市', 'district': '岳麓区', 'street': '桐梓坡路', 'formatted_address': '湖南省长沙市岳麓区桐梓坡路99号'}",
Gallery-752,,IMG_20250606_084520,2025-06-06 08:45:20,银盆岭大桥; 早高峰; 车流; 城市天际线; 驾驶视角,无,冯浩然在驾驶途中拍摄银盆岭大桥的早高峰景象，车流在桥上缓慢移动，远处是城市天际线,"{'province': '湖南省', 'city': '长沙市', 'district': '岳麓区', 'streetName': '银盆岭大桥', 'streetNumber': 'XX号', 'poi': '银盆岭大桥'}",112.969806,28.226464,"{'province': '湖南省', 'city': '长沙市', 'district': '岳麓区', 'street': [], 'formatted_address': '湖南省长沙市岳麓区[][]'}",
Gallery-753,,IMG_20250606_121530,2025-06-06 12:15:30,烤三文鱼; 藜麦沙拉; 轻食; 木质餐桌; 同事聚餐; 健康餐,无,冯浩然与同事郑文博在轻食餐吧用餐，烤三文鱼和藜麦沙拉摆放在木质餐桌上，背景是简约的餐厅环境,"{'province': '湖南省', 'city': '长沙市', 'district': '开福区', 'streetName': '金鹰路', 'streetNumber': 'XX号', 'poi': '轻食范健康餐吧'}",113.043533,28.238287,"{'province': '湖南省', 'city': '长沙市', 'district': '开福区', 'street': '金鹰路', 'formatted_address': '湖南省长沙市开福区金鹰路[]'}",
Gallery-754,138-9,IMG_20250606_130510,2025-06-06 13:05:10,骑手; 自行车; 老街巷; 青石板路; 街头摄影; 动态瞬间,无,冯浩然在潮宗街区抓拍一位骑手穿过老街巷的瞬间，自行车与青石板路形成鲜明对比,"{'province': '湖南省', 'city': '长沙市', 'district': '开福区', 'streetName': '通泰街', 'streetNumber': 'XX号', 'poi': '潮宗街区'}",112.974319,28.202487,"{'province': '湖南省', 'city': '长沙市', 'district': '开福区', 'street': '通泰街', 'formatted_address': '湖南省长沙市开福区通泰街[]'}",138-i
Gallery-755,138-9,IMG_20250606_132025,2025-06-06 13:20:25,老建筑; 门楣; 斑驳砖墙; 木门; 历史感; 建筑细节,无,冯浩然拍摄潮宗街老建筑的门楣细节，斑驳的砖墙和木门充满历史感，天空云层厚重,"{'province': '湖南省', 'city': '长沙市', 'district': '开福区', 'streetName': '通泰街', 'streetNumber': 'XX号', 'poi': '潮宗街区'}",112.974319,28.202487,"{'province': '湖南省', 'city': '长沙市', 'district': '开福区', 'street': '通泰街', 'formatted_address': '湖南省长沙市开福区通泰街[]'}",138-i
Gallery-756,,IMG_20250606_141520,2025-06-06 14:15:20,PPT截图; 投影屏幕; 市场图表; 数据; 投资策略; 会议,下周市场关注方向 - 新能源、消费板块资金流分析 2025-06-06,冯浩然在团队会议中拍摄投影屏幕上的PPT内容，展示下周市场关注方向的图表和数据,"{'province': '湖南省', 'city': '长沙市', 'district': '开福区', 'streetName': '芙蓉中路', 'streetNumber': '88号', 'poi': '湖南广电中心写字楼'}",113.046548,28.235932,"{'province': '湖南省', 'city': '长沙市', 'district': '开福区', 'street': [], 'formatted_address': '湖南省长沙市开福区[][]'}",
Gallery-757,,IMG_20250606_143015,2025-06-06 14:30:15,总监发言; 白板; 会议室; 团队会议; 职业场景,无,冯浩然拍摄总监钱永强在会议中发言的场景，钱总站在白板前讲解，背景是会议室环境,"{'province': '湖南省', 'city': '长沙市', 'district': '开福区', 'streetName': '芙蓉中路', 'streetNumber': '88号', 'poi': '湖南广电中心写字楼'}",113.046548,28.235932,"{'province': '湖南省', 'city': '长沙市', 'district': '开福区', 'street': [], 'formatted_address': '湖南省长沙市开福区[][]'}",
Gallery-758,a_138,IMG_20250606_175545,2025-06-06 17:55:45,福元路大桥; 雨景; 车窗; 雨滴; 桥面灯光; 晚高峰,无,冯浩然在下班途中拍摄车窗外福元路大桥的雨景，雨滴划过玻璃，桥面灯光在雨中朦胧,"{'province': '湖南省', 'city': '长沙市', 'district': '开福区', 'streetName': '福元路大桥', 'streetNumber': 'XX号', 'poi': '福元路大桥'}",112.976778,28.253138,"{'province': '湖南省', 'city': '长沙市', 'district': '开福区', 'street': '福元路大桥', 'formatted_address': '湖南省长沙市开福区福元路大桥[]'}",a_138
Gallery-759,,IMG_20250606_183520,2025-06-06 18:35:20,小炒黄牛肉; 清炒空心菜; 湘菜; 白色瓷盘; 晚餐; 家常菜,无,冯浩然在湘菜馆拍摄晚餐，小炒黄牛肉和清炒空心菜盛放在白色瓷盘中，热气腾腾,"{'province': '湖南省', 'city': '长沙市', 'district': '岳麓区', 'streetName': '银双路', 'streetNumber': 'XX号', 'poi': '西湖建新安置小区湘菜馆'}",112.937354,28.220409,"{'province': '湖南省', 'city': '长沙市', 'district': '岳麓区', 'street': '银双路', 'formatted_address': '湖南省长沙市岳麓区银双路[]'}",
Gallery-760,52-2,IMG_20250606_193015,2025-06-06 19:30:15,出差行李; 商务休闲装; 笔记本电脑; 相机; 洗漱包; 物品收纳,无,冯浩然拍摄摊开在床上的出差行李，包括商务休闲装、笔记本电脑、相机和洗漱包，物品摆放整齐,"{'province': '湖南省', 'city': '长沙市', 'district': '岳麓区', 'streetName': '双塘路', 'streetNumber': '99号', 'poi': '岳麓区机关金星住宅小区'}",112.938578,28.221525,"{'province': '湖南省', 'city': '长沙市', 'district': '岳麓区', 'street': '桐梓坡路', 'formatted_address': '湖南省长沙市岳麓区桐梓坡路99号'}",52-b
Gallery-761,,IMG_20250607_122015,2025-06-07 12:20:15,鸡肉蔬菜沙拉; 冰美式; 轻食午餐; 木质餐桌; 健康饮食; 考间休整,无,冯浩然在轻食沙拉店拍摄桌上的鸡肉蔬菜沙拉和冰美式，餐食色彩鲜艳，背景是简约的木质餐桌和店内绿植,"{'province': '湖南省', 'city': '长沙市', 'district': '开福区', 'streetName': '三一大道', 'streetNumber': 'XX号', 'poi': 'Wagas沃歌斯（湖南国际会展中心店）'}",113.016375,28.233632,"{'province': '湖南省', 'city': '长沙市', 'district': '开福区', 'street': '三一大道', 'formatted_address': '湖南省长沙市开福区三一大道[]'}",
Gallery-762,16-11-2,IMG_20250607_200530,2025-06-07 20:05:30,庆功聚餐; 同事好友; 湘菜; 举杯合影; 包厢; 欢庆,无,冯浩然与郑文博、孙晓雅、彭雨晴在湘菜馆包厢内举杯合影庆祝，桌上摆满小炒黄牛肉、剁椒鱼头等湘菜，气氛热烈,"{'province': '湖南省', 'city': '长沙市', 'district': '岳麓区', 'streetName': '银双路', 'streetNumber': 'XX号', 'poi': '西湖建新安置小区湘菜馆'}",112.937354,28.220409,"{'province': '湖南省', 'city': '长沙市', 'district': '岳麓区', 'street': '银双路', 'formatted_address': '湖南省长沙市岳麓区银双路[]'}",16-k
Gallery-763,233-1,IMG_20250607_224510,2025-06-07 22:45:10,手机备忘录; 清洁计划; 周末规划; 屏幕截图; 深夜规划; 新篇章,考后规划 - 1. 公寓大扫除（周六上午） 2. 心怡咖啡馆阅读《失控》（周日下午） 3. 下周投资复盘会议准备,冯浩然在家中客厅拍摄手机备忘录屏幕，上面显示着详细的公寓清洁计划和周末放松活动安排，背景是沙发和台灯,"{'province': '湖南省', 'city': '长沙市', 'district': '岳麓区', 'streetName': '双塘路', 'streetNumber': '99号', 'poi': '岳麓区机关金星住宅小区'}",112.938578,28.221525,"{'province': '湖南省', 'city': '长沙市', 'district': '岳麓区', 'street': '桐梓坡路', 'formatted_address': '湖南省长沙市岳麓区桐梓坡路99号'}",233-a
Gallery-764,,IMG_20250608_074530,2025-06-08 07:45:30,全麦三明治; 黑咖啡; 木质餐桌; 晨光; 早餐; 健康饮食,无,一份刚做好的全麦三明治和一杯黑咖啡摆放在厨房的木质餐桌上，晨光透过窗户洒在食物上，旁边放着手机和运动手环。,"{'province': '湖南省', 'city': '长沙市', 'district': '岳麓区', 'streetName': '双塘路', 'streetNumber': '99号', 'poi': '岳麓区机关金星住宅小区'}",112.938578,28.221525,"{'province': '湖南省', 'city': '长沙市', 'district': '岳麓区', 'street': '桐梓坡路', 'formatted_address': '湖南省长沙市岳麓区桐梓坡路99号'}",
Gallery-765,233-2-3,IMG_20250608_110520,2025-06-08 11:05:20,冰萃耶加雪菲; 咖啡杯; 书籍; 笔记本; 咖啡馆; 阅读时光,无,一杯冰萃耶加雪菲咖啡放在咖啡馆的木质桌面上，旁边是翻开的《城市摄影美学》书籍和一本笔记本，背景是咖啡馆的窗户和绿植。,"{'province': '湖南省', 'city': '长沙市', 'district': '岳麓区', 'streetName': '瑞龙路', 'streetNumber': '207号', 'poi': '鱼儿咖啡馆(麓谷店)'}",112.890891,28.215152,"{'province': '湖南省', 'city': '长沙市', 'district': '岳麓区', 'street': '瑞龙路', 'formatted_address': '湖南省长沙市岳麓区瑞龙路[]'}",233-b
Gallery-766,233-2-2,IMG_20250608_143025,2025-06-08 14:30:25,咖啡馆; 角落; 耶加雪菲; 手冲咖啡; 阳光; 木桌; 安静; 光影,"耶加雪菲
手冲咖啡
心怡咖啡馆",在咖啡馆安静的角落，一杯耶加雪菲手冲咖啡置于木桌上，阳光透过窗户洒下，形成柔和的光影。,"{'province': '北京市', 'city': '北京市', 'district': '朝阳区', 'streetName': '三里屯路', 'streetNumber': '19号', 'poi': '心怡咖啡馆'}",116.454366,39.935057,"{'province': '北京市', 'city': '北京市', 'district': '朝阳区', 'street': '三里屯路', 'formatted_address': '北京市北京市朝阳区三里屯路19号院'}",233-b
Gallery-767,18-2,IMG_20250608_150815,2025-06-08 15:08:15,书架; 书籍整理; 相机镜头; 清洁; 客厅; 物品收纳,无,客厅的书架被整理得井井有条，各类书籍和杂志按类别摆放，旁边是刚擦拭干净的相机和镜头，背景是整洁的地毯。,"{'province': '湖南省', 'city': '长沙市', 'district': '岳麓区', 'streetName': '双塘路', 'streetNumber': '99号', 'poi': '岳麓区机关金星住宅小区'}",112.938578,28.221525,"{'province': '湖南省', 'city': '长沙市', 'district': '岳麓区', 'street': '桐梓坡路', 'formatted_address': '湖南省长沙市岳麓区桐梓坡路99号'}",18-b
Gallery-768,233-2-4,IMG_20250608_153024,2025-06-08 15:30:24,咖啡; 咖啡杯; 拿铁; 咖啡馆; 室内; 阅读; 休闲,"心怡咖啡馆
手冲单品
今日推荐：耶加雪菲",今日咖啡风味独特,"{'province': '北京市', 'city': '北京市', 'district': '朝阳区', 'streetName': '三里屯路', 'streetNumber': '19号院', 'poi': '心怡咖啡馆'}",116.454366,39.935057,"{'province': '北京市', 'city': '北京市', 'district': '朝阳区', 'street': '三里屯路', 'formatted_address': '北京市北京市朝阳区三里屯路19号院'}",233-b
Gallery-769,234-5,IMG_20250608_171020,2025-06-08 17:10:20,手机屏幕; 备忘录; 行程规划; 文档扫描; 文字记录,"7月父母来访行程规划
- 岳麓书院 (上午)
- 橘子洲头 (下午)
- 湘菜晚餐 (晚上)
- 备选：湖南省博物馆",手机备忘录的屏幕上显示着‘7月父母来访行程规划’的标题，下方列有‘岳麓书院’、‘橘子洲头’等地点和初步时间安排。,"{'province': '湖南省', 'city': '长沙市', 'district': '岳麓区', 'streetName': '双塘路', 'streetNumber': '99号', 'poi': '岳麓区机关金星住宅小区'}",112.938578,28.221525,"{'province': '湖南省', 'city': '长沙市', 'district': '岳麓区', 'street': '桐梓坡路', 'formatted_address': '湖南省长沙市岳麓区桐梓坡路99号'}",234-e
Gallery-770,1-14-2,IMG_20250609_071530,2025-06-09 07:15:30,全麦面包; 煎蛋; 牛油果; 手冲咖啡; 早餐; 健康饮食; 厨房餐桌,无,冯浩然在自家厨房的餐桌上拍摄早餐，全麦面包夹着煎蛋和牛油果，旁边是一杯手冲黑咖啡，背景是整洁的厨房台面。,"{'province': '湖南省', 'city': '长沙市', 'district': '岳麓区', 'streetName': '双塘路', 'streetNumber': '99号', 'poi': '岳麓区机关金星住宅小区'}",112.938578,28.221525,"{'province': '湖南省', 'city': '长沙市', 'district': '岳麓区', 'street': '桐梓坡路', 'formatted_address': '湖南省长沙市岳麓区桐梓坡路99号'}",1-t
Gallery-771,,IMG_20250609_125520,2025-06-09 12:55:20,潮宗街; 老墙; 涂鸦; 街头摄影; 光影; 新旧对比; 历史文化街区,无,冯浩然在潮宗街历史文化街区拍摄一面布满涂鸦的老墙，斑驳的砖墙与现代艺术涂鸦形成鲜明对比，阳光透过树叶洒下光影。,"{'province': '湖南省', 'city': '长沙市', 'district': '开福区', 'streetName': '通泰街', 'streetNumber': 'XX号', 'poi': '潮宗街历史文化街区'}",112.972255,28.203177,"{'province': '湖南省', 'city': '长沙市', 'district': '开福区', 'street': '潮宗街', 'formatted_address': '湖南省长沙市开福区潮宗街[]'}",
Gallery-772,,IMG_20250609_130815,2025-06-09 13:08:15,潮宗街; 时尚青年; 石板路; 传统民居; 灯笼; 街拍; 人文纪实,无,冯浩然在潮宗街捕捉一位穿着时尚的青年走过石板路的瞬间，背景是修缮过的传统民居和悬挂的灯笼。,"{'province': '湖南省', 'city': '长沙市', 'district': '开福区', 'streetName': '通泰街', 'streetNumber': 'XX号', 'poi': '潮宗街历史文化街区'}",112.972255,28.203177,"{'province': '湖南省', 'city': '长沙市', 'district': '开福区', 'street': '潮宗街', 'formatted_address': '湖南省长沙市开福区潮宗街[]'}",
Gallery-773,1-14-1,IMG_20250609_170510,2025-06-09 17:05:10,投资方案; A4纸; 文档扫描; 打印机; 办公桌; 工作文件,黄思琪女士投资方案摘要 - 2025年6月 - 华泰证券,冯浩然在办公室的打印机旁拍摄一份刚打印好的客户投资方案摘要，A4纸上印有清晰的图表和文字标题。,"{'province': '湖南省', 'city': '长沙市', 'district': '开福区', 'streetName': '芙蓉中路', 'streetNumber': '88号', 'poi': '湖南广电中心写字楼-华泰证券办公室'}",113.046548,28.235932,"{'province': '湖南省', 'city': '长沙市', 'district': '开福区', 'street': [], 'formatted_address': '湖南省长沙市开福区[][]'}",1-t
Gallery-774,,IMG_20250609_210530,2025-06-09 21:05:30,行程规划; 手写笔记; 父母来访; 岳麓山; 湖南省博物馆; 文档扫描; 书房,"父母来访行程（2025年6月）
D1：接站，西湖建新安置小区湘菜馆晚餐
D2：上午岳麓山、爱晚亭，下午湖南省博物馆（需预约）
D3：上午橘子洲头，下午坡子街",冯浩然在书房的书桌上拍摄一份手写的父母来访行程规划，纸上详细列出了日期、景点和预约事项。,"{'province': '湖南省', 'city': '长沙市', 'district': '岳麓区', 'streetName': '双塘路', 'streetNumber': '99号', 'poi': '岳麓区机关金星住宅小区'}",112.938578,28.221525,"{'province': '湖南省', 'city': '长沙市', 'district': '岳麓区', 'street': '桐梓坡路', 'formatted_address': '湖南省长沙市岳麓区桐梓坡路99号'}",
Gallery-775,52-4-1,IMG_20250610_111520,2025-06-10 11:15:20,PPT截图; 电脑屏幕; 资产配置; 投资方案; 办公环境,黄思琪女士投资组合优化方案 - 2025年6月 - 目标年化收益率：8%-10%,冯浩然在办公室电脑屏幕上截取客户投资方案PPT的关键一页，内容包含资产配置饼图和策略要点，背景是办公桌和绿植。,"{'province': '湖南省', 'city': '长沙市', 'district': '开福区', 'streetName': '三一大道', 'streetNumber': 'XX号', 'poi': '湖南广电中心写字楼华泰证券办公室'}",113.046548,28.235932,"{'province': '湖南省', 'city': '长沙市', 'district': '开福区', 'street': '三一大道', 'formatted_address': '湖南省长沙市开福区三一大道[]'}",52-d
Gallery-776,a_18,IMG_20250610_122035,2025-06-10 12:20:35,同事合影; 午餐; 湘菜; 小炒黄牛肉; 剁椒鱼头; 餐厅环境,无,冯浩然与同事郑文博在老湘食餐馆的餐桌前合影，两人面带微笑，背景是餐厅环境和桌上的小炒黄牛肉、剁椒鱼头等湘菜。,"{'province': '湖南省', 'city': '长沙市', 'district': '芙蓉区', 'streetName': '晚报大道', 'streetNumber': 'XX号', 'poi': '老湘食(晚报店)'}",113.059083,28.200183,"{'province': '湖南省', 'city': '长沙市', 'district': '芙蓉区', 'street': '高家坡路', 'formatted_address': '湖南省长沙市芙蓉区高家坡路[]'}",a_18
Gallery-777,1-10,IMG_20250610_143010,2025-06-10 14:30:10,文档扫描; 市场复盘; A股分析; 打印报告; 手写批注,A股市场日内波动分析 - 2025年6月10日 - 主要诱因：美联储议息会议纪要发布，科技板块承压。,冯浩然用手机扫描一份打印的市场复盘报告文档，文档标题为‘A股市场日内波动分析’，内容包含数据表格和手写批注，背景是办公室桌面。,"{'province': '湖南省', 'city': '长沙市', 'district': '开福区', 'streetName': '三一大道', 'streetNumber': 'XX号', 'poi': '湖南广电中心写字楼华泰证券办公室'}",113.046548,28.235932,"{'province': '湖南省', 'city': '长沙市', 'district': '开福区', 'street': '三一大道', 'formatted_address': '湖南省长沙市开福区三一大道[]'}",1-p
Gallery-778,18-3,IMG_20250610_202215,2025-06-10 20:22:15,文档扫描; 手写笔记; 露营计划; 书房; 台灯,暑期露营计划讨论要点 - 备选地点：郴州东江湖营地、韶关丹霞山营地 - 时间：2025年7月下旬 - 参与人：谢雨桐等,冯浩然在书房书桌上整理并扫描一份露营计划讨论要点的手写笔记，笔记内容包含‘东江湖营地’、‘装备清单’等条目，背景是台灯和书籍。,"{'province': '湖南省', 'city': '长沙市', 'district': '岳麓区', 'streetName': '双塘路', 'streetNumber': '99号', 'poi': '岳麓区机关金星住宅小区家中书房'}",112.938578,28.221525,"{'province': '湖南省', 'city': '长沙市', 'district': '岳麓区', 'street': '桐梓坡路', 'formatted_address': '湖南省长沙市岳麓区桐梓坡路99号'}",18-c
Gallery-779,2-7-1,IMG_20250611_072830,2025-06-11 07:28:30,牛肉米粉; 热气腾腾; 木质桌椅; 清晨早餐; 长沙美食; 晨跑后,无,冯浩然在岳麓山脚下的老长沙米粉店拍摄一碗热气腾腾的牛肉米粉，背景是清晨的街景和木质桌椅,"{'province': '湖南省', 'city': '长沙市', 'district': '岳麓区', 'streetName': '登高路', 'streetNumber': '58号', 'poi': '老长沙米粉店'}",112.943044,28.178635,"{'province': '湖南省', 'city': '长沙市', 'district': '岳麓区', 'street': '登高路', 'formatted_address': '湖南省长沙市岳麓区登高路58号'}",2-k
Gallery-780,2-7-1,IMG_20250611_154520,2025-06-11 15:45:20,投资报告; 文档扫描; 办公桌; 金融文件; 出差准备; 客户事务,华泰证券投资分析报告 - 客户：黄思琪 - 日期：2025年6月 - 保密等级：内部,冯浩然在办公室用手机扫描一份客户投资分析报告，报告封面清晰可见，背景是办公桌和笔记本电脑,"{'province': '湖南省', 'city': '长沙市', 'district': '开福区', 'streetName': '芙蓉中路', 'streetNumber': '88号', 'poi': '湖南广电中心写字楼华泰证券办公室'}",113.046548,28.235932,"{'province': '湖南省', 'city': '长沙市', 'district': '开福区', 'street': [], 'formatted_address': '湖南省长沙市开福区[][]'}",2-k
Gallery-781,a_92,IMG_20250611_170815,2025-06-11 17:08:15,公文包; 物品收纳; 出差行李; 西装; iPad; 充电宝; 文件袋; 整理完毕,无,冯浩然拍摄已经整理好的出差公文包，里面整齐摆放着西装、iPad、充电宝和文件袋，背景是家中的书房,"{'province': '湖南省', 'city': '长沙市', 'district': '岳麓区', 'streetName': '双塘路', 'streetNumber': '99号', 'poi': '岳麓区机关金星住宅小区家中书房'}",112.938578,28.221525,"{'province': '湖南省', 'city': '长沙市', 'district': '岳麓区', 'street': '桐梓坡路', 'formatted_address': '湖南省长沙市岳麓区桐梓坡路99号'}",a_92
Gallery-782,19-1,IMG_20250612_091500,2025-06-12 09:15:00,文档扫描; 投资笔记; 市场数据; 手写记录; 办公桌; 交易软件,无,冯浩然在办公室工位上，用手机扫描一份记录着沪深300指数、创业板指走势和北向资金流向的笔记本页面，背景是电脑屏幕上的交易软件界面。,"{'province': '湖南省', 'city': '长沙市', 'district': '开福区', 'streetName': '芙蓉中路', 'streetNumber': '442号', 'poi': '湖南广电中心写字楼办公室'}",113.046548,28.235932,"{'province': '湖南省', 'city': '长沙市', 'district': '开福区', 'street': [], 'formatted_address': '湖南省长沙市开福区[][]'}",19-a
Gallery-783,a_92,IMG_20250612_164500,2025-06-12 16:45:00,参会人员; 工作汇报; 领导办公室; 商务沟通; 出差事宜,无,冯浩然在领导办公室向钱永强汇报出差事宜，钱永强正坐在办公桌后听取，背景是办公室的书架和窗外的城市景观。,"{'province': '湖南省', 'city': '长沙市', 'district': '开福区', 'streetName': '芙蓉中路', 'streetNumber': '442号', 'poi': '湖南广电中心写字楼钱永强办公室'}",113.046548,28.235932,"{'province': '湖南省', 'city': '长沙市', 'district': '开福区', 'street': [], 'formatted_address': '湖南省长沙市开福区[][]'}",a_92
Gallery-784,19-1,IMG_20250612_203000,2025-06-12 20:30:00,文档扫描; 投资报告; 复盘分析; 打印文件; 书房; 咖啡,无,冯浩然在家中书房，用手机扫描一份打印出来的投资组合亏损归因分析报告，报告旁放着一杯挂耳咖啡。,"{'province': '湖南省', 'city': '长沙市', 'district': '岳麓区', 'streetName': '双塘路', 'streetNumber': '99号', 'poi': '家中书房'}",112.937966,28.221552,"{'province': '湖南省', 'city': '长沙市', 'district': '岳麓区', 'street': '双塘路', 'formatted_address': '湖南省长沙市岳麓区双塘路99号'}",19-a
Gallery-785,19-1,IMG_20250612_231500,2025-06-12 23:15:00,文档扫描; 复盘报告; 调仓计划; 最终定稿; 书房灯光,无,冯浩然在家中书房，用手机扫描一份整理完毕的完整复盘报告与调仓计划草案，文档标题清晰可见。,"{'province': '湖南省', 'city': '长沙市', 'district': '岳麓区', 'streetName': '双塘路', 'streetNumber': '99号', 'poi': '家中书房'}",112.937966,28.221552,"{'province': '湖南省', 'city': '长沙市', 'district': '岳麓区', 'street': '双塘路', 'formatted_address': '湖南省长沙市岳麓区双塘路99号'}",19-a
Gallery-786,18-5,IMG_20250613_063020,2025-06-13 06:30:20,备忘录; 露营装备清单; 物品收纳; 微信截图; 客厅茶几; 晨间准备,"露营装备清单（与高云飞交流）
1. 帐篷（双人） x1
2. 睡袋（-5°C） x2
3. 防潮垫 x2
4. 头灯 x2
5. 便携炉具 x1
...
备忘时间：2025-06-13 06:15",冯浩然在客厅茶几上整理露营装备清单备忘录，备忘录显示帐篷、睡袋等物品名称和数量，背景是沙发和健身垫。,"{'province': '湖南省', 'city': '长沙市', 'district': '岳麓区', 'streetName': '双塘路', 'streetNumber': '99号', 'poi': '岳麓区机关金星住宅小区'}",112.938578,28.221525,"{'province': '湖南省', 'city': '长沙市', 'district': '岳麓区', 'street': '桐梓坡路', 'formatted_address': '湖南省长沙市岳麓区桐梓坡路99号'}",18-e
Gallery-787,19-2-1,IMG_20250613_071510,2025-06-13 07:15:10,全麦面包; 煎蛋; 牛奶; 简易早餐; 木质餐桌; iPad Pro; 财经资讯,"隔夜全球市场动态
美股三大指数涨跌不一，道指微涨0.12%，纳指下跌0.45%。
欧洲央行维持利率不变...
2025-06-13 07:10 财经网",冯浩然在厨房餐桌上拍摄简易早餐，全麦面包、煎蛋和牛奶摆放在白色餐盘中，背景是iPad Pro上显示的财经新闻页面。,"{'province': '湖南省', 'city': '长沙市', 'district': '岳麓区', 'streetName': '双塘路', 'streetNumber': '99号', 'poi': '岳麓区机关金星住宅小区'}",112.938578,28.221525,"{'province': '湖南省', 'city': '长沙市', 'district': '岳麓区', 'street': '桐梓坡路', 'formatted_address': '湖南省长沙市岳麓区桐梓坡路99号'}",19-b
Gallery-788,,IMG_20250613_134520,2025-06-13 13:45:20,城市街景; 芙蓉中路; 交叉路口; 车流; 高楼大厦; 通勤途中; 午后,无,冯浩然在通勤途中等红灯时，拍摄车窗外芙蓉中路与五一大道交叉口的街景，高楼林立，车流穿梭，天空多云。,"{'province': '湖南省', 'city': '长沙市', 'district': '开福区', 'streetName': '芙蓉中路', 'streetNumber': 'XX号', 'poi': '芙蓉中路与五一大道交叉口'}",112.980509,28.194729,"{'province': '湖南省', 'city': '长沙市', 'district': '芙蓉区', 'street': '芙蓉中路', 'formatted_address': '湖南省长沙市芙蓉区芙蓉中路[]'}",
Gallery-789,3-2,IMG_20250613_143022,2025-06-13 14:30:22,电脑屏幕; 文档编辑; 工作总结; 办公室; 工作记录; Word文档,"XX年度工作总结与业绩报告

一、 年度工作概述
...

二、 投资项目业绩
...

三、 客户资产增长
...

四、 市场分析报告产出
...

五、 个人能力提升与总结
...",一张手机拍摄的电脑屏幕照片，屏幕显示为一份正在编辑的年度工作总结文档，文档标题为'XX年度工作总结与业绩报告'，内容包含'投资项目业绩'和'客户资产增长'等章节标题。,"{'province': '北京市', 'city': '北京市', 'district': '朝阳区', 'streetName': '建国门外大街', 'streetNumber': '1号', 'poi': '国贸大厦办公室'}",116.458383,39.912641,"{'province': '北京市', 'city': '北京市', 'district': '朝阳区', 'street': '建国门外大街', 'formatted_address': '北京市北京市朝阳区建国门外大街[]'}",3-j
Gallery-790,,IMG_20250613_224510,2025-06-13 22:45:10,手写笔记; 聚餐规划; 明日安排; 书房书桌; 晚间记录; 湖南省博物馆,"明日聚餐规划（吴俊杰）
时间：2025-06-14 18:30
地点：火宫殿（坡子街总店）
话题：1. 近期市场 2. 父母来访安排 3. 跑步计划
备忘：带雨伞，确认餐厅预订。

湖南省博物馆预约成功
预约号：HNBM202506132245
参观时间：2025-07-20 09:00-12:00",冯浩然在书房书桌上拍摄手写的明日聚餐规划要点，内容包括餐厅、时间、话题等，旁边放着钢笔和湖南省博物馆预约成功的手机屏幕。,"{'province': '湖南省', 'city': '长沙市', 'district': '岳麓区', 'streetName': '双塘路', 'streetNumber': '99号', 'poi': '岳麓区机关金星住宅小区'}",112.938578,28.221525,"{'province': '湖南省', 'city': '长沙市', 'district': '岳麓区', 'street': '桐梓坡路', 'formatted_address': '湖南省长沙市岳麓区桐梓坡路99号'}",
Gallery-791,,IMG_20250614_074520,2025-06-14 07:45:20,酒店早餐; 煎蛋; 全麦面包; 水果沙拉; 手冲咖啡; 营养搭配,无,冯浩然在酒店自助餐厅拍摄营养早餐，餐盘中有煎蛋、全麦面包、水果沙拉和一杯手冲咖啡，背景是整洁的餐厅环境。,"{'province': '北京市', 'city': '北京市', 'district': '西城区', 'streetName': '金融大街', 'streetNumber': '9号', 'poi': '北京金融街威斯汀大酒店自助餐厅'}",116.358829,39.91736,"{'province': '北京市', 'city': '北京市', 'district': '西城区', 'street': '金融大街', 'formatted_address': '北京市北京市西城区金融大街9号'}",
Gallery-792,52-7-2,IMG_20250614_131005,2025-06-14 13:10:05,邮票博物馆; 仿古建筑; 红墙灰瓦; 建筑外观; 游客,无,冯浩然在中国邮政邮票博物馆外拍摄建筑外观，红墙灰瓦的仿古建筑在阳光下显得庄重典雅，门前有少量游客。,"{'province': '北京市', 'city': '北京市', 'district': '东城区', 'streetName': '贡院西街', 'streetNumber': '6号', 'poi': '中国邮政邮票博物馆'}",116.431333,39.910885,"{'province': '北京市', 'city': '北京市', 'district': '东城区', 'street': '贡院西街', 'formatted_address': '北京市北京市东城区贡院西街6号'}",52-g
Gallery-793,52-7-2,IMG_20250614_132230,2025-06-14 13:22:30,闭馆通知; 导视牌; 设备检修; 暂停开放; 博物馆入口,"通知
尊敬的游客：
因馆内设备检修，本馆自2025年6月14日起暂停开放，具体恢复时间另行通知。
给您带来不便，敬请谅解。
中国邮政邮票博物馆
2025年6月13日",冯浩然拍摄了博物馆入口处的闭馆通知牌，白色A4纸上打印着‘设备检修，暂停开放’等黑色文字，背景是紧闭的玻璃门。,"{'province': '北京市', 'city': '北京市', 'district': '东城区', 'streetName': '贡院西街', 'streetNumber': '6号', 'poi': '中国邮政邮票博物馆入口'}",116.431333,39.910885,"{'province': '北京市', 'city': '北京市', 'district': '东城区', 'street': '贡院西街', 'formatted_address': '北京市北京市东城区贡院西街6号'}",52-g
Gallery-794,52-7-3,IMG_20250614_133015,2025-06-14 13:30:15,大龙邮票; 数字博物馆; 截图; 邮票特写; 清代邮票; 云龙图案,中国邮政邮票博物馆 - 大龙邮票（1878年发行）,冯浩然通过数字博物馆平台浏览并截屏了‘大龙邮票’的高清图片，邮票图案为云龙，细节清晰，背景是深色网页界面。,"{'province': '北京市', 'city': '北京市', 'district': '东城区', 'streetName': '贡院西街', 'streetNumber': '6号', 'poi': '中国邮政邮票博物馆（线上平台）'}",116.431333,39.910885,"{'province': '北京市', 'city': '北京市', 'district': '东城区', 'street': '贡院西街', 'formatted_address': '北京市北京市东城区贡院西街6号'}",52-g
Gallery-795,52-7-6,IMG_20250614_151045,2025-06-14 15:10:45,PPT截图; 智能投顾; 合规挑战; 笔记本电脑屏幕; 会议资料,"智能投顾应用与合规挑战
- 算法透明度与可解释性
- 投资者适当性管理
- 数据安全与隐私保护
- 跨境监管协调",冯浩然在会议室拍摄了笔记本电脑屏幕上显示的PPT内容，页面标题为‘智能投顾应用与合规挑战’，包含几个要点列表。,"{'province': '北京市', 'city': '北京市', 'district': '西城区', 'streetName': '复兴门内大街', 'streetNumber': '51号', 'poi': '民族饭店商务中心会议室'}",116.366913,39.907877,"{'province': '北京市', 'city': '北京市', 'district': '西城区', 'street': '复兴门内大街', 'formatted_address': '北京市北京市西城区复兴门内大街51号'}",52-g
Gallery-796,3-5,IMG_20250614_153042,2025-06-14 15:30:42,电脑屏幕; PPT编辑; 工作; 加班; 述职报告; 数据图表; 客户反馈,"年度述职汇报
2024年度工作总结
关键业绩指标
销售额同比增长
客户满意度
主要客户反馈
界面友好
响应及时
专业度高
建议增加...",一张电脑屏幕的截图，显示正在编辑的PPT界面。屏幕上可见包含“年度述职汇报”标题的幻灯片、一个展示柱状图的数据图表页以及一个列出客户反馈要点的总结页。,"{'province': '北京市', 'city': '北京市', 'district': '海淀区', 'streetName': '中关村大街', 'streetNumber': '1号', 'poi': 'XX科技大厦办公室'}",116.321611,39.961239,"{'province': '北京市', 'city': '北京市', 'district': '海淀区', 'street': '中关村大街', 'formatted_address': '北京市北京市海淀区中关村大街[]'}",3-m
Gallery-797,18-6,IMG_20250615_093520,2025-06-15 09:35:20,采购清单; 露营装备; 牧高笛帐篷; 挪客帐篷; 手写笔记; 书桌,露营装备采购清单 - 1. 牧高笛冷山帐篷 2. 挪客云尚帐篷 3. 羽绒睡袋 4. 便携折叠桌椅 5. 营地灯 6. 防潮垫 2025-06-15,冯浩然在书房书桌上拍摄一份露营装备采购清单，清单上列有牧高笛冷山帐篷、挪客云尚帐篷、睡袋、便携桌椅等物品，旁边放着一支黑色签字笔。,"{'province': '湖南省', 'city': '长沙市', 'district': '岳麓区', 'streetName': '双塘路', 'streetNumber': '99号', 'poi': '岳麓区机关金星住宅小区'}",112.938578,28.221525,"{'province': '湖南省', 'city': '长沙市', 'district': '岳麓区', 'street': '桐梓坡路', 'formatted_address': '湖南省长沙市岳麓区桐梓坡路99号'}",18-f
Gallery-798,18-6,IMG_20250615_101015,2025-06-15 10:10:15,CFA资料; 学习笔记; 归档整理; 蓝色文件夹; 书桌一角,CFA Level III - 2025年备考笔记 - 资产配置与风险管理,冯浩然拍摄整理好的CFA备考资料，资料整齐地堆放在书桌一角，旁边是归档用的蓝色文件夹和标签贴。,"{'province': '湖南省', 'city': '长沙市', 'district': '岳麓区', 'streetName': '双塘路', 'streetNumber': '99号', 'poi': '岳麓区机关金星住宅小区'}",112.938578,28.221525,"{'province': '湖南省', 'city': '长沙市', 'district': '岳麓区', 'street': '桐梓坡路', 'formatted_address': '湖南省长沙市岳麓区桐梓坡路99号'}",18-f
Gallery-799,238-2-3,IMG_20250615_135540,2025-06-15 13:55:40,朋友合影; 林荫小道; 社区公园; 午后散步; 休闲时光,无,冯浩然与大学同学吴俊杰在德馨园社区公园的林荫小道上合影，两人面带微笑，背景是郁郁葱葱的树木和休闲步道。,"{'province': '湖南省', 'city': '长沙市', 'district': '雨花区', 'streetName': '香樟路', 'streetNumber': 'XX号', 'poi': '德馨园社区公园'}",113.016896,28.132398,"{'province': '湖南省', 'city': '长沙市', 'district': '雨花区', 'street': '香樟路', 'formatted_address': '湖南省长沙市雨花区香樟路[]'}",238-b
Gallery-800,a_92,IMG_20250615_180530,2025-06-15 18:05:30,资产配置方案; 客户文档; 笔记本电脑; 茉莉花茶; 茶几,客户：黄思琪 - 资产配置优化方案（2025年6月更新） - 结合北京出差市场研判，建议增配科技类基金。,冯浩然在客厅茶几上拍摄一份更新的客户资产配置方案文档，文档标题清晰，旁边放着一杯茉莉花茶和笔记本电脑。,"{'province': '湖南省', 'city': '长沙市', 'district': '岳麓区', 'streetName': '双塘路', 'streetNumber': '99号', 'poi': '岳麓区机关金星住宅小区'}",112.938578,28.221525,"{'province': '湖南省', 'city': '长沙市', 'district': '岳麓区', 'street': '桐梓坡路', 'formatted_address': '湖南省长沙市岳麓区桐梓坡路99号'}",a_92
Gallery-801,235-2-6,IMG_20250615_184220,2025-06-15 18:42:20,西红柿鸡蛋面; 家常晚餐; 白色瓷碗; 热气腾腾; 简单美食,无,冯浩然拍摄晚餐时煮的西红柿鸡蛋面，面条盛在白色瓷碗中，红色的西红柿和黄色的鸡蛋搭配鲜艳，热气微微升腾。,"{'province': '湖南省', 'city': '长沙市', 'district': '岳麓区', 'streetName': '双塘路', 'streetNumber': '99号', 'poi': '岳麓区机关金星住宅小区'}",112.938578,28.221525,"{'province': '湖南省', 'city': '长沙市', 'district': '岳麓区', 'street': '桐梓坡路', 'formatted_address': '湖南省长沙市岳麓区桐梓坡路99号'}",235-b
Gallery-802,,IMG_20250616_120530,2025-06-16 12:05:30,街头风景; 城市烟火气; 商铺招牌; 行人; 绿荫; 午间; 抓拍,无,冯浩然在午间与同事郑文博步行前往湘菜馆的路上，用手机抓拍下金鹰路旁充满烟火气的街头景象，画面中有来往的行人、林立的商铺招牌和初夏的绿荫,"{'province': '湖南省', 'city': '长沙市', 'district': '开福区', 'streetName': '金鹰路', 'streetNumber': 'XX号', 'poi': '金鹰路商业街'}",113.043533,28.238287,"{'province': '湖南省', 'city': '长沙市', 'district': '开福区', 'street': '金鹰路', 'formatted_address': '湖南省长沙市开福区金鹰路[]'}",
Gallery-803,a_236,IMG_20250617_110530,2025-06-17 11:05:30,PPT截图; 职业规划; 投影屏幕; 会议室; 投资策略; 数据图表,个人职业发展与投资策略规划 - 冯浩然 - 2025-06-17 - CFA三级备考进度：75% - 客户资产管理规模：+15% YoY,冯浩然在小会议室的投影屏幕上展示着为职业发展面谈准备的PPT，PPT标题为‘个人职业发展与投资策略规划’，内容包含CFA进度、客户资产增长曲线和未来目标。,"{'province': '湖南省', 'city': '长沙市', 'district': '开福区', 'streetName': '芙蓉中路', 'streetNumber': '88号', 'poi': '湖南广电中心写字楼小会议室'}",113.046548,28.235932,"{'province': '湖南省', 'city': '长沙市', 'district': '开福区', 'street': [], 'formatted_address': '湖南省长沙市开福区[][]'}",a_236
Gallery-804,18-7,IMG_20250617_122015,2025-06-17 12:20:15,人物合影; 湘菜; 小炒黄牛肉; 大学同学; 午餐聚餐; 餐厅环境,无,冯浩然与大学同学吴俊杰在最湘湖南菜馆的餐桌前合影，桌上摆着刚上桌的小炒黄牛肉和清炒丝瓜，背景是餐厅的木质隔断和暖色灯光。,"{'province': '湖南省', 'city': '长沙市', 'district': '开福区', 'streetName': '华夏路', 'streetNumber': '1号', 'poi': '最湘湖南菜(华夏店)'}",112.982564,28.224781,"{'province': '湖南省', 'city': '长沙市', 'district': '开福区', 'street': '华夏路', 'formatted_address': '湖南省长沙市开福区华夏路1号'}",18-g
Gallery-805,236-2,IMG_20250617_140520,2025-06-17 14:05:20,参会人员; 职业面谈; 上司与下属; 办公室会议; PPT讨论; 金融从业者,无,在钱永强总监的办公室，冯浩然正在向钱总展示PPT中的一页关键数据图表，两人神情专注，背景是办公室的书柜和窗外城市景观。,"{'province': '湖南省', 'city': '长沙市', 'district': '开福区', 'streetName': '芙蓉中路', 'streetNumber': '88号', 'poi': '湖南广电中心写字楼钱永强总监办公室'}",113.046548,28.235932,"{'province': '湖南省', 'city': '长沙市', 'district': '开福区', 'street': [], 'formatted_address': '湖南省长沙市开福区[][]'}",236-b
Gallery-806,a_92,IMG_20250618_091520,2025-06-18 09:15:20,部门晨会; PPT截图; 投影屏幕; 市场策略; 会议室; 工作场景,"近期市场波动加大
加强客户沟通与风险提示
华泰证券投资顾问部
2025年6月18日",冯浩然在部门晨会上拍摄了投影屏幕上显示的PPT截图，内容是关于近期市场波动下的客户沟通策略，背景是公司会议室的白墙和投影仪光线。,"{'province': '湖南省', 'city': '长沙市', 'district': '开福区', 'streetName': '芙蓉中路', 'streetNumber': '88号', 'poi': '华泰证券股份有限公司会议室'}",112.986675,28.223728,"{'province': '湖南省', 'city': '长沙市', 'district': '开福区', 'street': '芙蓉中路', 'formatted_address': '湖南省长沙市开福区芙蓉中路88号'}",a_92
Gallery-807,a_17,IMG_20250619_064520,2025-06-19 06:45:20,晨跑; 岳麓山; 穿石坡湖; 清晨阳光; 山林; 运动,无,冯浩然在岳麓山穿石坡湖附近慢跑，清晨的阳光透过山林洒在湖面上，远处有晨练的游客,"{'province': '湖南省', 'city': '长沙市', 'district': '岳麓区', 'streetName': '登高路', 'streetNumber': '58号', 'poi': '岳麓山风景名胜区-穿石坡湖'}",112.936233,28.175984,"{'province': '湖南省', 'city': '长沙市', 'district': '岳麓区', 'street': '登高路', 'formatted_address': '湖南省长沙市岳麓区登高路58号'}",a_17
Gallery-808,,IMG_20250619_072210,2025-06-19 07:22:10,早餐; 全麦吐司; 煎蛋; 培根; 蓝莓; 牛奶; 厨房,无,冯浩然在家中厨房准备早餐，餐盘里摆放着全麦吐司、煎蛋、培根、蓝莓，旁边有一杯牛奶,"{'province': '湖南省', 'city': '长沙市', 'district': '岳麓区', 'streetName': '双塘路', 'streetNumber': '99号', 'poi': '岳麓区机关金星住宅小区'}",112.938578,28.221525,"{'province': '湖南省', 'city': '长沙市', 'district': '岳麓区', 'street': '桐梓坡路', 'formatted_address': '湖南省长沙市岳麓区桐梓坡路99号'}",
Gallery-809,,IMG_20250619_121530,2025-06-19 12:15:30,湘菜; 小炒黄牛肉; 剁椒鱼头; 清炒时蔬; 同事聚餐; 餐厅,无,冯浩然与同事郑文博在老长沙口味湘菜馆用餐，桌上摆着小炒黄牛肉、剁椒鱼头和清炒时蔬,"{'province': '湖南省', 'city': '长沙市', 'district': '开福区', 'streetName': '营盘路', 'streetNumber': '47号', 'poi': '老长沙口味湘菜馆(万达店)'}",112.974251,28.205349,"{'province': '湖南省', 'city': '长沙市', 'district': '开福区', 'street': '营盘路', 'formatted_address': '湖南省长沙市开福区营盘路47号'}",
Gallery-810,5-1,IMG_20250619_132045,2025-06-19 13:20:45,咖啡厅; 美式咖啡; 笔记本电脑; 露营攻略; 仰天湖草原; 工作,无,冯浩然在圣爵菲斯咖啡厅研究露营目的地，桌上放着美式咖啡和笔记本电脑，屏幕上显示着郴州仰天湖草原的攻略页面,"{'province': '湖南省', 'city': '长沙市', 'district': '开福区', 'streetName': '三一大道', 'streetNumber': 'XX号', 'poi': '圣爵菲斯咖啡厅'}",113.016375,28.233632,"{'province': '湖南省', 'city': '长沙市', 'district': '开福区', 'street': '三一大道', 'formatted_address': '湖南省长沙市开福区三一大道[]'}",5-a
Gallery-811,,IMG_20250619_180510,2025-06-19 18:05:10,便利店; 购物; 香蕉; 苹果; 鲜牛奶; 苏打水; 生活补给,无,冯浩然在归心苑小区便利店购物，购物篮里装着香蕉、苹果、鲜牛奶和苏打水,"{'province': '湖南省', 'city': '长沙市', 'district': '开福区', 'streetName': '德雅路', 'streetNumber': 'XX号', 'poi': '归心苑小区便利店'}",113.042831,28.237817,"{'province': '湖南省', 'city': '长沙市', 'district': '开福区', 'street': [], 'formatted_address': '湖南省长沙市开福区[][]'}",
Gallery-812,a_17,IMG_20250619_194025,2025-06-19 19:40:25,健身房; 力量训练; 杠铃卧推; 健身器械; 锻炼; 汗水,无,冯浩然在恒大雅苑健身中心进行力量训练，正在做杠铃卧推，背景是健身器械和其他锻炼者,"{'province': '湖南省', 'city': '长沙市', 'district': '开福区', 'streetName': '福元西路', 'streetNumber': 'XX号', 'poi': '恒大雅苑健身中心'}",113.046287,28.245704,"{'province': '湖南省', 'city': '长沙市', 'district': '开福区', 'street': [], 'formatted_address': '湖南省长沙市开福区[][]'}",a_17
Gallery-813,56-1,IMG_20250619_213015,2025-06-19 21:30:15,书房; 电脑; 旅行规划; 澳门地图; 美食店标记; 工作台,无,冯浩然在书房电脑前规划澳门自由行，屏幕上显示着澳门历史城区的地图和一些特色美食店的标记,"{'province': '湖南省', 'city': '长沙市', 'district': '岳麓区', 'streetName': '双塘路', 'streetNumber': '99号', 'poi': '岳麓区机关金星住宅小区-书房'}",112.938578,28.221525,"{'province': '湖南省', 'city': '长沙市', 'district': '岳麓区', 'street': '桐梓坡路', 'formatted_address': '湖南省长沙市岳麓区桐梓坡路99号'}",56-a
Gallery-814,,IMG_20250620_122015,2025-06-20 12:20:15,轻食沙拉; 三明治; 手冲咖啡; 同事聚餐; 办公休息区; 落地窗,无,冯浩然与同事郑文博在公司休息区享用轻食外卖午餐，桌面上摆着沙拉、三明治和两杯咖啡，背景是落地窗和绿植,"{'province': '湖南省', 'city': '长沙市', 'district': '开福区', 'streetName': '芙蓉中路', 'streetNumber': '88号', 'poi': '湖南广电中心写字楼华泰证券休息区'}",112.986675,28.223728,"{'province': '湖南省', 'city': '长沙市', 'district': '开福区', 'street': '芙蓉中路', 'formatted_address': '湖南省长沙市开福区芙蓉中路88号'}",
Gallery-815,138-10,IMG_20250620_183025,2025-06-20 18:30:25,城市夜景; 湘江; 金融中心; 长曝光; 光轨; 江面倒影; 风帆广场,无,冯浩然在湘江边风帆广场使用长曝光拍摄对岸金融中心的璀璨灯光，江面倒映着楼宇的光影，形成绚丽的光轨,"{'province': '湖南省', 'city': '长沙市', 'district': '天心区', 'streetName': '湘江中路', 'streetNumber': 'XX号', 'poi': '风帆广场'}",112.971795,28.208766,"{'province': '湖南省', 'city': '长沙市', 'district': '开福区', 'street': '湘江中路', 'formatted_address': '湖南省长沙市开福区湘江中路[]'}",138-j
Gallery-816,138-10,IMG_20250620_184510,2025-06-20 18:45:10,夜景街拍; 湘江游船; 橘子洲头; 景观灯光; 沿江步道; 城市剪影,无,冯浩然在湘江中路沿江步道拍摄江面上缓缓驶过的游船，船身灯光与远处橘子洲头的景观灯交相辉映,"{'province': '湖南省', 'city': '长沙市', 'district': '天心区', 'streetName': '湘江中路', 'streetNumber': 'XX号', 'poi': '湘江风光带沿江步道'}",112.968025,28.17906,"{'province': '湖南省', 'city': '长沙市', 'district': '天心区', 'street': [], 'formatted_address': '湖南省长沙市天心区[][]'}",138-j
Gallery-817,17-5,IMG_20250621_071520,2025-06-21 07:15:20,晨跑; 社区公园; 林荫步道; 清晨阳光; 运动装备,无,冯浩然在英才园社区公园晨跑，清晨阳光透过树叶洒在整洁的步道上，远处有居民在健身器材区活动。,"{'province': '湖南省', 'city': '长沙市', 'district': '岳麓区', 'streetName': '双塘路', 'streetNumber': '99号', 'poi': '英才园社区公园'}",112.94648,28.213092,"{'province': '湖南省', 'city': '长沙市', 'district': '岳麓区', 'street': '桐梓坡路', 'formatted_address': '湖南省长沙市岳麓区桐梓坡路99号'}",17-e
Gallery-818,5-3,IMG_20250621_080510,2025-06-21 08:05:10,早餐; 煎蛋; 全麦吐司; 黑咖啡; 木质餐桌,无,冯浩然拍摄自己制作的早餐，煎蛋和全麦吐司摆放在白色餐盘中，旁边放着一杯冒着热气的黑咖啡，背景是家中的木质餐桌。,"{'province': '湖南省', 'city': '长沙市', 'district': '岳麓区', 'streetName': '双塘路', 'streetNumber': '99号', 'poi': '岳麓区机关金星住宅小区家中'}",112.938578,28.221525,"{'province': '湖南省', 'city': '长沙市', 'district': '岳麓区', 'street': '桐梓坡路', 'formatted_address': '湖南省长沙市岳麓区桐梓坡路99号'}",5-c
Gallery-819,a_17,IMG_20250621_121530,2025-06-21 12:15:30,午餐; 香煎鸡胸肉; 西兰花; 糙米饭; 健康饮食,无,冯浩然拍摄刚出锅的午餐，香煎鸡胸肉和西兰花摆放在糙米饭旁，色彩搭配鲜艳，热气腾腾。,"{'province': '湖南省', 'city': '长沙市', 'district': '岳麓区', 'streetName': '双塘路', 'streetNumber': '99号', 'poi': '岳麓区机关金星住宅小区家中'}",112.938578,28.221525,"{'province': '湖南省', 'city': '长沙市', 'district': '岳麓区', 'street': '桐梓坡路', 'formatted_address': '湖南省长沙市岳麓区桐梓坡路99号'}",a_17
Gallery-820,17-5,IMG_20250621_140530,2025-06-21 14:05:30,冰箱收纳; 食材分装; 鸡胸肉; 蔬菜水果; 健康生活,无,冯浩然拍摄整理好的冰箱，冷藏室内整齐摆放着分装好的鸡胸肉、虾仁、蔬菜和水果，体现了健康的食材收纳。,"{'province': '湖南省', 'city': '长沙市', 'district': '岳麓区', 'streetName': '双塘路', 'streetNumber': '99号', 'poi': '岳麓区机关金星住宅小区家中'}",112.938578,28.221525,"{'province': '湖南省', 'city': '长沙市', 'district': '岳麓区', 'street': '桐梓坡路', 'formatted_address': '湖南省长沙市岳麓区桐梓坡路99号'}",17-e
Gallery-821,a_6,IMG_20250621_183025,2025-06-21 18:30:25,街拍; 太平老街; 霓虹灯; 古建筑; 小吃摊; 烟火气,无,冯浩然在太平老街拍摄的街景，霓虹灯招牌与古朴的建筑外墙形成鲜明对比，行人穿梭在充满烟火气的小吃摊前。,"{'province': '湖南省', 'city': '长沙市', 'district': '天心区', 'streetName': '太平街', 'streetNumber': 'XX号', 'poi': '太平老街历史文化街区'}",112.972071,28.193573,"{'province': '湖南省', 'city': '长沙市', 'district': '天心区', 'street': '太平街', 'formatted_address': '湖南省长沙市天心区太平街[]'}",a_6
Gallery-822,a_6,IMG_20250621_200815,2025-06-21 20:08:15,夜景; 湘江风光带; 城市天际线; 岳麓山; 长曝光; 灯光轨迹,无,冯浩然在湘江风光带使用三脚架拍摄的夜景，对岸岳麓山和城市天际线的灯光倒映在江面上，形成璀璨的光带。,"{'province': '湖南省', 'city': '长沙市', 'district': '天心区', 'streetName': '湘江中路', 'streetNumber': 'XX号', 'poi': '杜甫江阁段湘江风光带'}",112.968025,28.17906,"{'province': '湖南省', 'city': '长沙市', 'district': '天心区', 'street': [], 'formatted_address': '湖南省长沙市天心区[][]'}",a_6
Gallery-823,,IMG_20250621_225510,2025-06-21 22:55:10,阅读; 行为经济学; 书籍内页; 案例分析; 床头灯,禀赋效应：人们倾向于高估自己已拥有物品的价值。案例：实验表明，获得咖啡杯的学生对其估价远高于未获得的学生。,冯浩然拍摄正在阅读的行为经济学书籍内页，页面内容涉及“禀赋效应”的案例分析，旁边放着一杯水。,"{'province': '湖南省', 'city': '长沙市', 'district': '岳麓区', 'streetName': '双塘路', 'streetNumber': '99号', 'poi': '岳麓区机关金星住宅小区家中卧室'}",112.938578,28.221525,"{'province': '湖南省', 'city': '长沙市', 'district': '岳麓区', 'street': '桐梓坡路', 'formatted_address': '湖南省长沙市岳麓区桐梓坡路99号'}",
Gallery-824,18-9,IMG_20250622_124530,2025-06-22 12:45:30,耶加雪菲手冲咖啡; 玻璃咖啡壶; 木质桌面; 咖啡馆环境; 手冲咖啡; 午后时光,无,冯浩然在一丹咖啡厅的靠窗位置，拍摄桌上刚点的耶加雪菲手冲咖啡，背景是咖啡厅温暖的木质装潢和窗外浏阳河大道的街景。,"{'province': '湖南省', 'city': '长沙市', 'district': '芙蓉区', 'streetName': '浏阳河大道', 'streetNumber': 'XX号', 'poi': '一丹咖啡厅（万科金域蓝湾西门）'}",113.039134,28.174765,"{'province': '湖南省', 'city': '长沙市', 'district': '芙蓉区', 'street': '浏阳河大道', 'formatted_address': '湖南省长沙市芙蓉区浏阳河大道[]'}",18-i
Gallery-825,237-3,IMG_20250622_160520,2025-06-22 16:05:20,笔记本电脑屏幕; 资产配置方案; 文档扫描; 工作桌面; 金融文档,黄思琪项目资产配置方案框架 - 需求摘要 - 信托架构设计 - 全球化资产配置建议 - 起草日期：2025-06-22,冯浩然在书房的书桌上，拍摄笔记本电脑屏幕上显示的客户资产配置方案框架文档，文档标题清晰可见，旁边放着笔记本和笔。,"{'province': '湖南省', 'city': '长沙市', 'district': '岳麓区', 'streetName': '双塘路', 'streetNumber': '99号', 'poi': '岳麓区机关金星住宅小区（家中书房）'}",112.938578,28.221525,"{'province': '湖南省', 'city': '长沙市', 'district': '岳麓区', 'street': '桐梓坡路', 'formatted_address': '湖南省长沙市岳麓区桐梓坡路99号'}",237-c
Gallery-826,a_18,IMG_20250622_212200,2025-06-22 21:22:00,整洁桌面; 笔记本电脑; 澳门旅行资料; 物品收纳; 工作环境,无,冯浩然在书房，拍摄整理好的桌面，上面整齐摆放着笔记本电脑、笔记本、笔筒以及打印出来的澳门旅行资料图片。,"{'province': '湖南省', 'city': '长沙市', 'district': '岳麓区', 'streetName': '双塘路', 'streetNumber': '99号', 'poi': '岳麓区机关金星住宅小区（家中书房）'}",112.938578,28.221525,"{'province': '湖南省', 'city': '长沙市', 'district': '岳麓区', 'street': '桐梓坡路', 'formatted_address': '湖南省长沙市岳麓区桐梓坡路99号'}",a_18
Gallery-827,17-6,IMG_20250623_071520,2025-06-23 07:15:20,牛油果煎蛋三明治; 全麦面包; 白色瓷盘; 手冲咖啡; 健康早餐; 厨房餐桌,无,冯浩然在自家厨房的餐桌上拍摄早餐，牛油果煎蛋全麦三明治摆放在白色瓷盘中，旁边放着一杯手冲咖啡和一部显示健康APP数据的手机。,"{'province': '湖南省', 'city': '长沙市', 'district': '岳麓区', 'streetName': '双塘路', 'streetNumber': '99号', 'poi': '岳麓区机关金星住宅小区'}",112.938578,28.221525,"{'province': '湖南省', 'city': '长沙市', 'district': '岳麓区', 'street': '桐梓坡路', 'formatted_address': '湖南省长沙市岳麓区桐梓坡路99号'}",17-f
Gallery-828,237-4,IMG_20250623_140520,2025-06-23 14:05:20,PPT截图; 股权激励; 税务筹划; 架构图; 视频会议; 电脑屏幕,"股权激励税务优化方案对比
核心员工持股平台 vs. 家族信托
2025-06-23 华泰证券",冯浩然在视频会议中截屏了PPT页面，屏幕上展示着关于股权激励税务筹划的架构对比图，右下角有视频会议软件的小窗口。,"{'province': '湖南省', 'city': '长沙市', 'district': '开福区', 'streetName': '芙蓉中路', 'streetNumber': '88号', 'poi': '华泰证券股份有限公司（湖南广电中心写字楼）'}",113.046548,28.235932,"{'province': '湖南省', 'city': '长沙市', 'district': '开福区', 'street': [], 'formatted_address': '湖南省长沙市开福区[][]'}",237-d
Gallery-829,237-5,IMG_20250624_113015,2025-06-24 11:30:15,会议纪要; 文档扫描; 办公桌; 绿茶; 金融工作; A4纸,客户黄思琪团队需求沟通会纪要 2025年6月23日 核心诉求：资产隔离与稳健增值,冯浩然用手机扫描一份客户会议纪要文档，文档平铺在办公室的木质桌面上，旁边放着一杯绿茶和一支笔。,"{'province': '湖南省', 'city': '长沙市', 'district': '开福区', 'streetName': '芙蓉中路', 'streetNumber': '88号', 'poi': '华泰证券股份有限公司办公室'}",112.986675,28.223728,"{'province': '湖南省', 'city': '长沙市', 'district': '开福区', 'street': '芙蓉中路', 'formatted_address': '湖南省长沙市开福区芙蓉中路88号'}",237-e
Gallery-830,,IMG_20250624_122045,2025-06-24 12:20:45,腊味煲仔饭; 砂锅; 热气腾腾; 午餐; 同事聚餐; 湘味简餐,无,冯浩然与同事郑文博在煲仔饭餐厅用餐，镜头聚焦于餐桌上热气腾腾的腊味煲仔饭，郑文博在背景中微笑。,"{'province': '湖南省', 'city': '长沙市', 'district': '开福区', 'streetName': '金马路', 'streetNumber': '8号', 'poi': '煲圈煲仔饭中西简餐(马栏山店)'}",113.039166,28.229864,"{'province': '湖南省', 'city': '长沙市', 'district': '开福区', 'street': '金马路', 'formatted_address': '湖南省长沙市开福区金马路8号'}",
Gallery-831,a_17,IMG_20250625_074520,2025-06-25 07:45:20,早餐; 煎蛋; 全麦吐司; 牛奶燕麦; 木质餐桌; 晨间,无,冯浩然在家中厨房的木质餐桌上享用早餐，餐盘里是煎蛋和全麦吐司，旁边放着一杯牛奶燕麦。,"{'province': '湖南省', 'city': '长沙市', 'district': '岳麓区', 'streetName': '双塘路', 'streetNumber': '99号', 'poi': '岳麓区机关金星住宅小区（家中厨房）'}",112.938578,28.221525,"{'province': '湖南省', 'city': '长沙市', 'district': '岳麓区', 'street': '桐梓坡路', 'formatted_address': '湖南省长沙市岳麓区桐梓坡路99号'}",a_17
Gallery-832,237-6,IMG_20250625_090510,2025-06-25 09:05:10,工作汇报; PPT图表; 笔记本电脑; 会议桌; 上司; 金融,无,冯浩然在钱永强办公室的会议桌上，向钱永强展示笔记本电脑屏幕上关于新客户进展的PPT图表。,"{'province': '湖南省', 'city': '长沙市', 'district': '开福区', 'streetName': '芙蓉中路', 'streetNumber': '88号', 'poi': '湖南广电中心写字楼华泰证券办公室（钱永强办公室）'}",113.046548,28.235932,"{'province': '湖南省', 'city': '长沙市', 'district': '开福区', 'street': [], 'formatted_address': '湖南省长沙市开福区[][]'}",237-f
Gallery-833,241-1,IMG_20250625_200505,2025-06-25 20:05:05,文档扫描; 分享会框架; 打印稿; 书桌; 手机拍摄; 工作规划,"知行合一：CFA三级行为金融学与资产配置实战案例分享
主讲人：冯浩然
日期：2025-07-10",冯浩然在书房的书桌上，用手机扫描一份打印出来的内部分享会框架文档，文档标题清晰可见。,"{'province': '湖南省', 'city': '长沙市', 'district': '岳麓区', 'streetName': '双塘路', 'streetNumber': '99号', 'poi': '岳麓区机关金星住宅小区（家中书房）'}",112.938578,28.221525,"{'province': '湖南省', 'city': '长沙市', 'district': '岳麓区', 'street': '桐梓坡路', 'formatted_address': '湖南省长沙市岳麓区桐梓坡路99号'}",241-a
Gallery-834,,IMG_20250626_122015,2025-06-26 12:20:15,牛肉面; 午餐; 同事聚餐; 兰州拉面; 美食,无,冯浩然与同事郑文博在兰州拉面馆享用午餐，桌上摆放着两碗热气腾腾的招牌牛肉面，背景是简洁的餐厅环境。,"{'province': '湖南省', 'city': '长沙市', 'district': '开福区', 'streetName': '金鹰路', 'streetNumber': 'XX号', 'poi': '兰州拉面馆'}",113.043533,28.238287,"{'province': '湖南省', 'city': '长沙市', 'district': '开福区', 'street': '金鹰路', 'formatted_address': '湖南省长沙市开福区金鹰路[]'}",
Gallery-835,20-5,IMG_20250626_144530,2025-06-26 14:45:30,PPT; 投影屏幕; 会议; 家族信托; 策略会; 金融,黄思琪项目 - 家族信托架构设计 2025-06-26,冯浩然在项目内部策略会上拍摄投影屏幕，屏幕上显示着关于家族信托架构的PPT页面，内容清晰可见。,"{'province': '湖南省', 'city': '长沙市', 'district': '开福区', 'streetName': '芙蓉中路', 'streetNumber': '88号', 'poi': '华泰证券会议室'}",112.986675,28.223728,"{'province': '湖南省', 'city': '长沙市', 'district': '开福区', 'street': '芙蓉中路', 'formatted_address': '湖南省长沙市开福区芙蓉中路88号'}",20-e
Gallery-836,a_17,IMG_20250627_075500,2025-06-27 07:55:00,早餐; 手冲咖啡; 牛奶燕麦; 煮鸡蛋; 木质餐桌; 清晨,无,冯浩然在家中的餐桌上拍摄自己准备的早餐，包括牛奶燕麦、煮鸡蛋和一杯冒着热气的手冲咖啡，背景是简约的木质餐桌和清晨的阳光。,"{'province': '湖南省', 'city': '长沙市', 'district': '岳麓区', 'streetName': '双塘路', 'streetNumber': '99号', 'poi': '岳麓区机关金星住宅小区家中'}",112.938578,28.221525,"{'province': '湖南省', 'city': '长沙市', 'district': '岳麓区', 'street': '桐梓坡路', 'formatted_address': '湖南省长沙市岳麓区桐梓坡路99号'}",a_17
Gallery-837,,IMG_20250627_083000,2025-06-27 08:30:00,通勤; 车流; 高架桥; 城市天际线; 多云天气; 街头风景,无,冯浩然在驾车通勤途中，透过车窗拍摄西二环高架桥上的车流与远处城市天际线，天空多云，道路标志清晰可见。,"{'province': '湖南省', 'city': '长沙市', 'district': '岳麓区', 'streetName': '西二环', 'streetNumber': 'XX号', 'poi': '西二环高架桥'}",112.919364,28.199817,"{'province': '湖南省', 'city': '长沙市', 'district': '岳麓区', 'street': '西二环', 'formatted_address': '湖南省长沙市岳麓区西二环[]'}",
Gallery-838,241-2-3,IMG_20250627_103000,2025-06-27 10:30:00,PPT截图; 电脑屏幕; 行为金融学; 资产配置; 工作文档; 办公室,行为金融学视角下的高净值客户资产配置实践 - 冯浩然 2025-06-27,冯浩然在办公室拍摄电脑屏幕上正在制作的PPT框架截图，内容为‘行为金融学视角下的高净值客户资产配置实践’的封面和目录页。,"{'province': '湖南省', 'city': '长沙市', 'district': '开福区', 'streetName': '芙蓉中路', 'streetNumber': '88号', 'poi': '湖南广电中心写字楼华泰证券办公室'}",113.046548,28.235932,"{'province': '湖南省', 'city': '长沙市', 'district': '开福区', 'street': [], 'formatted_address': '湖南省长沙市开福区[][]'}",241-b
Gallery-839,241-2-3,IMG_20250627_150000,2025-06-27 15:00:00,PPT截图; 案例分析; 资产配置模型; 架构图; 数据可视化; 金融分析,客户案例分析（脱敏） - 资产配置模型 - 2025Q2,冯浩然拍摄电脑屏幕上PPT案例分析部分的详细内容，展示了一个脱敏客户案例的资产配置模型架构图，图表配色专业。,"{'province': '湖南省', 'city': '长沙市', 'district': '开福区', 'streetName': '芙蓉中路', 'streetNumber': '88号', 'poi': '湖南广电中心写字楼华泰证券办公室'}",113.046548,28.235932,"{'province': '湖南省', 'city': '长沙市', 'district': '开福区', 'street': [], 'formatted_address': '湖南省长沙市开福区[][]'}",241-b
Gallery-840,241-2-3,IMG_20250627_163000,2025-06-27 16:30:00,会议纪要; 白板; 手写笔记; 行为偏差; 思维导图; 工作灵感,行为偏差 - 确认性偏差 - 损失厌恶 - 客户画像 - 风险偏好,冯浩然用手机拍摄办公室白板上的会议纪要手写草图，上面有关于‘行为偏差’和‘客户画像’的关键词与箭头连线。,"{'province': '湖南省', 'city': '长沙市', 'district': '开福区', 'streetName': '芙蓉中路', 'streetNumber': '88号', 'poi': '湖南广电中心写字楼华泰证券办公室'}",113.046548,28.235932,"{'province': '湖南省', 'city': '长沙市', 'district': '开福区', 'street': [], 'formatted_address': '湖南省长沙市开福区[][]'}",241-b
Gallery-841,,IMG_20250627_182000,2025-06-27 18:20:00,晚餐; 小炒肉; 湘菜; 清炒蔬菜; 研报文档; 餐厅,2025年下半年大类资产配置展望 - 华泰证券研究所 - 核心观点：...,冯浩然在肖歌口味菜餐厅拍摄桌上的晚餐，一盘色泽油亮的小炒肉和一份清炒蔬菜，旁边放着一份打开的券商研报纸质文件。,"{'province': '湖南省', 'city': '长沙市', 'district': '开福区', 'streetName': '芙蓉北路', 'streetNumber': 'XX号', 'poi': '肖歌口味菜'}",112.971658,28.290056,"{'province': '湖南省', 'city': '长沙市', 'district': '开福区', 'street': '芙蓉北路', 'formatted_address': '湖南省长沙市开福区芙蓉北路[]'}",
Gallery-842,,IMG_20250627_214500,2025-06-27 21:45:00,文档扫描; 演出门票; 确认函; 旅行计划; 澳门; 家庭办公,《水舞间》演出确认函 - 日期：2025-07-12 - 座位：B区中央 Row 5 Seat 12-13 - 票价：MOP 580/张,冯浩然在家中书桌前拍摄一份打印好的《水舞间》演出电子确认函，上面清晰显示预订人、座位信息和演出日期。,"{'province': '湖南省', 'city': '长沙市', 'district': '岳麓区', 'streetName': '双塘路', 'streetNumber': '99号', 'poi': '岳麓区机关金星住宅小区家中'}",112.938578,28.221525,"{'province': '湖南省', 'city': '长沙市', 'district': '岳麓区', 'street': '桐梓坡路', 'formatted_address': '湖南省长沙市岳麓区桐梓坡路99号'}",
Gallery-843,,IMG_20250627_225000,2025-06-27 22:50:00,文档扫描; 书籍; 原则; 睡前阅读; 床头灯; 个人成长,《原则》 - Ray Dalio - 生活原则 1：拥抱现实，应对现实 - 1.1 做一个超级现实的人...,冯浩然在卧室床头灯光下拍摄翻开的书籍《原则》的内页，页面内容是关于‘极度求真和极度透明’的章节，旁边放着手机。,"{'province': '湖南省', 'city': '长沙市', 'district': '岳麓区', 'streetName': '双塘路', 'streetNumber': '99号', 'poi': '岳麓区机关金星住宅小区卧室'}",112.938578,28.221525,"{'province': '湖南省', 'city': '长沙市', 'district': '岳麓区', 'street': '桐梓坡路', 'formatted_address': '湖南省长沙市岳麓区桐梓坡路99号'}",
Gallery-844,17-8-3,IMG_20250628_080015,2025-06-28 08:00:15,健康早餐; 煎蛋; 全麦面包; 牛奶; 木质餐桌; 清晨阳光,无,冯浩然在家中餐厅拍摄健康早餐，餐盘中有煎蛋、全麦面包和一杯牛奶，背景是简约的木质餐桌和清晨的阳光。,"{'province': '湖南省', 'city': '长沙市', 'district': '岳麓区', 'streetName': '双塘路', 'streetNumber': '99号', 'poi': '岳麓区机关金星住宅小区家中餐厅'}",112.938578,28.221525,"{'province': '湖南省', 'city': '长沙市', 'district': '岳麓区', 'street': '桐梓坡路', 'formatted_address': '湖南省长沙市岳麓区桐梓坡路99号'}",17-h
Gallery-845,,IMG_20250628_140520,2025-06-28 14:05:20,后湖; 湖面光影; 波光粼粼; 现代建筑; 艺术区; 框景构图,无,冯浩然在后湖艺术区拍摄湖面光影，阳光透过云层洒在波光粼粼的湖面上，远处是艺术区的现代建筑。,"{'province': '湖南省', 'city': '长沙市', 'district': '岳麓区', 'streetName': '后湖路', 'streetNumber': 'XX号', 'poi': '后湖国际艺术区'}",112.942899,28.16149,"{'province': '湖南省', 'city': '长沙市', 'district': '岳麓区', 'street': '后湖路', 'formatted_address': '湖南省长沙市岳麓区后湖路[]'}",
Gallery-846,,IMG_20250628_143210,2025-06-28 14:32:10,自拍; 涂鸦墙; 抽象图案; 休闲穿搭; 艺术区打卡; 人物合影,无,冯浩然站在后湖艺术区一面涂鸦墙前自拍，墙上绘有抽象的彩色图案，他面带微笑，穿着休闲。,"{'province': '湖南省', 'city': '长沙市', 'district': '岳麓区', 'streetName': '后湖路', 'streetNumber': 'XX号', 'poi': '后湖国际艺术区涂鸦墙'}",112.942899,28.16149,"{'province': '湖南省', 'city': '长沙市', 'district': '岳麓区', 'street': '后湖路', 'formatted_address': '湖南省长沙市岳麓区后湖路[]'}",
Gallery-847,,IMG_20250628_150845,2025-06-28 15:08:45,老厂房; 红砖墙; 绿色藤蔓; 细节特写; 新旧交融; 质感纹理,无,冯浩然拍摄后湖艺术区一处老厂房的砖墙细节，红砖上爬满了绿色的藤蔓，展现出新旧交融的质感。,"{'province': '湖南省', 'city': '长沙市', 'district': '岳麓区', 'streetName': '后湖路', 'streetNumber': 'XX号', 'poi': '后湖国际艺术区老厂房'}",112.942899,28.16149,"{'province': '湖南省', 'city': '长沙市', 'district': '岳麓区', 'street': '后湖路', 'formatted_address': '湖南省长沙市岳麓区后湖路[]'}",
Gallery-848,17-8-3,IMG_20250628_163030,2025-06-28 16:30:30,健康食材; 购物车; 鸡胸肉; 虾仁; 绿色蔬菜; 牛油果; 坚果; 超市采购,无,冯浩然在步步高超市生鲜区拍摄购物车内的健康食材，包括鸡胸肉、虾仁、多种绿色蔬菜、牛油果和坚果。,"{'province': '湖南省', 'city': '长沙市', 'district': '岳麓区', 'streetName': '银盆南路', 'streetNumber': 'XX号', 'poi': '步步高超市生鲜区'}",112.955848,28.204699,"{'province': '湖南省', 'city': '长沙市', 'district': '岳麓区', 'street': '银盆南路', 'formatted_address': '湖南省长沙市岳麓区银盆南路[]'}",17-h
Gallery-849,18-10,IMG_20250628_174520,2025-06-28 17:45:20,好友聚会; 手冲咖啡; 甜点; 举杯庆祝; 咖啡馆; 温馨氛围,无,冯浩然与好友彭雨晴在一丹咖啡厅聚会，两人举杯庆祝，桌上摆着手冲咖啡和甜点，背景是温馨的咖啡馆环境。,"{'province': '湖南省', 'city': '长沙市', 'district': '芙蓉区', 'streetName': '浏阳河大道', 'streetNumber': 'XX号', 'poi': '一丹咖啡厅'}",113.039134,28.174765,"{'province': '湖南省', 'city': '长沙市', 'district': '芙蓉区', 'street': '浏阳河大道', 'formatted_address': '湖南省长沙市芙蓉区浏阳河大道[]'}",18-j
Gallery-850,a_17,IMG_20250629_081015,2025-06-29 08:10:15,太阳蛋; 牛油果; 燕麦碗; 白色瓷盘; 健康早餐; 厨房操作台,无,冯浩然将刚煎好的太阳蛋和牛油果切片摆放在白色瓷盘中，旁边是盛有燕麦的碗，背景是整洁的厨房操作台和播放着播客的iPad。,"{'province': '湖南省', 'city': '长沙市', 'district': '岳麓区', 'streetName': '双塘路', 'streetNumber': '99号', 'poi': '岳麓区机关金星住宅小区-冯浩然家中厨房'}",112.938578,28.221525,"{'province': '湖南省', 'city': '长沙市', 'district': '岳麓区', 'street': '桐梓坡路', 'formatted_address': '湖南省长沙市岳麓区桐梓坡路99号'}",a_17
Gallery-851,,IMG_20250629_082025,2025-06-29 08:20:25,手冲咖啡; 咖啡杯; 清晨阳光; 窗台; 饮品特写,无,冯浩然手持一杯刚冲泡好的手冲咖啡，咖啡液色泽醇厚，背景是厨房窗台和清晨的阳光。,"{'province': '湖南省', 'city': '长沙市', 'district': '岳麓区', 'streetName': '双塘路', 'streetNumber': '99号', 'poi': '岳麓区机关金星住宅小区-冯浩然家中厨房'}",112.938578,28.221525,"{'province': '湖南省', 'city': '长沙市', 'district': '岳麓区', 'street': '桐梓坡路', 'formatted_address': '湖南省长沙市岳麓区桐梓坡路99号'}",
Gallery-852,a_7,IMG_20250629_084530,2025-06-29 08:45:30,iPad屏幕; 财经新闻; A股要闻; 木质餐桌; 早餐后,A股早盘要闻 - 2025-06-29,iPad屏幕上显示着财经新闻页面，标题为“A股早盘要闻”，旁边是吃完早餐的空盘和咖啡杯，背景是餐厅的木质餐桌。,"{'province': '湖南省', 'city': '长沙市', 'district': '岳麓区', 'streetName': '双塘路', 'streetNumber': '99号', 'poi': '岳麓区机关金星住宅小区-冯浩然家中餐厅'}",112.938578,28.221525,"{'province': '湖南省', 'city': '长沙市', 'district': '岳麓区', 'street': '桐梓坡路', 'formatted_address': '湖南省长沙市岳麓区桐梓坡路99号'}",a_7
Gallery-853,7-8-1,IMG_20250629_093015,2025-06-29 09:30:15,电脑屏幕; 财务复盘表; Excel表格; 投资损益; 计算器,六月财务复盘 - 收入：XX元 支出：XX元 投资损益：+2.1%,电脑屏幕上显示着六月财务复盘表格，详细列出了收入、支出和投资损益，旁边放着计算器和笔记本。,"{'province': '湖南省', 'city': '长沙市', 'district': '岳麓区', 'streetName': '双塘路', 'streetNumber': '99号', 'poi': '岳麓区机关金星住宅小区-冯浩然家中书房'}",112.938578,28.221525,"{'province': '湖南省', 'city': '长沙市', 'district': '岳麓区', 'street': '桐梓坡路', 'formatted_address': '湖南省长沙市岳麓区桐梓坡路99号'}",7-l
Gallery-854,7-8-1,IMG_20250629_110520,2025-06-29 11:05:20,手写笔记; 预算计划; 七月预算; 财务规划; 笔记本,七月预算：房贷 XXX元，生活 XXX元，健康 XXX元，娱乐 XXX元，应急储备 XXX元，投资 XXX元,冯浩然在笔记本上手写的七月预算计划草稿，清晰划分了房贷、生活、健康、娱乐、应急储备和投资等类别。,"{'province': '湖南省', 'city': '长沙市', 'district': '岳麓区', 'streetName': '双塘路', 'streetNumber': '99号', 'poi': '岳麓区机关金星住宅小区-冯浩然家中书房'}",112.938578,28.221525,"{'province': '湖南省', 'city': '长沙市', 'district': '岳麓区', 'street': '桐梓坡路', 'formatted_address': '湖南省长沙市岳麓区桐梓坡路99号'}",7-l
Gallery-855,a_17,IMG_20250629_122005,2025-06-29 12:20:05,煎鸡胸肉; 平底锅; 西兰花; 烹饪过程; 健康午餐,无,平底锅中正在煎制的鸡胸肉表面金黄，旁边是切好的西兰花，背景是燃气灶和厨房墙面。,"{'province': '湖南省', 'city': '长沙市', 'district': '岳麓区', 'streetName': '双塘路', 'streetNumber': '99号', 'poi': '岳麓区机关金星住宅小区-冯浩然家中厨房'}",112.938578,28.221525,"{'province': '湖南省', 'city': '长沙市', 'district': '岳麓区', 'street': '桐梓坡路', 'formatted_address': '湖南省长沙市岳麓区桐梓坡路99号'}",a_17
Gallery-856,a_17,IMG_20250629_124015,2025-06-29 12:40:15,香煎鸡胸肉; 炒西兰花; 糙米饭; 午餐摆盘; 白色餐盘,无,午餐成品摆放在白色餐盘中，包括香煎鸡胸肉、炒西兰花和一小碗糙米饭，构图简洁。,"{'province': '湖南省', 'city': '长沙市', 'district': '岳麓区', 'streetName': '双塘路', 'streetNumber': '99号', 'poi': '岳麓区机关金星住宅小区-冯浩然家中餐厅'}",112.938578,28.221525,"{'province': '湖南省', 'city': '长沙市', 'district': '岳麓区', 'street': '桐梓坡路', 'formatted_address': '湖南省长沙市岳麓区桐梓坡路99号'}",a_17
Gallery-857,a_7,IMG_20250629_193545,2025-06-29 19:35:45,投资心理学书籍; 行为金融学; 书籍封面; 蜂蜜水; 晚间阅读,行为金融学导论 - 作者：XXX 出版社：XXX出版社,新取的投资心理学书籍《行为金融学导论》封面特写，旁边放着一杯冒着热气的蜂蜜水。,"{'province': '湖南省', 'city': '长沙市', 'district': '岳麓区', 'streetName': '双塘路', 'streetNumber': '99号', 'poi': '岳麓区机关金星住宅小区-冯浩然家中客厅沙发'}",112.938578,28.221525,"{'province': '湖南省', 'city': '长沙市', 'district': '岳麓区', 'street': '桐梓坡路', 'formatted_address': '湖南省长沙市岳麓区桐梓坡路99号'}",a_7
Gallery-858,a_7,IMG_20250629_203020,2025-06-29 20:30:20,手机屏幕; 财经公众号; 市场展望; 文章截图; 信息浏览,下半年市场展望：机遇与挑战并存 - 2025-06-29 发布,手机屏幕上显示着财经公众号的文章页面，标题为“下半年市场展望”，文章内容清晰可见。,"{'province': '湖南省', 'city': '长沙市', 'district': '岳麓区', 'streetName': '双塘路', 'streetNumber': '99号', 'poi': '岳麓区机关金星住宅小区-冯浩然家中客厅沙发'}",112.938578,28.221525,"{'province': '湖南省', 'city': '长沙市', 'district': '岳麓区', 'street': '桐梓坡路', 'formatted_address': '湖南省长沙市岳麓区桐梓坡路99号'}",a_7
Gallery-859,20-6-2,IMG_20250630_114530,2025-06-30 11:45:30,文档扫描; 电脑屏幕; 客户需求分析; 金融报告; 办公桌; 降噪耳机,"客户黄思琪女士财富管理需求分析摘要
风险点：资产集中度过高，流动性不足
撰写人：冯浩然 2025-06-30",冯浩然在办公室电脑屏幕上展示已完成的《客户黄思琪女士财富管理需求分析摘要》文档，文档标题和关键风险点清晰可见，背景是整洁的办公桌和降噪耳机。,"{'province': '湖南省', 'city': '长沙市', 'district': '开福区', 'streetName': '芙蓉中路', 'streetNumber': '88号', 'poi': '湖南广电中心写字楼办公室'}",113.046548,28.235932,"{'province': '湖南省', 'city': '长沙市', 'district': '开福区', 'street': [], 'formatted_address': '湖南省长沙市开福区[][]'}",20-f
Gallery-860,152-5,IMG_20250630_122015,2025-06-30 12:20:15,轻食沙拉; 香煎鸡胸肉; 同事聚餐; 健康午餐; 果汁; 餐厅环境,"沙拉拉轻食
香煎鸡胸肉沙拉套餐 48元
2025-06-30",冯浩然与同事郑文博在沙拉拉轻食店用餐，桌上摆放着香煎鸡胸肉沙拉和果汁，两人正举杯交谈，背景是简约的餐厅环境和绿植。,"{'province': '湖南省', 'city': '长沙市', 'district': '开福区', 'streetName': '文昌阁街', 'streetNumber': '37号', 'poi': '沙拉拉轻食(长沙开福寺店)'}",112.978319,28.224351,"{'province': '湖南省', 'city': '长沙市', 'district': '开福区', 'street': '文昌阁街', 'formatted_address': '湖南省长沙市开福区文昌阁街37号'}",152-e
Gallery-861,,IMG_20250630_154520,2025-06-30 15:45:20,冰美式; 咖啡杯; 木质桌面; 咖啡厅; 午后休息; 写字楼景观,无,冯浩然在圣爵菲斯咖啡厅点了一杯冰美式，咖啡杯放在木质桌面上，旁边是手机和笔记本，窗外是写字楼景观，光线柔和。,"{'province': '湖南省', 'city': '长沙市', 'district': '开福区', 'streetName': '芙蓉中路', 'streetNumber': '88号', 'poi': '圣爵菲斯咖啡厅'}",112.986675,28.223728,"{'province': '湖南省', 'city': '长沙市', 'district': '开福区', 'street': '芙蓉中路', 'formatted_address': '湖南省长沙市开福区芙蓉中路88号'}",
Gallery-862,a_92,IMG_20250630_170510,2025-06-30 17:05:10,物品收纳; 文件归档; 工作日志; 文件夹; 办公桌; 工作收尾,无,冯浩然在办公室整理归档完毕的客户需求分析摘要纸质文件，文件整齐地摆放在文件夹中，旁边是工作日志和待办事项清单。,"{'province': '湖南省', 'city': '长沙市', 'district': '开福区', 'streetName': '芙蓉中路', 'streetNumber': '88号', 'poi': '湖南广电中心写字楼办公室'}",113.046548,28.235932,"{'province': '湖南省', 'city': '长沙市', 'district': '开福区', 'street': [], 'formatted_address': '湖南省长沙市开福区[][]'}",a_92
Gallery-863,a_21,IMG_20250701_071530,2025-07-01 07:15:30,爱晚亭; 岳麓山; 晨跑; 古建筑; 绿树; 阳光; 风景打卡,无,冯浩然在岳麓山爱晚亭附近晨跑后，拍摄爱晚亭的古朴建筑和周围茂密的绿树，阳光透过树叶洒下斑驳光影,"{'province': '湖南省', 'city': '长沙市', 'district': '岳麓区', 'streetName': '登高路', 'streetNumber': '58号', 'poi': '岳麓山风景名胜区-爱晚亭'}",112.937564,28.180437,"{'province': '湖南省', 'city': '长沙市', 'district': '岳麓区', 'street': '登高路', 'formatted_address': '湖南省长沙市岳麓区登高路58号'}",a_21
Gallery-864,,IMG_20250701_074025,2025-07-01 07:40:25,早餐摊; 米粉; 豆浆; 打包; 清晨; 街边小吃,无,冯浩然在小区门口早餐摊购买热气腾腾的米粉和豆浆，摊主正在打包，背景是清晨的街道和来往的居民,"{'province': '湖南省', 'city': '长沙市', 'district': '岳麓区', 'streetName': '双塘路', 'streetNumber': '99号', 'poi': '岳麓区机关金星住宅小区门口早餐摊'}",112.938578,28.221525,"{'province': '湖南省', 'city': '长沙市', 'district': '岳麓区', 'street': '桐梓坡路', 'formatted_address': '湖南省长沙市岳麓区桐梓坡路99号'}",
Gallery-865,,IMG_20250701_084510,2025-07-01 08:45:10,早高峰; 车流; 湖南广电中心; 通勤; 城市道路; 车窗视角,无,冯浩然在早高峰的通勤路上，透过车窗拍摄前方拥堵的车流和远处湖南广电中心大楼的轮廓,"{'province': '湖南省', 'city': '长沙市', 'district': '开福区', 'streetName': '三一大道', 'streetNumber': 'XX号', 'poi': '三一大道（近湖南广电中心）'}",113.046548,28.235932,"{'province': '湖南省', 'city': '长沙市', 'district': '开福区', 'street': '三一大道', 'formatted_address': '湖南省长沙市开福区三一大道[]'}",
Gallery-866,,IMG_20250701_215025,2025-07-01 21:50:25,书籍; 阅读; 《错误的行为》; 封面; 内页; 床头; 文档扫描,《“错误”的行为》 理查德·塞勒 著 中信出版集团 定价：68.00元,冯浩然在睡前阅读《“错误”的行为》一书，手机摄像头对焦在书本的封面和翻开的内页上，旁边放着一杯水,"{'province': '湖南省', 'city': '长沙市', 'district': '岳麓区', 'streetName': '双塘路', 'streetNumber': '99号', 'poi': '岳麓区机关金星住宅小区-卧室'}",112.938578,28.221525,"{'province': '湖南省', 'city': '长沙市', 'district': '岳麓区', 'street': '桐梓坡路', 'formatted_address': '湖南省长沙市岳麓区桐梓坡路99号'}",
Gallery-867,21-2,IMG_20250702_072010,2025-07-02 07:20:10,岳麓山; 爱晚亭; 晨跑; 合影; 枫林; 清晨,无,冯浩然与跑友高云飞在岳麓山晨跑后于爱晚亭前合影，背景是清晨的枫林与古亭,"{'province': '湖南省', 'city': '长沙市', 'district': '岳麓区', 'streetName': '登高路', 'streetNumber': '58号', 'poi': '岳麓山风景名胜区爱晚亭'}",112.937564,28.180437,"{'province': '湖南省', 'city': '长沙市', 'district': '岳麓区', 'street': '登高路', 'formatted_address': '湖南省长沙市岳麓区登高路58号'}",21-b
Gallery-868,20-8,IMG_20250702_114520,2025-07-02 11:45:20,文档扫描; 资产配置; 金融报告; 办公桌; A4纸,"客户黄思琪资产配置草案（第一部分）
宏观市场分析 (2025Q3)
核心配置逻辑：稳健增长型",冯浩然在办公室用手机扫描客户资产配置草案的第一页，内容包含宏观市场分析与配置逻辑框架,"{'province': '湖南省', 'city': '长沙市', 'district': '开福区', 'streetName': '芙蓉中路', 'streetNumber': '88号', 'poi': '华泰证券股份有限公司办公室'}",112.986675,28.223728,"{'province': '湖南省', 'city': '长沙市', 'district': '开福区', 'street': '芙蓉中路', 'formatted_address': '湖南省长沙市开福区芙蓉中路88号'}",20-h
Gallery-869,,IMG_20250702_124815,2025-07-02 12:48:15,健康沙拉; 轻食餐厅; 同事聚餐; 牛油果; 鸡胸肉; 木质餐桌,无,冯浩然与同事郑文博在绿洲轻食餐厅用餐，桌上摆着两份色彩丰富的健康沙拉和饮品,"{'province': '湖南省', 'city': '长沙市', 'district': '开福区', 'streetName': '金鹰路', 'streetNumber': 'XX号', 'poi': '绿洲轻食餐厅'}",113.043533,28.238287,"{'province': '湖南省', 'city': '长沙市', 'district': '开福区', 'street': '金鹰路', 'formatted_address': '湖南省长沙市开福区金鹰路[]'}",
Gallery-870,56-6,IMG_20250702_135505,2025-07-02 13:55:05,澳门币; 现金; 钱包; 银行水单; 货币兑换; 收纳,"中国银行 外币兑换水单
币种：澳门元(MOP) 金额：XXXX
汇率：XXXX 日期：2025-07-02",冯浩然将兑换好的澳门币现金整齐地放入钱包夹层，旁边放着中国银行的兑换水单,"{'province': '湖南省', 'city': '长沙市', 'district': '开福区', 'streetName': '会展路', 'streetNumber': '1号', 'poi': '中国银行长沙市马栏山支行'}",113.048233,28.234349,"{'province': '湖南省', 'city': '长沙市', 'district': '开福区', 'street': '会展路', 'formatted_address': '湖南省长沙市开福区会展路1号'}",56-f
Gallery-871,a_138,IMG_20250702_184230,2025-07-02 18:42:30,潮宗街; 老街; 石板路; 雨前; 街灯; 老建筑; 街拍,无,冯浩然在下班途中拍摄潮宗街雨前的石板路与老建筑，天空阴沉，街灯初亮，氛围感十足,"{'province': '湖南省', 'city': '长沙市', 'district': '开福区', 'streetName': '通泰街', 'streetNumber': 'XX号', 'poi': '潮宗街历史文化街区'}",112.972255,28.203177,"{'province': '湖南省', 'city': '长沙市', 'district': '开福区', 'street': '潮宗街', 'formatted_address': '湖南省长沙市开福区潮宗街[]'}",a_138
Gallery-872,,IMG_20250703_071520,2025-07-03 07:15:20,早餐; 煎蛋; 全麦吐司; 黑咖啡; iPad; 餐桌; 居家,无,冯浩然在家中的餐桌上拍摄早餐，盘中有煎蛋和全麦吐司，旁边放着一杯黑咖啡和iPad，背景是整洁的厨房一角。,"{'province': '湖南省', 'city': '长沙市', 'district': '岳麓区', 'streetName': '双塘路', 'streetNumber': '99号', 'poi': '岳麓区机关金星住宅小区'}",112.938578,28.221525,"{'province': '湖南省', 'city': '长沙市', 'district': '岳麓区', 'street': '桐梓坡路', 'formatted_address': '湖南省长沙市岳麓区桐梓坡路99号'}",
Gallery-873,,IMG_20250703_121530,2025-07-03 12:15:30,牛肉拉面; 兰州拉面; 凉拌黄瓜; 午餐; 美食; 餐厅,无,冯浩然在金鹰路兰州拉面馆拍摄午餐，一碗热气腾腾的招牌牛肉拉面占据画面中心，旁边是凉拌黄瓜小菜，背景是餐厅的木质桌椅。,"{'province': '湖南省', 'city': '长沙市', 'district': '开福区', 'streetName': '金鹰路', 'streetNumber': 'XX号', 'poi': '金鹰路兰州拉面馆'}",113.043533,28.238287,"{'province': '湖南省', 'city': '长沙市', 'district': '开福区', 'street': '金鹰路', 'formatted_address': '湖南省长沙市开福区金鹰路[]'}",
Gallery-874,,IMG_20250703_145000,2025-07-03 14:50:00,冰美式; 咖啡; 玻璃杯; 冰块; 咖啡厅; 下午茶,无,冯浩然在圣爵菲斯咖啡厅拍摄桌上的冰美式咖啡，玻璃杯中冰块清晰，咖啡色泽深邃，背景是咖啡厅的吧台和暖色调灯光。,"{'province': '湖南省', 'city': '长沙市', 'district': '开福区', 'streetName': '三一大道', 'streetNumber': 'XX号', 'poi': '圣爵菲斯咖啡厅（圣爵菲斯之家1层）'}",113.016375,28.233632,"{'province': '湖南省', 'city': '长沙市', 'district': '开福区', 'street': '三一大道', 'formatted_address': '湖南省长沙市开福区三一大道[]'}",
Gallery-875,,IMG_20250703_145520,2025-07-03 14:55:20,合影; 朋友; 咖啡店老板; 吧台; 社交; 微笑,无,冯浩然与咖啡店老板沈心怡在圣爵菲斯咖啡厅的吧台旁合影，两人面带微笑，背景是摆满咖啡豆和器具的展示架。,"{'province': '湖南省', 'city': '长沙市', 'district': '开福区', 'streetName': '三一大道', 'streetNumber': 'XX号', 'poi': '圣爵菲斯咖啡厅（圣爵菲斯之家1层）'}",113.016375,28.233632,"{'province': '湖南省', 'city': '长沙市', 'district': '开福区', 'street': '三一大道', 'formatted_address': '湖南省长沙市开福区三一大道[]'}",
Gallery-876,,IMG_20250704_082510,2025-07-04 08:25:10,城市街景; 地铁站; 写字楼; 玻璃幕墙; 清晨阳光; 通勤,无,冯浩然在通勤途中拍摄茶子山地铁站外的城市街景，清晨的阳光洒在写字楼玻璃幕墙上，街道干净整洁,"{'province': '湖南省', 'city': '长沙市', 'district': '岳麓区', 'streetName': '茶子山路', 'streetNumber': 'XX号', 'poi': '茶子山地铁站'}",112.959592,28.242357,"{'province': '湖南省', 'city': '长沙市', 'district': '岳麓区', 'street': '茶子山路', 'formatted_address': '湖南省长沙市岳麓区茶子山路[]'}",
Gallery-877,79-4,IMG_20250704_095000,2025-07-04 09:50:00,PPT截图; 投影屏幕; 市场数据; 走势图; 晨会; 会议室,本周市场概览 - 美债收益率影响分析 2025-07-04,冯浩然拍摄部门晨会中投影屏幕上的PPT内容，展示着本周市场数据概览和关键指标走势图,"{'province': '湖南省', 'city': '长沙市', 'district': '开福区', 'streetName': '金鹰路', 'streetNumber': 'XX号', 'poi': '湖南广电中心写字楼小会议室'}",113.046548,28.235932,"{'province': '湖南省', 'city': '长沙市', 'district': '开福区', 'street': '金鹰路', 'formatted_address': '湖南省长沙市开福区金鹰路[]'}",79-d
Gallery-878,79-4,IMG_20250704_100500,2025-07-04 10:05:00,参会人员; 同事; 上司; 会议讨论; 专注; 报告,无,冯浩然在部门晨会中拍摄同事郑文博和上司钱永强讨论问题的场景，两人正专注地看着手中的报告,"{'province': '湖南省', 'city': '长沙市', 'district': '开福区', 'streetName': '金鹰路', 'streetNumber': 'XX号', 'poi': '湖南广电中心写字楼小会议室'}",113.046548,28.235932,"{'province': '湖南省', 'city': '长沙市', 'district': '开福区', 'street': '金鹰路', 'formatted_address': '湖南省长沙市开福区金鹰路[]'}",79-d
Gallery-879,64-2-1,IMG_20250704_140500,2025-07-04 14:05:00,文档扫描; 行程规划; A4纸; 手写笔记; 长沙旅游; 景点列表,冯欣然长沙四日游行程草案 Day1: 太平老街、坡子街、火宫殿 Day2: 岳麓山、爱晚亭、岳麓书院 Day3: 湖南博物院、橘子洲头 Day4: 天心阁、返程 交通建议：地铁+打车 2025-07-04,冯浩然在工位上拍摄为妹妹冯欣然规划的长沙四日游行程草案，A4纸上清晰地列出了每日景点、交通和餐饮建议,"{'province': '湖南省', 'city': '长沙市', 'district': '开福区', 'streetName': '金鹰路', 'streetNumber': 'XX号', 'poi': '湖南广电中心写字楼工位'}",113.046548,28.235932,"{'province': '湖南省', 'city': '长沙市', 'district': '开福区', 'street': '金鹰路', 'formatted_address': '湖南省长沙市开福区金鹰路[]'}",64-b
Gallery-880,56-8,IMG_20250705_113025,2025-07-05 11:30:25,云海; 机翼; 舷窗; 高空; 飞行途中; 阳光,无,冯浩然在航班机舱内拍摄窗外的云海与机翼，阳光透过舷窗洒在桌板上。,"{'province': '中国领空（长沙-澳门航线）', 'city': '航班MF8XXX机舱内', 'district': '航班MF8XXX机舱内', 'streetName': '航班MF8XXX机舱内', 'streetNumber': 'XX 号', 'poi': '航班MF8XXX机舱内'}",,,,56-h
Gallery-881,56-8,IMG_20250705_121540,2025-07-05 12:15:40,摄影杂志; 手机备忘录; 旅行规划; 飞机小桌板; 阅读,无,冯浩然在飞机座椅上拍摄摊开的摄影杂志和手机备忘录，备忘录上记录着澳门的拍摄构思。,"{'province': '中国领空（长沙-澳门航线）', 'city': '航班MF8XXX机舱内', 'district': '航班MF8XXX机舱内', 'streetName': '航班MF8XXX机舱内', 'streetNumber': 'XX 号', 'poi': '航班MF8XXX机舱内'}",,,,56-h
Gallery-882,56-8,IMG_20250705_141025,2025-07-05 14:10:25,酒店大堂; 自拍; 办理入住; 现代设计; 旅行打卡,无,冯浩然站在澳门亚洲精品旅馆大堂，以酒店前台和现代艺术装饰为背景自拍留念。,"{'province': '澳门特别行政区', 'city': '澳门', 'district': '嘉模堂区（氹仔）', 'streetName': '告丽雅施利华街', 'streetNumber': '146 号', 'poi': '澳门亚洲精品旅馆'}",113.561959,22.14982,"{'province': '澳门特别行政区', 'city': [], 'district': '嘉模堂区', 'street': [], 'formatted_address': '澳门特别行政区[]嘉模堂区[][]'}",56-h
Gallery-883,56-8,IMG_20250705_144025,2025-07-05 14:40:25,酒店窗景; 城市风光; 澳门塔; 氹仔; 高层视角,无,冯浩然从酒店房间的窗户向外拍摄，画面包含氹仔的城市街景和远处的澳门塔。,"{'province': '澳门特别行政区', 'city': '澳门', 'district': '嘉模堂区（氹仔）', 'streetName': '告丽雅施利华街', 'streetNumber': '146 号', 'poi': '澳门亚洲精品旅馆'}",113.561959,22.14982,"{'province': '澳门特别行政区', 'city': [], 'district': '嘉模堂区', 'street': [], 'formatted_address': '澳门特别行政区[]嘉模堂区[][]'}",56-h
Gallery-884,56-8,IMG_20250705_173025,2025-07-05 17:30:25,大三巴牌坊; 巴洛克建筑; 仰拍; 历史遗迹; 夕阳; 游客,无,冯浩然在大三巴牌坊前，以经典的仰角拍摄牌坊的巴洛克式建筑立面与石阶上的游客。,"{'province': '澳门特别行政区', 'city': '澳门', 'district': '大堂区', 'streetName': '大三巴街', 'streetNumber': 'XX 号', 'poi': '大三巴牌坊'}",113.553647,22.188539,"{'province': '澳门特别行政区', 'city': [], 'district': '大堂区', 'street': [], 'formatted_address': '澳门特别行政区[]大堂区[][]'}",56-h
Gallery-885,56-8,IMG_20250705_181540,2025-07-05 18:15:40,葡式瓷砖; 微距; 碎石路面; 图案纹理; 细节特写; 黑白石子,无,冯浩然使用微距模式拍摄议事亭前地黑白碎石路面上一片葡式瓷砖的精细图案与纹理。,"{'province': '澳门特别行政区', 'city': '澳门', 'district': '大堂区', 'streetName': '议事亭前地', 'streetNumber': 'XX 号', 'poi': '议事亭前地广场'}",113.545322,22.191104,"{'province': '澳门特别行政区', 'city': [], 'district': '大堂区', 'street': [], 'formatted_address': '澳门特别行政区[]大堂区[][]'}",56-h
Gallery-886,56-8,IMG_20250705_194025,2025-07-05 19:40:25,葡国鸡; 马介休球; 木糠布丁; 葡式晚餐; 美食记录; 餐厅环境,无,冯浩然在葡国餐厅拍摄餐桌上的葡国鸡、马介休球和木糠布丁，餐具精致，背景是暖色调的餐厅环境。,"{'province': '澳门特别行政区', 'city': '澳门', 'district': '大堂区', 'streetName': '水坑尾街', 'streetNumber': 'XX 号', 'poi': '某葡国餐厅'}",113.548807,22.191162,"{'province': '澳门特别行政区', 'city': [], 'district': '大堂区', 'street': '水坑尾街', 'formatted_address': '澳门特别行政区[]大堂区水坑尾街[]'}",56-h
Gallery-887,56-8,IMG_20250705_201540,2025-07-05 20:15:40,澳门夜景; 友谊大桥; 氹仔; 海边; 灯光倒影; 城市灯光,无,冯浩然餐后在澳门半岛沿海边散步时，拍摄对岸氹仔的璀璨夜景与友谊大桥的灯光倒影。,"{'province': '澳门特别行政区', 'city': '澳门', 'district': '大堂区', 'streetName': '孙逸仙大马路', 'streetNumber': 'XX 号', 'poi': '澳门半岛海滨长廊'}",113.546121,22.189008,"{'province': '澳门特别行政区', 'city': [], 'district': '大堂区', 'street': '孙逸仙大马路', 'formatted_address': '澳门特别行政区[]大堂区孙逸仙大马路[]'}",56-h
Gallery-888,56-9-1,IMG_20250706_101520,2025-07-06 10:15:20,路环岛; 葡式建筑; 彩色外墙; 街拍; 十月初五马路; 蓝天白云,无,冯浩然在路环岛十月初五马路拍摄彩色葡式建筑群，背景是蓝天白云和宁静的街道,"{'province': '澳门特别行政区', 'city': '澳门', 'district': '圣方济各堂区', 'streetName': '十月初五马路', 'streetNumber': 'XX号', 'poi': '路环市区'}",113.557407,22.114057,"{'province': '澳门特别行政区', 'city': [], 'district': '圣方济各堂区', 'street': '十月初五马路', 'formatted_address': '澳门特别行政区[]圣方济各堂区十月初五马路[]'}",56-i
Gallery-889,56-9-1,IMG_20250706_110830,2025-07-06 11:08:30,安德鲁葡挞; 新鲜出炉; 咖啡; 木质餐桌; 美食记录; 澳门特色,无,冯浩然在安德鲁饼店总店品尝新鲜出炉的葡挞，桌上还有一杯咖啡，背景是饼店的复古装潢,"{'province': '澳门特别行政区', 'city': '澳门', 'district': '圣方济各堂区', 'streetName': '戴绅礼街', 'streetNumber': '9号', 'poi': '澳门安德鲁饼店（总店）'}",113.556395,22.115244,"{'province': '澳门特别行政区', 'city': [], 'district': '圣方济各堂区', 'street': '戴绅礼街', 'formatted_address': '澳门特别行政区[]圣方济各堂区戴绅礼街[]'}",56-i
Gallery-890,56-9-1,IMG_20250706_111205,2025-07-06 11:12:05,人物合影; 安德鲁饼店; 游客; 招牌; 纪实风格; 街拍,无,冯浩然与一位正在挑选葡挞的游客在安德鲁饼店门口合影，背景是饼店的招牌和排队的人群,"{'province': '澳门特别行政区', 'city': '澳门', 'district': '圣方济各堂区', 'streetName': '戴绅礼街', 'streetNumber': '9号', 'poi': '澳门安德鲁饼店（总店）'}",113.556395,22.115244,"{'province': '澳门特别行政区', 'city': [], 'district': '圣方济各堂区', 'street': '戴绅礼街', 'formatted_address': '澳门特别行政区[]圣方济各堂区戴绅礼街[]'}",56-i
Gallery-891,a_56,IMG_20250706_173010,2025-07-06 17:30:10,葡国菜; 葡国鸡; 马介休球; 炒杂菜; 美食摄影; 餐厅环境,无,冯浩然在氹仔海湾葡国餐厅拍摄桌上的葡国鸡、马介休球和炒杂菜，餐具摆放整齐，背景是餐厅的葡式装饰,"{'province': '澳门特别行政区', 'city': '澳门', 'district': '嘉模堂区', 'streetName': '地堡街', 'streetNumber': 'XX号', 'poi': '氹仔海湾葡国餐厅'}",113.566077,22.159264,"{'province': '澳门特别行政区', 'city': [], 'district': '嘉模堂区', 'street': '地堡街', 'formatted_address': '澳门特别行政区[]嘉模堂区地堡街[]'}",a_56
Gallery-892,a_56,IMG_20250706_174520,2025-07-06 17:45:20,自拍; 葡国餐厅; 红酒; 瓷砖背景; 晚餐氛围; 人物特写,无,冯浩然手持一杯红酒，以餐厅的葡式瓷砖墙为背景进行自拍，表情放松,"{'province': '澳门特别行政区', 'city': '澳门', 'district': '嘉模堂区', 'streetName': '地堡街', 'streetNumber': 'XX号', 'poi': '氹仔海湾葡国餐厅'}",113.566077,22.159264,"{'province': '澳门特别行政区', 'city': [], 'district': '嘉模堂区', 'street': '地堡街', 'formatted_address': '澳门特别行政区[]嘉模堂区地堡街[]'}",a_56
Gallery-893,56-9-2,IMG_20250706_184515,2025-07-06 18:45:15,导视牌; 水舞间; 剧院; 演出信息; 取票处; 新濠天地,水舞间 The House of Dancing Water 演出时间：20:00 票价：MOP 580 - 1280,冯浩然拍摄新濠天地水舞间剧院的电子票兑换处导视牌，上面清晰显示“水舞间 The House of Dancing Water”和演出时间,"{'province': '澳门特别行政区', 'city': '澳门', 'district': '路氹填海区', 'streetName': '凼连贯公路', 'streetNumber': 'XX号', 'poi': '新濠天地水舞间剧院'}",113.571471,22.146112,"{'province': '澳门特别行政区', 'city': [], 'district': '路氹填海区', 'street': '凼连贯公路', 'formatted_address': '澳门特别行政区[]路氹填海区凼连贯公路[]'}",56-i
Gallery-894,56-9-2,IMG_20250706_190205,2025-07-06 19:02:05,实体票; 水舞间; 纪念品书签; 物品收纳; 剧院大堂; 等待入场,无,冯浩然将兑换好的两张《水舞间》实体票整齐地放在剧院大堂的茶几上，旁边是购买的纪念品书签,"{'province': '澳门特别行政区', 'city': '澳门', 'district': '路氹填海区', 'streetName': '凼连贯公路', 'streetNumber': 'XX号', 'poi': '新濠天地水舞间剧院'}",113.571471,22.146112,"{'province': '澳门特别行政区', 'city': [], 'district': '路氹填海区', 'street': '凼连贯公路', 'formatted_address': '澳门特别行政区[]路氹填海区凼连贯公路[]'}",56-i
Gallery-895,56-9-2,IMG_20250706_202230,2025-07-06 20:22:30,水舞间表演; 舞者; 水袖; 微距特写; 舞台灯光; 动态张力,无,冯浩然在《水舞间》表演中场，用微距模式特写拍摄舞台中央一位舞者飞扬的彩色水袖，细节纹理清晰,"{'province': '澳门特别行政区', 'city': '澳门', 'district': '路氹填海区', 'streetName': '凼连贯公路', 'streetNumber': 'XX号', 'poi': '新濠天地水舞间剧院内'}",113.571471,22.146112,"{'province': '澳门特别行政区', 'city': [], 'district': '路氹填海区', 'street': '凼连贯公路', 'formatted_address': '澳门特别行政区[]路氹填海区凼连贯公路[]'}",56-i
Gallery-896,56-9-2,IMG_20250706_212005,2025-07-06 21:20:05,水舞间谢幕; 全体演员; 蓝色灯光; 舞台全景; 水陆舞台; 表演结束,无,冯浩然拍摄《水舞间》谢幕时，所有演员在变幻的蓝色灯光下向观众致意的宏大场景，舞台水陆变换效果震撼,"{'province': '澳门特别行政区', 'city': '澳门', 'district': '路氹填海区', 'streetName': '凼连贯公路', 'streetNumber': 'XX号', 'poi': '新濠天地水舞间剧院内'}",113.571471,22.146112,"{'province': '澳门特别行政区', 'city': [], 'district': '路氹填海区', 'street': '凼连贯公路', 'formatted_address': '澳门特别行政区[]路氹填海区凼连贯公路[]'}",56-i
Gallery-897,,IMG_20250707_123015,2025-07-07 12:30:15,排骨饭套餐; 机场快餐; 白色餐盘; 午餐记录; 旅行餐饮,无,冯浩然在长沙黄花国际机场的快餐店拍摄午餐，一份排骨饭套餐放在白色餐盘上，背景是机场候机厅的玻璃幕墙和匆匆旅客。,"{'province': '湖南省', 'city': '长沙市', 'district': '长沙县', 'streetName': '机场大道', 'streetNumber': '308号', 'poi': '长沙黄花国际机场 候机厅快餐店'}",113.219591,28.193564,"{'province': '湖南省', 'city': '长沙市', 'district': '长沙县', 'street': '机场大道', 'formatted_address': '湖南省长沙市长沙县机场大道308号'}",
Gallery-898,20-12,IMG_20250707_151020,2025-07-07 15:10:20,PPT截图; 另类投资; 投影屏幕; 金融分享会; 会议室,CFA内部分享会 - 另类投资在当前市场环境下的配置价值 - 2025-07-07 15:00,冯浩然在CFA分享会上拍摄投影屏幕，屏幕上显示着‘另类投资配置价值’的PPT标题页，包含图表和要点文字，背景是会议室环境。,"{'province': '湖南省', 'city': '长沙市', 'district': '开福区', 'streetName': '芙蓉中路', 'streetNumber': '88号', 'poi': '湖南广电中心写字楼 华泰证券办公室会议室'}",113.046548,28.235932,"{'province': '湖南省', 'city': '长沙市', 'district': '开福区', 'street': [], 'formatted_address': '湖南省长沙市开福区[][]'}",20-l
Gallery-899,155-1,IMG_20250708_070515,2025-07-08 07:05:15,燕麦粥; 煎蛋; 手冲咖啡; 白色瓷碗; 木质餐桌; 早餐; 财经节目,无,冯浩然在家中餐桌上拍摄自己的早餐，燕麦粥盛在白色瓷碗里，旁边是煎蛋和一杯手冲咖啡，背景是iPad Pro正在播放财经节目,"{'province': '湖南省', 'city': '长沙市', 'district': '岳麓区', 'streetName': '双塘路', 'streetNumber': '99号', 'poi': '岳麓区机关金星住宅小区'}",112.938578,28.221525,"{'province': '湖南省', 'city': '长沙市', 'district': '岳麓区', 'street': '桐梓坡路', 'formatted_address': '湖南省长沙市岳麓区桐梓坡路99号'}",155-a
Gallery-900,,IMG_20250708_180210,2025-07-08 18:02:10,烤物拼盘; 炭火烧烤; 鸡肉串; 香菇; 茶泡饭; 日式料理; 晚餐,无,冯浩然在日式炭火割烹店拍摄桌上的烤物拼盘，炭火烤制的鸡肉串、香菇和秋葵摆放在黑色石板上，旁边是一碗茶泡饭,"{'province': '湖南省', 'city': '长沙市', 'district': '雨花区', 'streetName': '鸿铭中心商业街', 'streetNumber': 'G座', 'poi': '时今炭火割烹(鸿铭中心G座店)'}",112.999674,28.183072,"{'province': '湖南省', 'city': '长沙市', 'district': '雨花区', 'street': '鸿铭中心商业街', 'formatted_address': '湖南省长沙市雨花区鸿铭中心商业街g座'}",
Gallery-901,64-5,IMG_20250709_185530,2025-07-09 18:55:30,进口食品; 购物袋; 货架; 曲奇; 巧克力; 车厘子; 礼物采购,无,冯浩然在湘腾城市广场的进口食品店货架前，将精心挑选的进口曲奇、巧克力和车厘子等礼物整齐地放入购物袋中，准备送给妹妹冯欣然。,"{'province': '湖南省', 'city': '长沙市', 'district': '岳麓区', 'streetName': '金星中路', 'streetNumber': '438号', 'poi': ""湘腾城市广场（Ole'精品超市）""}",112.935745,28.219584,"{'province': '湖南省', 'city': '长沙市', 'district': '岳麓区', 'street': '金星北路', 'formatted_address': '湖南省长沙市岳麓区金星北路438号'}",64-e
Gallery-902,,IMG_20250709_194520,2025-07-09 19:45:20,煎牛排; 西兰花; 米饭; 晚餐; 摆盘; 厨房餐桌,无,冯浩然在家中厨房的餐桌上，拍摄了一份刚煎好的牛排，搭配着米饭和焯水的西兰花，摆盘精致，旁边放着财经公众号的手机界面。,"{'province': '湖南省', 'city': '长沙市', 'district': '岳麓区', 'streetName': '双塘路', 'streetNumber': '99号', 'poi': '岳麓区机关金星住宅小区'}",112.938578,28.221525,"{'province': '湖南省', 'city': '长沙市', 'district': '岳麓区', 'street': '桐梓坡路', 'formatted_address': '湖南省长沙市岳麓区桐梓坡路99号'}",
Gallery-903,,IMG_20250710_071530,2025-07-10 07:15:30,早餐; 煎蛋; 全麦吐司; 蓝莓; 牛奶; 木质餐桌; 健康饮食,无,冯浩然在自家厨房的木质餐桌上拍摄高蛋白早餐，包括煎蛋、全麦吐司、牛奶和蓝莓，背景是整洁的厨房台面。,"{'province': '湖南省', 'city': '长沙市', 'district': '岳麓区', 'streetName': '双塘路', 'streetNumber': '99号', 'poi': '岳麓区机关金星住宅小区'}",112.938578,28.221525,"{'province': '湖南省', 'city': '长沙市', 'district': '岳麓区', 'street': '桐梓坡路', 'formatted_address': '湖南省长沙市岳麓区桐梓坡路99号'}",
Gallery-904,79-9,IMG_20250710_172045,2025-07-10 17:20:45,电脑屏幕; 养老金报告; 文档; 数据分析; 办公桌; 工作收尾,个人养老金政策影响初步分析报告 - 华泰证券投资顾问部 - 2025-07-10,冯浩然在办公室的电脑屏幕上拍摄《个人养老金政策影响初步分析报告》的最终定稿页面，背景是办公桌和键盘。,"{'province': '湖南省', 'city': '长沙市', 'district': '开福区', 'streetName': '三一大道', 'streetNumber': 'XX号', 'poi': '湖南广电中心写字楼-华泰证券办公室'}",113.046548,28.235932,"{'province': '湖南省', 'city': '长沙市', 'district': '开福区', 'street': '三一大道', 'formatted_address': '湖南省长沙市开福区三一大道[]'}",79-i
Gallery-905,a_155,IMG_20250710_213015,2025-07-10 21:30:15,读书笔记; 投资最重要的事; 风险认知; 钢笔; 咖啡杯; 学习; 金融书籍,风险认知 - 霍华德·马克斯 - 《投资最重要的事》 - 第5章,冯浩然在书房的书桌上拍摄《投资最重要的事》中“风险认知”章节的笔记页面，旁边放着钢笔和咖啡杯。,"{'province': '湖南省', 'city': '长沙市', 'district': '岳麓区', 'streetName': '双塘路', 'streetNumber': '99号', 'poi': '岳麓区机关金星住宅小区'}",112.938578,28.221525,"{'province': '湖南省', 'city': '长沙市', 'district': '岳麓区', 'street': '桐梓坡路', 'formatted_address': '湖南省长沙市岳麓区桐梓坡路99号'}",a_155
Gallery-906,21-4,IMG_20250712_072015,2025-07-12 07:20:15,山脊观景台; 云海; 越野跑; 合影; 清晨; 莽山; 运动,无,冯浩然与高云飞在山脊观景环线的高点合影，身后是壮丽的云海和连绵的莽山山脉,"{'province': '湖南省', 'city': '郴州市', 'district': '宜章县', 'streetName': '莽山国家森林公园', 'streetNumber': 'XX号', 'poi': '莽山山脊观景环线'}",112.885409,24.980482,"{'province': '湖南省', 'city': '郴州市', 'district': '宜章县', 'street': [], 'formatted_address': '湖南省郴州市宜章县[][]'}",21-d
Gallery-907,22-8-1,IMG_20250712_093520,2025-07-12 09:35:20,森林徒步; 松涛林; 光影; 纪实摄影; 同伴背影; 自然; 步道,无,冯浩然在松涛林步道拍摄高云飞与谢雨桐徒步的背影，阳光透过高大的松树形成斑驳的光影,"{'province': '湖南省', 'city': '郴州市', 'district': '宜章县', 'streetName': '莽山国家森林公园', 'streetNumber': 'XX号', 'poi': '莽山东线森林步道-松涛林'}",112.885409,24.980482,"{'province': '湖南省', 'city': '郴州市', 'district': '宜章县', 'street': [], 'formatted_address': '湖南省郴州市宜章县[][]'}",22-h
Gallery-908,22-8-1,IMG_20250712_104510,2025-07-12 10:45:10,巨石阵; 山峰; 观景平台; 风景打卡; 莽山; 远景; 自然风光,无,冯浩然在巨石阵观景平台拍摄远处层峦叠嶂的山峰，前景是形态奇特的巨石,"{'province': '湖南省', 'city': '郴州市', 'district': '宜章县', 'streetName': '莽山国家森林公园', 'streetNumber': 'XX号', 'poi': '莽山东线森林步道-巨石阵观景平台'}",112.885409,24.980482,"{'province': '湖南省', 'city': '郴州市', 'district': '宜章县', 'street': [], 'formatted_address': '湖南省郴州市宜章县[][]'}",22-h
Gallery-909,22-8-1,IMG_20250712_121030,2025-07-12 12:10:30,溪边嬉水; 青龙溪; 玩水; 欢乐瞬间; 朋友互动; 户外休闲; 水花,无,冯浩然在溪边拍摄高云飞与谢雨桐在青龙溪浅滩嬉水打闹的欢乐瞬间，水花四溅,"{'province': '湖南省', 'city': '郴州市', 'district': '宜章县', 'streetName': '莽山国家森林公园', 'streetNumber': 'XX号', 'poi': '青龙溪上游戏水区'}",112.885409,24.980482,"{'province': '湖南省', 'city': '郴州市', 'district': '宜章县', 'street': [], 'formatted_address': '湖南省郴州市宜章县[][]'}",22-h
Gallery-910,22-8-1,IMG_20250712_151520,2025-07-12 15:15:20,慢门摄影; 溪流; 水流丝绸; 青苔岩石; 三脚架; 光影; 摄影创作,无,冯浩然使用三脚架在青龙溪中游拍摄慢门水流，溪水如丝绸般顺滑流过布满青苔的岩石,"{'province': '湖南省', 'city': '郴州市', 'district': '宜章县', 'streetName': '莽山国家森林公园', 'streetNumber': 'XX号', 'poi': '青龙溪中游摄影点'}",112.885409,24.980482,"{'province': '湖南省', 'city': '郴州市', 'district': '宜章县', 'street': [], 'formatted_address': '湖南省郴州市宜章县[][]'}",22-h
Gallery-911,22-8-1,IMG_20250712_160105,2025-07-12 16:01:05,植物特写; 蕨类; 逆光; 叶片脉络; 露珠; 微距; 自然细节,无,冯浩然拍摄溪边一株蕨类植物的特写，逆光下叶片脉络清晰，露珠晶莹剔透,"{'province': '湖南省', 'city': '郴州市', 'district': '宜章县', 'streetName': '莽山国家森林公园', 'streetNumber': 'XX号', 'poi': '青龙溪中游摄影点'}",112.885409,24.980482,"{'province': '湖南省', 'city': '郴州市', 'district': '宜章县', 'street': [], 'formatted_address': '湖南省郴州市宜章县[][]'}",22-h
Gallery-912,22-8-1,IMG_20250712_164530,2025-07-12 16:45:30,溪流全景; 森林; 蜿蜒水道; 午后阳光; 山峰轮廓; 风景打卡; 自然景观,无,冯浩然拍摄青龙溪中游的全景，溪流蜿蜒穿过森林，远处山峰在午后阳光下轮廓分明,"{'province': '湖南省', 'city': '郴州市', 'district': '宜章县', 'streetName': '莽山国家森林公园', 'streetNumber': 'XX号', 'poi': '青龙溪中游摄影点'}",112.885409,24.980482,"{'province': '湖南省', 'city': '郴州市', 'district': '宜章县', 'street': [], 'formatted_address': '湖南省郴州市宜章县[][]'}",22-h
Gallery-913,22-8-2,IMG_20250712_211520,2025-07-12 21:15:20,银河; 星空摄影; 夜空; 帐篷剪影; 长曝光; 营地; 自然奇观,无,冯浩然在营地旁的开阔草地拍摄璀璨的银河横跨夜空，地景是模糊的帐篷剪影,"{'province': '湖南省', 'city': '郴州市', 'district': '宜章县', 'streetName': '莽山国家森林公园', 'streetNumber': 'XX号', 'poi': '林海营地C区旁开阔草地'}",112.885409,24.980482,"{'province': '湖南省', 'city': '郴州市', 'district': '宜章县', 'street': [], 'formatted_address': '湖南省郴州市宜章县[][]'}",22-h
Gallery-914,22-8-2,IMG_20250712_221045,2025-07-12 22:10:45,星轨; 长曝光; 同心圆; 帐篷地景; 树丛; 创意摄影; 夜空,无,冯浩然拍摄星轨照片，以营地的帐篷和远处的树丛为前景，同心圆状的星轨布满天空,"{'province': '湖南省', 'city': '郴州市', 'district': '宜章县', 'streetName': '莽山国家森林公园', 'streetNumber': 'XX号', 'poi': '林海营地C区旁开阔草地'}",112.885409,24.980482,"{'province': '湖南省', 'city': '郴州市', 'district': '宜章县', 'street': [], 'formatted_address': '湖南省郴州市宜章县[][]'}",22-h
Gallery-915,22-9,IMG_20250713_054520,2025-07-13 05:45:20,云海日出; 莽山; 群山; 晨光; 自然风光; 摄影,无,冯浩然在莽山国家森林公园观景台拍摄云海日出，远处群山在晨光中若隐若现，云海翻涌,"{'province': '湖南省', 'city': '郴州市', 'district': '宜章县', 'streetName': '莽山瑶族乡', 'streetNumber': 'XX号', 'poi': '莽山国家森林公园（山顶观景台）'}",112.885409,24.980482,"{'province': '湖南省', 'city': '郴州市', 'district': '宜章县', 'street': [], 'formatted_address': '湖南省郴州市宜章县[][]'}",22-i
Gallery-916,22-9,IMG_20250713_060105,2025-07-13 06:01:05,人物合影; 云海背景; 朋友; 日出; 户外; 笑容,无,冯浩然与朋友谢雨桐、高云飞在莽山观景台以云海日出为背景合影留念，三人面带笑容,"{'province': '湖南省', 'city': '郴州市', 'district': '宜章县', 'streetName': '莽山瑶族乡', 'streetNumber': 'XX号', 'poi': '莽山国家森林公园（山顶观景台）'}",112.885409,24.980482,"{'province': '湖南省', 'city': '郴州市', 'district': '宜章县', 'street': [], 'formatted_address': '湖南省郴州市宜章县[][]'}",22-i
Gallery-917,22-9,IMG_20250713_061230,2025-07-13 06:12:30,导览牌; 景区地图; 海拔标识; 景点名称; 户外指示,莽山国家森林公园 - 五指峰观景台 海拔约1600米,冯浩然拍摄莽山观景台上的景区导览牌，上面清晰标注了景点名称和海拔信息,"{'province': '湖南省', 'city': '郴州市', 'district': '宜章县', 'streetName': '莽山瑶族乡', 'streetNumber': 'XX号', 'poi': '莽山国家森林公园（山顶观景台）'}",112.885409,24.980482,"{'province': '湖南省', 'city': '郴州市', 'district': '宜章县', 'street': [], 'formatted_address': '湖南省郴州市宜章县[][]'}",22-i
Gallery-918,68-1,IMG_20250713_151520,2025-07-13 15:15:20,手写表格; 手机参数; 性能对比; 价格分析; 研究笔记; 文档,"手机选购对比分析
型号A: SOC 8 Gen 2, 主摄50MP, 电池5000mAh, 价格3999元
型号B: SOC 8s Gen 3, 主摄50MP OIS, 电池4800mAh, 价格3699元
型号C: SOC 7 Gen 3, 主摄64MP, 电池5500mAh, 价格2999元
核心需求：性能均衡，拍照良好，续航够用",冯浩然在书房书桌上拍摄自己手写的手机参数对比表格，表格上列有SOC、相机、电池、价格等对比项,"{'province': '湖南省', 'city': '长沙市', 'district': '岳麓区', 'streetName': '双塘路', 'streetNumber': '99号', 'poi': '岳麓区机关金星住宅小区（家中书房）'}",112.938578,28.221525,"{'province': '湖南省', 'city': '长沙市', 'district': '岳麓区', 'street': '桐梓坡路', 'formatted_address': '湖南省长沙市岳麓区桐梓坡路99号'}",68-a
Gallery-919,a_22,IMG_20250713_170530,2025-07-13 17:05:30,露营装备; 帐篷; 睡袋; 防潮垫; 炉头; 快递包裹; 物品收纳,无,冯浩然在家门口走廊摊开晾晒的露营装备，包括帐篷、防潮垫、睡袋和炉头，旁边放着刚取的快递包裹,"{'province': '湖南省', 'city': '长沙市', 'district': '岳麓区', 'streetName': '双塘路', 'streetNumber': '99号', 'poi': '岳麓区机关金星住宅小区（家门口走廊）'}",112.938578,28.221525,"{'province': '湖南省', 'city': '长沙市', 'district': '岳麓区', 'street': '桐梓坡路', 'formatted_address': '湖南省长沙市岳麓区桐梓坡路99号'}",a_22
Gallery-920,a_21,IMG_20250714_070215,2025-07-14 07:02:15,岳麓山; 晨跑; 晨雾; 光束; 石板路; 树林; 清晨,无,冯浩然在岳麓山晨跑时拍摄山间晨雾，阳光透过树林形成光束，石板路上有零星落叶,"{'province': '湖南省', 'city': '长沙市', 'district': '岳麓区', 'streetName': '麓山南路', 'streetNumber': 'XX号', 'poi': '岳麓山风景区'}",112.938383,28.182973,"{'province': '湖南省', 'city': '长沙市', 'district': '岳麓区', 'street': '麓山南路', 'formatted_address': '湖南省长沙市岳麓区麓山南路[]'}",a_21
Gallery-921,a_21,IMG_20250714_071030,2025-07-14 07:10:30,爱晚亭; 晨跑; 合影; 运动装; 枫叶; 古建筑,无,冯浩然与跑友高云飞在岳麓山爱晚亭前合影，两人穿着运动装，背景是古色古香的亭子和枫叶,"{'province': '湖南省', 'city': '长沙市', 'district': '岳麓区', 'streetName': '麓山南路', 'streetNumber': 'XX号', 'poi': '岳麓山爱晚亭'}",112.937564,28.180437,"{'province': '湖南省', 'city': '长沙市', 'district': '岳麓区', 'street': '麓山南路', 'formatted_address': '湖南省长沙市岳麓区麓山南路[]'}",a_21
Gallery-922,a_20,IMG_20250714_093045,2025-07-14 09:30:45,办公室; 电脑屏幕; 股票K线图; 数据分析; 金融; 工作,无,冯浩然在办公室拍摄工作电脑屏幕，屏幕上显示着股票K线图和数据分析报告,"{'province': '湖南省', 'city': '长沙市', 'district': '开福区', 'streetName': '芙蓉中路', 'streetNumber': '88号', 'poi': '华泰证券股份有限公司'}",112.986675,28.223728,"{'province': '湖南省', 'city': '长沙市', 'district': '开福区', 'street': '芙蓉中路', 'formatted_address': '湖南省长沙市开福区芙蓉中路88号'}",a_20
Gallery-923,79-12-1,IMG_20250714_121520,2025-07-14 12:15:20,湘菜馆; 聚餐; 剁椒鱼头; 小炒黄牛肉; 同事; 午餐,无,冯浩然与同事郑文博、钱永强在公司附近的湘菜馆聚餐，桌上摆着剁椒鱼头、小炒黄牛肉等菜肴,"{'province': '湖南省', 'city': '长沙市', 'district': '开福区', 'streetName': '芙蓉中路', 'streetNumber': '126号', 'poi': '火宫殿（芙蓉中路店）'}",112.986129,28.18403,"{'province': '湖南省', 'city': '长沙市', 'district': '天心区', 'street': '芙蓉中路', 'formatted_address': '湖南省长沙市天心区芙蓉中路126号'}",79-l
Gallery-924,,IMG_20250714_150810,2025-07-14 15:08:10,手冲咖啡; 咖啡馆; 咖啡豆; 手冲壶; 下午茶; 休闲,无,冯浩然在心怡手冲咖啡馆拍摄一杯刚做好的手冲咖啡，咖啡液色泽清澈，旁边放着咖啡豆和手冲壶,"{'province': '湖南省', 'city': '长沙市', 'district': '芙蓉区', 'streetName': '解放西路', 'streetNumber': '233号', 'poi': '心怡手冲咖啡馆'}",112.982268,28.190765,"{'province': '湖南省', 'city': '长沙市', 'district': '芙蓉区', 'street': '解放西路', 'formatted_address': '湖南省长沙市芙蓉区解放西路[]'}",
Gallery-925,,IMG_20250714_163340,2025-07-14 16:33:40,太平老街; 街拍; 糖画; 手艺人; 古街; 游客; 人文,无,冯浩然在长沙太平老街进行街拍，捕捉到一位老手艺人正在制作糖画的瞬间，背景是古街建筑和游客,"{'province': '湖南省', 'city': '长沙市', 'district': '天心区', 'streetName': '太平街', 'streetNumber': 'XX号', 'poi': '长沙太平老街'}",112.971715,28.193773,"{'province': '湖南省', 'city': '长沙市', 'district': '天心区', 'street': '太平街', 'formatted_address': '湖南省长沙市天心区太平街[]'}",
Gallery-926,,IMG_20250714_191515,2025-07-14 19:15:15,健身房; 跑步; 自拍; 运动背心; 汗水; 健身器材; 锻炼,无,冯浩然在健身房跑步机上跑步，手机放在支架上对着镜子自拍，可以看到汗水浸湿的运动背心和健身器材,"{'province': '湖南省', 'city': '长沙市', 'district': '岳麓区', 'streetName': '麓山南路', 'streetNumber': '156号', 'poi': '小区健身中心'}",112.937813,28.165577,"{'province': '湖南省', 'city': '长沙市', 'district': '岳麓区', 'street': '麓山南路', 'formatted_address': '湖南省长沙市岳麓区麓山南路156号'}",
Gallery-927,,IMG_20250714_213020,2025-07-14 21:30:20,邮票; 收藏; 集邮册; 放大镜; 书桌; 台灯; 生肖,无,冯浩然在家中的书桌前拍摄新收藏的生肖邮票，邮票被放在集邮册中，旁边有放大镜和台灯,"{'province': '湖南省', 'city': '长沙市', 'district': '岳麓区', 'streetName': '麓山南路', 'streetNumber': '156号', 'poi': '冯浩然家中'}",112.937813,28.165577,"{'province': '湖南省', 'city': '长沙市', 'district': '岳麓区', 'street': '麓山南路', 'formatted_address': '湖南省长沙市岳麓区麓山南路156号'}",
Gallery-928,a_21,IMG_20250715_063015,2025-07-15 06:30:15,晨跑; 岳麓山; 街头风景; 梧桐树; 石板路; 清晨阳光; 晨练市民,无,冯浩然在岳麓山登高路晨跑时，用新手机拍摄清晨的街道，阳光透过梧桐树叶洒在石板路上，远处可见晨练的市民和古朴的建筑,"{'province': '湖南省', 'city': '长沙市', 'district': '岳麓区', 'streetName': '登高路', 'streetNumber': '58号', 'poi': '岳麓山风景名胜区'}",112.936104,28.183601,"{'province': '湖南省', 'city': '长沙市', 'district': '岳麓区', 'street': '登高路', 'formatted_address': '湖南省长沙市岳麓区登高路58号'}",a_21
Gallery-929,22-11,IMG_20250715_143022,2025-07-15 14:30:22,帐篷; 睡袋; 晾晒; 阳台; 阳光; 户外装备; 清洁; 维护,,清洗后的帐篷和睡袋在阳台上晾晒，阳光充足，为下一次户外活动做准备。,"{'province': '北京市', 'city': '北京市', 'district': '朝阳区', 'streetName': '望京街道', 'streetNumber': '101号', 'poi': '居民小区阳台'}",116.468615,39.993126,"{'province': '北京市', 'city': '北京市', 'district': '朝阳区', 'street': [], 'formatted_address': '北京市北京市朝阳区[][]'}",22-k
Gallery-930,20-16-1,IMG_20250716_132015,2025-07-16 13:20:15,PPT截图; 投影屏幕; 资产配置; 数据图表; 会议室; 商务演示,华泰证券 - 高净值客户资产配置方案 2025-07-16,冯浩然在客户公司会议室拍摄投影屏幕上的PPT内容，画面显示着资产配置方案的关键图表和数据,"{'province': '广东省', 'city': '深圳市', 'district': '南山区', 'streetName': '科苑北路', 'streetNumber': '6号', 'poi': '科技园金融基地客户公司会议室'}",113.946457,22.544071,"{'province': '广东省', 'city': '深圳市', 'district': '南山区', 'street': '科苑北路', 'formatted_address': '广东省深圳市南山区科苑北路[]'}",20-p
Gallery-931,20-16-1,IMG_20250716_140510,2025-07-16 14:05:10,参会人员; 握手; 签约完成; 协议文件; 商务合影; 成功合作,无,冯浩然与客户黄思琪女士在会议室握手，背景是签署完成的协议文件，两人面带微笑,"{'province': '广东省', 'city': '深圳市', 'district': '南山区', 'streetName': '科苑北路', 'streetNumber': '6号', 'poi': '科技园金融基地客户公司会议室'}",113.946457,22.544071,"{'province': '广东省', 'city': '深圳市', 'district': '南山区', 'street': '科苑北路', 'formatted_address': '广东省深圳市南山区科苑北路[]'}",20-p
Gallery-932,71-3,IMG_20250716_223005,2025-07-16 22:30:05,文档扫描; 打印报告; 养老金新政; 财经分析; 书桌; 内容构思,养老金新政对高净值客户影响分析 - 华泰证券研究所 2025年7月,冯浩然在书房书桌上拍摄一份打印的《养老金新政对高净值客户影响分析》报告首页，旁边放着笔记本和笔,"{'province': '湖南省', 'city': '长沙市', 'district': '岳麓区', 'streetName': '双塘路', 'streetNumber': '99号', 'poi': '岳麓区机关金星住宅小区家中书房'}",112.938578,28.221525,"{'province': '湖南省', 'city': '长沙市', 'district': '岳麓区', 'street': '桐梓坡路', 'formatted_address': '湖南省长沙市岳麓区桐梓坡路99号'}",71-c
Gallery-933,a_153,IMG_20250716_233740,2025-07-16 23:37:40,物品收纳; 药品; 运动装备; 瑜伽垫; 健康管理; 家庭客厅,无,冯浩然在客厅瑜伽垫旁拍摄收纳整齐的药品和运动装备，包括布洛芬药盒、筋膜球和弹力带,"{'province': '湖南省', 'city': '长沙市', 'district': '岳麓区', 'streetName': '双塘路', 'streetNumber': '99号', 'poi': '岳麓区机关金星住宅小区家中客厅'}",112.938578,28.221525,"{'province': '湖南省', 'city': '长沙市', 'district': '岳麓区', 'street': '桐梓坡路', 'formatted_address': '湖南省长沙市岳麓区桐梓坡路99号'}",a_153
Gallery-934,,IMG_20250717_080215,2025-07-17 08:02:15,早餐; 煎蛋; 全麦面包; 牛奶; 白色瓷盘; 厨房餐桌,无,冯浩然在家中厨房的餐桌上拍摄自己的早餐，包括盛放在白色瓷盘中的煎蛋和全麦面包，旁边是一杯牛奶，背景是整洁的厨房操作台。,"{'province': '湖南省', 'city': '长沙市', 'district': '岳麓区', 'streetName': '双塘路', 'streetNumber': '99号', 'poi': '岳麓区机关金星住宅小区家中'}",112.938578,28.221525,"{'province': '湖南省', 'city': '长沙市', 'district': '岳麓区', 'street': '桐梓坡路', 'formatted_address': '湖南省长沙市岳麓区桐梓坡路99号'}",
Gallery-935,,IMG_20250717_132530,2025-07-17 13:25:30,手冲咖啡; 耶加雪菲; 冰咖啡; 玻璃杯; 咖啡吧台; 午后休息,无,冯浩然在圣爵菲斯咖啡厅的吧台前拍摄一杯刚制作好的冰手冲耶加雪菲咖啡，咖啡装在透明玻璃杯中，背景是咖啡厅的吧台和忙碌的咖啡师。,"{'province': '湖南省', 'city': '长沙市', 'district': '开福区', 'streetName': '圣爵菲斯之家', 'streetNumber': '1层', 'poi': '圣爵菲斯咖啡厅'}",112.985284,28.257286,"{'province': '湖南省', 'city': '长沙市', 'district': '开福区', 'street': [], 'formatted_address': '湖南省长沙市开福区[][]'}",
Gallery-936,79-13-1,IMG_20250718_091520,2025-07-18 09:15:20,PPT截图; 政策研究; 资产配置; 个人养老金; 投影屏幕; 会议室,"个人养老金政策对中产家庭资产配置的长期影响分析
核心观点：长期储蓄、税收递延、多元化投资
华泰证券投资顾问部 2025年7月",冯浩然在部门分享会上展示《个人养老金政策对中产家庭资产配置的长期影响分析》的PPT，屏幕上显示着核心观点和图表，背景是会议室的白墙和投影幕布。,"{'province': '湖南省', 'city': '长沙市', 'district': '开福区', 'streetName': '芙蓉中路', 'streetNumber': '88号', 'poi': '湖南广电中心写字楼华泰证券会议室'}",113.046548,28.235932,"{'province': '湖南省', 'city': '长沙市', 'district': '开福区', 'street': [], 'formatted_address': '湖南省长沙市开福区[][]'}",79-m
Gallery-937,79-13-1,IMG_20250718_094530,2025-07-18 09:45:30,参会人员; 部门会议; 讨论; 专注; 会议桌; 同事合影,无,部门同事钱永强和几位同事围坐在会议桌旁，专注地聆听分享并进行讨论，背景是会议室的玻璃窗和绿植。,"{'province': '湖南省', 'city': '长沙市', 'district': '开福区', 'streetName': '芙蓉中路', 'streetNumber': '88号', 'poi': '湖南广电中心写字楼华泰证券会议室'}",113.046548,28.235932,"{'province': '湖南省', 'city': '长沙市', 'district': '开福区', 'street': [], 'formatted_address': '湖南省长沙市开福区[][]'}",79-m
Gallery-938,113-2-2,IMG_20250718_131520,2025-07-18 13:15:20,文档扫描; 自媒体定位; 财务规划; 电脑屏幕; 内容框架; 目标受众,"个人财务规划账号构思
目标受众：25-40岁城市泛中产家庭
核心定位：系统化财务与生活规划知识
内容板块：1. 资产配置基础 2. 案例拆解 3. 信息图解读
启发来源：午餐讨论（郑文博）",冯浩然在个人工位的电脑屏幕上，展示着刚刚创建的“个人财务规划账号构思”文档，文档内容清晰可见，包括目标受众画像和内容板块规划。,"{'province': '湖南省', 'city': '长沙市', 'district': '开福区', 'streetName': '芙蓉中路', 'streetNumber': '88号', 'poi': '湖南广电中心写字楼华泰证券办公室个人工位'}",113.046548,28.235932,"{'province': '湖南省', 'city': '长沙市', 'district': '开福区', 'street': [], 'formatted_address': '湖南省长沙市开福区[][]'}",113-b
Gallery-939,,IMG_20250718_153710,2025-07-18 15:37:10,冰手冲咖啡; 耶加雪菲; 木质桌面; 水珠; 咖啡厅; 下午茶,无,一杯冰手冲耶加雪菲咖啡被放在圣爵菲斯咖啡厅的木质桌面上，旁边放着一本翻开的杂志，咖啡杯壁凝结着水珠，背景是咖啡厅的柔和灯光。,"{'province': '湖南省', 'city': '长沙市', 'district': '开福区', 'streetName': '芙蓉中路', 'streetNumber': 'XX号', 'poi': '圣爵菲斯咖啡厅（圣爵菲斯之家1层）'}",112.987227,28.192249,"{'province': '湖南省', 'city': '长沙市', 'district': '开福区', 'street': '芙蓉中路', 'formatted_address': '湖南省长沙市开福区芙蓉中路[]'}",
Gallery-940,138-12,IMG_20250718_183530,2025-07-18 18:35:30,慢门摄影; 溪流; 丝滑水流; 三脚架; ND镜; 岳麓山; 自然风景,无,冯浩然在岳麓山爱晚亭附近的溪流边，使用三脚架和ND镜拍摄慢门水流，画面中溪水呈现丝滑质感，背景是葱郁的树林和岩石。,"{'province': '湖南省', 'city': '长沙市', 'district': '岳麓区', 'streetName': '登高路', 'streetNumber': '58号', 'poi': '岳麓山风景名胜区爱晚亭附近溪流'}",112.937564,28.180437,"{'province': '湖南省', 'city': '长沙市', 'district': '岳麓区', 'street': '登高路', 'formatted_address': '湖南省长沙市岳麓区登高路58号'}",138-l
Gallery-941,138-12,IMG_20250718_184520,2025-07-18 18:45:20,丁达尔效应; 林间光影; 日落; 光束; 树叶脉络; 细节特写; 静谧,无,日落前，阳光透过岳麓山林间的缝隙形成一道道光束（丁达尔效应），照亮了空气中的微尘和树叶的脉络，画面充满静谧与神圣感。,"{'province': '湖南省', 'city': '长沙市', 'district': '岳麓区', 'streetName': '登高路', 'streetNumber': '58号', 'poi': '岳麓山风景名胜区爱晚亭附近林间'}",112.937564,28.180437,"{'province': '湖南省', 'city': '长沙市', 'district': '岳麓区', 'street': '登高路', 'formatted_address': '湖南省长沙市岳麓区登高路58号'}",138-l
Gallery-942,23-2,IMG_20250718_191010,2025-07-18 19:10:10,提拉米苏; 甜品; 蛋糕; 透明包装盒; 可可粉; 美食打卡,提拉米苏蛋糕 - 38元/份 2025-07-18,一份精致的提拉米苏蛋糕被装在甜品店的透明包装盒里，放在麓山路甜品店的柜台上，蛋糕表面撒着可可粉，旁边是店铺的价目牌。,"{'province': '湖南省', 'city': '长沙市', 'district': '岳麓区', 'streetName': '麓山路', 'streetNumber': '147号', 'poi': '某知名连锁甜品店（分店）'}",112.95027,28.190946,"{'province': '湖南省', 'city': '长沙市', 'district': '岳麓区', 'street': '麓山路', 'formatted_address': '湖南省长沙市岳麓区麓山路147号'}",23-b
Gallery-943,23-2,IMG_20250718_191850,2025-07-18 19:18:50,街头风景; 傍晚; 车流; 路灯; 岳麓山轮廓; 车窗视角; 城市夜景,无,冯浩然驾车下山途中，在麓山路上等红灯时，透过车窗拍摄傍晚时分的街道风景，路灯刚刚亮起，车流穿梭，远处是岳麓山的轮廓。,"{'province': '湖南省', 'city': '长沙市', 'district': '岳麓区', 'streetName': '麓山路', 'streetNumber': 'XX号', 'poi': '麓山路（岳麓山下山路段）'}",112.936763,28.187549,"{'province': '湖南省', 'city': '长沙市', 'district': '岳麓区', 'street': '麓山路', 'formatted_address': '湖南省长沙市岳麓区麓山路[]'}",23-b
Gallery-944,23-3-1,IMG_20250719_194520,2025-07-19 19:45:20,朋友聚会; 麻辣小龙虾; 提拉米苏蛋糕; 客厅合影; 温馨氛围; 美食分享,无,冯浩然与朋友们在吴俊杰家客厅的茶几前，围着一大盆香气四溢的麻辣小龙虾和精致的提拉米苏蛋糕合影，背景是温馨的客厅灯光和投影幕布。,"{'province': '湖南省', 'city': '长沙市', 'district': '雨花区', 'streetName': '万家丽中路一段', 'streetNumber': '196号', 'poi': '长房中庭国际吴俊杰家客厅'}",113.029376,28.183576,"{'province': '湖南省', 'city': '长沙市', 'district': '雨花区', 'street': '万家丽中路', 'formatted_address': '湖南省长沙市雨花区万家丽中路[]'}",23-c
Gallery-945,23-3-1,IMG_20250719_201030,2025-07-19 20:10:30,麻辣小龙虾; 美食特写; 湘菜; 红油; 香菜; 聚餐美食; 不锈钢盆,无,彭雨晴带来的麻辣小龙虾被特写拍摄，红亮的虾壳与翠绿的香菜、白色的蒜末形成鲜明对比，盛放在不锈钢盆中，旁边散落着一次性手套和饮料罐。,"{'province': '湖南省', 'city': '长沙市', 'district': '雨花区', 'streetName': '万家丽中路一段', 'streetNumber': '196号', 'poi': '长房中庭国际吴俊杰家客厅'}",113.029376,28.183576,"{'province': '湖南省', 'city': '长沙市', 'district': '雨花区', 'street': '万家丽中路', 'formatted_address': '湖南省长沙市雨花区万家丽中路[]'}",23-c
Gallery-946,126-8,IMG_20250720_074530,2025-07-20 07:45:30,晨跑; 跑友合影; 观景平台; 城市天际线; 薄雾; 清晨,无,冯浩然与跑友高云飞在岳麓山观景平台合影，身后是清晨薄雾笼罩的长沙城市天际线,"{'province': '湖南省', 'city': '长沙市', 'district': '岳麓区', 'streetName': '登高路', 'streetNumber': '58号', 'poi': '岳麓山风景名胜区观景平台'}",112.936104,28.183601,"{'province': '湖南省', 'city': '长沙市', 'district': '岳麓区', 'street': '登高路', 'formatted_address': '湖南省长沙市岳麓区登高路58号'}",126-h
Gallery-947,126-8,IMG_20250720_080215,2025-07-20 08:02:15,岳麓山; 环山步道; 古树; 晨光; 石板路; 光影,无,岳麓山环山步道旁的古树与晨光，阳光透过树叶洒在石板路上，远处有早起锻炼的市民,"{'province': '湖南省', 'city': '长沙市', 'district': '岳麓区', 'streetName': '登高路', 'streetNumber': '58号', 'poi': '岳麓山风景名胜区环山步道'}",112.936104,28.183601,"{'province': '湖南省', 'city': '长沙市', 'district': '岳麓区', 'street': '登高路', 'formatted_address': '湖南省长沙市岳麓区登高路58号'}",126-h
Gallery-948,a_138,IMG_20250720_174520,2025-07-20 17:45:20,湘江; 风光带; 垂钓者; 夕阳; 江面; 波光; 街拍,无,湘江风光带灵官渡段，一位垂钓者坐在江边石阶上专注地盯着鱼漂，夕阳余晖洒在江面泛起粼粼波光,"{'province': '湖南省', 'city': '长沙市', 'district': '天心区', 'streetName': '白沙路', 'streetNumber': 'XX号', 'poi': '长沙湘江风光带（灵官渡段）'}",112.968025,28.17906,"{'province': '湖南省', 'city': '长沙市', 'district': '天心区', 'street': '白沙路', 'formatted_address': '湖南省长沙市天心区白沙路[]'}",a_138
Gallery-949,a_138,IMG_20250720_181015,2025-07-20 18:10:15,杜甫江阁; 建筑剪影; 蓝调时刻; 天空渐变; 湘江; 城市夜景,无,杜甫江阁在傍晚蓝调时刻的剪影，建筑轮廓清晰，天空呈现渐变的蓝紫色，江边有散步的情侣,"{'province': '湖南省', 'city': '长沙市', 'district': '天心区', 'streetName': '湘江中路', 'streetNumber': 'XX号', 'poi': '杜甫江阁'}",112.968624,28.184442,"{'province': '湖南省', 'city': '长沙市', 'district': '天心区', 'street': [], 'formatted_address': '湖南省长沙市天心区[][]'}",a_138
Gallery-950,21-5-1,IMG_20250720_183405,2025-07-20 18:34:05,跑步道; 起点标识; 全民健身; 湘江; 风光带; 运动,专用跑步道起点 全民健身 科学运动,湘江风光带专用跑步道的起点标识牌，旁边立着‘全民健身’的宣传标语，背景是开阔的江景,"{'province': '湖南省', 'city': '长沙市', 'district': '天心区', 'streetName': '白沙路', 'streetNumber': 'XX号', 'poi': '长沙湘江风光带（专用跑步道起点）'}",112.968025,28.17906,"{'province': '湖南省', 'city': '长沙市', 'district': '天心区', 'street': '白沙路', 'formatted_address': '湖南省长沙市天心区白沙路[]'}",21-e
Gallery-951,21-5-1,IMG_20250720_185520,2025-07-20 18:55:20,运动手表; 间歇跑; 训练数据; 心率; 配速; 跑步装备,无,冯浩然在间歇跑训练间隙，将运动手表放在跑道边的护栏上，屏幕显示着心率、配速和已完成组数,"{'province': '湖南省', 'city': '长沙市', 'district': '天心区', 'streetName': '白沙路', 'streetNumber': 'XX号', 'poi': '长沙湘江风光带（专用跑步道）'}",112.968025,28.17906,"{'province': '湖南省', 'city': '长沙市', 'district': '天心区', 'street': '白沙路', 'formatted_address': '湖南省长沙市天心区白沙路[]'}",21-e
Gallery-952,a_113,IMG_20250721_081520,2025-07-21 08:15:20,早餐; 全麦面包; 煎蛋; 牛油果; 蛋白粉奶昔; 料理台; iPad; 金融指数,无,冯浩然在家中厨房拍摄自己的早餐，包括全麦面包、煎蛋、牛油果和一杯蛋白粉奶昔，背景是整洁的料理台和iPad上显示的金融市场指数,"{'province': '湖南省', 'city': '长沙市', 'district': '岳麓区', 'streetName': '双塘路', 'streetNumber': '99号', 'poi': '岳麓区机关金星住宅小区（家中厨房）'}",112.938578,28.221525,"{'province': '湖南省', 'city': '长沙市', 'district': '岳麓区', 'street': '桐梓坡路', 'formatted_address': '湖南省长沙市岳麓区桐梓坡路99号'}",a_113
Gallery-953,,IMG_20250721_122530,2025-07-21 12:25:30,午餐; 家常菜; 湘菜; 餐馆; 木质餐桌; 同事聚餐,无,冯浩然与同事郑文博在伟记家常菜餐馆拍摄午餐菜品，桌上摆着几盘家常菜，背景是餐馆的木质桌椅和墙壁装饰,"{'province': '湖南省', 'city': '长沙市', 'district': '开福区', 'streetName': '万家丽北路', 'streetNumber': 'XX号', 'poi': '伟记家常菜'}",113.040967,28.238937,"{'province': '湖南省', 'city': '长沙市', 'district': '开福区', 'street': '万家丽北路', 'formatted_address': '湖南省长沙市开福区万家丽北路[]'}",
Gallery-954,240-4-1,IMG_20250721_184015,2025-07-21 18:40:15,汽车后备箱; 采购物品; 超市购物; 水果; 牛奶; 蔬菜; 傍晚; 停车场,无,冯浩然在超市停车场拍摄装满采购物品的汽车后备箱，里面可见新鲜水果、牛奶、蔬菜等，背景是傍晚时分的超市停车场,"{'province': '湖南省', 'city': '长沙市', 'district': '岳麓区', 'streetName': '银盆南路', 'streetNumber': 'XX号', 'poi': '步步高超市（银盆南路店）停车场'}",112.957891,28.210713,"{'province': '湖南省', 'city': '长沙市', 'district': '岳麓区', 'street': '银盆南路', 'formatted_address': '湖南省长沙市岳麓区银盆南路[]'}",240-d
Gallery-955,a_240,IMG_20250722_073015,2025-07-22 07:30:15,早餐; 全麦吐司; 水煮蛋; 牛奶; 健康饮食; 晨光; 木质餐桌,无,冯浩然在自家餐厅享用健康早餐，餐盘中有全麦吐司、水煮蛋和一杯牛奶，背景是整洁的木质餐桌和窗外晨光,"{'province': '湖南省', 'city': '长沙市', 'district': '岳麓区', 'streetName': '双塘路', 'streetNumber': '99号', 'poi': '岳麓区机关金星住宅小区'}",112.938578,28.221525,"{'province': '湖南省', 'city': '长沙市', 'district': '岳麓区', 'street': '桐梓坡路', 'formatted_address': '湖南省长沙市岳麓区桐梓坡路99号'}",a_240
Gallery-956,240-5-2,IMG_20250722_074520,2025-07-22 07:45:20,文档扫描; 行程规划; 手写笔记; 书桌; A4纸; 备忘,"父母长沙游览行程草案
1. 湘江风光带 (7.22下午)
2. 岳麓山 (7.23上午)
3. 橘子洲头 (7.23下午)
4. 坡子街美食 (7.23晚)",冯浩然在书房用手机扫描一份打印的行程规划草稿，纸上写有‘湘江风光带’、‘岳麓山’等地点名称，背景是书桌和电脑,"{'province': '湖南省', 'city': '长沙市', 'district': '岳麓区', 'streetName': '双塘路', 'streetNumber': '99号', 'poi': '岳麓区机关金星住宅小区'}",112.938578,28.221525,"{'province': '湖南省', 'city': '长沙市', 'district': '岳麓区', 'street': '桐梓坡路', 'formatted_address': '湖南省长沙市岳麓区桐梓坡路99号'}",240-e
Gallery-957,242-1,IMG_20250722_141220,2025-07-22 14:12:20,家庭合影; 车站迎接; 父母; 出站口; 重逢; 笑容; 旅行箱,无,冯浩然与父母冯建国、李秀英在长沙南站东出站口合影，三人面带笑容，背景是出站口的指示牌和匆匆旅客,"{'province': '湖南省', 'city': '长沙市', 'district': '雨花区', 'streetName': '花侯路', 'streetNumber': 'XX号', 'poi': '长沙南站东出站口'}",113.06551,28.147093,"{'province': '湖南省', 'city': '长沙市', 'district': '雨花区', 'street': '花侯路', 'formatted_address': '湖南省长沙市雨花区花侯路[]'}",242-a
Gallery-958,,IMG_20250722_150510,2025-07-22 15:05:10,湘江风光带; 城市天际线; 江景; 观景平台; 长沙; 晴空; 远眺,无,冯浩然站在湘江风光带的观景平台上，拍摄对岸长沙城区的天际线，江面宽阔，远处高楼林立，天空晴朗,"{'province': '湖南省', 'city': '长沙市', 'district': '开福区', 'streetName': '湘江北路', 'streetNumber': 'XX号', 'poi': '三馆一厅旅游码头观景平台'}",112.981225,28.243205,"{'province': '湖南省', 'city': '长沙市', 'district': '开福区', 'street': '湘江北路', 'formatted_address': '湖南省长沙市开福区湘江北路[]'}",
Gallery-959,240-5-3,IMG_20250722_150825,2025-07-22 15:08:25,家庭合影; 湘江边; 自拍; 父母; 江景; 游船; 波光,无,冯浩然与父母在湘江边的栏杆旁合影，父母指着江对岸的建筑，冯浩然手持相机自拍，背景是波光粼粼的江水和游船,"{'province': '湖南省', 'city': '长沙市', 'district': '开福区', 'streetName': '湘江北路', 'streetNumber': 'XX号', 'poi': '三馆一厅旅游码头观景平台'}",112.981225,28.243205,"{'province': '湖南省', 'city': '长沙市', 'district': '开福区', 'street': '湘江北路', 'formatted_address': '湖南省长沙市开福区湘江北路[]'}",240-e
Gallery-960,240-5-2,IMG_20250722_211530,2025-07-22 21:15:30,文档扫描; 开销记录; 记账单; 手写; 台灯光; 书桌,"2025.07.22 开销记录
- 鲜花 (百合+满天星): 45元
- 停车费 (长沙南站): 15元
- 合计: 60元",冯浩然在书房台灯下，用手机扫描今日开销记录单，纸上列有‘鲜花’、‘停车费’等项目和金额，背景是笔记本电脑,"{'province': '湖南省', 'city': '长沙市', 'district': '岳麓区', 'streetName': '双塘路', 'streetNumber': '99号', 'poi': '岳麓区机关金星住宅小区'}",112.938578,28.221525,"{'province': '湖南省', 'city': '长沙市', 'district': '岳麓区', 'street': '桐梓坡路', 'formatted_address': '湖南省长沙市岳麓区桐梓坡路99号'}",240-e
Gallery-961,240-6-1,IMG_20250723_093025,2025-07-23 09:30:25,爱晚亭; 家庭合影; 岳麓山; 枫林; 细雨; 古建筑; 旅游打卡,无,冯浩然与父母在岳麓山爱晚亭前合影，身后是古朴的亭子和茂密的枫林，细雨蒙蒙增添诗意,"{'province': '湖南省', 'city': '长沙市', 'district': '岳麓区', 'streetName': '登高路', 'streetNumber': '58号', 'poi': '岳麓山风景名胜区爱晚亭'}",112.937564,28.180437,"{'province': '湖南省', 'city': '长沙市', 'district': '岳麓区', 'street': '登高路', 'formatted_address': '湖南省长沙市岳麓区登高路58号'}",240-f
Gallery-962,240-6-1,IMG_20250723_124015,2025-07-23 12:40:15,剁椒鱼头; 湘菜; 美食记录; 红色剁椒; 葱花; 木质餐桌; 午餐,无,冯浩然拍摄午餐桌上的剁椒鱼头，红亮的剁椒铺满鱼头，搭配翠绿的葱花，背景是餐厅的木质餐桌,"{'province': '湖南省', 'city': '长沙市', 'district': '岳麓区', 'streetName': '新民路', 'streetNumber': '6号', 'poi': '味上湘菜馆(岳麓山店)'}",112.941308,28.177037,"{'province': '湖南省', 'city': '长沙市', 'district': '岳麓区', 'street': '新民路', 'formatted_address': '湖南省长沙市岳麓区新民路[]'}",240-f
Gallery-963,a_20,IMG_20250723_161530,2025-07-23 16:15:30,文档扫描; 投资组合; 数据图表; 手机屏幕; 木质书桌; 工作资料,投资组合优化建议 - 客户：黄思琪 - 日期：2025-07-23 - 预期年化收益率：8.5%-12%,冯浩然用手机扫描一份关于投资组合的电子文档，屏幕上显示着数据图表和文字，背景是家中的木质书桌,"{'province': '湖南省', 'city': '长沙市', 'district': '岳麓区', 'streetName': '双塘路', 'streetNumber': '99号', 'poi': '岳麓区机关金星住宅小区家中书房'}",112.938578,28.221525,"{'province': '湖南省', 'city': '长沙市', 'district': '岳麓区', 'street': '桐梓坡路', 'formatted_address': '湖南省长沙市岳麓区桐梓坡路99号'}",a_20
Gallery-964,240-6-3,IMG_20250724_141520,2025-07-24 14:15:20,家庭午宴; 好友聚会; 清蒸鲈鱼; 莲藕排骨汤; 温馨聚餐; 家居餐厅,无,冯浩然与好友吴俊杰、彭雨晴以及父母围坐在餐桌前，桌上摆着清蒸鲈鱼、蒜蓉西兰花、西红柿炒蛋和莲藕排骨汤，背景是温馨的家居餐厅。,"{'province': '湖南省', 'city': '长沙市', 'district': '岳麓区', 'streetName': '双塘路', 'streetNumber': '99号', 'poi': '岳麓区机关金星住宅小区'}",112.938578,28.221525,"{'province': '湖南省', 'city': '长沙市', 'district': '岳麓区', 'street': '桐梓坡路', 'formatted_address': '湖南省长沙市岳麓区桐梓坡路99号'}",240-f
Gallery-965,240-6-3,IMG_20250724_164030,2025-07-24 16:40:30,梅溪湖; 节庆岛; 父母合影; 湖景; 城市建筑; 悠闲散步,无,冯浩然的父母冯建国和李秀英并肩站在梅溪湖公园节庆岛的观景平台上，面带微笑，身后是开阔的湖面和远处的城市岛建筑。,"{'province': '湖南省', 'city': '长沙市', 'district': '岳麓区', 'streetName': '梅溪湖路', 'streetNumber': 'XX号', 'poi': '梅溪湖公园-节庆岛'}",112.909362,28.194178,"{'province': '湖南省', 'city': '长沙市', 'district': '岳麓区', 'street': '梅溪湖路', 'formatted_address': '湖南省长沙市岳麓区梅溪湖路[]'}",240-f
Gallery-966,240-6-3,IMG_20250724_181500,2025-07-24 18:15:00,家庭观影; 客厅沙发; 水果拼盘; 电影时光; 亲情陪伴; 温馨时刻,无,冯浩然与父母在客厅沙发上放松地坐着，面前茶几上摆放着水果拼盘，电视屏幕正播放着电影《温暖的抱抱》的温馨画面。,"{'province': '湖南省', 'city': '长沙市', 'district': '岳麓区', 'streetName': '双塘路', 'streetNumber': '99号', 'poi': '岳麓区机关金星住宅小区'}",112.938578,28.221525,"{'province': '湖南省', 'city': '长沙市', 'district': '岳麓区', 'street': '桐梓坡路', 'formatted_address': '湖南省长沙市岳麓区桐梓坡路99号'}",240-f
Gallery-967,242-2,IMG_20250724_214500,2025-07-24 21:45:00,书房; 阅读; 投资书籍; 行程规划; 复盘笔记; 工作台,"《投资最重要的事》 - 霍华德·马克斯 著
明日行程：9:00 橘子洲头观光车预约
复盘要点：深度父子交流达成、体重控制启动执行",冯浩然在书房书桌上翻开《投资最重要的事》一书，旁边放着打开的笔记本电脑，屏幕上显示着明日行程规划文档和当日复盘笔记。,"{'province': '湖南省', 'city': '长沙市', 'district': '岳麓区', 'streetName': '双塘路', 'streetNumber': '99号', 'poi': '岳麓区机关金星住宅小区'}",112.938578,28.221525,"{'province': '湖南省', 'city': '长沙市', 'district': '岳麓区', 'street': '桐梓坡路', 'formatted_address': '湖南省长沙市岳麓区桐梓坡路99号'}",242-b
Gallery-968,240-7-1,IMG_20250725_094520,2025-07-25 09:45:20,青年毛泽东雕像; 父母合影; 湘江; 橘子洲头; 观光; 家庭出游,无,冯浩然在橘子洲头青年毛泽东雕像前为父母拍摄合影，父母并肩站立，身后是宏伟的雕像和湘江江景,"{'province': '湖南省', 'city': '长沙市', 'district': '岳麓区', 'streetName': '橘子洲头', 'streetNumber': 'XX号', 'poi': '橘子洲头景区青年毛泽东雕像广场'}",112.960521,28.168526,"{'province': '湖南省', 'city': '长沙市', 'district': '岳麓区', 'street': [], 'formatted_address': '湖南省长沙市岳麓区[][]'}",240-g
Gallery-969,240-7-1,IMG_20250725_101015,2025-07-25 10:10:15,湘江; 城市天际线; 橘子洲; 江景; 风光摄影; 长沙,无,冯浩然拍摄橘子洲头湘江对岸的城市天际线，江面宽阔，远处高楼林立，天空晴朗,"{'province': '湖南省', 'city': '长沙市', 'district': '岳麓区', 'streetName': '橘子洲头', 'streetNumber': 'XX号', 'poi': '橘子洲头景区环洲步道'}",112.960521,28.168526,"{'province': '湖南省', 'city': '长沙市', 'district': '岳麓区', 'street': [], 'formatted_address': '湖南省长沙市岳麓区[][]'}",240-g
Gallery-970,240-7-1,IMG_20250725_110530,2025-07-25 11:05:30,菊花茶; 青瓷茶具; 茶点; 木质桌面; 江景窗景; 休闲时光,无,冯浩然在橘子洲头茶舍拍摄桌上的菊花茶和茶点，青瓷茶具置于木质桌面，背景是窗外的江景,"{'province': '湖南省', 'city': '长沙市', 'district': '岳麓区', 'streetName': '橘子洲头', 'streetNumber': 'XX号', 'poi': '橘子洲头茶舍'}",112.960521,28.168526,"{'province': '湖南省', 'city': '长沙市', 'district': '岳麓区', 'street': [], 'formatted_address': '湖南省长沙市岳麓区[][]'}",240-g
Gallery-971,240-7-1,IMG_20250725_122205,2025-07-25 12:22:05,臭豆腐; 糖油粑粑; 龙脂猪血; 长沙小吃; 火宫殿; 美食记录,无,冯浩然在坡子街火宫殿拍摄桌上的经典小吃套餐，包括臭豆腐、糖油粑粑和龙脂猪血，餐具古色古香,"{'province': '湖南省', 'city': '长沙市', 'district': '天心区', 'streetName': '坡子街', 'streetNumber': '127号', 'poi': '火宫殿湘菜首府(坡子街店)'}",112.974268,28.190728,"{'province': '湖南省', 'city': '长沙市', 'district': '天心区', 'street': '坡子街', 'formatted_address': '湖南省长沙市天心区坡子街127号'}",240-g
Gallery-972,a_138,IMG_20250725_210520,2025-07-25 21:05:20,湘江夜景; 城市灯光; 江岸风光; 出租车视角; 夜晚街景,无,冯浩然在出租车后座拍摄窗外湘江风光带的夜景，江岸灯火璀璨，倒映在江面上,"{'province': '湖南省', 'city': '长沙市', 'district': '开福区', 'streetName': '湘江中路', 'streetNumber': 'XX号', 'poi': '湘江风光带（开福区段）'}",112.968908,28.187997,"{'province': '湖南省', 'city': '长沙市', 'district': '天心区', 'street': '湘江中路', 'formatted_address': '湖南省长沙市天心区湘江中路[]'}",a_138
Gallery-973,54-2-1,IMG_20250726_102015,2025-07-26 10:20:15,飞机舷窗; 云海; 高空; 阳光; 飞行途中; 航拍,无,冯浩然透过飞机舷窗拍摄窗外壮观的云海，阳光透过云层缝隙洒下，形成明暗交错的光影,"{'province': '湖北省', 'city': '武汉市', 'district': '黄陂区', 'streetName': '机场大道', 'streetNumber': 'XX号', 'poi': '武汉天河国际机场上空'}",114.219634,30.772048,"{'province': '湖北省', 'city': '武汉市', 'district': '黄陂区', 'street': '机场大道', 'formatted_address': '湖北省武汉市黄陂区机场大道[]'}",54-b
Gallery-974,54-2-1,IMG_20250726_114530,2025-07-26 11:45:30,机场自拍; 到达大厅; 指示牌; 行李转盘; 旅行打卡; 人物合影,到达大厅 Arrival Hall 武汉天河国际机场 Wuhan Tianhe International Airport,冯浩然在武汉天河机场T3航站楼到达大厅的指示牌前自拍，背景是繁忙的旅客和行李提取转盘,"{'province': '湖北省', 'city': '武汉市', 'district': '黄陂区', 'streetName': '机场大道', 'streetNumber': 'XX号', 'poi': '武汉天河国际机场T3航站楼到达大厅'}",114.218331,30.771873,"{'province': '湖北省', 'city': '武汉市', 'district': '黄陂区', 'street': '机场大道', 'formatted_address': '湖北省武汉市黄陂区机场大道[]'}",54-b
Gallery-975,54-2-1,IMG_20250726_115205,2025-07-26 11:52:05,便利店; 矿泉水; 货架; 商品陈列; 旅行补给; 细节特写,农夫山泉 2元/瓶 怡宝 2元/瓶 百岁山 3元/瓶,冯浩然拍摄机场便利店货架上整齐排列的矿泉水，品牌包括农夫山泉、怡宝和百岁山，光线明亮,"{'province': '湖北省', 'city': '武汉市', 'district': '黄陂区', 'streetName': '机场大道', 'streetNumber': 'XX号', 'poi': '武汉天河国际机场T3航站楼便利店'}",114.218331,30.771873,"{'province': '湖北省', 'city': '武汉市', 'district': '黄陂区', 'street': '机场大道', 'formatted_address': '湖北省武汉市黄陂区机场大道[]'}",54-b
Gallery-976,54-2-1,IMG_20250726_125520,2025-07-26 12:55:20,酒店前台; 房卡; 身份证; 宣传册; 办理入住; 文档扫描,武汉马哥孛罗酒店 Marco Polo Wuhan 房号：1523 入住时间：2025-07-26,冯浩然拍摄武汉马哥孛罗酒店前台办理入住时的场景，包括房卡、身份证和酒店宣传册,"{'province': '湖北省', 'city': '武汉市', 'district': '江岸区', 'streetName': '沿江大道', 'streetNumber': '159号', 'poi': '武汉马哥孛罗酒店大堂'}",114.301875,30.585463,"{'province': '湖北省', 'city': '武汉市', 'district': '江岸区', 'street': '沿江大道', 'formatted_address': '湖北省武汉市江岸区沿江大道159号'}",54-b
Gallery-977,a_54,IMG_20250726_133040,2025-07-26 13:30:40,充电设备; 床头柜; 数据线; 充电宝; 物品收纳; 酒店休整,无,冯浩然在酒店房间将充电宝、数据线和耳机整齐地摆放在床头柜上进行充电，背景是酒店房间的装饰,"{'province': '湖北省', 'city': '武汉市', 'district': '江岸区', 'streetName': '沿江大道', 'streetNumber': '159号', 'poi': '武汉马哥孛罗酒店1523房间'}",114.301835,30.585467,"{'province': '湖北省', 'city': '武汉市', 'district': '江岸区', 'street': '沿江大道', 'formatted_address': '湖北省武汉市江岸区沿江大道159号'}",a_54
Gallery-978,54-2-2,IMG_20250726_164520,2025-07-26 16:45:20,童年母校; 发小合影; 怀旧; 旧址; 人物合影; 风景打卡,无,冯浩然和张明轩在他们童年母校的原址前并肩站立合影，两人面带笑容，背景是已经改建的现代建筑,"{'province': '湖北省', 'city': '武汉市', 'district': '江岸区', 'streetName': '长春街', 'streetNumber': 'XX号', 'poi': '永清街吉林社区旧校址前'}",114.310014,30.605748,"{'province': '湖北省', 'city': '武汉市', 'district': '江岸区', 'street': '长春街', 'formatted_address': '湖北省武汉市江岸区长春街[]'}",54-b
Gallery-979,a_54,IMG_20250726_172510,2025-07-26 17:25:10,矿泉水; 湿纸巾; 便利店购物; 酒店桌面; 物品收纳; 休整,无,冯浩然拍摄从便利店购买的矿泉水和湿纸巾，物品放在酒店房间的木质桌面上，旁边是房卡,"{'province': '湖北省', 'city': '武汉市', 'district': '江岸区', 'streetName': '沿江大道', 'streetNumber': '159号', 'poi': '武汉马哥孛罗酒店1523房间'}",114.301835,30.585467,"{'province': '湖北省', 'city': '武汉市', 'district': '江岸区', 'street': '沿江大道', 'formatted_address': '湖北省武汉市江岸区沿江大道159号'}",a_54
Gallery-980,54-2-4,IMG_20250726_181015,2025-07-26 18:10:15,热干面; 三鲜豆皮; 面窝; 武汉美食; 老字号; 晚餐,无,冯浩然拍摄餐桌上摆放的热干面、三鲜豆皮和面窝，食物盛放在传统瓷碗和碟子里，冒着热气,"{'province': '湖北省', 'city': '武汉市', 'district': '江岸区', 'streetName': '胜利街', 'streetNumber': 'XX号', 'poi': '三镇民生甜食馆(总店)'}",114.297726,30.59699,"{'province': '湖北省', 'city': '武汉市', 'district': '江岸区', 'street': '胜利街', 'formatted_address': '湖北省武汉市江岸区胜利街[]'}",54-b
Gallery-981,54-2-4,IMG_20250726_181130,2025-07-26 18:11:30,菜单; 价目表; 老字号; 价格; 美食记录; 文档扫描,三镇民生甜食馆 热干面 6元 三鲜豆皮 8元 面窝 2元 糊米酒 4元 2025-07-26,冯浩然拍摄三镇民生甜食馆店内的菜单价目表，上面清晰列出了热干面、豆皮、糊米酒等菜品及价格,"{'province': '湖北省', 'city': '武汉市', 'district': '江岸区', 'streetName': '胜利街', 'streetNumber': 'XX号', 'poi': '三镇民生甜食馆(总店)'}",114.297726,30.59699,"{'province': '湖北省', 'city': '武汉市', 'district': '江岸区', 'street': '胜利街', 'formatted_address': '湖北省武汉市江岸区胜利街[]'}",54-b
Gallery-982,,IMG_20250728_093520,2025-07-28 09:35:20,PPT截图; 市场分析; K线图; 会议室; 投影屏幕; 晨会,无,冯浩然在团队晨会中拍摄了展示市场分析数据的PPT屏幕，屏幕上显示着K线图和关键指标，背景是会议室的白板和投影仪。,"{'province': '湖南省', 'city': '长沙市', 'district': '开福区', 'streetName': '芙蓉中路', 'streetNumber': '88号', 'poi': '湖南广电中心写字楼华泰证券办公室会议室'}",113.046548,28.235932,"{'province': '湖南省', 'city': '长沙市', 'district': '开福区', 'street': [], 'formatted_address': '湖南省长沙市开福区[][]'}",
Gallery-983,,IMG_20250728_180815,2025-07-28 18:08:15,街头风景; 地铁站; 夕阳; 写字楼; 通勤; 城市天际线,无,冯浩然在下班通勤路上拍摄了广电中心地铁站出口的街景，夕阳余晖洒在现代化的写字楼和熙攘的人群上，背景是城市的天际线。,"{'province': '湖南省', 'city': '长沙市', 'district': '开福区', 'streetName': '芙蓉中路', 'streetNumber': 'XX号', 'poi': '广电中心地铁站'}",113.046548,28.235932,"{'province': '湖南省', 'city': '长沙市', 'district': '开福区', 'street': [], 'formatted_address': '湖南省长沙市开福区[][]'}",
Gallery-984,a_240,IMG_20250728_183025,2025-07-28 18:30:25,美食; 西兰花; 鸡胸肉; 生鲜区; 超市货架; 健康食材,无,冯浩然在步步高超市的生鲜区拍摄了摆放整齐的新鲜西兰花和鸡胸肉，蔬菜翠绿，肉类色泽鲜红，背景是超市明亮的货架和价签。,"{'province': '湖南省', 'city': '长沙市', 'district': '岳麓区', 'streetName': '金星中路', 'streetNumber': '428号', 'poi': '步步高广场超市'}",112.935873,28.218553,"{'province': '湖南省', 'city': '长沙市', 'district': '岳麓区', 'street': '金星北路', 'formatted_address': '湖南省长沙市岳麓区金星北路428号'}",a_240
Gallery-985,a_240,IMG_20250728_192210,2025-07-28 19:22:10,美食; 健康晚餐; 鸡胸肉; 西兰花; 藜麦饭; 烹饪,无,冯浩然在家中厨房拍摄了刚出锅的晚餐，盘子里有煎好的鸡胸肉、水煮西兰花和藜麦饭，背景是干净的灶台和厨具。,"{'province': '湖南省', 'city': '长沙市', 'district': '岳麓区', 'streetName': '双塘路', 'streetNumber': '99号', 'poi': '岳麓区机关金星住宅小区家中厨房'}",112.938578,28.221525,"{'province': '湖南省', 'city': '长沙市', 'district': '岳麓区', 'street': '桐梓坡路', 'formatted_address': '湖南省长沙市岳麓区桐梓坡路99号'}",a_240
Gallery-986,,IMG_20250728_201015,2025-07-28 20:10:15,街头风景; 小区夜景; 林荫道; 路灯; 散步; 宁静,无,冯浩然在晚间散步时拍摄了小区内宁静的林荫小道，路灯散发着柔和的光晕，路旁是整齐的绿植和居民楼。,"{'province': '湖南省', 'city': '长沙市', 'district': '岳麓区', 'streetName': '双塘路', 'streetNumber': '99号', 'poi': '岳麓区机关金星住宅小区内'}",112.938578,28.221525,"{'province': '湖南省', 'city': '长沙市', 'district': '岳麓区', 'street': '桐梓坡路', 'formatted_address': '湖南省长沙市岳麓区桐梓坡路99号'}",
Gallery-987,,IMG_20250728_202240,2025-07-28 20:22:40,街头风景; 社区便利店; 夜景; 招牌; 城市街拍; 散步,无,冯浩然在散步途中拍摄了银双路街角的社区便利店，明亮的招牌在夜色中格外醒目，门口有零星的行人经过。,"{'province': '湖南省', 'city': '长沙市', 'district': '岳麓区', 'streetName': '银双路', 'streetNumber': 'XX号', 'poi': '社区便利店'}",112.936049,28.213108,"{'province': '湖南省', 'city': '长沙市', 'district': '岳麓区', 'street': '银双路', 'formatted_address': '湖南省长沙市岳麓区银双路[]'}",
Gallery-988,25-3,IMG_20250729_170530,2025-07-29 17:05:30,文档扫描; 挂牌文件; 办公桌面; 手机拍照; 房产交易; 工作记录,"房屋挂牌委托确认书
物业地址：湖南省长沙市岳麓区双塘路99号 岳麓区机关金星住宅小区 X栋XXX室
挂牌价格：1,850,000元
挂牌平台：贝壳找房、链家APP
经纪人：陆家明 联系电话：138XXXX5678
挂牌生效日期：2025年7月29日",冯浩然在办公室用手机扫描一份公寓挂牌确认文件，文件平铺在办公桌的木质桌面上，旁边放着签字笔和一杯绿茶,"{'province': '湖南省', 'city': '长沙市', 'district': '开福区', 'streetName': '芙蓉中路', 'streetNumber': '88号', 'poi': '华泰证券股份有限公司办公室'}",112.986675,28.223728,"{'province': '湖南省', 'city': '长沙市', 'district': '开福区', 'street': '芙蓉中路', 'formatted_address': '湖南省长沙市开福区芙蓉中路88号'}",25-c
Gallery-989,,IMG_20250730_080520,2025-07-30 08:05:20,地铁站台; 清晨阳光; 通勤人群; 城市交通; 玻璃幕墙,无,冯浩然在上班通勤途中拍摄长沙地铁3号线阜埠河站的站台，清晨的阳光透过玻璃幕墙洒在站台上，乘客正在有序候车,"{'province': '湖南省', 'city': '长沙市', 'district': '岳麓区', 'streetName': '阜埠河路', 'streetNumber': 'XX号', 'poi': '长沙地铁3号线阜埠河站'}",112.947635,28.166545,"{'province': '湖南省', 'city': '长沙市', 'district': '岳麓区', 'street': '阜埠河路', 'formatted_address': '湖南省长沙市岳麓区阜埠河路[]'}",
Gallery-990,,IMG_20250730_182015,2025-07-30 18:20:15,轻食沙拉; 牛油果; 鸡胸肉; 健康晚餐; 超市采购,无,冯浩然在下班后于盒马鲜生河西王府井店拍摄一份刚购买的轻食沙拉，沙拉色彩鲜艳，包含牛油果、鸡胸肉和多种蔬菜，摆放在超市的冷藏柜前,"{'province': '湖南省', 'city': '长沙市', 'district': '岳麓区', 'streetName': '金星中路', 'streetNumber': 'XX号', 'poi': '盒马鲜生河西王府井店'}",112.933366,28.218274,"{'province': '湖南省', 'city': '长沙市', 'district': '岳麓区', 'street': '金星中路', 'formatted_address': '湖南省长沙市岳麓区金星中路[]'}",
Gallery-991,113-7-2,IMG_20250731_123015,2025-07-31 12:30:15,小炒黄牛肉; 手撕包菜; 湘菜; 好友聚餐; 快餐店; 木质餐桌,无,冯浩然与好友郑文博在“老长沙味道”快餐店享用午餐，桌上摆着香气扑鼻的小炒黄牛肉和手撕包菜，背景是简约的餐厅环境。,"{'province': '湖南省', 'city': '长沙市', 'district': '开福区', 'streetName': '传媒路', 'streetNumber': 'XX号', 'poi': '老长沙味道快餐店'}",113.0459,28.246161,"{'province': '湖南省', 'city': '长沙市', 'district': '开福区', 'street': '传媒路', 'formatted_address': '湖南省长沙市开福区传媒路[]'}",113-g
Gallery-992,a_92,IMG_20250731_170520,2025-07-31 17:05:20,工作计划; Excel表格; 电脑屏幕; 明日规划; 办公室; 文档扫描,"8月1日工作计划
1. 完成林志豪Q3投资组合报告定稿 (09:00-11:00)
2. 与客户黄思琪进行电话复盘 (14:00-15:00)
3. 准备部门周会材料 (16:00-17:00)",冯浩然在办公室工位上拍摄电脑屏幕，屏幕上显示着“8月1日工作计划”的Excel表格，详细列出了报告定稿、客户电话复盘等任务项。,"{'province': '湖南省', 'city': '长沙市', 'district': '开福区', 'streetName': '芙蓉中路', 'streetNumber': '88号', 'poi': '华泰证券股份有限公司办公室'}",112.986675,28.223728,"{'province': '湖南省', 'city': '长沙市', 'district': '开福区', 'street': '芙蓉中路', 'formatted_address': '湖南省长沙市开福区芙蓉中路88号'}",a_92
Gallery-993,a_247,IMG_20250801_070525,2025-08-01 07:05:25,晨跑; 岳麓山; 林间小径; 晨光; 石板路; 光影; 爱晚亭远景,无,冯浩然在岳麓山爱晚亭附近的晨跑小径上，用手机拍摄清晨阳光透过树叶洒在石板路上的光影，背景是茂密的树林和远处亭子的轮廓。,"{'province': '湖南省', 'city': '长沙市', 'district': '岳麓区', 'streetName': '登高路', 'streetNumber': '58号', 'poi': '岳麓山风景名胜区'}",112.936104,28.183601,"{'province': '湖南省', 'city': '长沙市', 'district': '岳麓区', 'street': '登高路', 'formatted_address': '湖南省长沙市岳麓区登高路58号'}",a_247
Gallery-994,114-1,IMG_20250801_122015,2025-08-01 12:20:15,牛肉拉面; 午餐; 热气腾腾; 葱花; 兰州拉面馆; 美食记录,无,冯浩然在兰州拉面馆拍摄桌上刚端上来的牛肉拉面，热气腾腾的面条上铺着牛肉片和葱花，背景是同事郑文博正在看手机讨论自媒体的模糊身影。,"{'province': '湖南省', 'city': '长沙市', 'district': '开福区', 'streetName': '金鹰路', 'streetNumber': 'XX号', 'poi': '兰州拉面馆'}",113.043533,28.238287,"{'province': '湖南省', 'city': '长沙市', 'district': '开福区', 'street': '金鹰路', 'formatted_address': '湖南省长沙市开福区金鹰路[]'}",114-a
Gallery-995,20-19,IMG_20250801_150510,2025-08-01 15:05:10,工作汇报; PPT截图; 笔记本电脑屏幕; 数据图表; 七月总结; 投资顾问,七月客户项目亮点 2025年7月 冯浩然 华泰证券投资顾问部,冯浩然在向上司钱永强汇报时，用手机拍摄了笔记本电脑屏幕上展示的七月工作总结PPT页面，页面标题为‘七月客户项目亮点’，包含数据图表和要点。,"{'province': '湖南省', 'city': '长沙市', 'district': '开福区', 'streetName': '三一大道', 'streetNumber': 'XX号', 'poi': '湖南广电中心写字楼-钱永强办公室'}",113.046548,28.235932,"{'province': '湖南省', 'city': '长沙市', 'district': '开福区', 'street': '三一大道', 'formatted_address': '湖南省长沙市开福区三一大道[]'}",20-s
Gallery-996,20-19,IMG_20250801_152025,2025-08-01 15:20:25,参会人员; 工作汇报; 上司指导; 白板讲解; 马克笔; 办公室环境,八月计划 客户案例模板化 自媒体尝试,冯浩然在汇报结束后，拍摄了上司钱永强站在办公室白板前，手持马克笔正在对汇报内容进行补充讲解的场景，白板上写有‘八月计划’和‘客户案例模板化’等关键词。,"{'province': '湖南省', 'city': '长沙市', 'district': '开福区', 'streetName': '三一大道', 'streetNumber': 'XX号', 'poi': '湖南广电中心写字楼-钱永强办公室'}",113.046548,28.235932,"{'province': '湖南省', 'city': '长沙市', 'district': '开福区', 'street': '三一大道', 'formatted_address': '湖南省长沙市开福区三一大道[]'}",20-s
Gallery-997,a_247,IMG_20250802_072530,2025-08-02 07:25:30,晨跑; 西湖公园; 步道; 晨光; 绿树; 街头风景,无,冯浩然在西湖公园外围步道晨跑时，拍摄了晨光下的公园入口，步道整洁，绿树成荫，远处有晨练的市民,"{'province': '湖南省', 'city': '长沙市', 'district': '岳麓区', 'streetName': '双塘路', 'streetNumber': '99号', 'poi': '西湖公园'}",112.939929,28.202632,"{'province': '湖南省', 'city': '长沙市', 'district': '岳麓区', 'street': '双塘路', 'formatted_address': '湖南省长沙市岳麓区双塘路[]'}",a_247
Gallery-998,24-6,IMG_20250802_150105,2025-08-02 15:01:05,手冲咖啡; 耶加雪菲; 咖啡馆; 笔记本电脑; 书籍; 雨天; 美食记录,无,冯浩然在一丹咖啡厅靠窗位置，拍摄了面前刚冲泡好的耶加雪菲手冲咖啡，咖啡杯旁放着笔记本电脑和《思考，快与慢》一书，窗外雨势渐大,"{'province': '湖南省', 'city': '长沙市', 'district': '芙蓉区', 'streetName': '浏阳河大道', 'streetNumber': 'XX号', 'poi': '一丹咖啡厅(浏阳河店)'}",113.039134,28.174765,"{'province': '湖南省', 'city': '长沙市', 'district': '芙蓉区', 'street': '浏阳河大道', 'formatted_address': '湖南省长沙市芙蓉区浏阳河大道[]'}",24-f
Gallery-999,24-6,IMG_20250802_184520,2025-08-02 18:45:20,湘菜; 庆祝晚餐; 好友聚会; 举杯; 人物合影; 美食记录,无,冯浩然与好友吴俊杰在西湖建新安置小区湘菜馆庆祝晚餐，两人以茶代酒举杯，桌上摆着几道经典湘菜，背景是餐馆的暖色灯光和装饰,"{'province': '湖南省', 'city': '长沙市', 'district': '岳麓区', 'streetName': '银双路', 'streetNumber': 'XX号', 'poi': '西湖建新安置小区湘菜馆'}",112.937354,28.220409,"{'province': '湖南省', 'city': '长沙市', 'district': '岳麓区', 'street': '银双路', 'formatted_address': '湖南省长沙市岳麓区银双路[]'}",24-f
Gallery-1000,24-6,IMG_20250802_190815,2025-08-02 19:08:15,剁椒鱼头; 湘菜; 美食特写; 红色剁椒; 白色瓷盘; 美食记录,无,冯浩然在湘菜馆拍摄了桌上的特色菜——剁椒鱼头，红色的剁椒铺满鱼头，点缀着葱花，盛在白色大瓷盘中，引人食欲,"{'province': '湖南省', 'city': '长沙市', 'district': '岳麓区', 'streetName': '银双路', 'streetNumber': 'XX号', 'poi': '西湖建新安置小区湘菜馆'}",112.937354,28.220409,"{'province': '湖南省', 'city': '长沙市', 'district': '岳麓区', 'street': '银双路', 'formatted_address': '湖南省长沙市岳麓区银双路[]'}",24-f
Gallery-1001,246-1,IMG_20250803_072015,2025-08-03 07:20:15,早餐; 运动手环; 手机屏幕; 数据图表; 晨跑; 岳麓山; 交流,"今日运动
总时长: 45:32
平均心率: 148 bpm
最大心率: 165 bpm
消耗热量: 412 kcal
...",晨跑后在山脚早餐店，桌上摆放着豆浆油条等早餐，旁边是冯浩然的运动手环和一部手机，手机屏幕正显示着今日晨跑的心率曲线图和体能消耗统计界面。,"{'province': '湖南省', 'city': '长沙市', 'district': '岳麓区', 'streetName': '登高路', 'streetNumber': '', 'poi': '岳麓山南门早餐店'}",112.941308,28.177037,"{'province': '湖南省', 'city': '长沙市', 'district': '岳麓区', 'street': '登高路', 'formatted_address': '湖南省长沙市岳麓区登高路[]'}",246-a
Gallery-1002,246-3,IMG_20250803_072315,2025-08-03 07:23:15,晨跑; 早餐店; 运动手环; 手机; 数据图表; 岳麓山; 交流; 复盘,"心率: 156 bpm
配速: 5'30""
距离: 8.2 km
消耗: 620 kcal",2025-08-03清晨，在岳麓山山脚的早餐店，桌上摆放着运动手环和手机（屏幕可能显示着跑步数据图表），背景可见岳麓山景，捕捉到晨跑后交流与复盘的生活瞬间。,"{'province': '湖南省', 'city': '长沙市', 'district': '岳麓区', 'streetName': '麓山路', 'streetNumber': '未知', 'poi': '岳麓山脚早餐店'}",112.936763,28.187549,"{'province': '湖南省', 'city': '长沙市', 'district': '岳麓区', 'street': '麓山路', 'formatted_address': '湖南省长沙市岳麓区麓山路[]'}",246-a
Gallery-1003,21-7-2,IMG_20250803_073215,2025-08-03 07:32:15,晨跑; 早餐; 运动手环; 交流; 岳麓山; 户外; 健康生活; 数据分析,,岳麓山晨跑后，与高云飞在山脚早餐店交流训练数据与生活心得。桌上可见运动手环和简单的早餐，氛围轻松融洽。,"{'province': '湖南省', 'city': '长沙市', 'district': '岳麓区', 'streetName': '登高路', 'streetNumber': '', 'poi': '岳麓山南门早餐店'}",112.941308,28.177037,"{'province': '湖南省', 'city': '长沙市', 'district': '岳麓区', 'street': '登高路', 'formatted_address': '湖南省长沙市岳麓区登高路[]'}",21-g
Gallery-1004,246-7,IMG_20250803_073215,2025-08-03 07:32:15,晨跑; 早餐; 运动手环; 心率数据; 朋友聊天; 岳麓山; 健康生活,"运动手环屏幕显示：
平均心率：158 bpm
最大心率：172 bpm
消耗：412 kcal
时长：00:42:15

桌上有豆浆、油条、小笼包。",岳麓山晨跑后早餐,"{'province': '湖南省', 'city': '长沙市', 'district': '岳麓区', 'streetName': '登高路', 'streetNumber': '58号', 'poi': '岳麓山南门早餐店'}",112.936606,28.180729,"{'province': '湖南省', 'city': '长沙市', 'district': '岳麓区', 'street': '登高路', 'formatted_address': '湖南省长沙市岳麓区登高路58号'}",246-a
Gallery-1005,246-4,IMG_20250803_073215,2025-08-03 07:32:15,晨跑复盘; 数据生活; 运动健康; 早餐聚会; 岳麓山; 智能手环,"心率 132 bpm
热量 420 kcal
时长 45:18
海拔 85m
早餐店
岳麓山南门",岳麓山晨跑后，与高云飞在山脚早餐店复盘运动数据。运动手环显示实时心率132bpm，消耗热量420kcal。边吃早餐边交流如何用数据分析优化生活决策，践行理性思维。,"{'province': '湖南省', 'city': '长沙市', 'district': '岳麓区', 'streetName': '登高路', 'streetNumber': '附近', 'poi': '岳麓山南门早餐店'}",112.941308,28.177037,"{'province': '湖南省', 'city': '长沙市', 'district': '岳麓区', 'street': '登高路', 'formatted_address': '湖南省长沙市岳麓区登高路[]'}",246-a
Gallery-1006,,IMG_20250803_113015,2025-08-03 11:30:15,香煎鸡胸肉; 蒜蓉西兰花; 蒸红薯; 白色瓷盘; 健康午餐; 厨房台面,无,冯浩然将香煎鸡胸肉、蒜蓉西兰花和蒸红薯整齐摆放在白色瓷盘中，背景是家中厨房的木质台面与不锈钢水槽。,"{'province': '湖南省', 'city': '长沙市', 'district': '岳麓区', 'streetName': '双塘路', 'streetNumber': '99号', 'poi': '岳麓区机关金星住宅小区'}",112.938578,28.221525,"{'province': '湖南省', 'city': '长沙市', 'district': '岳麓区', 'street': '桐梓坡路', 'formatted_address': '湖南省长沙市岳麓区桐梓坡路99号'}",
Gallery-1007,72-1,IMG_20250803_135520,2025-08-03 13:55:20,冰美式咖啡; 玻璃杯; 木质桌面; 笔记本电脑; 信用卡报告; 咖啡馆氛围,无,一杯冰美式咖啡放在小咖主咖啡店的木质桌面上，旁边是打开的笔记本电脑和打印出的信用卡报告，背景是咖啡馆的暖色灯光与绿植。,"{'province': '湖南省', 'city': '长沙市', 'district': '雨花区', 'streetName': '万家丽中路', 'streetNumber': '358号', 'poi': '五江生活广场小咖主咖啡店'}",113.029062,28.179423,"{'province': '湖南省', 'city': '长沙市', 'district': '雨花区', 'street': '万家丽中路', 'formatted_address': '湖南省长沙市雨花区万家丽中路358号'}",72-a
Gallery-1008,72-1,IMG_20250803_141030,2025-08-03 14:10:30,信用卡报告; 文档扫描; 数据图表; 纸质文件; 手机拍摄,"2024年度信用卡消费报告 - 总消费金额：¥86,543.21 - 报告日期：2025-01-15",信用卡年度报告的关键数据页面被手机摄像头扫描，页面标题和图表清晰可见，背景是咖啡馆的皮质座椅。,"{'province': '湖南省', 'city': '长沙市', 'district': '雨花区', 'streetName': '万家丽中路', 'streetNumber': '358号', 'poi': '五江生活广场小咖主咖啡店'}",113.029062,28.179423,"{'province': '湖南省', 'city': '长沙市', 'district': '雨花区', 'street': '万家丽中路', 'formatted_address': '湖南省长沙市雨花区万家丽中路358号'}",72-a
Gallery-1009,243-2-1,IMG_20250803_171245,2025-08-03 17:12:45,Excel图表; 月度支出趋势; 笔记本电脑屏幕; 财务分析; 数据可视化,月度总支出趋势图 (2024.01-2024.12) - 单位：元,笔记本电脑屏幕上显示着Excel生成的月度总支出趋势图，图表线条清晰，旁边是记录着分析结论的纸质笔记。,"{'province': '湖南省', 'city': '长沙市', 'district': '岳麓区', 'streetName': '双塘路', 'streetNumber': '99号', 'poi': '岳麓区机关金星住宅小区'}",112.938578,28.221525,"{'province': '湖南省', 'city': '长沙市', 'district': '岳麓区', 'street': '桐梓坡路', 'formatted_address': '湖南省长沙市岳麓区桐梓坡路99号'}",243-b
Gallery-1010,,IMG_20250804_084505,2025-08-04 08:45:05,写字楼; 玻璃幕墙; 清晨阳光; 通勤; 街拍; 现代建筑,无,冯浩然在湖南广电中心写字楼前拍摄清晨街景，阳光洒在玻璃幕墙上，远处可见三一大道上的车流,"{'province': '湖南省', 'city': '长沙市', 'district': '开福区', 'streetName': '三一大道', 'streetNumber': 'XX号', 'poi': '湖南广电中心写字楼'}",113.046548,28.235932,"{'province': '湖南省', 'city': '长沙市', 'district': '开福区', 'street': '三一大道', 'formatted_address': '湖南省长沙市开福区三一大道[]'}",
Gallery-1011,a_80,IMG_20250804_091015,2025-08-04 09:10:15,PPT截图; 投影屏幕; 养老金融; 数据图表; 晨会; 工作记录,本周研究重点：养老专属储蓄产品对比分析 2025-08-04,冯浩然在晨会上拍摄投影屏幕上的PPT，内容是关于本周养老金融产品研究重点的图表和数据,"{'province': '湖南省', 'city': '长沙市', 'district': '开福区', 'streetName': '三一大道', 'streetNumber': 'XX号', 'poi': '华泰证券办公室会议室'}",113.016375,28.233632,"{'province': '湖南省', 'city': '长沙市', 'district': '开福区', 'street': '三一大道', 'formatted_address': '湖南省长沙市开福区三一大道[]'}",a_80
Gallery-1012,80-3-1,IMG_20250804_104530,2025-08-04 10:45:30,文档扫描; 对比表格; 养老产品; 办公桌; 咖啡杯; 工作研究,养老金融产品对比分析表 - 工商银行 vs 建设银行 - 预期年化收益率：2.8%-4.2%,冯浩然在办公桌上拍摄一份打印的养老金融产品对比分析表格，旁边放着咖啡杯和签字笔,"{'province': '湖南省', 'city': '长沙市', 'district': '开福区', 'streetName': '三一大道', 'streetNumber': 'XX号', 'poi': '华泰证券办公室工位'}",113.016375,28.233632,"{'province': '湖南省', 'city': '长沙市', 'district': '开福区', 'street': '三一大道', 'formatted_address': '湖南省长沙市开福区三一大道[]'}",80-c
Gallery-1013,a_247,IMG_20250804_222030,2025-08-04 22:20:30,物品收纳; 晨跑衣物; 上班着装; 床头柜; 睡前准备; 生活规划,无,冯浩然在卧室床头柜上拍摄已经整理好的次日晨跑衣物和上班着装，包括运动T恤、跑鞋和熨烫好的衬衫,"{'province': '湖南省', 'city': '长沙市', 'district': '岳麓区', 'streetName': '双塘路', 'streetNumber': '99号', 'poi': '岳麓区机关金星住宅小区自家卧室'}",112.938578,28.221525,"{'province': '湖南省', 'city': '长沙市', 'district': '岳麓区', 'street': '桐梓坡路', 'formatted_address': '湖南省长沙市岳麓区桐梓坡路99号'}",a_247
Gallery-1014,,IMG_20250805_065530,2025-08-05 06:55:30,手冲咖啡; 全麦吐司; 早餐; 陶瓷杯; 木质餐桌; 清晨,无,冯浩然在自家餐桌上拍摄手冲咖啡和全麦吐司早餐，背景是厨房的白色瓷砖墙面和清晨的阳光,"{'province': '湖南省', 'city': '长沙市', 'district': '岳麓区', 'streetName': '双塘路', 'streetNumber': '99号', 'poi': '岳麓区机关金星住宅小区'}",112.938578,28.221525,"{'province': '湖南省', 'city': '长沙市', 'district': '岳麓区', 'street': '桐梓坡路', 'formatted_address': '湖南省长沙市岳麓区桐梓坡路99号'}",
Gallery-1015,,IMG_20250805_121520,2025-08-05 12:15:20,牛肉拉面; 午餐; 美食; 热气腾腾; 青花瓷碗; 同事聚餐,无,冯浩然在拉面馆拍摄一碗热气腾腾的招牌牛肉拉面，同事郑文博的手出现在画面边缘，背景是餐厅的木质桌椅,"{'province': '湖南省', 'city': '长沙市', 'district': '开福区', 'streetName': '金鹰路', 'streetNumber': 'XX号', 'poi': '中国兰州拉面(广电店)'}",113.040558,28.243161,"{'province': '湖南省', 'city': '长沙市', 'district': '开福区', 'street': '金鹰路', 'formatted_address': '湖南省长沙市开福区金鹰路[]'}",
Gallery-1016,a_92,IMG_20250805_144510,2025-08-05 14:45:10,客户报告; 文档扫描; A4纸; 金融分析; 办公桌; 紧急沟通,客户持仓分析报告 - 黄思琪 - 2025-08-05 - 港股异动初步评估,冯浩然在办公室工位上拍摄一份打印出来的客户持仓分析报告，报告标题和关键数据清晰可见，旁边放着签字笔,"{'province': '湖南省', 'city': '长沙市', 'district': '开福区', 'streetName': '三一大道', 'streetNumber': 'XX号', 'poi': '湖南广电中心写字楼'}",113.046548,28.235932,"{'province': '湖南省', 'city': '长沙市', 'district': '开福区', 'street': '三一大道', 'formatted_address': '湖南省长沙市开福区三一大道[]'}",a_92
Gallery-1017,62-3-1,IMG_20250806_193500,2025-08-06 19:35:00,天文台; 展览区; 探月工程; 嫦娥五号; 展板; 科普; 星空背景,中国探月工程 - 嫦娥五号月球采样返回任务 2020年11月24日发射,冯浩然在湖南省天文台展览区拍摄中国探月工程展板，展板上展示着嫦娥五号着陆器和月球车模型，背景是深蓝色的星空图,"{'province': '湖南省', 'city': '长沙市', 'district': '望城区', 'streetName': '金星北路', 'streetNumber': 'XX号', 'poi': '湖南省天文台展览区'}",112.871107,28.313761,"{'province': '湖南省', 'city': '长沙市', 'district': '望城区', 'street': '金星北路', 'formatted_address': '湖南省长沙市望城区金星北路[]'}",62-c
Gallery-1018,62-3-1,IMG_20250806_202015,2025-08-06 20:20:15,PPT截图; 科普讲座; 系外行星; 发现方法; 图表; 报告厅; 投影屏幕,系外行星发现方法 1. 凌星法 (Transit Method) 2. 径向速度法 (Radial Velocity Method),冯浩然在报告厅拍摄讲座PPT，屏幕上显示着‘系外行星发现方法’的图表，内容包含凌星法和径向速度法，背景是昏暗的报告厅环境,"{'province': '湖南省', 'city': '长沙市', 'district': '望城区', 'streetName': '金星北路', 'streetNumber': 'XX号', 'poi': '湖南省天文台报告厅'}",112.871107,28.313761,"{'province': '湖南省', 'city': '长沙市', 'district': '望城区', 'street': '金星北路', 'formatted_address': '湖南省长沙市望城区金星北路[]'}",62-c
Gallery-1019,62-3-1,IMG_20250806_203020,2025-08-06 20:30:20,会场环境; 报告厅; 阶梯座椅; 观众背影; 讲座; 天文科普; 暗光环境,无,冯浩然在报告厅内拍摄会场环境，可以看到阶梯状的座椅和正在听讲的观众背影，讲台处有微弱的光线照亮讲师,"{'province': '湖南省', 'city': '长沙市', 'district': '望城区', 'streetName': '金星北路', 'streetNumber': 'XX号', 'poi': '湖南省天文台报告厅'}",112.871107,28.313761,"{'province': '湖南省', 'city': '长沙市', 'district': '望城区', 'street': '金星北路', 'formatted_address': '湖南省长沙市望城区金星北路[]'}",62-c
Gallery-1020,62-3-1,IMG_20250806_211530,2025-08-06 21:15:30,天文台穹顶; 望远镜; 夜景; 星空; 观测平台; 建筑轮廓; 深蓝色天空,无,冯浩然在观测平台上拍摄天文台穹顶和望远镜的夜景，巨大的白色穹顶在深蓝色夜空下轮廓分明，远处有城市灯光,"{'province': '湖南省', 'city': '长沙市', 'district': '望城区', 'streetName': '金星北路', 'streetNumber': 'XX号', 'poi': '湖南省天文台观测平台'}",112.871107,28.313761,"{'province': '湖南省', 'city': '长沙市', 'district': '望城区', 'street': '金星北路', 'formatted_address': '湖南省长沙市望城区金星北路[]'}",62-c
Gallery-1021,62-3-1,IMG_20250806_212200,2025-08-06 21:22:00,望远镜观测; 木星; 行星; 卫星; 目镜后拍摄; 天文摄影; 细节特写,无,冯浩然通过手机目镜后拍摄望远镜中的木星，画面中心是一个带有条纹的明亮光点，周围是几个较小的卫星光点，背景是纯黑色,"{'province': '湖南省', 'city': '长沙市', 'district': '望城区', 'streetName': '金星北路', 'streetNumber': 'XX号', 'poi': '湖南省天文台观测平台'}",112.871107,28.313761,"{'province': '湖南省', 'city': '长沙市', 'district': '望城区', 'street': '金星北路', 'formatted_address': '湖南省长沙市望城区金星北路[]'}",62-c
Gallery-1022,62-3-1,IMG_20250806_214500,2025-08-06 21:45:00,城市夜景; 湘江; 高楼大厦; 灯火; 观测平台; 远眺; 风景打卡,无,冯浩然在观测平台上拍摄远处城市的夜景，湘江对岸的高楼大厦灯火璀璨，与宁静的夜空形成对比,"{'province': '湖南省', 'city': '长沙市', 'district': '望城区', 'streetName': '金星北路', 'streetNumber': 'XX号', 'poi': '湖南省天文台观测平台'}",112.871107,28.313761,"{'province': '湖南省', 'city': '长沙市', 'district': '望城区', 'street': '金星北路', 'formatted_address': '湖南省长沙市望城区金星北路[]'}",62-c
Gallery-1023,153-7,IMG_20250807_070500,2025-08-07 07:05:00,湘江; 晨光; 江面; 裕湘纱厂; 城市天际线; 晨跑; 风景,无,冯浩然在湘江风光带晨跑时拍摄，晨光洒在宽阔的江面上，远处是裕湘纱厂历史建筑和城市天际线,"{'province': '湖南省', 'city': '长沙市', 'district': '岳麓区', 'streetName': '潇湘北路', 'streetNumber': 'XX号', 'poi': '湘江风光带（裕湘纱厂段）'}",112.955973,28.199962,"{'province': '湖南省', 'city': '长沙市', 'district': '岳麓区', 'street': '潇湘北路', 'formatted_address': '湖南省长沙市岳麓区潇湘北路[]'}",153-g
Gallery-1024,25-6-2,IMG_20250807_091500,2025-08-07 09:15:00,户型图; 宣传册; 洽谈桌; 楼盘资料; 文档扫描,正荣·梅溪山湖苑 建面约98㎡ 三室两厅两卫 参考总价：约220-250万元,冯浩然拍摄的正荣梅溪山湖苑98平米样板间户型图宣传册，平放在营销中心的洽谈桌上,"{'province': '湖南省', 'city': '长沙市', 'district': '岳麓区', 'streetName': '赏月路', 'streetNumber': 'XX号', 'poi': '正荣梅溪山湖苑营销中心'}",112.888078,28.173614,"{'province': '湖南省', 'city': '长沙市', 'district': '岳麓区', 'street': [], 'formatted_address': '湖南省长沙市岳麓区[][]'}",25-f
Gallery-1025,25-6-3,IMG_20250807_110500,2025-08-07 11:05:00,项目折页; 新风系统图; 园林效果图; 沙盘; 文档扫描,长沙如院 科技健康住宅 恒温恒湿新风系统 建面约105㎡ 三室两厅两卫 参考单价：约23000元/㎡,冯浩然拍摄的长沙如院项目介绍折页，上面印有恒温恒湿新风系统示意图和园林效果图，放在示范区沙盘旁的台面上,"{'province': '湖南省', 'city': '长沙市', 'district': '岳麓区', 'streetName': '麓谷大道', 'streetNumber': 'XX号', 'poi': '长沙如院销售中心'}",112.890911,28.213572,"{'province': '湖南省', 'city': '长沙市', 'district': '岳麓区', 'street': '麓谷大道', 'formatted_address': '湖南省长沙市岳麓区麓谷大道[]'}",25-f
Gallery-1026,25-6-3,IMG_20250807_143000,2025-08-07 14:30:00,房产证; 关键信息; 茶几; 文档扫描; 二手房,不动产权证书 权利人：王XX 坐落：长沙市岳麓区枫林三路889号万科城市花园X栋X单元XXX室 建筑面积：118.65㎡,冯浩然拍摄的万科城市花园二手房房产证关键信息页，平放在客厅的茶几上,"{'province': '湖南省', 'city': '长沙市', 'district': '岳麓区', 'streetName': '枫林三路', 'streetNumber': '889号', 'poi': '万科城市花园小区'}",112.873848,28.195065,"{'province': '湖南省', 'city': '长沙市', 'district': '岳麓区', 'street': '枫林三路', 'formatted_address': '湖南省长沙市岳麓区枫林三路889号'}",25-f
Gallery-1027,,IMG_20250807_200000,2025-08-07 20:00:00,通勤包; 笔记本电脑; 充电器; 笔记本; 笔; 物品收纳; 睡前准备,无,冯浩然将明日上班要用的笔记本电脑、充电器、笔记本和笔整齐地放入通勤包中，准备放在玄关处,"{'province': '湖南省', 'city': '长沙市', 'district': '岳麓区', 'streetName': '双塘路', 'streetNumber': '99号', 'poi': '岳麓区机关金星住宅小区'}",112.938578,28.221525,"{'province': '湖南省', 'city': '长沙市', 'district': '岳麓区', 'street': '桐梓坡路', 'formatted_address': '湖南省长沙市岳麓区桐梓坡路99号'}",
Gallery-1028,,IMG_20250808_071520,2025-08-08 07:15:20,早餐; 煎蛋; 培根; 手冲咖啡; 厨房; iPad; 财经资讯,无,冯浩然在家中厨房拍摄自己制作的早餐，包括煎蛋、培根和手冲咖啡，背景是整洁的厨房台面和iPad上显示的财经资讯。,"{'province': '湖南省', 'city': '长沙市', 'district': '岳麓区', 'streetName': '双塘路', 'streetNumber': '99号', 'poi': '岳麓区机关金星住宅小区'}",112.938578,28.221525,"{'province': '湖南省', 'city': '长沙市', 'district': '岳麓区', 'street': '桐梓坡路', 'formatted_address': '湖南省长沙市岳麓区桐梓坡路99号'}",
Gallery-1029,80-5-1,IMG_20250808_122530,2025-08-08 12:25:30,湘菜; 小炒黄牛肉; 午餐; 同事聚餐; 家常菜馆; 餐桌,无,冯浩然与同事郑文博在伟记家常菜馆用餐，拍摄桌上的小炒黄牛肉等湘菜菜品，背景是餐厅环境和正在交流的两人。,"{'province': '湖南省', 'city': '长沙市', 'district': '开福区', 'streetName': '万家丽北路', 'streetNumber': 'XX号', 'poi': '伟记家常菜馆'}",113.040967,28.238937,"{'province': '湖南省', 'city': '长沙市', 'district': '开福区', 'street': '万家丽北路', 'formatted_address': '湖南省长沙市开福区万家丽北路[]'}",80-e
Gallery-1030,65-2,IMG_20250809_095000,2025-08-09 09:50:00,深灰色SUV; 停车场; 水泥立柱; 指示牌; 出行准备,无,冯浩然在长沙南站西广场地下停车场拍摄自己的深灰色SUV，车辆停放在车位中，背景是停车场指示牌和水泥立柱,"{'province': '湖南省', 'city': '长沙市', 'district': '雨花区', 'streetName': '花侯路', 'streetNumber': 'XX号', 'poi': '长沙南站西广场地下停车场'}",113.0613,28.148082,"{'province': '湖南省', 'city': '长沙市', 'district': '雨花区', 'street': '花侯路', 'formatted_address': '湖南省长沙市雨花区花侯路[]'}",65-b
Gallery-1031,65-2,IMG_20250809_102000,2025-08-09 10:20:00,兄妹合影; 朋友聚会; 车站接站; 笑容; 行李箱,无,冯浩然与妹妹冯欣然、朋友李薇在长沙南站到达层B出站口合影，三人面带笑容，背景是车站人流和出站口标识,"{'province': '湖南省', 'city': '长沙市', 'district': '雨花区', 'streetName': '花侯路', 'streetNumber': 'XX号', 'poi': '长沙南站到达层B出站口'}",113.06551,28.147093,"{'province': '湖南省', 'city': '长沙市', 'district': '雨花区', 'street': '花侯路', 'formatted_address': '湖南省长沙市雨花区花侯路[]'}",65-b
Gallery-1032,65-2,IMG_20250809_121500,2025-08-09 12:15:00,爱晚亭; 枫叶; 合影; 栏杆; 古建筑; 游览,无,冯浩然在岳麓山爱晚亭前为妹妹冯欣然和李薇拍摄合影，两人倚靠在亭子栏杆上，背景是爱晚亭的飞檐和枫叶,"{'province': '湖南省', 'city': '长沙市', 'district': '岳麓区', 'streetName': '登高路', 'streetNumber': '58号', 'poi': '岳麓山爱晚亭'}",112.937564,28.180437,"{'province': '湖南省', 'city': '长沙市', 'district': '岳麓区', 'street': '登高路', 'formatted_address': '湖南省长沙市岳麓区登高路58号'}",65-b
Gallery-1033,65-2,IMG_20250809_130500,2025-08-09 13:05:00,岳麓书院; 导视牌; 牌匾; 历史简介; 古建筑; 参观,岳麓书院 - 中国四大书院之一 门票：40元/人 开放时间：07:30-18:00,冯浩然拍摄岳麓书院入口处的导视牌，上面刻有书院名称和历史简介，牌匾为深色木质,"{'province': '湖南省', 'city': '长沙市', 'district': '岳麓区', 'streetName': '登高路', 'streetNumber': '58号', 'poi': '岳麓书院'}",112.940805,28.180397,"{'province': '湖南省', 'city': '长沙市', 'district': '岳麓区', 'street': '登高路', 'formatted_address': '湖南省长沙市岳麓区登高路58号'}",65-b
Gallery-1034,,IMG_20250809_140500,2025-08-09 14:05:00,小炒黄牛肉; 辣椒炒肉; 湘菜; 白色瓷盘; 午餐; 美食,无,冯浩然拍摄午餐桌上的小炒黄牛肉和辣椒炒肉，菜品盛放在白色瓷盘中，色泽油亮，旁边有米饭和餐具,"{'province': '湖南省', 'city': '长沙市', 'district': '岳麓区', 'streetName': '麓山南路', 'streetNumber': '256号', 'poi': '老长沙口味馆'}",112.944833,28.172236,"{'province': '湖南省', 'city': '长沙市', 'district': '岳麓区', 'street': '麓山南路', 'formatted_address': '湖南省长沙市岳麓区麓山南路256号'}",
Gallery-1035,,IMG_20250809_172000,2025-08-09 17:20:00,城市街景; 高楼; 绿化带; 傍晚天空; 驾车; 移动视角,无,冯浩然在驾车途中拍摄车窗外掠过的城市街景，画面中有高楼、绿化带和傍晚的天空,"{'province': '湖南省', 'city': '长沙市', 'district': '芙蓉区', 'streetName': '浏阳河大道', 'streetNumber': '一段588号', 'poi': '一丹咖啡厅附近道路'}",113.039134,28.174765,"{'province': '湖南省', 'city': '长沙市', 'district': '芙蓉区', 'street': '浏阳河大道', 'formatted_address': '湖南省长沙市芙蓉区浏阳河大道[]'}",
Gallery-1036,a_156,IMG_20250809_174500,2025-08-09 17:45:00,湘菜馆; 包厢; 餐桌; 餐具; 预留; 晚餐准备,无,冯浩然在社区湘菜馆“老味社区厨房”的包厢内拍摄预留的餐桌，桌上已摆好餐具和茶水，环境整洁,"{'province': '湖南省', 'city': '长沙市', 'district': '岳麓区', 'streetName': '银双路', 'streetNumber': '318号', 'poi': '老味社区厨房湘菜馆'}",112.936049,28.213108,"{'province': '湖南省', 'city': '长沙市', 'district': '岳麓区', 'street': '银双路', 'formatted_address': '湖南省长沙市岳麓区银双路[]'}",a_156
Gallery-1037,a_156,IMG_20250809_183000,2025-08-09 18:30:00,剁椒鱼头; 湘菜; 红色剁椒; 椭圆形瓷盘; 晚餐; 接风宴,无,冯浩然拍摄晚餐桌上的剁椒鱼头，巨大的鱼头铺满红色剁椒，盛放在椭圆形大瓷盘中，热气腾腾,"{'province': '湖南省', 'city': '长沙市', 'district': '岳麓区', 'streetName': '银双路', 'streetNumber': '318号', 'poi': '老味社区厨房湘菜馆'}",112.936049,28.213108,"{'province': '湖南省', 'city': '长沙市', 'district': '岳麓区', 'street': '银双路', 'formatted_address': '湖南省长沙市岳麓区银双路[]'}",a_156
Gallery-1038,a_138,IMG_20250809_201000,2025-08-09 20:10:00,湘江夜景; 灯光; 江面倒影; 杜甫江阁; 万达广场; 散步,无,冯浩然在湘江风光带裕湘纱厂段拍摄对岸的璀璨夜景，江面倒映着灯光，远处是杜甫江阁和万达广场的轮廓,"{'province': '湖南省', 'city': '长沙市', 'district': '岳麓区', 'streetName': '潇湘中路', 'streetNumber': 'XX号', 'poi': '湘江风光带裕湘纱厂段'}",112.962754,28.221214,"{'province': '湖南省', 'city': '长沙市', 'district': '岳麓区', 'street': '潇湘中路', 'formatted_address': '湖南省长沙市岳麓区潇湘中路[]'}",a_138
Gallery-1039,,IMG_20250810_084530,2025-08-10 08:45:30,早餐; 煎蛋; 水果拼盘; 白色餐盘; 木质餐桌; 晨光,无,冯浩然将煎好的鸡蛋和切好的水果摆放在白色餐盘中，背景是家中的木质餐桌和清晨的阳光,"{'province': '湖南省', 'city': '长沙市', 'district': '岳麓区', 'streetName': '双塘路', 'streetNumber': '99号', 'poi': '岳麓区机关金星住宅小区家中厨房'}",112.938578,28.221525,"{'province': '湖南省', 'city': '长沙市', 'district': '岳麓区', 'street': '桐梓坡路', 'formatted_address': '湖南省长沙市岳麓区桐梓坡路99号'}",
Gallery-1040,,IMG_20250810_110520,2025-08-10 11:05:20,博物馆; 马王堆汉墓; 辛追夫人; 文物展柜; 人物合影; 历史感,无,冯浩然与妹妹冯欣然在湖南省博物馆马王堆汉墓陈列展厅的辛追夫人复原棺椁前合影，背景是深色展柜和文物灯光,"{'province': '湖南省', 'city': '长沙市', 'district': '开福区', 'streetName': '东风路', 'streetNumber': '50号', 'poi': '湖南省博物馆'}",112.993499,28.211876,"{'province': '湖南省', 'city': '长沙市', 'district': '开福区', 'street': '东风路', 'formatted_address': '湖南省长沙市开福区东风路50号'}",
Gallery-1041,,IMG_20250810_111815,2025-08-10 11:18:15,T型帛画; 文物细节; 汉代纹饰; 展柜玻璃; 博物馆灯光; 特写,无,冯浩然用手机近距离拍摄马王堆汉墓出土的T型帛画展品细节，画面聚焦于帛画上的精美纹饰和色彩,"{'province': '湖南省', 'city': '长沙市', 'district': '开福区', 'streetName': '东风路', 'streetNumber': '50号', 'poi': '湖南省博物馆'}",112.993499,28.211876,"{'province': '湖南省', 'city': '长沙市', 'district': '开福区', 'street': '东风路', 'formatted_address': '湖南省长沙市开福区东风路50号'}",
Gallery-1042,248-1-2,IMG_20250810_144550,2025-08-10 14:45:50,微单相机; 定焦镜头; 摄影装备; 黑色绒布; 说明书; 开箱,无,冯浩然将新购买的微单相机和镜头整齐摆放在书房的黑色绒布上，旁边是说明书和保修卡，背景是木质书桌,"{'province': '湖南省', 'city': '长沙市', 'district': '岳麓区', 'streetName': '双塘路', 'streetNumber': '99号', 'poi': '岳麓区机关金星住宅小区家中书房'}",112.938578,28.221525,"{'province': '湖南省', 'city': '长沙市', 'district': '岳麓区', 'street': '桐梓坡路', 'formatted_address': '湖南省长沙市岳麓区桐梓坡路99号'}",248-a
Gallery-1043,248-1-2,IMG_20250810_151020,2025-08-10 15:10:20,电脑屏幕; 投资组合; K线图; 股票代码; 财经数据; 文档扫描,华泰证券 投资组合概览 2025-08-08 收盘价 涨跌幅%,冯浩然用手机拍摄电脑屏幕上显示的投资组合分析图表，图表包含股票代码和涨跌幅数据,"{'province': '湖南省', 'city': '长沙市', 'district': '岳麓区', 'streetName': '双塘路', 'streetNumber': '99号', 'poi': '岳麓区机关金星住宅小区家中书房'}",112.938578,28.221525,"{'province': '湖南省', 'city': '长沙市', 'district': '岳麓区', 'street': '桐梓坡路', 'formatted_address': '湖南省长沙市岳麓区桐梓坡路99号'}",248-a
Gallery-1044,248-1-2,IMG_20250810_163540,2025-08-10 16:35:40,手冲咖啡; 咖啡杯; 咖啡豆卡片; 小饼干; 原木桌面; 下午茶,无,冯浩然拍摄咖啡厅桌上摆放的三杯手冲咖啡，咖啡杯旁有咖啡豆卡片和一小碟饼干，背景是原木色桌面和绿植,"{'province': '湖南省', 'city': '长沙市', 'district': '芙蓉区', 'streetName': '浏阳河大道', 'streetNumber': 'XX号', 'poi': '一丹咖啡厅'}",113.039134,28.174765,"{'province': '湖南省', 'city': '长沙市', 'district': '芙蓉区', 'street': '浏阳河大道', 'formatted_address': '湖南省长沙市芙蓉区浏阳河大道[]'}",248-a
Gallery-1045,248-1-2,IMG_20250810_170210,2025-08-10 17:02:10,环境人像; 咖啡厅窗边; 侧身照; 自然光; 街景虚化; 妹妹,无,冯浩然用新相机为妹妹冯欣然拍摄的侧身人像，她正看向窗外的街道，背景是咖啡厅的玻璃窗和朦胧的街景,"{'province': '湖南省', 'city': '长沙市', 'district': '芙蓉区', 'streetName': '浏阳河大道', 'streetNumber': 'XX号', 'poi': '一丹咖啡厅'}",113.039134,28.174765,"{'province': '湖南省', 'city': '长沙市', 'district': '芙蓉区', 'street': '浏阳河大道', 'formatted_address': '湖南省长沙市芙蓉区浏阳河大道[]'}",248-a
Gallery-1046,,IMG_20250810_181025,2025-08-10 18:10:25,东安仔鸡; 永州血鸭; 湘菜; 白色瓷盘; 红椒葱花; 晚餐,无,冯浩然拍摄新派湘菜馆餐桌上的东安仔鸡和永州血鸭，菜肴盛放在白色瓷盘中，点缀着红椒和葱花,"{'province': '湖南省', 'city': '长沙市', 'district': '岳麓区', 'streetName': '金星中路', 'streetNumber': '383号', 'poi': '长沙王府井FAMILY PARK购物中心(河西店)内某新派湘菜馆'}",112.933374,28.218775,"{'province': '湖南省', 'city': '长沙市', 'district': '岳麓区', 'street': '金星北路', 'formatted_address': '湖南省长沙市岳麓区金星北路383号'}",
Gallery-1047,,IMG_20250810_183315,2025-08-10 18:33:15,聚餐合影; 举杯; 餐厅灯光; 装饰画; 三人照; 温馨氛围,无,冯浩然与妹妹冯欣然、闺蜜在餐桌前举杯合影，背景是餐厅的暖色灯光和装饰画,"{'province': '湖南省', 'city': '长沙市', 'district': '岳麓区', 'streetName': '金星中路', 'streetNumber': '383号', 'poi': '长沙王府井FAMILY PARK购物中心(河西店)内某新派湘菜馆'}",112.933374,28.218775,"{'province': '湖南省', 'city': '长沙市', 'district': '岳麓区', 'street': '金星北路', 'formatted_address': '湖南省长沙市岳麓区金星北路383号'}",
Gallery-1048,248-1-2,IMG_20250810_194520,2025-08-10 19:45:20,公园夜景; 湖面倒影; 路灯光斑; 建筑灯光; 弱光环境; 长曝光,无,冯浩然在咸嘉湖景区用新相机拍摄的夜景，画面中湖面倒映着路灯和远处建筑的灯光，形成光斑虚化效果,"{'province': '湖南省', 'city': '长沙市', 'district': '岳麓区', 'streetName': '咸嘉湖路', 'streetNumber': 'XX号', 'poi': '咸嘉湖景区（西湖公园）'}",112.941743,28.209154,"{'province': '湖南省', 'city': '长沙市', 'district': '岳麓区', 'street': '咸嘉湖路', 'formatted_address': '湖南省长沙市岳麓区咸嘉湖路[]'}",248-a
Gallery-1049,,IMG_20250810_210510,2025-08-10 21:05:10,电脑屏幕; 照片文件夹; 缩略图; 文件管理; 文档扫描; 整理归档,2025-08-10 博物馆 咖啡厅 公园 已筛选 35张,冯浩然用手机拍摄电脑屏幕上显示的照片文件夹界面，界面中排列着白天拍摄的博物馆、咖啡厅和公园照片缩略图,"{'province': '湖南省', 'city': '长沙市', 'district': '岳麓区', 'streetName': '双塘路', 'streetNumber': '99号', 'poi': '岳麓区机关金星住宅小区家中书房'}",112.938578,28.221525,"{'province': '湖南省', 'city': '长沙市', 'district': '岳麓区', 'street': '桐梓坡路', 'formatted_address': '湖南省长沙市岳麓区桐梓坡路99号'}",
Gallery-1050,a_247,IMG_20250811_070525,2025-08-11 07:05:25,晨跑; 街道风景; 梧桐树; 清晨阳光; 人行道; 城市苏醒,无,冯浩然在晨跑途中用手机拍摄岳麓山脚下的街道，清晨的阳光透过梧桐树叶洒在干净的人行道上，远处可见晨练的市民身影。,"{'province': '湖南省', 'city': '长沙市', 'district': '岳麓区', 'streetName': '麓山南路', 'streetNumber': 'XX号', 'poi': '岳麓山风景区周边街道'}",112.929475,28.160134,"{'province': '湖南省', 'city': '长沙市', 'district': '岳麓区', 'street': '麓山南路', 'formatted_address': '湖南省长沙市岳麓区麓山南路[]'}",a_247
Gallery-1051,,IMG_20250811_122015,2025-08-11 12:20:15,午餐; 同事聚餐; 湘菜; 羽轻食餐厅; 举杯; 工作交流,无,冯浩然与同事郑文博在羽轻食餐厅共进午餐，桌上摆放着精致的湘菜套餐，两人举杯示意，背景是餐厅简约的木质装饰。,"{'province': '湖南省', 'city': '长沙市', 'district': '开福区', 'streetName': '金鹰路', 'streetNumber': 'XX号', 'poi': '羽轻食餐厅'}",113.043533,28.238287,"{'province': '湖南省', 'city': '长沙市', 'district': '开福区', 'street': '金鹰路', 'formatted_address': '湖南省长沙市开福区金鹰路[]'}",
Gallery-1052,249-1-1,IMG_20250811_161230,2025-08-11 16:12:30,工作文档; 电脑屏幕; 投资报告; 客户复盘; 金融分析; 办公桌,林志豪先生2025年第二季度投资组合复盘报告 - 华泰证券 - 报告日期：2025-08-11,冯浩然在办公室工位上拍摄电脑屏幕上显示的客户林志豪投资组合季度复盘报告定稿页面，报告标题和关键数据清晰可见。,"{'province': '湖南省', 'city': '长沙市', 'district': '开福区', 'streetName': '芙蓉中路', 'streetNumber': '88号', 'poi': '华泰证券股份有限公司办公室'}",112.986675,28.223728,"{'province': '湖南省', 'city': '长沙市', 'district': '开福区', 'street': '芙蓉中路', 'formatted_address': '湖南省长沙市开福区芙蓉中路88号'}",249-a
Gallery-1053,138-13,IMG_20250811_181045,2025-08-11 18:10:45,湘江风光; 黄昏江景; 雷雨前夕; 城市天际线; 乌云; 街拍,无,冯浩然下班后在湘江风光带使用新相机拍摄，镜头捕捉了雷雨前黄昏时分的湘江江面，乌云压境与远处城市的灯光形成鲜明对比。,"{'province': '湖南省', 'city': '长沙市', 'district': '岳麓区', 'streetName': '潇湘中路', 'streetNumber': 'XX号', 'poi': '长沙湘江风光带'}",112.955973,28.199962,"{'province': '湖南省', 'city': '长沙市', 'district': '岳麓区', 'street': '潇湘中路', 'formatted_address': '湖南省长沙市岳麓区潇湘中路[]'}",138-m
Gallery-1054,138-13,IMG_20250811_182200,2025-08-11 18:22:00,街拍人像; 运动剪影; 慢跑者; 江边步道; 晚霞; 光影,无,冯浩然在湘江风光带拍摄岸边步道上一位正在慢跑的运动者剪影，背景是波光粼粼的江水和橘红色的晚霞天空。,"{'province': '湖南省', 'city': '长沙市', 'district': '岳麓区', 'streetName': '潇湘中路', 'streetNumber': 'XX号', 'poi': '长沙湘江风光带'}",112.955973,28.199962,"{'province': '湖南省', 'city': '长沙市', 'district': '岳麓区', 'street': '潇湘中路', 'formatted_address': '湖南省长沙市岳麓区潇湘中路[]'}",138-m
Gallery-1055,,IMG_20250812_072015,2025-08-12 07:20:15,营养早餐; 煎蛋; 全麦面包; 手冲咖啡; 晨光; 木质餐桌; 健康饮食,无,冯浩然在家中餐桌上拍摄自己准备的营养早餐，包括煎蛋、全麦面包和一杯手冲咖啡，背景是晨光下的厨房窗台。,"{'province': '湖南省', 'city': '长沙市', 'district': '岳麓区', 'streetName': '双塘路', 'streetNumber': '99号', 'poi': '岳麓区机关金星住宅小区'}",112.938578,28.221525,"{'province': '湖南省', 'city': '长沙市', 'district': '岳麓区', 'street': '桐梓坡路', 'formatted_address': '湖南省长沙市岳麓区桐梓坡路99号'}",
Gallery-1056,a_247,IMG_20250813_070215,2025-08-13 07:02:15,晨跑; 滨江步道; 湘江; 城市天际线; 清晨; 慢跑,无,跑友高云飞在岳麓山南门附近的滨江步道上慢跑，身后是清晨的湘江和远处的城市天际线,"{'province': '湖南省', 'city': '长沙市', 'district': '岳麓区', 'streetName': '麓山南路', 'streetNumber': 'XX号', 'poi': '岳麓山南门滨江步道'}",112.941308,28.177037,"{'province': '湖南省', 'city': '长沙市', 'district': '岳麓区', 'street': '麓山南路', 'formatted_address': '湖南省长沙市岳麓区麓山南路[]'}",a_247
Gallery-1057,,IMG_20250813_121530,2025-08-13 12:15:30,香煎鸡胸肉; 西兰花炒虾仁; 杂粮饭; 健康午餐; 木质餐桌,无,一份香煎鸡胸肉、西兰花炒虾仁和杂粮饭摆放在家中的木质餐桌上，旁边放着一杯水,"{'province': '湖南省', 'city': '长沙市', 'district': '岳麓区', 'streetName': '双塘路', 'streetNumber': '99号', 'poi': '岳麓区机关金星住宅小区'}",112.938578,28.221525,"{'province': '湖南省', 'city': '长沙市', 'district': '岳麓区', 'street': '桐梓坡路', 'formatted_address': '湖南省长沙市岳麓区桐梓坡路99号'}",
Gallery-1058,24-9-1,IMG_20250813_141045,2025-08-13 14:10:45,房产过户; 申请表; 身份证复印件; 房产证复印件; 政务中心; 文档,"长沙市不动产登记申请表
申请人：冯浩然
房产地址：岳麓区双塘路99号
申请日期：2025-08-13
登记费：80元",一份房产过户申请材料平铺在长沙市政务服务中心的等候区桌面上，材料包括申请表、身份证复印件和房产证复印件,"{'province': '湖南省', 'city': '长沙市', 'district': '岳麓区', 'streetName': '金星北路', 'streetNumber': '一段20号', 'poi': '长沙市政务服务中心大楼'}",112.93129,28.235067,"{'province': '湖南省', 'city': '长沙市', 'district': '岳麓区', 'street': '金星北路一段', 'formatted_address': '湖南省长沙市岳麓区金星北路一段[]'}",24-i
Gallery-1059,,IMG_20250813_161020,2025-08-13 16:10:20,拿铁咖啡; 咖啡拉花; 木质吧台; 咖啡馆; 手冲咖啡,无,一杯拉花精致的拿铁咖啡放在豆兽咖啡店的木质吧台上，背景是暖色调的灯光和咖啡器具,"{'province': '湖南省', 'city': '长沙市', 'district': '岳麓区', 'streetName': '茶子山路', 'streetNumber': 'XX号', 'poi': '豆兽咖啡店'}",112.954321,28.241164,"{'province': '湖南省', 'city': '长沙市', 'district': '岳麓区', 'street': '茶子山路', 'formatted_address': '湖南省长沙市岳麓区茶子山路[]'}",
Gallery-1060,,IMG_20250813_202205,2025-08-13 20:22:05,胶片相机; 邮票收藏; 静物摄影; 黑色绒布; 补光灯; 微距,无,一个复古胶片相机和几枚邮票收藏品摆放在客厅静物台的黑色绒布上，旁边有一盏补光灯,"{'province': '湖南省', 'city': '长沙市', 'district': '岳麓区', 'streetName': '双塘路', 'streetNumber': '99号', 'poi': '岳麓区机关金星住宅小区'}",112.938578,28.221525,"{'province': '湖南省', 'city': '长沙市', 'district': '岳麓区', 'street': '桐梓坡路', 'formatted_address': '湖南省长沙市岳麓区桐梓坡路99号'}",
Gallery-1061,a_138,IMG_20250813_210815,2025-08-13 21:08:15,夜景; 车流光轨; 长曝光; 城市夜景; 阳台视角; 光绘,无,从家中阳台拍摄的夜晚街道，使用长曝光技术记录下穿梭的车流形成的光轨，远处有模糊的建筑灯光,"{'province': '湖南省', 'city': '长沙市', 'district': '岳麓区', 'streetName': '双塘路', 'streetNumber': '99号', 'poi': '岳麓区机关金星住宅小区'}",112.938578,28.221525,"{'province': '湖南省', 'city': '长沙市', 'district': '岳麓区', 'street': '桐梓坡路', 'formatted_address': '湖南省长沙市岳麓区桐梓坡路99号'}",a_138
Gallery-1062,,IMG_20250814_121520,2025-08-14 12:15:20,辣椒炒肉; 剁椒鱼头; 湘菜; 午餐; 同事聚餐; 白色瓷盘,无,冯浩然与同事郑文博在老长沙口味馆品尝辣椒炒肉和剁椒鱼头，菜品盛放在白色瓷盘中，背景是木质餐桌和餐厅环境,"{'province': '湖南省', 'city': '长沙市', 'district': '开福区', 'streetName': '金鹰路', 'streetNumber': 'XX号', 'poi': '老长沙口味馆'}",113.0459,28.246161,"{'province': '湖南省', 'city': '长沙市', 'district': '开福区', 'street': '金鹰路', 'formatted_address': '湖南省长沙市开福区金鹰路[]'}",
Gallery-1063,65-4,IMG_20250814_130510,2025-08-14 13:05:10,手冲咖啡; 耶加雪菲; 玻璃壶; 琥珀色; 咖啡馆吧台; 咖啡豆,无,冯浩然在心怡手冲咖啡馆拍摄刚冲泡好的耶加雪菲咖啡，咖啡液在玻璃壶中呈现琥珀色，背景是咖啡馆的吧台和咖啡豆袋,"{'province': '湖南省', 'city': '长沙市', 'district': '开福区', 'streetName': '传媒路', 'streetNumber': 'XX号', 'poi': '心怡手冲咖啡馆'}",113.044429,28.237237,"{'province': '湖南省', 'city': '长沙市', 'district': '开福区', 'street': '传媒路', 'formatted_address': '湖南省长沙市开福区传媒路[]'}",65-d
Gallery-1064,a_138,IMG_20250814_184530,2025-08-14 18:45:30,湘江; 夕阳; 江景; 橘子洲头; 城市天际线; 跑步; 风光带,无,冯浩然在湘江风光带跑步时拍摄的江景，夕阳下的湘江波光粼粼，远处可见橘子洲头和城市天际线,"{'province': '湖南省', 'city': '长沙市', 'district': '天心区', 'streetName': '湘江中路', 'streetNumber': 'XX号', 'poi': '湘江风光带（灵官渡段）'}",112.968025,28.17906,"{'province': '湖南省', 'city': '长沙市', 'district': '天心区', 'street': [], 'formatted_address': '湖南省长沙市天心区[][]'}",a_138
Gallery-1065,a_247,IMG_20250814_190215,2025-08-14 19:02:15,运动手表; 跑步数据; 配速; 心率; 公里数; 特写; 训练,无,冯浩然跑步时拍摄的运动手表特写，屏幕上显示着实时配速、心率和已完成的公里数,"{'province': '湖南省', 'city': '长沙市', 'district': '天心区', 'streetName': '湘江中路', 'streetNumber': 'XX号', 'poi': '湘江风光带'}",112.968025,28.17906,"{'province': '湖南省', 'city': '长沙市', 'district': '天心区', 'street': [], 'formatted_address': '湖南省长沙市天心区[][]'}",a_247
Gallery-1066,a_65,IMG_20250815_074530,2025-08-15 07:45:30,煎蛋; 平底锅; 全麦吐司; 牛奶; 厨房; 早餐; 高蛋白,无,冯浩然在家中厨房准备早餐，煎蛋在平底锅中滋滋作响，旁边放着全麦吐司和一杯牛奶，背景是整洁的灶台。,"{'province': '湖南省', 'city': '长沙市', 'district': '岳麓区', 'streetName': '双塘路', 'streetNumber': '99号', 'poi': '岳麓区机关金星住宅小区'}",112.938578,28.221525,"{'province': '湖南省', 'city': '长沙市', 'district': '岳麓区', 'street': '桐梓坡路', 'formatted_address': '湖南省长沙市岳麓区桐梓坡路99号'}",a_65
Gallery-1067,,IMG_20250815_080200,2025-08-15 08:02:00,通勤背包; 笔记本电脑; 工作资料; 书桌; 物品收纳; 整理,无,冯浩然将整理好的工作资料和笔记本电脑整齐地放入通勤背包中，背景是家中的书桌。,"{'province': '湖南省', 'city': '长沙市', 'district': '岳麓区', 'streetName': '双塘路', 'streetNumber': '99号', 'poi': '岳麓区机关金星住宅小区'}",112.938578,28.221525,"{'province': '湖南省', 'city': '长沙市', 'district': '岳麓区', 'street': '桐梓坡路', 'formatted_address': '湖南省长沙市岳麓区桐梓坡路99号'}",
Gallery-1068,,IMG_20250815_083520,2025-08-15 08:35:20,车流; 高楼大厦; 早高峰; 城市街道; 通勤; 车窗视角,无,冯浩然在通勤途中等红灯时，透过车窗拍摄芙蓉中路早高峰的车流与远处的高楼大厦。,"{'province': '湖南省', 'city': '长沙市', 'district': '开福区', 'streetName': '芙蓉中路', 'streetNumber': 'XX号', 'poi': '芙蓉中路沿线'}",112.987227,28.192249,"{'province': '湖南省', 'city': '长沙市', 'district': '开福区', 'street': '芙蓉中路', 'formatted_address': '湖南省长沙市开福区芙蓉中路[]'}",
Gallery-1069,114-2,IMG_20250815_194530,2025-08-15 19:45:30,人物合影; 密友; 餐厅包间; 微笑; 聚餐; 休闲,无,冯浩然与密友彭雨晴在餐厅包间内合影，两人手持茶杯微笑，背景是雅致的包间装饰。,"{'province': '湖南省', 'city': '长沙市', 'district': '岳麓区', 'streetName': '梅溪湖路', 'streetNumber': 'XX号', 'poi': '麓山湖畔花园主题餐厅'}",112.954848,28.199979,"{'province': '湖南省', 'city': '长沙市', 'district': '岳麓区', 'street': [], 'formatted_address': '湖南省长沙市岳麓区[][]'}",114-b
Gallery-1070,114-2,IMG_20250815_201015,2025-08-15 20:10:15,路线规划; 草稿纸; 自驾游; 手写笔记; 文档扫描; 策划,国庆自驾游路线：长沙-凤凰古城-梵净山-西江千户苗寨-荔波小七孔-贵阳 2025-10-01至2025-10-07,冯浩然用手机拍摄餐桌上讨论形成的自驾游路线规划草稿，纸上画有路线图和关键节点标注。,"{'province': '湖南省', 'city': '长沙市', 'district': '岳麓区', 'streetName': '梅溪湖路', 'streetNumber': 'XX号', 'poi': '麓山湖畔花园主题餐厅'}",112.954848,28.199979,"{'province': '湖南省', 'city': '长沙市', 'district': '岳麓区', 'street': [], 'formatted_address': '湖南省长沙市岳麓区[][]'}",114-b
Gallery-1071,a_138,IMG_20250815_224010,2025-08-15 22:40:10,相机存储卡; 相机镜头; 相机包; 书桌; 物品收纳; 摄影器材,无,冯浩然将清空后的相机存储卡和清洁好的镜头整齐地摆放在书房桌面的相机包旁。,"{'province': '湖南省', 'city': '长沙市', 'district': '岳麓区', 'streetName': '双塘路', 'streetNumber': '99号', 'poi': '岳麓区机关金星住宅小区'}",112.938578,28.221525,"{'province': '湖南省', 'city': '长沙市', 'district': '岳麓区', 'street': '桐梓坡路', 'formatted_address': '湖南省长沙市岳麓区桐梓坡路99号'}",a_138
Gallery-1072,,IMG_20250815_225520,2025-08-15 22:55:20,衬衫; 西裤; 衣柜; 熨烫; 衣物收纳; 通勤准备,无,冯浩然将明日要穿的衬衫和西裤熨烫平整后，挂在卧室衣柜的显眼位置。,"{'province': '湖南省', 'city': '长沙市', 'district': '岳麓区', 'streetName': '双塘路', 'streetNumber': '99号', 'poi': '岳麓区机关金星住宅小区'}",112.938578,28.221525,"{'province': '湖南省', 'city': '长沙市', 'district': '岳麓区', 'street': '桐梓坡路', 'formatted_address': '湖南省长沙市岳麓区桐梓坡路99号'}",
Gallery-1073,,IMG_20250816_072530,2025-08-16 07:25:30,早餐; 全麦吐司; 煎蛋; 黑咖啡; 木质餐桌; 晨光; 厨房,无,冯浩然将全麦吐司、煎蛋和黑咖啡整齐摆放在厨房的木质餐桌上，背景是整洁的料理台和窗外晨光。,"{'province': '湖南省', 'city': '长沙市', 'district': '岳麓区', 'streetName': '双塘路', 'streetNumber': '99号', 'poi': '岳麓区机关金星住宅小区'}",112.938578,28.221525,"{'province': '湖南省', 'city': '长沙市', 'district': '岳麓区', 'street': '桐梓坡路', 'formatted_address': '湖南省长沙市岳麓区桐梓坡路99号'}",
Gallery-1074,244-2-2,IMG_20250816_111520,2025-08-16 11:15:20,爱晚亭; 人物肖像; 红色廊柱; 枫林; 古建筑; 自然光; 旅游打卡,无,冯欣然站在爱晚亭的红色廊柱旁，微笑着望向镜头，背景是古色古香的亭台和葱郁的枫林。,"{'province': '湖南省', 'city': '长沙市', 'district': '岳麓区', 'streetName': '登高路', 'streetNumber': '58号', 'poi': '岳麓山风景名胜区-爱晚亭'}",112.937564,28.180437,"{'province': '湖南省', 'city': '长沙市', 'district': '岳麓区', 'street': '登高路', 'formatted_address': '湖南省长沙市岳麓区登高路58号'}",244-b
Gallery-1075,244-2-2,IMG_20250816_114005,2025-08-16 11:40:05,导览图; 景区地图; 指示牌; 岳麓山; 景点标注; 户外; 信息,"岳麓山风景名胜区导览图
爱晚亭
古麓山寺
岳麓书院
游览路线
服务电话：0731-8888XXXX",岳麓山景区导览图立牌，上面清晰地标注了爱晚亭、古麓山寺、岳麓书院等主要景点的位置和路线。,"{'province': '湖南省', 'city': '长沙市', 'district': '岳麓区', 'streetName': '登高路', 'streetNumber': '58号', 'poi': '岳麓山风景名胜区-登山步道'}",112.936104,28.183601,"{'province': '湖南省', 'city': '长沙市', 'district': '岳麓区', 'street': '登高路', 'formatted_address': '湖南省长沙市岳麓区登高路58号'}",244-b
Gallery-1076,a_250,IMG_20250816_125510,2025-08-16 12:55:10,紫苏跳水鱼; 湘菜; 创意菜; 白色瓷盘; 紫苏叶; 红椒; 美食特写,无,创意湘菜馆的招牌菜紫苏跳水鱼盛放在白色椭圆形瓷盘中，点缀着紫苏叶和红椒，热气腾腾。,"{'province': '湖南省', 'city': '长沙市', 'district': '岳麓区', 'streetName': '麓山南路', 'streetNumber': 'XX号', 'poi': '某创意湘菜馆'}",112.938341,28.165647,"{'province': '湖南省', 'city': '长沙市', 'district': '岳麓区', 'street': '麓山南路', 'formatted_address': '湖南省长沙市岳麓区麓山南路[]'}",a_250
Gallery-1077,a_65,IMG_20250816_135520,2025-08-16 13:55:20,驾驶视角; 橘子洲大桥; 湘江; 江景; 车内; 阳光; 城市交通,无,从车内视角拍摄橘子洲大桥的桥面和远处湘江的江景，阳光透过车窗洒在方向盘上。,"{'province': '湖南省', 'city': '长沙市', 'district': '岳麓区', 'streetName': '橘子洲大桥', 'streetNumber': 'XX号', 'poi': '橘子洲大桥'}",112.962729,28.195731,"{'province': '湖南省', 'city': '长沙市', 'district': '岳麓区', 'street': '橘子洲大桥', 'formatted_address': '湖南省长沙市岳麓区橘子洲大桥[]'}",a_65
Gallery-1078,244-2-2,IMG_20250816_143040,2025-08-16 14:30:40,毛泽东雕塑; 橘子洲头; 青年艺术雕像; 蓝天白云; 庄严肃穆; 旅游地标; 侧面视角,无,毛泽东青年艺术雕塑的宏伟侧面，在蓝天白云的映衬下显得格外庄严肃穆，雕塑前有游客驻足。,"{'province': '湖南省', 'city': '长沙市', 'district': '岳麓区', 'streetName': '橘子洲头', 'streetNumber': 'XX号', 'poi': '橘子洲头景区-毛泽东青年艺术雕塑'}",112.960324,28.167602,"{'province': '湖南省', 'city': '长沙市', 'district': '岳麓区', 'street': [], 'formatted_address': '湖南省长沙市岳麓区[][]'}",244-b
Gallery-1079,244-2-2,IMG_20250816_151230,2025-08-16 15:12:30,湘江边; 人物抓拍; 江风; 长发; 白色栏杆; 城市天际线; 动态瞬间,无,冯欣然倚靠在湘江边的白色栏杆上，江风吹动她的长发和衣角，她微笑着眺望宽阔的江面和对岸的城市天际线。,"{'province': '湖南省', 'city': '长沙市', 'district': '岳麓区', 'streetName': '橘子洲头', 'streetNumber': 'XX号', 'poi': '橘子洲头景区-湘江边步道'}",112.960521,28.168526,"{'province': '湖南省', 'city': '长沙市', 'district': '岳麓区', 'street': [], 'formatted_address': '湖南省长沙市岳麓区[][]'}",244-b
Gallery-1080,65-6,IMG_20250817_071520,2025-08-17 07:15:20,西式早餐; 煎太阳蛋; 全麦面包; 手冲咖啡; 木质餐桌; 清晨阳光; 家庭氛围,无,冯浩然在自家餐厅拍摄为妹妹和闺蜜准备的西式早餐，包括煎太阳蛋、烤全麦面包片和手冲耶加雪菲咖啡，背景是木质餐桌和清晨的阳光。,"{'province': '湖南省', 'city': '长沙市', 'district': '岳麓区', 'streetName': '双塘路', 'streetNumber': '99号', 'poi': '岳麓区机关金星住宅小区'}",112.938578,28.221525,"{'province': '湖南省', 'city': '长沙市', 'district': '岳麓区', 'street': '桐梓坡路', 'formatted_address': '湖南省长沙市岳麓区桐梓坡路99号'}",65-f
Gallery-1081,65-6,IMG_20250817_084530,2025-08-17 08:45:30,人物合影; 兄妹送别; 车站出发层; 玻璃幕墙; 旅行箱; 温馨告别,无,冯浩然与妹妹冯欣然、朋友李小红在长沙南站出发层合影留念，背景是车站的玻璃幕墙和送别的人群。,"{'province': '湖南省', 'city': '长沙市', 'district': '雨花区', 'streetName': '花侯路', 'streetNumber': 'XX号', 'poi': '长沙南站出发层'}",113.06551,28.147093,"{'province': '湖南省', 'city': '长沙市', 'district': '雨花区', 'street': '花侯路', 'formatted_address': '湖南省长沙市雨花区花侯路[]'}",65-f
Gallery-1082,65-6,IMG_20250817_085105,2025-08-17 08:51:05,挥手告别; 进站口; 抓拍瞬间; 背影; 旅途开始; 情感记录,无,冯欣然和李小红在长沙南站进站口转身挥手告别，冯浩然在远处用手机抓拍下这一瞬间。,"{'province': '湖南省', 'city': '长沙市', 'district': '雨花区', 'streetName': '花侯路', 'streetNumber': 'XX号', 'poi': '长沙南站进站口'}",113.06551,28.147093,"{'province': '湖南省', 'city': '长沙市', 'district': '雨花区', 'street': '花侯路', 'formatted_address': '湖南省长沙市雨花区花侯路[]'}",65-f
Gallery-1083,138-14,IMG_20250817_103015,2025-08-17 10:30:15,街头风景; 湖南大学; 树荫; 看书的学生; 斑驳阳光; 市井气息; 街拍测试,无,冯浩然在湖南大学麓山南路拍摄街头风景，画面中是周日午前树荫下看书的学生和斑驳的阳光。,"{'province': '湖南省', 'city': '长沙市', 'district': '岳麓区', 'streetName': '麓山南路', 'streetNumber': 'XX号', 'poi': '湖南大学校区'}",112.939291,28.166369,"{'province': '湖南省', 'city': '长沙市', 'district': '岳麓区', 'street': '麓山南路', 'formatted_address': '湖南省长沙市岳麓区麓山南路[]'}",138-n
Gallery-1084,138-14,IMG_20250817_104220,2025-08-17 10:42:20,街头艺人; 吉他弹唱; 老街巷; 烟火气; 观众驻足; 光影捕捉; 新设备测试,无,冯浩然在麓山南路老街巷拍摄街头艺人表演，艺人正在弹奏吉他，周围有零星观众驻足。,"{'province': '湖南省', 'city': '长沙市', 'district': '岳麓区', 'streetName': '麓山南路', 'streetNumber': 'XX号', 'poi': '麓山南路老街巷'}",112.938341,28.165647,"{'province': '湖南省', 'city': '长沙市', 'district': '岳麓区', 'street': '麓山南路', 'formatted_address': '湖南省长沙市岳麓区麓山南路[]'}",138-n
Gallery-1085,138-14,IMG_20250817_112005,2025-08-17 11:20:05,绿豆沙; 糖水店; 复古装饰; 夏日解暑; 木质桌椅; 休息片刻,无,冯浩然在“开心鬼中国糖水”店休息时，拍摄桌上的一碗绿豆沙和店内的复古装饰。,"{'province': '湖南省', 'city': '长沙市', 'district': '岳麓区', 'streetName': '麓山南路', 'streetNumber': 'XX号', 'poi': '开心鬼中国糖水'}",112.938341,28.165647,"{'province': '湖南省', 'city': '长沙市', 'district': '岳麓区', 'street': '麓山南路', 'formatted_address': '湖南省长沙市岳麓区麓山南路[]'}",138-n
Gallery-1086,a_247,IMG_20250818_065530,2025-08-18 06:55:30,晨跑; 拉伸; 爱晚亭; 枫林; 薄雾; 清晨; 运动服,无,冯浩然在岳麓山爱晚亭前的石阶上拉伸腿部，背景是清晨薄雾笼罩的枫林和古亭一角。,"{'province': '湖南省', 'city': '长沙市', 'district': '岳麓区', 'streetName': '登高路', 'streetNumber': '58号', 'poi': '岳麓山风景名胜区-爱晚亭'}",112.937564,28.180437,"{'province': '湖南省', 'city': '长沙市', 'district': '岳麓区', 'street': '登高路', 'formatted_address': '湖南省长沙市岳麓区登高路58号'}",a_247
Gallery-1087,,IMG_20250818_074520,2025-08-18 07:45:20,湘味米粉; 煎蛋; 手冲咖啡; 早餐; 木质餐桌; 财经新闻,无,冯浩然拍摄自己早餐桌上的湘味米粉和煎蛋，旁边放着一杯手冲咖啡和打开的财经新闻APP。,"{'province': '湖南省', 'city': '长沙市', 'district': '岳麓区', 'streetName': '双塘路', 'streetNumber': '99号', 'poi': '岳麓区机关金星住宅小区-家中餐厅'}",112.938578,28.221525,"{'province': '湖南省', 'city': '长沙市', 'district': '岳麓区', 'street': '桐梓坡路', 'formatted_address': '湖南省长沙市岳麓区桐梓坡路99号'}",
Gallery-1088,80-9,IMG_20250818_101520,2025-08-18 10:15:20,文档扫描; 养老金报告; 商业保险; 策略分析; 办公桌; 计算器,"商业保险与个人养老金互补策略分析
冯浩然
2025年8月
预期年化收益率：3.5%-5.8%",冯浩然用手机扫描一份打印的养老金报告草稿，页面标题为‘商业保险与个人养老金互补策略分析’，旁边放着计算器和笔记本。,"{'province': '湖南省', 'city': '长沙市', 'district': '开福区', 'streetName': '芙蓉中路', 'streetNumber': '88号', 'poi': '华泰证券股份有限公司-办公室'}",112.986675,28.223728,"{'province': '湖南省', 'city': '长沙市', 'district': '开福区', 'street': '芙蓉中路', 'formatted_address': '湖南省长沙市开福区芙蓉中路88号'}",80-i
Gallery-1089,80-9,IMG_20250818_113040,2025-08-18 11:30:40,电脑屏幕; 养老金图表; 数据分析; 柱状图; Excel; 金融报告,"个人养老金与商业保险配置建议图
年龄区间：30-35岁
配置比例：养老金60%，保险40%",冯浩然拍摄电脑屏幕上完成的养老金报告第二部分图表，图表展示了不同年龄段的保险与养老金配置比例。,"{'province': '湖南省', 'city': '长沙市', 'district': '开福区', 'streetName': '芙蓉中路', 'streetNumber': '88号', 'poi': '华泰证券股份有限公司-办公室'}",112.986675,28.223728,"{'province': '湖南省', 'city': '长沙市', 'district': '开福区', 'street': '芙蓉中路', 'formatted_address': '湖南省长沙市开福区芙蓉中路88号'}",80-i
Gallery-1090,27-2-2,IMG_20250818_122215,2025-08-18 12:22:15,同事聚餐; 石蛙火锅; 湘菜; 圆桌; 中式餐厅; 商务休闲,无,冯浩然与同事郑文博在餐厅的圆桌旁合影，两人面前摆着石蛙火锅和几道湘菜，背景是中式装修的墙面。,"{'province': '湖南省', 'city': '长沙市', 'district': '开福区', 'streetName': '金鹰路', 'streetNumber': 'XX号', 'poi': '围山四季石蛙甲鱼土鸡体验馆'}",113.043533,28.238287,"{'province': '湖南省', 'city': '长沙市', 'district': '开福区', 'street': '金鹰路', 'formatted_address': '湖南省长沙市开福区金鹰路[]'}",27-b
Gallery-1091,27-2-2,IMG_20250818_123005,2025-08-18 12:30:05,剁椒鱼头; 湘菜; 美食特写; 红色剁椒; 葱花; 陶瓷餐盘,无,冯浩然拍摄餐桌上的一盘剁椒鱼头特写，红亮的剁椒铺满鱼头，点缀着葱花，令人食欲大开。,"{'province': '湖南省', 'city': '长沙市', 'district': '开福区', 'streetName': '金鹰路', 'streetNumber': 'XX号', 'poi': '围山四季石蛙甲鱼土鸡体验馆'}",113.043533,28.238287,"{'province': '湖南省', 'city': '长沙市', 'district': '开福区', 'street': '金鹰路', 'formatted_address': '湖南省长沙市开福区金鹰路[]'}",27-b
Gallery-1092,,IMG_20250818_184530,2025-08-18 18:45:30,轻食晚餐; 蔬菜沙拉; 煎鸡胸肉; 酸奶; 健康饮食; 简约餐具,无,冯浩然拍摄自己制作好的轻食晚餐，包括蔬菜沙拉、煎鸡胸肉和酸奶，整齐摆放在家中的餐桌上。,"{'province': '湖南省', 'city': '长沙市', 'district': '岳麓区', 'streetName': '双塘路', 'streetNumber': '99号', 'poi': '岳麓区机关金星住宅小区-家中厨房'}",112.938578,28.221525,"{'province': '湖南省', 'city': '长沙市', 'district': '岳麓区', 'street': '桐梓坡路', 'formatted_address': '湖南省长沙市岳麓区桐梓坡路99号'}",
Gallery-1093,49-5,IMG_20250819_064520,2025-08-19 06:45:20,岳麓山; 晨光; 山林; 跑步; 追焦测试; 清晨,无,冯浩然在岳麓山晨跑时，用新相机拍摄晨光穿过山林，远处有模糊的跑者身影，测试追焦性能。,"{'province': '湖南省', 'city': '长沙市', 'district': '岳麓区', 'streetName': '麓山南路', 'streetNumber': 'XX号', 'poi': '岳麓山风景名胜区'}",112.936104,28.183601,"{'province': '湖南省', 'city': '长沙市', 'district': '岳麓区', 'street': '麓山南路', 'formatted_address': '湖南省长沙市岳麓区麓山南路[]'}",49-e
Gallery-1094,,IMG_20250819_080510,2025-08-19 08:05:10,早高峰; 车流; 高架桥; 城市风景; 通勤,无,冯浩然驾车通勤时，在芙蓉中路高架桥上拍摄早高峰车流，远处是湖南广电中心大楼。,"{'province': '湖南省', 'city': '长沙市', 'district': '开福区', 'streetName': '芙蓉中路', 'streetNumber': 'XX号', 'poi': '湖南广电中心写字楼附近'}",113.046548,28.235932,"{'province': '湖南省', 'city': '长沙市', 'district': '开福区', 'street': [], 'formatted_address': '湖南省长沙市开福区[][]'}",
Gallery-1095,a_80,IMG_20250819_084015,2025-08-19 08:40:15,研究报告; 文档扫描; 办公桌; 封面; 个人养老金,"个人养老金与商业保险互补策略研究报告
冯浩然
2025年8月19日
华泰证券投资顾问部",冯浩然在办公室整理报告，将一份打印的《个人养老金与商业保险互补策略研究报告》封面放在办公桌上进行扫描。,"{'province': '湖南省', 'city': '长沙市', 'district': '开福区', 'streetName': '芙蓉中路', 'streetNumber': '88号', 'poi': '华泰证券办公室'}",112.986675,28.223728,"{'province': '湖南省', 'city': '长沙市', 'district': '开福区', 'street': '芙蓉中路', 'formatted_address': '湖南省长沙市开福区芙蓉中路88号'}",a_80
Gallery-1096,25-12,IMG_20250819_152830,2025-08-19 15:28:30,不动产权证书; 房产过户; 文件; 窗口; 登记,"不动产权证书
权利人：冯浩然
坐落：湖南省长沙市岳麓区双塘路99号
不动产单元号：XXXXXXXXXXXXX
权利类型：国有建设用地使用权/房屋所有权
权利性质：出让/商品房
用途：城镇住宅用地/住宅
面积：XXX.XX平方米
使用期限：XXXX年XX月XX日起
登记机构：长沙市自然资源和规划局
2025年08月19日",冯浩然在长沙市不动产登记中心窗口，将刚刚领取的《不动产权证书》翻开，拍摄证书内页的关键信息。,"{'province': '湖南省', 'city': '长沙市', 'district': '岳麓区', 'streetName': '金星中路', 'streetNumber': 'XX号', 'poi': '长沙市不动产登记中心'}",112.934997,28.228466,"{'province': '湖南省', 'city': '长沙市', 'district': '岳麓区', 'street': '金星中路', 'formatted_address': '湖南省长沙市岳麓区金星中路[]'}",25-l
Gallery-1097,254-1-1,IMG_20250819_170510,2025-08-19 17:05:10,颈椎贴; 喷雾剂; 药品; 药房; 购物,无,冯浩然将购买的发热颈椎贴和缓解肌肉酸痛喷雾剂整齐摆放在药房收银台旁的柜台上，准备结账。,"{'province': '湖南省', 'city': '长沙市', 'district': '岳麓区', 'streetName': '双塘路', 'streetNumber': '9号', 'poi': '圆心德雅大药房'}",112.938932,28.215286,"{'province': '湖南省', 'city': '长沙市', 'district': '岳麓区', 'street': '双塘路', 'formatted_address': '湖南省长沙市岳麓区双塘路9号'}",254-a
Gallery-1098,a_247,IMG_20250820_064520,2025-08-20 06:45:20,晨跑; 合影; 爱晚亭; 岳麓山; 清晨; 山林; 运动,无,冯浩然与跑友高云飞在岳麓山爱晚亭前合影，身后是清晨的山林与古亭飞檐,"{'province': '湖南省', 'city': '长沙市', 'district': '岳麓区', 'streetName': '登高路', 'streetNumber': '58号', 'poi': '岳麓山风景名胜区爱晚亭'}",112.937564,28.180437,"{'province': '湖南省', 'city': '长沙市', 'district': '岳麓区', 'street': '登高路', 'formatted_address': '湖南省长沙市岳麓区登高路58号'}",a_247
Gallery-1099,,IMG_20250820_083520,2025-08-20 08:35:20,早高峰; 车流; 立交桥; 通勤; 城市交通; 车窗视角,无,冯浩然在早高峰的车流中，透过车窗拍摄前方拥堵的芙蓉中路立交桥,"{'province': '湖南省', 'city': '长沙市', 'district': '开福区', 'streetName': '芙蓉中路', 'streetNumber': 'XX号', 'poi': '芙蓉中路立交桥'}",112.987227,28.192249,"{'province': '湖南省', 'city': '长沙市', 'district': '开福区', 'street': '芙蓉中路', 'formatted_address': '湖南省长沙市开福区芙蓉中路[]'}",
Gallery-1100,26-3,IMG_20250820_091520,2025-08-20 09:15:20,交易确认单; 电脑屏幕; 股票代码; 建仓记录; 金融文档,华泰证券交易确认单 客户：冯浩然 股票代码：002XXX 成交价：25.30元 数量：1000股 成交时间：2025-08-20 09:05:22,冯浩然在办公室拍摄电脑屏幕上显示的交易确认单，上面有股票代码、成交价格和数量,"{'province': '湖南省', 'city': '长沙市', 'district': '开福区', 'streetName': '芙蓉中路', 'streetNumber': '88号', 'poi': '华泰证券办公室'}",112.986675,28.223728,"{'province': '湖南省', 'city': '长沙市', 'district': '开福区', 'street': '芙蓉中路', 'formatted_address': '湖南省长沙市开福区芙蓉中路88号'}",26-c
Gallery-1101,80-11,IMG_20250820_111520,2025-08-20 11:15:20,养老金模型; 蒙特卡洛模拟; 资产增长曲线; Excel图表; 数据分析,养老金资产配置模型 - 多情景模拟结果 基准情景：年化回报率 6.5% 模拟次数：10000次 生成时间：2025-08-20 11:10,冯浩然拍摄笔记本电脑屏幕上显示的养老金模型蒙特卡洛模拟结果图表，包含资产增长曲线,"{'province': '湖南省', 'city': '长沙市', 'district': '开福区', 'streetName': '芙蓉中路', 'streetNumber': '88号', 'poi': '华泰证券办公室'}",112.986675,28.223728,"{'province': '湖南省', 'city': '长沙市', 'district': '开福区', 'street': '芙蓉中路', 'formatted_address': '湖南省长沙市开福区芙蓉中路88号'}",80-k
Gallery-1102,114-4-2,IMG_20250820_153042,2025-08-20 15:30:42,手机截图; 财经新闻; 市场数据; K线图; 行业研报; 复盘,"财经快讯
2025-08-20 15:30

【市场动态】
今日A股三大指数震荡收涨，沪指报3520.15点，涨幅0.68%。半导体、新能源板块领涨。

【宏观数据】
国家统计局：7月CPI同比上涨2.1%，PPI同比下降1.2%。

【行业研报摘要】
中信证券-新能源车行业：政策利好持续，下半年销量有望超预期，重点关注电池及整车龙头。

【自选股提醒】
宁德时代(300750) 最新价 210.50元 涨幅 +3.5%
比亚迪(002594) 最新价 285.30元 涨幅 +2.8%

【交易记录复盘】
2025-08-20 买入 宁德时代 100股 @ 205.00元
决策原因：基于行业研报看好下半年需求，技术面突破前期平台。
风险评估：估值偏高，但成长性确定。
心理活动：对长期趋势有信心，短期波动可承受。",手机截图，显示财经新闻App的页面，内容为与2025-08-20相关的市场新闻标题、关键数据图表和行业研报摘要。,"{'province': '上海市', 'city': '上海市', 'district': '浦东新区', 'streetName': '世纪大道', 'streetNumber': '100号', 'poi': '上海环球金融中心'}",121.50776,31.234293,"{'province': '上海市', 'city': '上海市', 'district': '浦东新区', 'street': '世纪大道', 'formatted_address': '上海市上海市浦东新区世纪大道100号'}",114-d
Gallery-1103,,IMG_20250820_184520,2025-08-20 18:45:20,手冲咖啡; 巴拿马瑰夏; 咖啡杯; 木质吧台; 咖啡馆; 放松,无,冯浩然在一丹咖啡厅拍摄桌上的一杯巴拿马瑰夏手冲咖啡，背景是咖啡馆的木质吧台和暖色灯光,"{'province': '湖南省', 'city': '长沙市', 'district': '芙蓉区', 'streetName': '浏阳河大道', 'streetNumber': 'XX号', 'poi': '一丹咖啡厅（浏阳河店）'}",113.039134,28.174765,"{'province': '湖南省', 'city': '长沙市', 'district': '芙蓉区', 'street': '浏阳河大道', 'formatted_address': '湖南省长沙市芙蓉区浏阳河大道[]'}",
Gallery-1104,,IMG_20250820_194520,2025-08-20 19:45:20,虾仁炒饭; 晚餐; 家常菜; 白色瓷盘; 水果; 居家美食,无,冯浩然在家中拍摄晚餐的虾仁蔬菜炒饭，盛放在白色瓷盘中，旁边搭配切好的水果,"{'province': '湖南省', 'city': '长沙市', 'district': '岳麓区', 'streetName': '双塘路', 'streetNumber': '99号', 'poi': '岳麓区机关金星住宅小区'}",112.938578,28.221525,"{'province': '湖南省', 'city': '长沙市', 'district': '岳麓区', 'street': '桐梓坡路', 'formatted_address': '湖南省长沙市岳麓区桐梓坡路99号'}",
Gallery-1105,143-2,IMG_20250821_205015,2025-08-21 20:50:15,邮票收藏; 专题分类; 中国航天; 世界遗产; 护邮袋; 木质书桌; 书房,无,冯浩然在书房的书桌上整理邮票，将邮票按照‘中国航天工程里程碑’和‘联合国教科文组织中国世界遗产’两个专题分类摆放，背景是木质书桌和护邮袋,"{'province': '湖南省', 'city': '长沙市', 'district': '岳麓区', 'streetName': '双塘路', 'streetNumber': '99号', 'poi': '岳麓区机关金星住宅小区（家）书房'}",112.938578,28.221525,"{'province': '湖南省', 'city': '长沙市', 'district': '岳麓区', 'street': '桐梓坡路', 'formatted_address': '湖南省长沙市岳麓区桐梓坡路99号'}",143-b
Gallery-1106,143-2,IMG_20250821_210520,2025-08-21 21:05:20,JT邮票; 邮票品相; 镊子; 护邮袋; 收藏品; 特写; 微距,无,冯浩然用镊子小心地夹起一张品相完好的早期JT邮票，准备放入护邮袋，邮票细节清晰可见,"{'province': '湖南省', 'city': '长沙市', 'district': '岳麓区', 'streetName': '双塘路', 'streetNumber': '99号', 'poi': '岳麓区机关金星住宅小区（家）书房'}",112.938578,28.221525,"{'province': '湖南省', 'city': '长沙市', 'district': '岳麓区', 'street': '桐梓坡路', 'formatted_address': '湖南省长沙市岳麓区桐梓坡路99号'}",143-b
Gallery-1107,80-13,IMG_20250822_103015,2025-08-22 10:30:15,PPT截图; 养老金报告; 资产配置图表; 电脑屏幕; 金融分析; 工作文档,第三季度养老金投资策略分析 - 2025年8月 - 资产配置：固收类 45%，权益类 35%，另类投资 20%,冯浩然在办公室电脑屏幕上拍摄养老金报告PPT的截图，PPT标题为‘第三季度养老金投资策略分析’，图表展示了资产配置比例。,"{'province': '湖南省', 'city': '长沙市', 'district': '开福区', 'streetName': '芙蓉中路', 'streetNumber': '88号', 'poi': '湖南广电中心写字楼华泰证券办公室'}",113.046548,28.235932,"{'province': '湖南省', 'city': '长沙市', 'district': '开福区', 'street': [], 'formatted_address': '湖南省长沙市开福区[][]'}",80-m
Gallery-1108,,IMG_20250822_111220,2025-08-22 11:12:20,参会人员; 部门会议; 同事讨论; 会议室; 白板; 工作交流,无,冯浩然在部门晨会中拍摄同事郑文博和钱永强正在讨论工作的场景，背景是会议室的白板和投影仪。,"{'province': '湖南省', 'city': '长沙市', 'district': '开福区', 'streetName': '芙蓉中路', 'streetNumber': '88号', 'poi': '湖南广电中心写字楼华泰证券会议室'}",113.046548,28.235932,"{'province': '湖南省', 'city': '长沙市', 'district': '开福区', 'street': [], 'formatted_address': '湖南省长沙市开福区[][]'}",
Gallery-1109,251-2,IMG_20250822_143022,2025-08-22 14:30:22,屏幕截图; 资产管理; 电子表格; 保单; 财务记录; 电脑桌面,"资产管理表格
序号 保单号 保险公司 保险金额 备注
...
15 P20250822BJ001 平安人寿 1,000,000.00 重疾险，已归档
...",一张资产管理表格的电脑屏幕截图，显示新增了一行保单信息记录，包含保单号、保险公司、保险金额和备注等字段。,"{'province': '北京市', 'city': '北京市', 'district': '海淀区', 'streetName': '中关村大街', 'streetNumber': '1号', 'poi': '冯浩然的家'}",116.315419,39.983342,"{'province': '北京市', 'city': '北京市', 'district': '海淀区', 'street': '中关村大街', 'formatted_address': '北京市北京市海淀区中关村大街1号'}",251-b
Gallery-1110,,IMG_20250822_174510,2025-08-22 17:45:10,街头风景; 晚霞; 城市街道; 车流; 黄昏; 通勤途中,无,冯浩然在下班通勤途中，于加油站附近拍摄的晚霞映照下的城市街道风景，车流和远处的建筑笼罩在暖色调的光线中。,"{'province': '湖南省', 'city': '长沙市', 'district': '开福区', 'streetName': '新河路', 'streetNumber': '1号', 'poi': '中国石化金桥加油站附近街道'}",112.976119,28.225431,"{'province': '湖南省', 'city': '长沙市', 'district': '开福区', 'street': '新河路', 'formatted_address': '湖南省长沙市开福区新河路[]'}",
Gallery-1111,,IMG_20250823_121015,2025-08-23 12:10:15,牛肉粉; 白色瓷碗; 木质餐桌; 长沙美食; 午餐; 热气腾腾,无,冯浩然在老长沙粉面馆品尝招牌牛肉粉，热气腾腾的粉条和牛肉码子铺在白色瓷碗里，背景是简约的木质餐桌和店内食客,"{'province': '湖南省', 'city': '长沙市', 'district': '岳麓区', 'streetName': '后湖路', 'streetNumber': 'XX号', 'poi': '老长沙粉面馆(后湖小区店)'}",112.939745,28.155718,"{'province': '湖南省', 'city': '长沙市', 'district': '岳麓区', 'street': '后湖路', 'formatted_address': '湖南省长沙市岳麓区后湖路[]'}",
Gallery-1112,59-2-1,IMG_20250823_150530,2025-08-23 15:05:30,精品咖啡豆; 包装袋; 陶瓷杯; 吧台; 品鉴会; 手冲咖啡,埃塞俄比亚 古吉日晒 - 蓝莓/红酒韵 巴拿马 翡翠庄园水洗 - 茉莉花/柑橘 哥伦比亚 橡木桶发酵 - 威士忌/香草,冯浩然在心怡手冲咖啡馆拍摄吧台上三款精品咖啡豆的包装袋，旁边摆放着品鉴用的陶瓷杯和记录本，背景是暖色调的灯光和咖啡器具,"{'province': '湖南省', 'city': '长沙市', 'district': '芙蓉区', 'streetName': '浏阳河大道', 'streetNumber': 'XX号', 'poi': '心怡手冲咖啡馆'}",113.039134,28.174765,"{'province': '湖南省', 'city': '长沙市', 'district': '芙蓉区', 'street': '浏阳河大道', 'formatted_address': '湖南省长沙市芙蓉区浏阳河大道[]'}",59-b
Gallery-1113,138-15-1,IMG_20250823_194520,2025-08-23 19:45:20,杜甫江阁; 夜景; 湘江; 灯光倒影; 车流光轨; 城市风光; 蓝调时刻,无,冯浩然在湘江风光带拍摄杜甫江阁的璀璨夜景，灯光倒映在平静的江面上，远处是橘子洲大桥的车流光轨，天空呈现深蓝色调,"{'province': '湖南省', 'city': '长沙市', 'district': '天心区', 'streetName': '湘江中路', 'streetNumber': 'XX号', 'poi': '湘江风光带（杜甫江阁段）'}",112.968025,28.17906,"{'province': '湖南省', 'city': '长沙市', 'district': '天心区', 'street': [], 'formatted_address': '湖南省长沙市天心区[][]'}",138-o
Gallery-1114,,IMG_20250824_063025,2025-08-24 06:30:25,日出; 晨光; 山顶; 露营; 剪影; 山峦; 晨间,无,冯浩然站在黑麋峰山顶的露营地，迎着初升的朝阳伸展双臂，身后是连绵的青山和金色的晨光。,"{'province': '湖南省', 'city': '长沙市', 'district': '望城区', 'streetName': '黑麋峰国家森林公园内部道路', 'streetNumber': 'XX号', 'poi': '黑麋峰国家森林公园山顶露营地'}",113.020163,28.462247,"{'province': '湖南省', 'city': '长沙市', 'district': '望城区', 'street': [], 'formatted_address': '湖南省长沙市望城区[][]'}",
Gallery-1115,,IMG_20250824_081540,2025-08-24 08:15:40,下山; 徒步; 登山包; 林间小道; 晨雾; 回望; 山景,无,冯浩然背着登山包走在下山步道上，回头望向山顶的营地，清晨的林间雾气缭绕。,"{'province': '湖南省', 'city': '长沙市', 'district': '望城区', 'streetName': '黑麋峰国家森林公园内部道路', 'streetNumber': 'XX号', 'poi': '黑麋峰国家森林公园下山步道'}",113.020163,28.462247,"{'province': '湖南省', 'city': '长沙市', 'district': '望城区', 'street': [], 'formatted_address': '湖南省长沙市望城区[][]'}",
Gallery-1116,,IMG_20250824_093025,2025-08-24 09:30:25,车内; 仪表盘; 导航; 行驶中; 高速公路; 驾驶视角,无,冯浩然在车内拍摄仪表盘和中控屏，显示着行驶里程和导航路线，背景是高速路旁的风景。,"{'province': '湖南省', 'city': '长沙市', 'district': '望城区', 'streetName': '长张高速', 'streetNumber': 'XX号', 'poi': '长张高速（望城至岳麓段）'}",112.726896,28.2581,"{'province': '湖南省', 'city': '长沙市', 'district': '望城区', 'street': 'G5513长张高速', 'formatted_address': '湖南省长沙市望城区G5513长张高速[]'}",
Gallery-1117,,IMG_20250824_094025,2025-08-24 09:40:25,门票; 游客中心; 入园; 导览图; 手持; 公园入口,黑麋峰国家森林公园 - 成人票 60元/张 有效期：2025-08-24,冯浩然在游客服务中心的售票窗口前，手持黑麋峰国家森林公园的门票，背景是公园导览图。,"{'province': '湖南省', 'city': '长沙市', 'district': '望城区', 'streetName': '黑麋峰国家森林公园入口道路', 'streetNumber': 'XX号', 'poi': '黑麋峰国家森林公园游客服务中心'}",113.020163,28.462247,"{'province': '湖南省', 'city': '长沙市', 'district': '望城区', 'street': [], 'formatted_address': '湖南省长沙市望城区[][]'}",
Gallery-1118,,IMG_20250824_101025,2025-08-24 10:10:25,打卡; 公园入口; 石碑; 抵达; 山林; 标志性建筑,无,冯浩然站在黑麋峰国家森林公园入口的标志性石碑前，张开双臂做出抵达的姿势，身后是郁郁葱葱的山林。,"{'province': '湖南省', 'city': '长沙市', 'district': '望城区', 'streetName': '黑麋峰国家森林公园入口道路', 'streetNumber': 'XX号', 'poi': '黑麋峰国家森林公园主入口'}",113.020163,28.462247,"{'province': '湖南省', 'city': '长沙市', 'district': '望城区', 'street': [], 'formatted_address': '湖南省长沙市望城区[][]'}",
Gallery-1119,,IMG_20250824_104025,2025-08-24 10:40:25,露营装备; 清洗; 收纳; 厨房台面; 炉头; 餐具; 整理,无,冯浩然将清洗干净的露营炉头和折叠餐具整齐摆放在厨房操作台上，旁边是晾晒的速干毛巾。,"{'province': '湖南省', 'city': '长沙市', 'district': '岳麓区', 'streetName': '双塘路', 'streetNumber': '99号', 'poi': '岳麓区机关金星住宅小区（冯浩然家厨房）'}",112.938578,28.221525,"{'province': '湖南省', 'city': '长沙市', 'district': '岳麓区', 'street': '桐梓坡路', 'formatted_address': '湖南省长沙市岳麓区桐梓坡路99号'}",
Gallery-1120,,IMG_20250824_111540,2025-08-24 11:15:40,帐篷; 搭建完成; 山顶营地; 草地; 山景; 成就感,无,冯浩然站在刚刚搭建好的帐篷前，竖起大拇指，背景是开阔的山顶草地和远处的山峦。,"{'province': '湖南省', 'city': '长沙市', 'district': '望城区', 'streetName': '黑麋峰国家森林公园内部道路', 'streetNumber': 'XX号', 'poi': '黑麋峰国家森林公园山顶露营地'}",113.020163,28.462247,"{'province': '湖南省', 'city': '长沙市', 'district': '望城区', 'street': [], 'formatted_address': '湖南省长沙市望城区[][]'}",
Gallery-1121,,IMG_20250824_114025,2025-08-24 11:40:25,装备整理; 帐篷内部; 睡袋; 防潮垫; 登山包; 物资摆放,无,冯浩然将登山包、睡袋、防潮垫等装备整齐地摆放在帐篷内的防潮垫上，进行物资整理。,"{'province': '湖南省', 'city': '长沙市', 'district': '望城区', 'streetName': '黑麋峰国家森林公园内部道路', 'streetNumber': 'XX号', 'poi': '黑麋峰国家森林公园山顶露营地帐篷内'}",113.020163,28.462247,"{'province': '湖南省', 'city': '长沙市', 'district': '望城区', 'street': [], 'formatted_address': '湖南省长沙市望城区[][]'}",
Gallery-1122,,IMG_20250824_121025,2025-08-24 12:10:25,露营午餐; 三明治; 能量棒; 苹果; 折叠椅; 山景; 户外用餐,无,冯浩然坐在折叠椅上，面前的小桌上摆着金枪鱼三明治、苹果和能量棒，正在享用午餐并欣赏山景。,"{'province': '湖南省', 'city': '长沙市', 'district': '望城区', 'streetName': '黑麋峰国家森林公园内部道路', 'streetNumber': 'XX号', 'poi': '黑麋峰国家森林公园山顶露营地'}",113.020163,28.462247,"{'province': '湖南省', 'city': '长沙市', 'district': '望城区', 'street': [], 'formatted_address': '湖南省长沙市望城区[][]'}",
Gallery-1123,143-4,IMG_20250824_144025,2025-08-24 14:40:25,手机学习; 邮票研究; 市场分析; 折叠椅; 专注; 户外休闲,无,冯浩然坐在营地折叠椅上，专注地使用手机屏幕浏览关于“中国航天工程”专题邮票的市场分析文章。,"{'province': '湖南省', 'city': '长沙市', 'district': '望城区', 'streetName': '黑麋峰国家森林公园内部道路', 'streetNumber': 'XX号', 'poi': '黑麋峰国家森林公园山顶露营地'}",113.020163,28.462247,"{'province': '湖南省', 'city': '长沙市', 'district': '望城区', 'street': [], 'formatted_address': '湖南省长沙市望城区[][]'}",143-d
Gallery-1124,,IMG_20250824_181540,2025-08-24 18:15:40,露营晚餐; 自热米饭; 炉头; 蒸汽; 暮色; 营地炊事,无,冯浩然在营地用小炉头加热自热米饭，蒸汽从饭盒中冒出，暮色下的营地氛围宁静。,"{'province': '湖南省', 'city': '长沙市', 'district': '望城区', 'streetName': '黑麋峰国家森林公园内部道路', 'streetNumber': 'XX号', 'poi': '黑麋峰国家森林公园山顶露营地'}",113.020163,28.462247,"{'province': '湖南省', 'city': '长沙市', 'district': '望城区', 'street': [], 'formatted_address': '湖南省长沙市望城区[][]'}",
Gallery-1125,a_138,IMG_20250824_191025,2025-08-24 19:10:25,日落; 延时摄影; 三脚架; 相机; 晚霞; 山峦剪影; 摄影创作,无,冯浩然用相机和三脚架在观景位拍摄的日落延时摄影工作照，天空被染成橙红色，山峦轮廓清晰。,"{'province': '湖南省', 'city': '长沙市', 'district': '望城区', 'streetName': '黑麋峰国家森林公园内部道路', 'streetNumber': 'XX号', 'poi': '黑麋峰国家森林公园日落观景位'}",113.020163,28.462247,"{'province': '湖南省', 'city': '长沙市', 'district': '望城区', 'street': [], 'formatted_address': '湖南省长沙市望城区[][]'}",a_138
Gallery-1126,a_138,IMG_20250824_204025,2025-08-24 20:40:25,星空摄影; 三脚架; 相机; 岩石前景; 夜空; 设备调试; 暗光环境,无,冯浩然架设好相机和三脚架，以一块奇特的岩石作为前景，准备拍摄星空，夜空已有几颗星星可见。,"{'province': '湖南省', 'city': '长沙市', 'district': '望城区', 'streetName': '黑麋峰国家森林公园内部道路', 'streetNumber': 'XX号', 'poi': '黑麋峰国家森林公园星空摄影机位'}",113.020163,28.462247,"{'province': '湖南省', 'city': '长沙市', 'district': '望城区', 'street': [], 'formatted_address': '湖南省长沙市望城区[][]'}",a_138
Gallery-1127,a_138,IMG_20250824_214025,2025-08-24 21:40:25,星空; 长曝光; 银河; 帐篷灯光; 岩石; 夜空; 摄影作品,无,相机长曝光拍摄的星空照片预览（翻拍屏幕），点点繁星清晰可见，下方是营地帐篷的温暖灯光和岩石轮廓。,"{'province': '湖南省', 'city': '长沙市', 'district': '望城区', 'streetName': '黑麋峰国家森林公园内部道路', 'streetNumber': 'XX号', 'poi': '黑麋峰国家森林公园星空摄影机位'}",113.020163,28.462247,"{'province': '湖南省', 'city': '长沙市', 'district': '望城区', 'street': [], 'formatted_address': '湖南省长沙市望城区[][]'}",a_138
Gallery-1128,,IMG_20250824_224025,2025-08-24 22:40:25,热身运动; 高抬腿; 睡前准备; 露营; 头灯光束; 夜间活动,无,冯浩然在营地旁的空地进行睡前热身，正在做高抬腿动作，手机放在一旁的石头上记录。,"{'province': '湖南省', 'city': '长沙市', 'district': '望城区', 'streetName': '黑麋峰国家森林公园内部道路', 'streetNumber': 'XX号', 'poi': '黑麋峰国家森林公园山顶露营地'}",113.020163,28.462247,"{'province': '湖南省', 'city': '长沙市', 'district': '望城区', 'street': [], 'formatted_address': '湖南省长沙市望城区[][]'}",
Gallery-1129,30-2-1,IMG_20250825_121530,2025-08-25 12:15:30,金枪鱼三明治; 冰美式咖啡; 木质餐桌; 同事聚餐; 午餐; 咖啡厅,圣爵菲斯咖啡厅 - 金枪鱼三明治 38元/份 冰美式 25元/杯,冯浩然与同事郑文博在圣爵菲斯咖啡厅的木质餐桌旁享用午餐，桌上摆放着金枪鱼三明治和冰美式咖啡，背景是简约的室内装饰,"{'province': '湖南省', 'city': '长沙市', 'district': '开福区', 'streetName': '圣爵菲斯之家', 'streetNumber': '1层', 'poi': '圣爵菲斯咖啡厅'}",112.985284,28.257286,"{'province': '湖南省', 'city': '长沙市', 'district': '开福区', 'street': [], 'formatted_address': '湖南省长沙市开福区[][]'}",30-b
Gallery-1130,,IMG_20250825_174510,2025-08-25 17:45:10,苏打水; 坚果; 零食货架; 购物; 下班后; 便利店,罗比零食专卖店 - 苏打水 5元/瓶 每日坚果 15元/包,冯浩然在罗比零食专卖店的货架前挑选商品，手中拿着一瓶苏打水和一包坚果，背景是琳琅满目的零食货架,"{'province': '湖南省', 'city': '长沙市', 'district': '岳麓区', 'streetName': '双塘路', 'streetNumber': 'XX号', 'poi': '罗比零食专卖店'}",112.936869,28.220303,"{'province': '湖南省', 'city': '长沙市', 'district': '岳麓区', 'street': '双塘路', 'formatted_address': '湖南省长沙市岳麓区双塘路[]'}",
Gallery-1131,a_252,IMG_20250825_190205,2025-08-25 19:02:05,湘菜; 庆祝聚餐; 好友聚会; 圆桌; 举杯; 美食,西湖建新湘菜馆 - 剁椒鱼头 98元/份 小炒黄牛肉 68元/份,冯浩然与好友吴俊杰在湘菜馆的圆桌旁庆祝，桌上摆满经典湘菜，两人面带笑容举杯，背景是中式餐厅的装饰,"{'province': '湖南省', 'city': '长沙市', 'district': '岳麓区', 'streetName': '银双路', 'streetNumber': 'XX号', 'poi': '西湖建新安置小区湘菜馆'}",112.937354,28.220409,"{'province': '湖南省', 'city': '长沙市', 'district': '岳麓区', 'street': '银双路', 'formatted_address': '湖南省长沙市岳麓区银双路[]'}",a_252
Gallery-1132,,IMG_20250825_205015,2025-08-25 20:50:15,相机清洁; 镜头; 摄影器材; 书房; 保养; 工具,无,冯浩然在书房的书桌上仔细清洁保养黑麋峰露营使用的相机和镜头，旁边摆放着清洁工具，背景是书架和台灯,"{'province': '湖南省', 'city': '长沙市', 'district': '岳麓区', 'streetName': '双塘路', 'streetNumber': '99号', 'poi': '岳麓区机关金星住宅小区家中书房'}",112.938578,28.221525,"{'province': '湖南省', 'city': '长沙市', 'district': '岳麓区', 'street': '桐梓坡路', 'formatted_address': '湖南省长沙市岳麓区桐梓坡路99号'}",
Gallery-1133,a_143,IMG_20250825_210820,2025-08-25 21:08:20,集邮论坛; 笔记本电脑; 邮票行情; 中国航天; 世界文化遗产; 屏幕,集邮在线 - 中国航天邮票 当前价格：￥1200 世界文化遗产邮票 当前价格：￥850,冯浩然在书房用笔记本电脑浏览集邮在线论坛，屏幕上显示着“中国航天”和“世界文化遗产”邮票的行情页面,"{'province': '湖南省', 'city': '长沙市', 'district': '岳麓区', 'streetName': '双塘路', 'streetNumber': '99号', 'poi': '岳麓区机关金星住宅小区家中书房'}",112.938578,28.221525,"{'province': '湖南省', 'city': '长沙市', 'district': '岳麓区', 'street': '桐梓坡路', 'formatted_address': '湖南省长沙市岳麓区桐梓坡路99号'}",a_143
Gallery-1134,a_126,IMG_20250826_084530,2025-08-26 08:45:30,早高峰; 车流拥堵; 城市主干道; 晨光; 通勤,无,冯浩然在驾车通勤上班途中，用手机拍摄了前方拥堵的芙蓉中路，早高峰的车流在晨光下缓慢移动，远处可见湖南广电中心写字楼。,"{'province': '湖南省', 'city': '长沙市', 'district': '开福区', 'streetName': '芙蓉中路', 'streetNumber': 'XX号', 'poi': '湖南广电中心写字楼附近路段'}",113.046548,28.235932,"{'province': '湖南省', 'city': '长沙市', 'district': '开福区', 'street': [], 'formatted_address': '湖南省长沙市开福区[][]'}",a_126
Gallery-1135,,IMG_20250826_121520,2025-08-26 12:15:20,牛肉拉面; 午餐; 热气腾腾; 葱花; 同事聚餐; 面食,无,冯浩然与同事郑文博在兰州拉面馆用餐，拍摄了桌上刚上桌的招牌牛肉拉面，热气腾腾的面条上铺着牛肉片和葱花，背景是简洁的木质餐桌。,"{'province': '湖南省', 'city': '长沙市', 'district': '开福区', 'streetName': '金鹰路', 'streetNumber': 'XX号', 'poi': '兰州拉面馆'}",113.043533,28.238287,"{'province': '湖南省', 'city': '长沙市', 'district': '开福区', 'street': '金鹰路', 'formatted_address': '湖南省长沙市开福区金鹰路[]'}",
Gallery-1136,252-2,IMG_20250826_134015,2025-08-26 13:40:15,小白板; 记号笔; 投资提醒; 观察期; 工作备忘; 办公室,9月 -> 观察期,冯浩然在办公室小白板上用记号笔写下‘9月 -> 观察期’作为投资提醒，拍摄了这行醒目的黑色字迹，背景是干净的白板和部分工位环境。,"{'province': '湖南省', 'city': '长沙市', 'district': '开福区', 'streetName': '芙蓉中路', 'streetNumber': '88号', 'poi': '华泰证券股份有限公司办公室'}",112.986675,28.223728,"{'province': '湖南省', 'city': '长沙市', 'district': '开福区', 'street': '芙蓉中路', 'formatted_address': '湖南省长沙市开福区芙蓉中路88号'}",252-b
Gallery-1137,a_247,IMG_20250827_072015,2025-08-27 07:20:15,晨跑; 合影; 爱晚亭; 岳麓山; 清晨; 运动装备; 山林,无,高云飞与冯浩然在岳麓山爱晚亭前晨跑后合影，背景是古色古香的亭子和晨光中的山林,"{'province': '湖南省', 'city': '长沙市', 'district': '岳麓区', 'streetName': '登高路', 'streetNumber': '58号', 'poi': '岳麓山风景名胜区-爱晚亭'}",112.937564,28.180437,"{'province': '湖南省', 'city': '长沙市', 'district': '岳麓区', 'street': '登高路', 'formatted_address': '湖南省长沙市岳麓区登高路58号'}",a_247
Gallery-1138,a_247,IMG_20250827_073530,2025-08-27 07:35:30,山间步道; 晨光; 斑驳树影; 岳麓山; 晨跑; 石板路; 绿植,无,冯浩然在岳麓山晨跑途中拍摄山间步道，阳光透过树叶洒下斑驳光影，远处有早起锻炼的市民,"{'province': '湖南省', 'city': '长沙市', 'district': '岳麓区', 'streetName': '登高路', 'streetNumber': '58号', 'poi': '岳麓山风景名胜区-山间步道'}",112.936104,28.183601,"{'province': '湖南省', 'city': '长沙市', 'district': '岳麓区', 'street': '登高路', 'formatted_address': '湖南省长沙市岳麓区登高路58号'}",a_247
Gallery-1139,,IMG_20250827_122045,2025-08-27 12:20:45,湘菜小炒肉; 快餐套餐; 同事聚餐; 午餐; 美食; 工作交流,无,冯浩然与同事郑文博在快餐店用餐，桌上摆着两份湘菜小炒肉套餐，背景是简约的餐厅环境,"{'province': '湖南省', 'city': '长沙市', 'district': '开福区', 'streetName': '传媒路', 'streetNumber': 'XX号', 'poi': '传媒路快餐店'}",113.044429,28.237237,"{'province': '湖南省', 'city': '长沙市', 'district': '开福区', 'street': '传媒路', 'formatted_address': '湖南省长沙市开福区传媒路[]'}",
Gallery-1140,143-7,IMG_20250827_153042,2025-08-27 15:30:42,邮册; 邮票; 航天工程; 标签; 目录; 收藏; 特写; 手工; 打印,"航天工程专题目录
1. 天宫空间站 - 中国 - 2022年
2. 嫦娥五号 - 中国 - 2020年
3. 国际空间站 - 多国联合 - 1998年
...

标签：天宫空间站
发行国家：中国
发行年份：2022
简要背景：中国自主建造的大型模块化空间站，标志着中国载人航天工程进入空间站时代。",一张‘航天工程’专题邮册内页的特写照片。照片中央是一枚中国发行的航天主题邮票，邮票下方粘贴着一张打印精美的白色说明标签，标签上清晰地印有‘天宫空间站 - 中国 - 2022年’等字样。邮册内页的左侧是打印的目录页，列出了该专题下所有邮票的清单。整体布局整洁专业。,"{'province': '北京市', 'city': '北京市', 'district': '海淀区', 'streetName': '中关村大街', 'streetNumber': '27号', 'poi': '冯浩然家书房'}",116.316334,39.977704,"{'province': '北京市', 'city': '北京市', 'district': '海淀区', 'street': '中关村大街', 'formatted_address': '北京市北京市海淀区中关村大街27号'}",143-g
Gallery-1141,253-2,IMG_20250827_184520,2025-08-27 18:45:20,卷尺测量; 新家客厅; 墙面尺寸; 插座位置; 软装规划; 笔记本记录,无,冯浩然在新家客厅用卷尺测量墙面尺寸，旁边地板上放着笔记本和笔，记录插座位置和尺寸数据,"{'province': '湖南省', 'city': '长沙市', 'district': '岳麓区', 'streetName': '茶子山路', 'streetNumber': 'XX号', 'poi': '万科金域国际小区-新家客厅'}",112.963125,28.230425,"{'province': '湖南省', 'city': '长沙市', 'district': '岳麓区', 'street': '茶子山路', 'formatted_address': '湖南省长沙市岳麓区茶子山路[]'}",253-b
Gallery-1142,a_247,IMG_20250828_070530,2025-08-28 07:05:30,晨跑; 岳麓山; 林间小道; 晨光; 石板路; 静谧; 街景,无,冯浩然在岳麓山风景名胜区晨跑时，用手机记录下清晨阳光穿过树林、洒在石板路上的静谧街景,"{'province': '湖南省', 'city': '长沙市', 'district': '岳麓区', 'streetName': '麓山南路', 'streetNumber': 'XX号', 'poi': '岳麓山风景名胜区'}",112.936104,28.183601,"{'province': '湖南省', 'city': '长沙市', 'district': '岳麓区', 'street': '麓山南路', 'formatted_address': '湖南省长沙市岳麓区麓山南路[]'}",a_247
Gallery-1143,90-2-3,IMG_20250828_104530,2025-08-28 10:45:30,车辆保养; 单据收纳; 车钥匙; 行驶证; 车载收纳盒; 4S店,无,冯浩然在4S店保养车辆后，将保养单据、车钥匙和行驶证整齐地收纳在车载收纳盒里，准备离开,"{'province': '湖南省', 'city': '长沙市', 'district': '雨花区', 'streetName': '长沙大道', 'streetNumber': '688号', 'poi': '长沙瑞宝汽车销售服务有限公司'}",113.048105,28.168068,"{'province': '湖南省', 'city': '长沙市', 'district': '雨花区', 'street': '长沙大道', 'formatted_address': '湖南省长沙市雨花区长沙大道688号'}",90-b
Gallery-1144,,IMG_20250828_122015,2025-08-28 12:20:15,辣椒炒肉盖码饭; 冰镇可乐; 快餐店; 午餐; 同事聚餐; 湘菜,无,冯浩然与同事郑文博在快餐店午餐，桌上摆着两碗热气腾腾的辣椒炒肉盖码饭，旁边放着两杯冰镇可乐,"{'province': '湖南省', 'city': '长沙市', 'district': '开福区', 'streetName': '传媒路', 'streetNumber': 'XX号', 'poi': '老长沙盖码饭'}",113.0459,28.246161,"{'province': '湖南省', 'city': '长沙市', 'district': '开福区', 'street': '传媒路', 'formatted_address': '湖南省长沙市开福区传媒路[]'}",
Gallery-1145,121-2,IMG_20250828_172230,2025-08-28 17:22:30,阳台种植箱; 快递拆箱; 种植土; 园艺工具; 种子; 物资整理; 客厅,无,冯浩然回家后，将刚收到的阳台种植箱快递拆开，把里面的种植土、工具和种子等物资分类整理在客厅地板上,"{'province': '湖南省', 'city': '长沙市', 'district': '岳麓区', 'streetName': '双塘路', 'streetNumber': '99号', 'poi': '岳麓区机关金星住宅小区'}",112.938578,28.221525,"{'province': '湖南省', 'city': '长沙市', 'district': '岳麓区', 'street': '桐梓坡路', 'formatted_address': '湖南省长沙市岳麓区桐梓坡路99号'}",121-b
Gallery-1146,a_247,IMG_20250829_064530,2025-08-29 06:45:30,岳麓山; 麓山南路; 晨光; 行道树; 街景; 宁静; 晨跑,无,清晨的岳麓山麓山南路，阳光透过行道树洒下斑驳光影，晨跑的行人与远处的山峦构成宁静的街景,"{'province': '湖南省', 'city': '长沙市', 'district': '岳麓区', 'streetName': '麓山南路', 'streetNumber': 'XX号', 'poi': '岳麓山风景名胜区入口附近'}",112.936104,28.183601,"{'province': '湖南省', 'city': '长沙市', 'district': '岳麓区', 'street': '麓山南路', 'formatted_address': '湖南省长沙市岳麓区麓山南路[]'}",a_247
Gallery-1147,,IMG_20250829_070815,2025-08-29 07:08:15,牵牛花; 晨露; 水珠; 微距; 紫色花瓣; 绿叶背景; 细节特写,无,路边花坛中一朵沾着晨露的紫色牵牛花特写，花瓣上的水珠晶莹剔透，背景是虚化的绿叶,"{'province': '湖南省', 'city': '长沙市', 'district': '岳麓区', 'streetName': '双塘路', 'streetNumber': 'XX号', 'poi': '岳麓区机关金星住宅小区附近'}",112.937966,28.221552,"{'province': '湖南省', 'city': '长沙市', 'district': '岳麓区', 'street': '双塘路', 'formatted_address': '湖南省长沙市岳麓区双塘路[]'}",
Gallery-1148,,IMG_20250829_074025,2025-08-29 07:40:25,早餐; 牛奶吐司; 香蕉; 木质餐桌; 家常美食; 晨间,无,早餐桌上的牛奶吐司配香蕉，吐司烤得金黄，旁边是半杯牛奶和剥开的香蕉，背景是家中的木质餐桌,"{'province': '湖南省', 'city': '长沙市', 'district': '岳麓区', 'streetName': '双塘路', 'streetNumber': '99号', 'poi': '岳麓区机关金星住宅小区家中餐厅'}",112.938578,28.221525,"{'province': '湖南省', 'city': '长沙市', 'district': '岳麓区', 'street': '桐梓坡路', 'formatted_address': '湖南省长沙市岳麓区桐梓坡路99号'}",
Gallery-1149,144-3,IMG_20250829_125510,2025-08-29 12:55:10,笔记本; 道林纸; 签字笔; 文具; 购物; 物品收纳,诚兴园文具店 2025-08-29 12:55 笔记本 25.00元 签字笔 8.00元,新购买的A5米黄色道林纸笔记本和黑色签字笔整齐地放在文具店收银台旁的木质桌面上，旁边是购物小票,"{'province': '湖南省', 'city': '长沙市', 'district': '开福区', 'streetName': '芙蓉中路', 'streetNumber': 'XX号', 'poi': '诚兴园文具店'}",112.987227,28.192249,"{'province': '湖南省', 'city': '长沙市', 'district': '开福区', 'street': '芙蓉中路', 'formatted_address': '湖南省长沙市开福区芙蓉中路[]'}",144-c
Gallery-1150,144-3,IMG_20250829_132040,2025-08-29 13:20:40,思维导图; 手稿; 邮票主题; 冰美式; 咖啡厅; 构思; 文档扫描,邮票收藏主题：人类探索与文明传承 分支：太空探索、海洋探险、陆地迁徙与城市建设、信息通信,在咖啡厅绘制的邮票主题思维导图手稿，中心是‘人类探索与文明传承’，延伸出太空、海洋、陆地、信息四大分支，旁边放着一杯冰美式,"{'province': '湖南省', 'city': '长沙市', 'district': '开福区', 'streetName': '三一大道', 'streetNumber': 'XX号', 'poi': '圣爵菲斯咖啡厅'}",113.016375,28.233632,"{'province': '湖南省', 'city': '长沙市', 'district': '开福区', 'street': '三一大道', 'formatted_address': '湖南省长沙市开福区三一大道[]'}",144-c
Gallery-1151,80-15,IMG_20250829_164505,2025-08-29 16:45:05,PPT; 投影屏幕; 市场复盘; 经济数据; 投资主题; 会议; 工作,八月市场复盘与九月展望 重点关注：PMI、美国非农数据 潜在主题：消费复苏、科技自主,会议室投影屏幕上显示的PPT页面，标题为‘八月市场复盘与九月展望’，包含关键经济数据图表和投资主题列表,"{'province': '湖南省', 'city': '长沙市', 'district': '开福区', 'streetName': '芙蓉中路', 'streetNumber': '88号', 'poi': '湖南广电中心写字楼华泰证券会议室'}",113.046548,28.235932,"{'province': '湖南省', 'city': '长沙市', 'district': '开福区', 'street': [], 'formatted_address': '湖南省长沙市开福区[][]'}",80-o
Gallery-1152,253-4,IMG_20250829_191520,2025-08-29 19:15:20,订单确认; 电商平台; 软装; 人体工学椅; 智能书架; 咖啡机; 文档扫描,订单确认 商品：人体工学椅 价格：1899元 配送时间：2025-10-11 智能书架 价格：899元 意式咖啡机 价格：2499元,电脑屏幕上显示的电商平台订单确认页面，包含‘人体工学椅’、‘智能书架’、‘意式咖啡机’的商品信息、价格和配送时间,"{'province': '湖南省', 'city': '长沙市', 'district': '岳麓区', 'streetName': '双塘路', 'streetNumber': '99号', 'poi': '岳麓区机关金星住宅小区家中书房'}",112.938578,28.221525,"{'province': '湖南省', 'city': '长沙市', 'district': '岳麓区', 'street': '桐梓坡路', 'formatted_address': '湖南省长沙市岳麓区桐梓坡路99号'}",253-d
Gallery-1153,,IMG_20250830_074520,2025-08-30 07:45:20,早餐; 荷包蛋; 平底锅; 吐司; 牛奶; 厨房; 清晨,无,冯浩然在家中厨房灶台前，用平底锅煎制金黄色的荷包蛋，旁边放着吐司和牛奶，背景是整洁的现代厨房,"{'province': '湖南省', 'city': '长沙市', 'district': '岳麓区', 'streetName': '双塘路', 'streetNumber': '99号', 'poi': '岳麓区机关金星住宅小区'}",112.938578,28.221525,"{'province': '湖南省', 'city': '长沙市', 'district': '岳麓区', 'street': '桐梓坡路', 'formatted_address': '湖南省长沙市岳麓区桐梓坡路99号'}",
Gallery-1154,255-2-2,IMG_20250830_085505,2025-08-30 08:55:05,朋友汇合; 停车场; 山姆会员店; 周末采购; 合影; 车流,无,冯浩然与彭雨晴、高云飞在山姆会员商店停车场汇合，三人站在车旁笑着交谈，背景是超市入口和周末的车流,"{'province': '湖南省', 'city': '长沙市', 'district': '岳麓区', 'streetName': '佑母塘路', 'streetNumber': '8号', 'poi': '山姆会员商店（长沙岳麓店）停车场'}",112.929475,28.160134,"{'province': '湖南省', 'city': '长沙市', 'district': '岳麓区', 'street': [], 'formatted_address': '湖南省长沙市岳麓区[][]'}",255-b
Gallery-1155,255-2-2,IMG_20250830_122530,2025-08-30 12:25:30,公园导览图; 徒步路线; 黑麋峰; 国家森林公园; 入口打卡; 山林背景,黑麋峰国家森林公园 - 国家AAAA级旅游景区 开放时间：8:00-17:30 门票：60元/人,冯浩然站在黑麋峰国家森林公园入口处的导览图前，手指着地图上的徒步路线，身后是公园大门和郁郁葱葱的山林,"{'province': '湖南省', 'city': '长沙市', 'district': '望城区', 'streetName': '桥驿镇', 'streetNumber': 'XX号', 'poi': '黑麋峰国家森林公园南门'}",113.020163,28.462247,"{'province': '湖南省', 'city': '长沙市', 'district': '望城区', 'street': [], 'formatted_address': '湖南省长沙市望城区[][]'}",255-b
Gallery-1156,255-2-3,IMG_20250830_154020,2025-08-30 15:40:20,蕨类植物; 露珠; 微距摄影; 山林细节; 阳光光斑; 叶片纹理,无,冯浩然在山林徒步路线上，用手机微距模式拍摄一片带有露珠的蕨类植物叶片，阳光透过林隙洒下光斑,"{'province': '湖南省', 'city': '长沙市', 'district': '望城区', 'streetName': '桥驿镇', 'streetNumber': 'XX号', 'poi': '黑麋峰国家森林公园内徒步路线'}",113.020163,28.462247,"{'province': '湖南省', 'city': '长沙市', 'district': '望城区', 'street': [], 'formatted_address': '湖南省长沙市望城区[][]'}",255-b
Gallery-1157,255-2-3,IMG_20250830_181015,2025-08-30 18:10:15,烧烤; 鸡翅; 炭火; 露营美食; 滋滋冒油; 户外烹饪,无,冯浩然在露营地的烧烤架前，用夹子翻动一串滋滋冒油的鸡翅，炭火旺盛，旁边摆着牛排和玉米,"{'province': '湖南省', 'city': '长沙市', 'district': '望城区', 'streetName': '桥驿镇', 'streetNumber': 'XX号', 'poi': '黑麋峰国家森林公园内半山腰露营地'}",113.020163,28.462247,"{'province': '湖南省', 'city': '长沙市', 'district': '望城区', 'street': [], 'formatted_address': '湖南省长沙市望城区[][]'}",255-b
Gallery-1158,255-2-3,IMG_20250830_184530,2025-08-30 18:45:30,朋友聚餐; 露营晚餐; 碰杯; 折叠桌; 烧烤食物; 欢乐氛围,无,冯浩然、彭雨晴和高云飞围坐在露营折叠桌旁，举着装满饮料的杯子碰杯庆祝，桌上摆满了烤好的食物,"{'province': '湖南省', 'city': '长沙市', 'district': '望城区', 'streetName': '桥驿镇', 'streetNumber': 'XX号', 'poi': '黑麋峰国家森林公园内半山腰露营地'}",113.020163,28.462247,"{'province': '湖南省', 'city': '长沙市', 'district': '望城区', 'street': [], 'formatted_address': '湖南省长沙市望城区[][]'}",255-b
Gallery-1159,255-2-1,IMG_20250830_200520,2025-08-30 20:05:20,星空摄影; 三脚架; 单反相机; 机位勘察; 黄昏; 山峦轮廓,无,冯浩然在营地附近的斜坡上，调试架在三脚架上的单反相机，远处是渐暗的天空和隐约可见的山峦轮廓,"{'province': '湖南省', 'city': '长沙市', 'district': '望城区', 'streetName': '桥驿镇', 'streetNumber': 'XX号', 'poi': '黑麋峰国家森林公园内半山腰露营地附近斜坡'}",113.020163,28.462247,"{'province': '湖南省', 'city': '长沙市', 'district': '望城区', 'street': [], 'formatted_address': '湖南省长沙市望城区[][]'}",255-b
Gallery-1160,255-2-1,IMG_20250830_211530,2025-08-30 21:15:30,银河; 星空摄影; 长时间曝光; 星轨; 山体剪影; 璀璨夜空,无,冯浩然使用相机长时间曝光拍摄的夜空中璀璨的银河，星光如带横跨天际，下方是黑麋峰山体的黑色剪影,"{'province': '湖南省', 'city': '长沙市', 'district': '望城区', 'streetName': '桥驿镇', 'streetNumber': 'XX号', 'poi': '黑麋峰国家森林公园内星空摄影机位'}",113.020163,28.462247,"{'province': '湖南省', 'city': '长沙市', 'district': '望城区', 'street': [], 'formatted_address': '湖南省长沙市望城区[][]'}",255-b
Gallery-1161,255-2-1,IMG_20250830_214005,2025-08-30 21:40:05,分享照片; 篝火旁; 相机屏幕; 银河预览; 朋友交流; 夜间氛围,无,篝火旁，冯浩然手持相机向围坐的彭雨晴和高云飞展示刚刚拍摄的银河照片，屏幕的亮光照亮了三人的脸庞,"{'province': '湖南省', 'city': '长沙市', 'district': '望城区', 'streetName': '桥驿镇', 'streetNumber': 'XX号', 'poi': '黑麋峰国家森林公园内半山腰露营地篝火旁'}",113.020163,28.462247,"{'province': '湖南省', 'city': '长沙市', 'district': '望城区', 'street': [], 'formatted_address': '湖南省长沙市望城区[][]'}",255-b
Gallery-1162,255-2-1,IMG_20250830_220120,2025-08-30 22:01:20,相机参数; 镜头特写; 光圈快门ISO; 对焦刻度; 摄影细节; 设备操作,无,相机镜头特写，显示着星空摄影的参数设置：光圈f/2.8，快门速度25秒，ISO 3200，对焦刻度在无限远符号处,"{'province': '湖南省', 'city': '长沙市', 'district': '望城区', 'streetName': '桥驿镇', 'streetNumber': 'XX号', 'poi': '黑麋峰国家森林公园内星空摄影机位'}",113.020163,28.462247,"{'province': '湖南省', 'city': '长沙市', 'district': '望城区', 'street': [], 'formatted_address': '湖南省长沙市望城区[][]'}",255-b
Gallery-1163,255-3-1,IMG_20250831_064530,2025-08-31 06:45:30,露营; 晨雾; 帐篷; 合影; 山林; 朝阳; 户外,无,冯浩然与彭雨晴、高云飞在星空露营地晨雾缭绕的帐篷前合影，背景是朦胧的山林和初升的朝阳,"{'province': '湖南省', 'city': '长沙市', 'district': '望城区', 'streetName': '黑麋峰路', 'streetNumber': 'XX号', 'poi': '黑麋峰国家森林公园星空露营地'}",113.020163,28.462247,"{'province': '湖南省', 'city': '长沙市', 'district': '望城区', 'street': [], 'formatted_address': '湖南省长沙市望城区[][]'}",255-c
Gallery-1164,255-3-1,IMG_20250831_070215,2025-08-31 07:02:15,日出; 云海; 山峦; 黑麋峰; 自然风光; 金色阳光,无,冯浩然拍摄黑麋峰山顶的壮丽日出景色，金色的阳光穿透云层洒在连绵的山峦上,"{'province': '湖南省', 'city': '长沙市', 'district': '望城区', 'streetName': '黑麋峰路', 'streetNumber': 'XX号', 'poi': '黑麋峰国家森林公园观景台'}",113.020163,28.462247,"{'province': '湖南省', 'city': '长沙市', 'district': '望城区', 'street': [], 'formatted_address': '湖南省长沙市望城区[][]'}",255-c
Gallery-1165,255-3-1,IMG_20250831_073045,2025-08-31 07:30:45,露营早餐; 煎蛋; 培根; 燃气炉; 户外烹饪; 美食记录,无,冯浩然记录下露营早餐的场景，煎蛋和培根在便携燃气炉上滋滋作响，旁边摆放着咖啡和面包,"{'province': '湖南省', 'city': '长沙市', 'district': '望城区', 'streetName': '黑麋峰路', 'streetNumber': 'XX号', 'poi': '黑麋峰国家森林公园星空露营地'}",113.020163,28.462247,"{'province': '湖南省', 'city': '长沙市', 'district': '望城区', 'street': [], 'formatted_address': '湖南省长沙市望城区[][]'}",255-c
Gallery-1166,255-3-1,IMG_20250831_091520,2025-08-31 09:15:20,后备箱; 露营装备; 收纳; 帐篷; 睡袋; 自驾游,无,冯浩然在服务区停车时，拍摄了后备箱里整齐收纳的露营装备，包括帐篷、睡袋和折叠桌椅,"{'province': '湖南省', 'city': '长沙市', 'district': '望城区', 'streetName': '长张高速', 'streetNumber': 'XX号', 'poi': '长张高速某服务区'}",112.726896,28.2581,"{'province': '湖南省', 'city': '长沙市', 'district': '望城区', 'street': 'G5513长张高速', 'formatted_address': '湖南省长沙市望城区G5513长张高速[]'}",255-c
Gallery-1167,,IMG_20250831_123530,2025-08-31 12:35:30,健康午餐; 鸡胸肉; 西兰花; 糙米饭; 无糖豆浆; 健身餐,无,冯浩然拍摄自己制作的健康午餐，盘中有香煎鸡胸肉、水煮西兰花和糙米饭，搭配一杯无糖豆浆,"{'province': '湖南省', 'city': '长沙市', 'district': '岳麓区', 'streetName': '双塘路', 'streetNumber': '99号', 'poi': '岳麓区机关金星住宅小区家中餐厅'}",112.938578,28.221525,"{'province': '湖南省', 'city': '长沙市', 'district': '岳麓区', 'street': '桐梓坡路', 'formatted_address': '湖南省长沙市岳麓区桐梓坡路99号'}",
Gallery-1168,,IMG_20250831_181240,2025-08-31 18:12:40,湘江; 落日; 晚霞; 江面; 波光; 城市风光,无,冯浩然在湘江风光带散步时，拍摄了江面上绚烂的落日余晖，天空被染成橙红色，江面波光粼粼,"{'province': '湖南省', 'city': '长沙市', 'district': '天心区', 'streetName': '白沙路', 'streetNumber': 'XX号', 'poi': '湘江风光带（猴子石大桥附近）'}",112.968025,28.17906,"{'province': '湖南省', 'city': '长沙市', 'district': '天心区', 'street': '白沙路', 'formatted_address': '湖南省长沙市天心区白沙路[]'}",
Gallery-1169,143-8,IMG_20250831_210815,2025-08-31 21:08:15,电脑屏幕; 文档; 邮票清单; 收藏计划; Excel表格,"人类探索与文明传承主题邮票目标清单
1. 阿波罗11号登月纪念邮票 (1969) - 优先级: 高
2. 郑和下西洋600周年纪念邮票 (2005) - 优先级: 高
... (共15项)",冯浩然拍摄电脑屏幕上显示的邮票收藏清单文档，文档标题为‘人类探索与文明传承主题邮票目标清单’，列出了15枚邮票的名称和优先级,"{'province': '湖南省', 'city': '长沙市', 'district': '岳麓区', 'streetName': '双塘路', 'streetNumber': '99号', 'poi': '岳麓区机关金星住宅小区家中书房'}",112.938578,28.221525,"{'province': '湖南省', 'city': '长沙市', 'district': '岳麓区', 'street': '桐梓坡路', 'formatted_address': '湖南省长沙市岳麓区桐梓坡路99号'}",143-h
Gallery-1170,,IMG_20250831_214520,2025-08-31 21:45:20,衣帽间; 熨烫衣物; 商务休闲装; 衬衫; 西裤; 收纳整理,无,冯浩然拍摄衣帽间里熨烫平整并挂好的下周商务休闲装，包括衬衫、西裤和一件休闲西装外套,"{'province': '湖南省', 'city': '长沙市', 'district': '岳麓区', 'streetName': '双塘路', 'streetNumber': '99号', 'poi': '岳麓区机关金星住宅小区家中衣帽间'}",112.938578,28.221525,"{'province': '湖南省', 'city': '长沙市', 'district': '岳麓区', 'street': '桐梓坡路', 'formatted_address': '湖南省长沙市岳麓区桐梓坡路99号'}",
Gallery-1171,267-1,IMG_20250901_093512,2025-09-01 09:35:12,PPT截图; 项目启动会; 客户资产分析; 投影屏幕; 会议室; 金融会议,客户资产分析项目启动会 2025年9月1日 华泰证券投资顾问部,冯浩然在会议室投影屏幕上展示客户资产分析项目的PPT封面，标题清晰可见，背景是深色窗帘和会议桌,"{'province': '湖南省', 'city': '长沙市', 'district': '开福区', 'streetName': '三一大道', 'streetNumber': 'XX号', 'poi': '湖南广电中心写字楼华泰证券会议室'}",113.046548,28.235932,"{'province': '湖南省', 'city': '长沙市', 'district': '开福区', 'street': '三一大道', 'formatted_address': '湖南省长沙市开福区三一大道[]'}",267-a
Gallery-1172,267-1,IMG_20250901_094028,2025-09-01 09:40:28,参会人员; 会议讨论; 同事; 金融从业者; 职业装; 团队协作,无,冯浩然与同事郑文博在会议桌前讨论项目分工，郑文博正看向白板，两人神情专注,"{'province': '湖南省', 'city': '长沙市', 'district': '开福区', 'streetName': '三一大道', 'streetNumber': 'XX号', 'poi': '湖南广电中心写字楼华泰证券会议室'}",113.046548,28.235932,"{'province': '湖南省', 'city': '长沙市', 'district': '开福区', 'street': '三一大道', 'formatted_address': '湖南省长沙市开福区三一大道[]'}",267-a
Gallery-1173,267-1,IMG_20250901_100515,2025-09-01 10:05:15,会议纪要; 白板; 手写笔记; 项目分工; 工作计划; 会议室,"项目目标：高净值客户资产组合分析
数据需求：宏观报告、行业研报、客户持仓
分工：冯（宏观策略）、郑（数据处理）、孙（客户沟通）
本周里程碑：完成框架搭建",会议纪要白板上写满了项目目标、数据需求和分工安排，字迹清晰，旁边放着几支白板笔,"{'province': '湖南省', 'city': '长沙市', 'district': '开福区', 'streetName': '三一大道', 'streetNumber': 'XX号', 'poi': '湖南广电中心写字楼华泰证券会议室'}",113.046548,28.235932,"{'province': '湖南省', 'city': '长沙市', 'district': '开福区', 'street': '三一大道', 'formatted_address': '湖南省长沙市开福区三一大道[]'}",267-a
Gallery-1174,264-1-2,IMG_20250901_143022,2025-09-01 14:30:22,电脑屏幕; 电子账单; Excel表格; 财务分析; 手写备注; 工作桌面,"8月份支出明细
日期	类别	金额	备注
2025-08-05	餐饮	150.00
2025-08-10	交通	80.00
2025-08-15	软装采购	12,500.00
2025-08-20	视频课程	3,800.00
2025-08-25日用品	200.00
总计：	16,730.00
（手写便利贴文字：超支分析 - 软装采购超预算2000元；必要性评估 - 视频课程为技能投资，值得。）",一张电脑屏幕的截图照片，显示着8月份的电子账单表格。表格中，“软装采购”和“视频课程”两项支出被高亮标注。屏幕旁贴有手写的便利贴，上面写着“超支分析”、“必要性评估”等字样。,"{'province': '北京市', 'city': '北京市', 'district': '朝阳区', 'streetName': '望京街道', 'streetNumber': '101号', 'poi': '冯浩然的家'}",116.468615,39.993126,"{'province': '北京市', 'city': '北京市', 'district': '朝阳区', 'street': [], 'formatted_address': '北京市北京市朝阳区[][]'}",264-a
Gallery-1175,a_156,IMG_20250901_153845,2025-09-01 15:38:45,冰美式; 咖啡; 下午茶; 木质桌面; 水珠; 放松时刻,无,一杯冰美式咖啡放在圣爵菲斯咖啡厅的木质桌面上，杯壁凝结着水珠，旁边是冯浩然的手机和钥匙,"{'province': '湖南省', 'city': '长沙市', 'district': '开福区', 'streetName': '三一大道', 'streetNumber': 'XX号', 'poi': '圣爵菲斯咖啡厅'}",113.016375,28.233632,"{'province': '湖南省', 'city': '长沙市', 'district': '开福区', 'street': '三一大道', 'formatted_address': '湖南省长沙市开福区三一大道[]'}",a_156
Gallery-1176,a_156,IMG_20250901_154210,2025-09-01 15:42:10,自拍; 咖啡休息; 靠窗座位; 手机浏览; 休闲时光; 金融从业者,无,冯浩然手持冰美式咖啡，坐在咖啡厅靠窗位置，窗外是写字楼街景，他正低头浏览手机屏幕,"{'province': '湖南省', 'city': '长沙市', 'district': '开福区', 'streetName': '三一大道', 'streetNumber': 'XX号', 'poi': '圣爵菲斯咖啡厅'}",113.016375,28.233632,"{'province': '湖南省', 'city': '长沙市', 'district': '开福区', 'street': '三一大道', 'formatted_address': '湖南省长沙市开福区三一大道[]'}",a_156
Gallery-1177,a_28,IMG_20250902_062015,2025-09-02 06:20:15,清晨街道; 岳麓山远景; 行道树光影; 城市通勤; 晨间风景,无,冯浩然驾车经过岳麓区双塘路，清晨的阳光透过行道树洒在整洁的街道上，远处可见岳麓山的轮廓,"{'province': '湖南省', 'city': '长沙市', 'district': '岳麓区', 'streetName': '双塘路', 'streetNumber': '99号', 'poi': '岳麓区机关金星住宅小区附近'}",112.938578,28.221525,"{'province': '湖南省', 'city': '长沙市', 'district': '岳麓区', 'street': '桐梓坡路', 'formatted_address': '湖南省长沙市岳麓区桐梓坡路99号'}",a_28
Gallery-1178,261-3-2,IMG_20250902_064530,2025-09-02 06:45:30,岳麓山跑道; 晨间山路; 茂密树林; 户外运动; 自然风光,无,冯浩然在岳麓山环山跑道旁，拍摄下晨光中蜿蜒的山路和茂密的树林，空气清新,"{'province': '湖南省', 'city': '长沙市', 'district': '岳麓区', 'streetName': '登高路', 'streetNumber': '58号', 'poi': '岳麓山风景名胜区（环山跑道）'}",112.936104,28.183601,"{'province': '湖南省', 'city': '长沙市', 'district': '岳麓区', 'street': '登高路', 'formatted_address': '湖南省长沙市岳麓区登高路58号'}",261-c
Gallery-1179,,IMG_20250902_184520,2025-09-02 18:45:20,剁椒鱼头; 辣椒炒肉; 湘菜聚餐; 同事庆祝; 美食特写,无,冯浩然与同事郑文博在湘菜馆聚餐，桌上摆着热气腾腾的剁椒鱼头和辣椒炒肉，背景是温馨的卡座,"{'province': '湖南省', 'city': '长沙市', 'district': '岳麓区', 'streetName': '银双路', 'streetNumber': 'XX号', 'poi': '西湖建新安置小区湘菜馆'}",112.937354,28.220409,"{'province': '湖南省', 'city': '长沙市', 'district': '岳麓区', 'street': '银双路', 'formatted_address': '湖南省长沙市岳麓区银双路[]'}",
Gallery-1180,a_261,IMG_20250903_071530,2025-09-03 07:15:30,晨跑; 山顶合影; 城市天际线; 晨曦; 运动装备; 岳麓山,无,冯浩然在岳麓山晨跑后与跑友高云飞在山顶观景台合影，身后是晨曦中的长沙城市天际线,"{'province': '湖南省', 'city': '长沙市', 'district': '岳麓区', 'streetName': '登高路', 'streetNumber': '58号', 'poi': '岳麓山风景名胜区观景台'}",112.936104,28.183601,"{'province': '湖南省', 'city': '长沙市', 'district': '岳麓区', 'street': '登高路', 'formatted_address': '湖南省长沙市岳麓区登高路58号'}",a_261
Gallery-1181,a_266,IMG_20250904_175530,2025-09-04 17:55:30,便利店; 食材采购; 购物袋; 西兰花; 鸡胸肉; 酸奶; 傍晚; 街拍,无,冯浩然在归心苑小区便利店门口拍摄采购的食材，购物袋里装着新鲜的西兰花、彩椒、鸡胸肉和酸奶，背景是便利店的招牌和傍晚的城市街道,"{'province': '湖南省', 'city': '长沙市', 'district': '开福区', 'streetName': '芙蓉中路', 'streetNumber': 'XX号', 'poi': '归心苑小区便利店'}",113.045701,28.240445,"{'province': '湖南省', 'city': '长沙市', 'district': '开福区', 'street': [], 'formatted_address': '湖南省长沙市开福区[][]'}",a_266
Gallery-1182,48-1,IMG_20250905_070815,2025-09-05 07:08:15,岳麓山; 爱晚亭; 晨雾; 枫林; 古建筑; 风景打卡; 秋日清晨,无,冯浩然在岳麓山爱晚亭前拍摄晨雾缭绕的风景，古亭在薄雾中若隐若现，背景是茂密的枫林,"{'province': '湖南省', 'city': '长沙市', 'district': '岳麓区', 'streetName': '登高路', 'streetNumber': '58号', 'poi': '岳麓山风景名胜区-爱晚亭'}",112.937564,28.180437,"{'province': '湖南省', 'city': '长沙市', 'district': '岳麓区', 'street': '登高路', 'formatted_address': '湖南省长沙市岳麓区登高路58号'}",48-a
Gallery-1183,48-7,IMG_20250905_121540,2025-09-05 12:15:40,剁椒鱼头; 辣椒炒肉; 湘菜; 聚餐; 同事; 美食记录,无,冯浩然与同事郑文博在湘菜馆聚餐，桌上摆着剁椒鱼头和辣椒炒肉，背景是热闹的餐厅环境,"{'province': '湖南省', 'city': '长沙市', 'district': '开福区', 'streetName': '金鹰路', 'streetNumber': 'XX号', 'poi': '老长沙味道湘菜馆'}",113.0459,28.246161,"{'province': '湖南省', 'city': '长沙市', 'district': '开福区', 'street': '金鹰路', 'formatted_address': '湖南省长沙市开福区金鹰路[]'}",48-a
Gallery-1184,a_256,IMG_20250905_140225,2025-09-05 14:02:25,电脑屏幕; PPT; 投资组合; 数据图表; 文档扫描; 工作准备,Q3投资组合表现分析 - 客户：黄思琪 - 2025-09-05,冯浩然在办公室拍摄电脑屏幕上的一份客户投资组合分析PPT，图表和数据清晰可见,"{'province': '湖南省', 'city': '长沙市', 'district': '开福区', 'streetName': '芙蓉中路', 'streetNumber': '319号', 'poi': '绿地中心T3栋-华泰证券办公室'}",112.987111,28.210324,"{'province': '湖南省', 'city': '长沙市', 'district': '开福区', 'street': '芙蓉中路', 'formatted_address': '湖南省长沙市开福区芙蓉中路319号'}",a_256
Gallery-1185,260-4,IMG_20250906_103015,2025-09-06 10:30:15,文档扫描; 财经研报; 手机拍摄; 书房桌面; 茶杯; A4纸; 文字清晰,2025年第三季度中国宏观经济展望与资产配置策略 发布日期：2025-09-05 华泰证券研究所,冯浩然在书房书桌上用手机扫描一份财经行业研报文档，文档标题清晰可见，旁边放着一杯刚泡好的茶。,"{'province': '湖南省', 'city': '长沙市', 'district': '岳麓区', 'streetName': '双塘路', 'streetNumber': '99号', 'poi': '岳麓区机关金星住宅小区'}",112.938578,28.221525,"{'province': '湖南省', 'city': '长沙市', 'district': '岳麓区', 'street': '桐梓坡路', 'formatted_address': '湖南省长沙市岳麓区桐梓坡路99号'}",260-a
Gallery-1186,a_67,IMG_20250906_140520,2025-09-06 14:05:20,青年毛泽东雕塑; 橘子洲头; 秋日天空; 城市天际线; 仰拍视角; 剪影效果; 湘江风光; 地标打卡,无,冯浩然在橘子洲头青年毛泽东艺术雕塑广场前，以仰角拍摄宏伟的雕塑剪影，背景是秋日晴朗的蓝天和湘江对岸的城市天际线。,"{'province': '湖南省', 'city': '长沙市', 'district': '岳麓区', 'streetName': '橘子洲头', 'streetNumber': '2号', 'poi': '橘子洲风景名胜区青年毛泽东艺术雕塑广场'}",112.960251,28.165235,"{'province': '湖南省', 'city': '长沙市', 'district': '岳麓区', 'street': [], 'formatted_address': '湖南省长沙市岳麓区[]2号'}",a_67
Gallery-1187,a_67,IMG_20250906_142210,2025-09-06 14:22:10,街拍人像; 情侣背影; 江边漫步; 秋日阳光; 斑驳树影; 抓拍瞬间; 生活气息; 湘江,无,冯浩然在橘子洲头江边步道，抓拍一对年轻情侣手牵手漫步的背影，阳光透过树叶洒下斑驳光影，远处是波光粼粼的湘江江面。,"{'province': '湖南省', 'city': '长沙市', 'district': '岳麓区', 'streetName': '橘子洲头', 'streetNumber': '2号', 'poi': '橘子洲风景名胜区湘江风光带'}",112.960251,28.165235,"{'province': '湖南省', 'city': '长沙市', 'district': '岳麓区', 'street': [], 'formatted_address': '湖南省长沙市岳麓区[]2号'}",a_67
Gallery-1188,a_67,IMG_20250906_144005,2025-09-06 14:40:05,银杏叶; 微距摄影; 秋日落叶; 叶脉纹理; 晶莹露珠; 细节特写; 自然元素; 金黄色,无,冯浩然在橘子洲头靠近水边的石阶上，用微距模式拍摄一片飘落的金黄色银杏叶，叶脉纹理清晰，叶边微微卷曲，沾着几颗晶莹的露珠。,"{'province': '湖南省', 'city': '长沙市', 'district': '岳麓区', 'streetName': '橘子洲头', 'streetNumber': '2号', 'poi': '橘子洲风景名胜区亲水平台'}",112.960251,28.165235,"{'province': '湖南省', 'city': '长沙市', 'district': '岳麓区', 'street': [], 'formatted_address': '湖南省长沙市岳麓区[]2号'}",a_67
Gallery-1189,a_154,IMG_20250907_210500,2025-09-07 21:05:00,瑜伽垫; 弹力带; 物品收纳; 客厅; 储物柜; 健身器材,无,冯浩然在客厅将新买的瑜伽垫和弹力带整齐地卷好，准备收纳到储物柜中，背景是简约的客厅沙发和木质地板,"{'province': '湖南省', 'city': '长沙市', 'district': '岳麓区', 'streetName': '双塘路', 'streetNumber': '99号', 'poi': '岳麓区机关金星住宅小区'}",112.938578,28.221525,"{'province': '湖南省', 'city': '长沙市', 'district': '岳麓区', 'street': '桐梓坡路', 'formatted_address': '湖南省长沙市岳麓区桐梓坡路99号'}",a_154
Gallery-1190,,IMG_20250908_084530,2025-09-08 08:45:30,早高峰; 车流拥堵; 城市街道; 湖南广电中心; 阴天; 通勤,无,冯浩然在早高峰通勤途中，透过车窗拍摄芙蓉中路拥堵的车流，远处是湖南广电中心写字楼和阴沉的天空,"{'province': '湖南省', 'city': '长沙市', 'district': '开福区', 'streetName': '芙蓉中路', 'streetNumber': 'XX号', 'poi': '湖南广电中心写字楼附近路段'}",113.046548,28.235932,"{'province': '湖南省', 'city': '长沙市', 'district': '开福区', 'street': [], 'formatted_address': '湖南省长沙市开福区[][]'}",
Gallery-1191,267-5-3,IMG_20250908_160520,2025-09-08 16:05:20,PPT截图; 投影屏幕; 资产分析; 风险矩阵; 团队会议; 金融图表,客户资产分析初步结论 - 风险与需求识别 - 下一阶段目标：协同分析计划,冯浩然在客户项目团队会议上，用手机拍摄投影屏幕上展示的资产分析PPT，内容包含风险矩阵图表和下一阶段目标,"{'province': '湖南省', 'city': '长沙市', 'district': '开福区', 'streetName': '芙蓉中路', 'streetNumber': '88号', 'poi': '湖南广电中心写字楼公司小会议室'}",113.046548,28.235932,"{'province': '湖南省', 'city': '长沙市', 'district': '开福区', 'street': [], 'formatted_address': '湖南省长沙市开福区[][]'}",267-e
Gallery-1192,265-2-2,IMG_20250908_190815,2025-09-08 19:08:15,鸡汤小馄饨; 蔬菜沙拉; 简易晚餐; 白色瓷碗; 木质餐桌; 居家美食,无,冯浩然在家中餐桌上拍摄自己的简易晚餐，包括一碗热气腾腾的速冻鸡汤小馄饨和一份色彩鲜艳的蔬菜沙拉,"{'province': '湖南省', 'city': '长沙市', 'district': '岳麓区', 'streetName': '双塘路', 'streetNumber': '99号', 'poi': '岳麓区机关金星住宅小区家中餐厅'}",112.938578,28.221525,"{'province': '湖南省', 'city': '长沙市', 'district': '岳麓区', 'street': '桐梓坡路', 'formatted_address': '湖南省长沙市岳麓区桐梓坡路99号'}",265-b
Gallery-1193,265-2-2,IMG_20250908_201030,2025-09-08 20:10:30,书桌收纳; iPad; 笔记本; 钢笔; 木质书架; 工作区,无,冯浩然在书房电话沟通后，拍摄了整理好的书桌一角，上面整齐摆放着iPad、笔记本和一支钢笔，背景是书架,"{'province': '湖南省', 'city': '长沙市', 'district': '岳麓区', 'streetName': '双塘路', 'streetNumber': '99号', 'poi': '岳麓区机关金星住宅小区家中书房'}",112.938578,28.221525,"{'province': '湖南省', 'city': '长沙市', 'district': '岳麓区', 'street': '桐梓坡路', 'formatted_address': '湖南省长沙市岳麓区桐梓坡路99号'}",265-b
Gallery-1194,a_261,IMG_20250909_073025,2025-09-09 07:30:25,晨跑; 拉伸; 爱晚亭; 山林; 晨光; 运动装备,无,冯浩然在岳麓山爱晚亭附近进行晨跑后的拉伸，背景是古色古香的亭子和晨光中的山林,"{'province': '湖南省', 'city': '长沙市', 'district': '岳麓区', 'streetName': '麓山南路', 'streetNumber': 'XX号', 'poi': '岳麓山爱晚亭景区'}",112.937564,28.180437,"{'province': '湖南省', 'city': '长沙市', 'district': '岳麓区', 'street': '麓山南路', 'formatted_address': '湖南省长沙市岳麓区麓山南路[]'}",a_261
Gallery-1195,259-4-2,IMG_20250909_122015,2025-09-09 12:20:15,湘菜; 辣椒炒肉; 剁椒鱼头; 午餐; 同事聚餐; 家常菜,无,冯浩然与同事郑文博在湘菜馆享用午餐，桌上摆着辣椒炒肉和剁椒鱼头等家常湘菜,"{'province': '湖南省', 'city': '长沙市', 'district': '芙蓉区', 'streetName': '晚报大道', 'streetNumber': 'XX号', 'poi': '老湘食(晚报店)'}",113.059083,28.200183,"{'province': '湖南省', 'city': '长沙市', 'district': '芙蓉区', 'street': '高家坡路', 'formatted_address': '湖南省长沙市芙蓉区高家坡路[]'}",259-d
Gallery-1196,92-5,IMG_20250909_141520,2025-09-09 14:15:20,PPT截图; 投资模型; 回测图表; 收益率曲线; 风险暴露; 线上会议,多因子优化投资组合回测 - 2025年Q2情景模拟 - 年化收益率: 8.5% - 最大回撤: -12.3%,冯浩然在线上会议中共享屏幕，展示投资组合模型在不同市场情景下的回测表现图表,"{'province': '湖南省', 'city': '长沙市', 'district': '开福区', 'streetName': '芙蓉中路', 'streetNumber': '88号', 'poi': '华泰证券办公室电话会议室'}",112.986675,28.223728,"{'province': '湖南省', 'city': '长沙市', 'district': '开福区', 'street': '芙蓉中路', 'formatted_address': '湖南省长沙市开福区芙蓉中路88号'}",92-e
Gallery-1197,92-5,IMG_20250909_143045,2025-09-09 14:30:45,会议纪要; 手写白板; 风险暴露; 行业配置; 团队分工; 要点清单,"会议纪要 2025-09-09
1. 风险暴露：新能源板块调低至15%
2. 行业配置：增配消费，减配科技
3. 分工：冯-模型优化，郑-客户沟通，孙-报告撰写",冯浩然在白板上手写的会议纪要，内容包括风险暴露、行业配置优化方向和团队分工,"{'province': '湖南省', 'city': '长沙市', 'district': '开福区', 'streetName': '芙蓉中路', 'streetNumber': '88号', 'poi': '华泰证券办公室电话会议室'}",112.986675,28.223728,"{'province': '湖南省', 'city': '长沙市', 'district': '开福区', 'street': '芙蓉中路', 'formatted_address': '湖南省长沙市开福区芙蓉中路88号'}",92-e
Gallery-1198,,IMG_20250909_174510,2025-09-09 17:45:10,文档扫描; 游泳课程; 教练介绍; 价格表; 时间安排; 在线搜索,"静水游泳俱乐部 - 成人蛙泳入门班
教练：王教练（国家一级运动员）
课时：10节/期 价格：1800元
时间：每周二、四 19:30-20:30
用户评分：4.8/5.0",冯浩然在电脑屏幕上浏览游泳教练的课程介绍页面，页面显示了价格、时间安排和用户评价,"{'province': '湖南省', 'city': '长沙市', 'district': '开福区', 'streetName': '芙蓉中路', 'streetNumber': '88号', 'poi': '华泰证券办公室'}",112.986675,28.223728,"{'province': '湖南省', 'city': '长沙市', 'district': '开福区', 'street': '芙蓉中路', 'formatted_address': '湖南省长沙市开福区芙蓉中路88号'}",
Gallery-1199,153-13,IMG_20250909_190530,2025-09-09 19:05:30,物品收纳; 瑜伽垫; 水壶; 更衣室; 运动准备; 瑜伽服,无,冯浩然在瑜伽馆更衣室整理自己的瑜伽垫和水壶，准备开始流瑜伽课程,"{'province': '湖南省', 'city': '长沙市', 'district': '岳麓区', 'streetName': '银盆南路', 'streetNumber': '298号', 'poi': '静心流瑜伽工作室'}",112.954413,28.221976,"{'province': '湖南省', 'city': '长沙市', 'district': '岳麓区', 'street': '银盆南路', 'formatted_address': '湖南省长沙市岳麓区银盆南路298号'}",153-m
Gallery-1200,126-14-1,IMG_20250910_124530,2025-09-10 12:45:30,湘菜; 小炒肉; 员工食堂; 午餐; 同事聚餐; 玻璃幕墙,无,冯浩然与同事郑文博在员工食堂共进午餐，桌上摆放着湘菜小炒肉和米饭，背景是食堂的玻璃幕墙和绿植,"{'province': '湖南省', 'city': '长沙市', 'district': '开福区', 'streetName': '芙蓉中路', 'streetNumber': '88号', 'poi': '湖南广电中心写字楼员工食堂'}",113.046548,28.235932,"{'province': '湖南省', 'city': '长沙市', 'district': '开福区', 'street': [], 'formatted_address': '湖南省长沙市开福区[][]'}",126-n
Gallery-1201,126-14-2,IMG_20250910_161520,2025-09-10 16:15:20,文档扫描; 资产配置方案; 打印文件; 手冲咖啡; 办公桌面; 工作收尾,资产配置优化方案 - 客户：黄思琪 - 日期：2025-09-10 - 华泰证券股份有限公司,冯浩然在工位上用手机扫描一份客户资产配置方案的打印文档，文档平铺在木质桌面上，旁边放着一杯手冲咖啡,"{'province': '湖南省', 'city': '长沙市', 'district': '开福区', 'streetName': '芙蓉中路', 'streetNumber': '88号', 'poi': '湖南广电中心写字楼个人工位'}",113.046548,28.235932,"{'province': '湖南省', 'city': '长沙市', 'district': '开福区', 'street': [], 'formatted_address': '湖南省长沙市开福区[][]'}",126-n
Gallery-1202,a_267,IMG_20250911_161530,2025-09-11 16:15:30,文档扫描; 市场简报; 高端制造; 供应链分析; 办公桌; 手冲咖啡; 木质桌面,华泰证券市场简报 - 先进制造板块周度分析 2025年9月11日 分析师：冯浩然 核心观点：关注高端制造供应链国产化替代机遇...,冯浩然在华泰证券办公室工位上，用手机扫描一份关于高端制造供应链分析的市场简报文档，文档平铺在木质办公桌上，旁边放着一杯手冲咖啡和一支钢笔。,"{'province': '湖南省', 'city': '长沙市', 'district': '开福区', 'streetName': '芙蓉中路', 'streetNumber': '88号', 'poi': '华泰证券股份有限公司办公室'}",112.986675,28.223728,"{'province': '湖南省', 'city': '长沙市', 'district': '开福区', 'street': '芙蓉中路', 'formatted_address': '湖南省长沙市开福区芙蓉中路88号'}",a_267
Gallery-1203,267-8-1,IMG_20250912_091520,2025-09-12 09:15:20,PPT截图; 资产配置; 数据图表; 视频会议; 屏幕显示; 金融方案,无,冯浩然在视频会议中展示的PPT截图，屏幕上显示着资产配置优化方案的核心图表和数据，背景是公司视频会议室的屏幕和桌椅。,"{'province': '湖南省', 'city': '长沙市', 'district': '开福区', 'streetName': '芙蓉中路', 'streetNumber': '88号', 'poi': '湖南广电中心写字楼3号视频会议室'}",113.046548,28.235932,"{'province': '湖南省', 'city': '长沙市', 'district': '开福区', 'street': [], 'formatted_address': '湖南省长沙市开福区[][]'}",267-h
Gallery-1204,139-13-3,IMG_20250912_210510,2025-09-12 21:05:10,小炒黄牛肉; 湘菜; 美食; 辣椒; 白色瓷盘; 木质餐桌,无,冯浩然在湘菜馆拍摄的招牌小炒黄牛肉，牛肉鲜嫩，搭配红绿辣椒，盛放在白色瓷盘中，背景是木质餐桌和餐馆环境。,"{'province': '湖南省', 'city': '长沙市', 'district': '岳麓区', 'streetName': '银双路', 'streetNumber': 'XX号', 'poi': '老味湘菜馆'}",112.945778,28.222257,"{'province': '湖南省', 'city': '长沙市', 'district': '岳麓区', 'street': '银双路', 'formatted_address': '湖南省长沙市岳麓区银双路[]'}",139-m
Gallery-1205,262-5,IMG_20250913_163015,2025-09-13 16:30:15,装饰画安装; 抽象几何线条画; 客厅墙面; 水平仪; 安装工具; 软装布置,无,冯浩然将新买的抽象几何线条画悬挂在客厅沙发背景墙上，墙面平整，画框与水平仪对齐，旁边散落着安装工具和包装材料。,"{'province': '湖南省', 'city': '长沙市', 'district': '岳麓区', 'streetName': '双塘路', 'streetNumber': '99号', 'poi': '岳麓区机关金星住宅小区家中客厅'}",112.938578,28.221525,"{'province': '湖南省', 'city': '长沙市', 'district': '岳麓区', 'street': '桐梓坡路', 'formatted_address': '湖南省长沙市岳麓区桐梓坡路99号'}",262-a
Gallery-1206,a_139,IMG_20250914_092015,2025-09-14 09:20:15,茶坊; 龙井茶; 摄影器材; 交流; 木质茶桌; 岳麓山,无,冯浩然与摄影师陈锋在岳麓山爱晚亭旁的如愿茶坊内交流摄影心得，木质茶桌上摆放着两杯龙井茶和摄影器材,"{'province': '湖南省', 'city': '长沙市', 'district': '岳麓区', 'streetName': '登高路', 'streetNumber': '58号', 'poi': '岳麓山风景名胜区-如愿茶坊'}",112.936104,28.183601,"{'province': '湖南省', 'city': '长沙市', 'district': '岳麓区', 'street': '登高路', 'formatted_address': '湖南省长沙市岳麓区登高路58号'}",a_139
Gallery-1207,,IMG_20250914_095530,2025-09-14 09:55:30,爱晚亭; 打卡; 枫树林; 岳麓山; 古建筑; 秋日,无,冯浩然在岳麓山爱晚亭前打卡留念，身后是古色古香的亭子和茂密的枫树林,"{'province': '湖南省', 'city': '长沙市', 'district': '岳麓区', 'streetName': '登高路', 'streetNumber': '58号', 'poi': '岳麓山风景名胜区-爱晚亭'}",112.937564,28.180437,"{'province': '湖南省', 'city': '长沙市', 'district': '岳麓区', 'street': '登高路', 'formatted_address': '湖南省长沙市岳麓区登高路58号'}",
Gallery-1208,a_114,IMG_20250914_114520,2025-09-14 11:45:20,手冲咖啡; 耶加雪菲; 咖啡杯; 木质桌面; 笔记本电脑; 靠窗,无,冯浩然在一丹咖啡厅拍摄桌上的耶加雪菲手冲咖啡，背景是笔记本电脑和窗外街景,"{'province': '湖南省', 'city': '长沙市', 'district': '芙蓉区', 'streetName': '浏阳河大道', 'streetNumber': '168号', 'poi': '一丹咖啡厅'}",113.044616,28.193821,"{'province': '湖南省', 'city': '长沙市', 'district': '芙蓉区', 'street': '浏阳河大道', 'formatted_address': '湖南省长沙市芙蓉区浏阳河大道[]'}",a_114
Gallery-1209,,IMG_20250914_194530,2025-09-14 19:45:30,三文鱼排; 西兰花; 杂粮饭; 健康晚餐; 摆盘; 家居,无,冯浩然拍摄家中餐桌上烹饪好的晚餐，包括煎三文鱼排、西兰花、小番茄和杂粮饭，摆盘整齐,"{'province': '湖南省', 'city': '长沙市', 'district': '岳麓区', 'streetName': '双塘路', 'streetNumber': '99号', 'poi': '岳麓区机关金星住宅小区-家中餐厅'}",112.938578,28.221525,"{'province': '湖南省', 'city': '长沙市', 'district': '岳麓区', 'street': '桐梓坡路', 'formatted_address': '湖南省长沙市岳麓区桐梓坡路99号'}",
Gallery-1210,a_139,IMG_20250914_202215,2025-09-14 20:22:15,傍晚街景; 路灯; 蓝调时刻; 社区公园; 散步; 城市风光,无,冯浩然在英才园社区公园散步时拍摄的傍晚街景，路灯刚刚亮起，天空呈现蓝调时刻,"{'province': '湖南省', 'city': '长沙市', 'district': '岳麓区', 'streetName': '英才园路', 'streetNumber': 'XX号', 'poi': '英才园社区公园'}",112.94648,28.213092,"{'province': '湖南省', 'city': '长沙市', 'district': '岳麓区', 'street': '英才园路', 'formatted_address': '湖南省长沙市岳麓区英才园路[]'}",a_139
Gallery-1211,a_139,IMG_20250914_203025,2025-09-14 20:30:25,公园步道; 树木; 长椅; 散步居民; 社区生活; 宁静,无,冯浩然拍摄英才园社区公园内一处安静的步道，两旁是茂密的树木和长椅，远处有居民在散步,"{'province': '湖南省', 'city': '长沙市', 'district': '岳麓区', 'streetName': '英才园路', 'streetNumber': 'XX号', 'poi': '英才园社区公园'}",112.94648,28.213092,"{'province': '湖南省', 'city': '长沙市', 'district': '岳麓区', 'street': '英才园路', 'formatted_address': '湖南省长沙市岳麓区英才园路[]'}",a_139
Gallery-1212,,IMG_20250915_121530,2025-09-15 12:15:30,小炒黄牛肉; 湘菜; 午餐; 同事聚餐; 美食摄影,无,冯浩然与同事郑文博在湘菜馆品尝小炒黄牛肉，菜品色泽红亮，背景是木质餐桌和餐厅环境,"{'province': '湖南省', 'city': '长沙市', 'district': '开福区', 'streetName': '金鹰路', 'streetNumber': 'XX号', 'poi': '常去湘菜馆'}",113.043533,28.238287,"{'province': '湖南省', 'city': '长沙市', 'district': '开福区', 'street': '金鹰路', 'formatted_address': '湖南省长沙市开福区金鹰路[]'}",
Gallery-1213,149-1,IMG_20250915_142020,2025-09-15 14:20:20,PPT截图; 项目复盘; 会议记录; 投影屏幕; 工作文档,黄思琪/林志豪项目复盘 - 关键节点与成功经验总结 2025-09-15,冯浩然在项目复盘会上拍摄的PPT屏幕，内容为项目关键节点与复盘结论，背景是会议室投影幕布,"{'province': '湖南省', 'city': '长沙市', 'district': '开福区', 'streetName': '芙蓉中路', 'streetNumber': '88号', 'poi': '华泰证券办公室小会议室'}",112.986675,28.223728,"{'province': '湖南省', 'city': '长沙市', 'district': '开福区', 'street': '芙蓉中路', 'formatted_address': '湖南省长沙市开福区芙蓉中路88号'}",149-a
Gallery-1214,268-1,IMG_20250915_182530,2025-09-15 18:25:30,手冲咖啡; 埃塞俄比亚耶加雪菲; 咖啡师冲煮; 咖啡馆吧台; 新品品尝,无,冯浩然在一丹咖啡厅品尝新品手冲咖啡，咖啡师沈心怡正在冲煮，背景是咖啡馆的吧台和咖啡器具,"{'province': '湖南省', 'city': '长沙市', 'district': '芙蓉区', 'streetName': '浏阳河大道', 'streetNumber': 'XX号', 'poi': '一丹咖啡厅'}",113.039134,28.174765,"{'province': '湖南省', 'city': '长沙市', 'district': '芙蓉区', 'street': '浏阳河大道', 'formatted_address': '湖南省长沙市芙蓉区浏阳河大道[]'}",268-a
Gallery-1215,a_261,IMG_20250916_064530,2025-09-16 06:45:30,晨跑; 岳麓山; 绿道; 薄雾; 山林; 运动,无,冯浩然在岳麓山绿道晨跑，身后是清晨薄雾笼罩的山林和蜿蜒的步道，阳光透过树叶洒下斑驳光影,"{'province': '湖南省', 'city': '长沙市', 'district': '岳麓区', 'streetName': '登高路', 'streetNumber': '58号', 'poi': '岳麓山风景名胜区（东门绿道）'}",112.936104,28.183601,"{'province': '湖南省', 'city': '长沙市', 'district': '岳麓区', 'street': '登高路', 'formatted_address': '湖南省长沙市岳麓区登高路58号'}",a_261
Gallery-1216,,IMG_20250916_070820,2025-09-16 07:08:20,露珠; 蜘蛛网; 微距; 晨露; 自然细节; 特写,无,冯浩然停下脚步，用手机特写拍摄路边沾满露珠的蜘蛛网，背景是虚化的绿色灌木丛,"{'province': '湖南省', 'city': '长沙市', 'district': '岳麓区', 'streetName': '登高路', 'streetNumber': '58号', 'poi': '岳麓山风景名胜区（东门附近）'}",112.936104,28.183601,"{'province': '湖南省', 'city': '长沙市', 'district': '岳麓区', 'street': '登高路', 'formatted_address': '湖南省长沙市岳麓区登高路58号'}",
Gallery-1217,a_268,IMG_20250916_213505,2025-09-16 21:35:05,手机备忘录; 咖啡品鉴笔记; 文档扫描; 手冲咖啡; 风味记录,古吉罕贝拉日晒 干香：蓝莓、草莓果酱甜香；湿香：发酵酒香；口感：高温段莓果酸质明亮，中温段body饱满醇厚，红茶感，尾韵轻微香料感。复杂度佳，余韵悠长。,冯浩然在书房台灯下，拍摄手机备忘录中关于古吉罕贝拉日晒咖啡豆的品鉴笔记，屏幕上显示着详细的文字记录,"{'province': '湖南省', 'city': '长沙市', 'district': '岳麓区', 'streetName': '双塘路', 'streetNumber': '99号', 'poi': '岳麓区机关金星住宅小区（家中书房）'}",112.938578,28.221525,"{'province': '湖南省', 'city': '长沙市', 'district': '岳麓区', 'street': '桐梓坡路', 'formatted_address': '湖南省长沙市岳麓区桐梓坡路99号'}",a_268
Gallery-1218,a_261,IMG_20250917_074520,2025-09-17 07:45:20,晨练; 跑友合影; 岳麓山; 绿道; 清晨阳光; 运动服; 山林背景,无,冯浩然与跑友高云飞在岳麓山绿道晨练后合影，身后是清晨阳光下的山林步道和远处的城市轮廓,"{'province': '湖南省', 'city': '长沙市', 'district': '岳麓区', 'streetName': '登高路', 'streetNumber': '58号', 'poi': '岳麓山风景名胜区东门绿道'}",112.936104,28.183601,"{'province': '湖南省', 'city': '长沙市', 'district': '岳麓区', 'street': '登高路', 'formatted_address': '湖南省长沙市岳麓区登高路58号'}",a_261
Gallery-1219,149-3,IMG_20250917_111530,2025-09-17 11:15:30,工作文档; 数据预处理; 比特币ETF; Excel表格; 金融分析; 办公桌,IBIT 比特币现货ETF 历史价格数据 2024-01-11至2025-09-16 收盘价、日收益率,冯浩然在办公室工位上拍摄一份打开的比特币ETF历史价格数据文档，文档内容清晰可见，背景是电脑屏幕和办公桌,"{'province': '湖南省', 'city': '长沙市', 'district': '开福区', 'streetName': '芙蓉中路', 'streetNumber': '88号', 'poi': '华泰证券股份有限公司办公室'}",112.986675,28.223728,"{'province': '湖南省', 'city': '长沙市', 'district': '开福区', 'street': '芙蓉中路', 'formatted_address': '湖南省长沙市开福区芙蓉中路88号'}",149-c
Gallery-1220,a_30,IMG_20250918_074520,2025-09-18 07:45:20,早餐; 燕麦粥; 煎蛋; 全麦面包; 手冲咖啡; iPad; 财经新闻; 居家,无,冯浩然在家中厨房的餐桌上享用早餐，燕麦粥、煎蛋和全麦面包摆放在白色瓷盘中，旁边放着一杯手冲咖啡和一部显示财经新闻的iPad。,"{'province': '湖南省', 'city': '长沙市', 'district': '岳麓区', 'streetName': '双塘路', 'streetNumber': '99号', 'poi': '岳麓区机关金星住宅小区'}",112.938578,28.221525,"{'province': '湖南省', 'city': '长沙市', 'district': '岳麓区', 'street': '桐梓坡路', 'formatted_address': '湖南省长沙市岳麓区桐梓坡路99号'}",a_30
Gallery-1221,a_256,IMG_20250918_121530,2025-09-18 12:15:30,午餐; 小炒肉; 家常豆腐; 时蔬; 湘菜; 同事聚餐; 交流,无,冯浩然与同事郑文博在伟记家常菜馆的餐桌旁，桌上摆着刚上桌的小炒肉、家常豆腐和时蔬，两人正在边吃边交流。,"{'province': '湖南省', 'city': '长沙市', 'district': '开福区', 'streetName': '万家丽北路', 'streetNumber': 'XX号', 'poi': '伟记家常菜馆'}",113.040967,28.238937,"{'province': '湖南省', 'city': '长沙市', 'district': '开福区', 'street': '万家丽北路', 'formatted_address': '湖南省长沙市开福区万家丽北路[]'}",a_256
Gallery-1222,30-7-1,IMG_20250918_153605,2025-09-18 15:36:05,电脑屏幕; 资产账户; 股票; 基金; 里程碑; 金融; 工作,"个人资产汇总 - 股票账户：XXX元 基金账户：XXX元 现金账户：XXX元 总资产：1,000,128元 日期：2025-09-18","冯浩然在华泰证券办公室的电脑屏幕上，显示着汇总后的个人资产账户页面，总资产数字1,000,128元被清晰展示。","{'province': '湖南省', 'city': '长沙市', 'district': '开福区', 'streetName': '芙蓉中路', 'streetNumber': '88号', 'poi': '湖南广电中心写字楼华泰证券办公室'}",113.046548,28.235932,"{'province': '湖南省', 'city': '长沙市', 'district': '开福区', 'street': [], 'formatted_address': '湖南省长沙市开福区[][]'}",30-g
Gallery-1223,,IMG_20250919_123025,2025-09-19 12:30:25,湘菜; 剁椒鱼头; 同事聚餐; 中式餐厅; 美食分享,无,冯浩然与同事郑文博、李华、王敏在金鹰路湘菜馆聚餐，桌上摆着剁椒鱼头和小炒黄牛肉等湘菜，背景是中式装修的餐厅环境,"{'province': '湖南省', 'city': '长沙市', 'district': '开福区', 'streetName': '金鹰路', 'streetNumber': 'XX号', 'poi': '金鹰路湘菜馆'}",113.043533,28.238287,"{'province': '湖南省', 'city': '长沙市', 'district': '开福区', 'street': '金鹰路', 'formatted_address': '湖南省长沙市开福区金鹰路[]'}",
Gallery-1224,30-8,IMG_20250919_183540,2025-09-19 18:35:40,好友聚会; 庆祝举杯; 剁椒鱼头; 湘菜晚餐; 温馨氛围,无,冯浩然与好友彭雨晴、吴俊杰举杯庆祝，餐桌上摆满剁椒鱼头、小炒黄牛肉等菜肴，背景是温馨的湘菜馆包厢,"{'province': '湖南省', 'city': '长沙市', 'district': '岳麓区', 'streetName': '银双路', 'streetNumber': 'XX号', 'poi': '西湖建新安置小区附近湘菜馆'}",112.937354,28.220409,"{'province': '湖南省', 'city': '长沙市', 'district': '岳麓区', 'street': '银双路', 'formatted_address': '湖南省长沙市岳麓区银双路[]'}",30-h
Gallery-1225,30-8,IMG_20250919_191015,2025-09-19 19:10:15,剁椒鱼头; 美食特写; 湘菜; 红色剁椒; 黑色瓷盘,无,餐桌上的剁椒鱼头特写，红亮的剁椒铺满鱼头，点缀着葱花和香菜，盛放在黑色大瓷盘中,"{'province': '湖南省', 'city': '长沙市', 'district': '岳麓区', 'streetName': '银双路', 'streetNumber': 'XX号', 'poi': '西湖建新安置小区附近湘菜馆'}",112.937354,28.220409,"{'province': '湖南省', 'city': '长沙市', 'district': '岳麓区', 'street': '银双路', 'formatted_address': '湖南省长沙市岳麓区银双路[]'}",30-h
Gallery-1226,a_139,IMG_20250919_202230,2025-09-19 20:22:30,西湖夜景; 湖面倒影; 城市灯光; 雨后散步; 宁静氛围,无,冯浩然在西湖文化园湖边拍摄雨后夜景，湖面倒映着对岸建筑的灯光，形成一条条波光粼粼的光带,"{'province': '湖南省', 'city': '长沙市', 'district': '岳麓区', 'streetName': '咸嘉湖路', 'streetNumber': '6号', 'poi': '西湖文化园（咸嘉湖景区）'}",112.941743,28.209154,"{'province': '湖南省', 'city': '长沙市', 'district': '岳麓区', 'street': '咸嘉湖西路', 'formatted_address': '湖南省长沙市岳麓区咸嘉湖西路6号'}",a_139
Gallery-1227,a_139,IMG_20250919_204015,2025-09-19 20:40:15,复古路灯; 水珠特写; 暖黄灯光; 雨后细节; 公园小品,无,西湖文化园湖边步道旁的一盏复古路灯特写，暖黄色的灯光透过湿润的空气，照亮了灯柱上的水珠和周围的树叶,"{'province': '湖南省', 'city': '长沙市', 'district': '岳麓区', 'streetName': '咸嘉湖路', 'streetNumber': '6号', 'poi': '西湖文化园（咸嘉湖景区）'}",112.941743,28.209154,"{'province': '湖南省', 'city': '长沙市', 'district': '岳麓区', 'street': '咸嘉湖西路', 'formatted_address': '湖南省长沙市岳麓区咸嘉湖西路6号'}",a_139
Gallery-1228,,IMG_20250919_214520,2025-09-19 21:45:20,国家地理杂志; 文档扫描; 摄影作品; 书桌; 晚间阅读,National Geographic - October 2025 - The Majesty of Patagonia - Photographer: Alex Chen,冯浩然在家中书桌上扫描一份《国家地理》杂志内页，页面展示着壮丽的自然风光摄影作品，旁边放着一杯水,"{'province': '湖南省', 'city': '长沙市', 'district': '岳麓区', 'streetName': '双塘路', 'streetNumber': '99号', 'poi': '岳麓区机关金星住宅小区'}",112.938578,28.221525,"{'province': '湖南省', 'city': '长沙市', 'district': '岳麓区', 'street': '桐梓坡路', 'formatted_address': '湖南省长沙市岳麓区桐梓坡路99号'}",
Gallery-1229,,IMG_20250920_084500,2025-09-20 08:45:00,早餐; 全麦面包; 煎蛋; 牛油果; 手冲咖啡; 美食摄影,无,冯浩然拍摄自己制作的早餐，全麦面包夹着金黄的煎蛋和翠绿的牛油果切片，旁边是一杯冒着热气的黑咖啡，背景是简约的餐厅桌面。,"{'province': '湖南省', 'city': '长沙市', 'district': '岳麓区', 'streetName': '双塘路', 'streetNumber': '99号', 'poi': '岳麓区机关金星住宅小区'}",112.938578,28.221525,"{'province': '湖南省', 'city': '长沙市', 'district': '岳麓区', 'street': '桐梓坡路', 'formatted_address': '湖南省长沙市岳麓区桐梓坡路99号'}",
Gallery-1230,258-2-1,IMG_20250920_093000,2025-09-20 09:30:00,文档扫描; 物品清单; 国庆自驾游; A4纸; 签字笔; 书房,"国庆湘西自驾游准备清单
车辆检查：轮胎、备胎、机油、冷却液、雨刮器
个人装备：登山鞋、冲锋衣、速干衣、洗漱包、充电宝
公共物资：能量棒、瓶装水、湿巾、垃圾袋、多功能刀具
行程文件：身份证、驾驶证、行驶证、保险单、预订确认单
状态：待采购/已准备/已完成
制定日期：2025-09-20",冯浩然将整理好的国庆自驾游物品清单打印件平铺在书桌上，旁边放着签字笔和手机，背景是整洁的书房书架。,"{'province': '湖南省', 'city': '长沙市', 'district': '岳麓区', 'streetName': '双塘路', 'streetNumber': '99号', 'poi': '岳麓区机关金星住宅小区'}",112.938578,28.221525,"{'province': '湖南省', 'city': '长沙市', 'district': '岳麓区', 'street': '桐梓坡路', 'formatted_address': '湖南省长沙市岳麓区桐梓坡路99号'}",258-b
Gallery-1231,,IMG_20250920_103500,2025-09-20 10:35:00,街头风景; 驾驶视角; 十字路口; 城市道路; 多云天气; 车窗,无,冯浩然在等红灯时，透过前挡风玻璃拍摄前方路口，桐梓坡路与银盆岭路交汇处车流稀疏，天空多云，远处可见高楼轮廓。,"{'province': '湖南省', 'city': '长沙市', 'district': '岳麓区', 'streetName': '桐梓坡路', 'streetNumber': 'XX号', 'poi': '桐梓坡路与银盆岭路交叉口'}",112.95644,28.223831,"{'province': '湖南省', 'city': '长沙市', 'district': '岳麓区', 'street': '银盆岭路', 'formatted_address': '湖南省长沙市岳麓区银盆岭路[]'}",
Gallery-1232,,IMG_20250921_072000,2025-09-21 07:20:00,雨天; 卧室窗户; 玻璃水珠; 小区绿化; 清晨; 朦胧,无,冯浩然站在卧室窗前，用手机拍摄窗外细密的秋雨，玻璃上凝结着水珠，小区绿化带笼罩在朦胧雨雾中,"{'province': '湖南省', 'city': '长沙市', 'district': '岳麓区', 'streetName': '双塘路', 'streetNumber': '99号', 'poi': '岳麓区机关金星住宅小区'}",112.938578,28.221525,"{'province': '湖南省', 'city': '长沙市', 'district': '岳麓区', 'street': '桐梓坡路', 'formatted_address': '湖南省长沙市岳麓区桐梓坡路99号'}",
Gallery-1233,,IMG_20250921_075500,2025-09-21 07:55:00,椭圆机; 有氧训练; 心率数据; 手机支架; 财经播客; 客厅,无,冯浩然在客厅椭圆机上进行有氧训练，手机放在支架上，屏幕显示着心率数据和财经播客界面,"{'province': '湖南省', 'city': '长沙市', 'district': '岳麓区', 'streetName': '双塘路', 'streetNumber': '99号', 'poi': '岳麓区机关金星住宅小区'}",112.938578,28.221525,"{'province': '湖南省', 'city': '长沙市', 'district': '岳麓区', 'street': '桐梓坡路', 'formatted_address': '湖南省长沙市岳麓区桐梓坡路99号'}",
Gallery-1234,,IMG_20250921_084500,2025-09-21 08:45:00,燕麦碗; 香蕉片; 核桃碎; 花生酱; 手冲咖啡; 木质餐桌; 早餐,无,一碗刚制作好的燕麦碗被放在木质餐桌上，碗里有牛奶冲泡的燕麦、香蕉片、核桃碎和一勺花生酱，旁边放着一杯手冲咖啡,"{'province': '湖南省', 'city': '长沙市', 'district': '岳麓区', 'streetName': '双塘路', 'streetNumber': '99号', 'poi': '岳麓区机关金星住宅小区'}",112.938578,28.221525,"{'province': '湖南省', 'city': '长沙市', 'district': '岳麓区', 'street': '桐梓坡路', 'formatted_address': '湖南省长沙市岳麓区桐梓坡路99号'}",
Gallery-1235,30-9,IMG_20250921_103000,2025-09-21 10:30:00,笔记本电脑; 复盘文档; 投资笔记; 高端制造; 消费医疗; 书房桌面,"百万资产复盘与展望
成功经验：严格执行止损纪律
可优化点：...
重点关注行业：高端制造、消费医疗",笔记本电脑屏幕上显示着名为‘百万资产复盘与展望’的文档，旁边摊开着一个笔记本，上面写满了投资分析和行业方向的关键词,"{'province': '湖南省', 'city': '长沙市', 'district': '岳麓区', 'streetName': '双塘路', 'streetNumber': '99号', 'poi': '岳麓区机关金星住宅小区'}",112.938578,28.221525,"{'province': '湖南省', 'city': '长沙市', 'district': '岳麓区', 'street': '桐梓坡路', 'formatted_address': '湖南省长沙市岳麓区桐梓坡路99号'}",30-i
Gallery-1236,,IMG_20250921_122000,2025-09-21 12:20:00,煎鸡胸肉; 水煮西兰花; 糙米饭; iPad屏幕; 纪录片; 健康午餐,无,一份健康的午餐摆放在餐桌上，包括橄榄油煎鸡胸肉、水煮西兰花和一小碗糙米饭，iPad正在播放宏观经济纪录片,"{'province': '湖南省', 'city': '长沙市', 'district': '岳麓区', 'streetName': '双塘路', 'streetNumber': '99号', 'poi': '岳麓区机关金星住宅小区'}",112.938578,28.221525,"{'province': '湖南省', 'city': '长沙市', 'district': '岳麓区', 'street': '桐梓坡路', 'formatted_address': '湖南省长沙市岳麓区桐梓坡路99号'}",
Gallery-1237,258-2-2,IMG_20250921_150000,2025-09-21 15:00:00,旅行预订; 酒店确认; Excel行程表; 凤凰古城; 镇远古镇; 西江千户苗寨; 自驾游,"订单确认
凤凰古城·清风客栈
入住：2025-10-01
离店：2025-10-02
价格：328元/晚",电脑屏幕上显示着旅行预订平台的酒店确认页面，旁边Excel表格详细列出了凤凰古城、镇远古镇、西江千户苗寨的行程安排,"{'province': '湖南省', 'city': '长沙市', 'district': '岳麓区', 'streetName': '双塘路', 'streetNumber': '99号', 'poi': '岳麓区机关金星住宅小区'}",112.938578,28.221525,"{'province': '湖南省', 'city': '长沙市', 'district': '岳麓区', 'street': '桐梓坡路', 'formatted_address': '湖南省长沙市岳麓区桐梓坡路99号'}",258-b
Gallery-1238,44-6,IMG_20250921_180000,2025-09-21 18:00:00,雨天跑步; 防风外套; 湿滑路面; 沿江步道; 毛毛雨; 运动,无,冯浩然在毛毛雨中跑步，身穿防风防水跑步外套，背景是湿漉漉的潇湘中路沿江人行道和模糊的江景,"{'province': '湖南省', 'city': '长沙市', 'district': '岳麓区', 'streetName': '潇湘中路', 'streetNumber': 'XX号', 'poi': '潇湘中路沿江路段'}",112.95085,28.004668,"{'province': '湖南省', 'city': '长沙市', 'district': '岳麓区', 'street': '沿江北路', 'formatted_address': '湖南省长沙市岳麓区沿江北路[]'}",44-f
Gallery-1239,44-6,IMG_20250921_183500,2025-09-21 18:35:00,宝矿力水特; 便利店; 自助收银台; 运动饮料; 支付成功,"十足便利店
宝矿力水特 550ml
价格：5.5元
支付成功",一瓶宝矿力水特被放在十足便利店的自助收银台上，旁边是扫码支付成功的手机屏幕,"{'province': '湖南省', 'city': '长沙市', 'district': '岳麓区', 'streetName': '金星中路', 'streetNumber': 'XX号', 'poi': '十足便利店(长沙美林银谷店QH)'}",112.934376,28.217535,"{'province': '湖南省', 'city': '长沙市', 'district': '岳麓区', 'street': '金星中路', 'formatted_address': '湖南省长沙市岳麓区金星中路[]'}",44-f
Gallery-1240,a_28,IMG_20250921_202000,2025-09-21 20:20:00,冲锋衣; 抓绒内胆; 速干内衣; 徒步裤; 收纳袋; 川西旅行; 秋装整理,无,整理好的户外衣物整齐地摆放在床上，包括硬壳冲锋衣、抓绒内胆、速干内衣裤、保暖袜和徒步裤，旁边放着空的收纳袋,"{'province': '湖南省', 'city': '长沙市', 'district': '岳麓区', 'streetName': '双塘路', 'streetNumber': '99号', 'poi': '岳麓区机关金星住宅小区'}",112.938578,28.221525,"{'province': '湖南省', 'city': '长沙市', 'district': '岳麓区', 'street': '桐梓坡路', 'formatted_address': '湖南省长沙市岳麓区桐梓坡路99号'}",a_28
Gallery-1241,,IMG_20250921_211000,2025-09-21 21:10:00,CFA教材; 另类投资; 学习笔记; 对冲基金; 私募股权; 大宗商品; 备考,"CFA Level III
Alternative Investments
Hedge Funds
Private Equity
Commodities",摊开的CFA三级教材‘另类投资’章节，旁边笔记本上记录着对冲基金、私募股权、大宗商品等子类别的核心考点和笔记,"{'province': '湖南省', 'city': '长沙市', 'district': '岳麓区', 'streetName': '双塘路', 'streetNumber': '99号', 'poi': '岳麓区机关金星住宅小区'}",112.938578,28.221525,"{'province': '湖南省', 'city': '长沙市', 'district': '岳麓区', 'street': '桐梓坡路', 'formatted_address': '湖南省长沙市岳麓区桐梓坡路99号'}",
Gallery-1242,,IMG_20250922_082015,2025-09-22 08:20:15,早餐; 牛奶燕麦; 水煮蛋; 全麦面包; 厨房; 健康饮食,无,冯浩然在家中厨房准备早餐，餐桌上摆放着牛奶燕麦、水煮蛋和全麦面包，背景是整洁的厨房台面,"{'province': '湖南省', 'city': '长沙市', 'district': '岳麓区', 'streetName': '双塘路', 'streetNumber': '99号', 'poi': '岳麓区机关金星住宅小区'}",112.938578,28.221525,"{'province': '湖南省', 'city': '长沙市', 'district': '岳麓区', 'street': '桐梓坡路', 'formatted_address': '湖南省长沙市岳麓区桐梓坡路99号'}",
Gallery-1243,149-4-2,IMG_20250922_153535,2025-09-22 15:35:35,电脑屏幕; 交易订单; 比特币ETF; 金融投资; 工作记录; 文档扫描,"交易确认 - 比特币现货ETF - 买入 - 时间：2025-09-22 15:35:00 - 价格：$XX,XXX.XX - 数量：XX.XX 份",冯浩然在公司工位拍摄电脑屏幕，屏幕上显示着比特币ETF交易订单确认界面，包含交易时间、价格和数量,"{'province': '湖南省', 'city': '长沙市', 'district': '开福区', 'streetName': '芙蓉中路', 'streetNumber': '442号', 'poi': '湖南广电中心写字楼'}",113.046548,28.235932,"{'province': '湖南省', 'city': '长沙市', 'district': '开福区', 'street': [], 'formatted_address': '湖南省长沙市开福区[][]'}",149-d
Gallery-1244,,IMG_20250922_192025,2025-09-22 19:20:25,学习资料; CFA三级; 衍生品; 期权策略; 公式图表; 文档扫描,CFA Level III - Derivatives - Option Strategies - Profit/Loss Calculation - Example: Protective Put - Underlying Price: $100 - Put Strike: $95,冯浩然在书房书桌上拍摄CFA三级学习资料，资料页面展示着期权策略盈亏计算的公式和图表,"{'province': '湖南省', 'city': '长沙市', 'district': '岳麓区', 'streetName': '双塘路', 'streetNumber': '99号', 'poi': '岳麓区机关金星住宅小区'}",112.938578,28.221525,"{'province': '湖南省', 'city': '长沙市', 'district': '岳麓区', 'street': '桐梓坡路', 'formatted_address': '湖南省长沙市岳麓区桐梓坡路99号'}",
Gallery-1245,149-5-1,IMG_20250923_104530,2025-09-23 10:45:30,合规手册; 文档扫描; 金融办公桌; 笔记本电脑; 咖啡杯; 手机拍摄,华泰证券跨境投资合规指引 2025年修订版 内部文件 严禁外传,冯浩然在办公室工位上使用手机扫描一份跨境投资合规核查手册，手册封面印有公司Logo，旁边放着打开的笔记本电脑和一杯咖啡。,"{'province': '湖南省', 'city': '长沙市', 'district': '开福区', 'streetName': '芙蓉中路', 'streetNumber': '88号', 'poi': '华泰证券股份有限公司办公室'}",112.986675,28.223728,"{'province': '湖南省', 'city': '长沙市', 'district': '开福区', 'street': '芙蓉中路', 'formatted_address': '湖南省长沙市开福区芙蓉中路88号'}",149-e
Gallery-1246,,IMG_20250923_122015,2025-09-23 12:20:15,剁椒鱼头; 湘菜美食; 午餐聚餐; 热气腾腾; 红色剁椒; 木质餐桌,无,冯浩然在公司附近餐馆拍摄刚上桌的剁椒蒸鱼头，红艳的剁椒铺满鱼头，热气腾腾，背景是木质餐桌和对面同事郑文博的模糊身影。,"{'province': '湖南省', 'city': '长沙市', 'district': '开福区', 'streetName': '传媒路', 'streetNumber': 'XX号', 'poi': '正宗浏阳蒸菜馆(分店)'}",113.044429,28.237237,"{'province': '湖南省', 'city': '长沙市', 'district': '开福区', 'street': '传媒路', 'formatted_address': '湖南省长沙市开福区传媒路[]'}",
Gallery-1247,258-4,IMG_20250923_192530,2025-09-23 19:25:30,Excel表格; 旅行保险; 产品对比; 电脑屏幕; 家庭办公; 文档扫描,国庆自驾游保险方案对比 高原病保障 自驾意外险保额 50万 价格 288元/人 保障期限 2025-10-01至2025-10-07,冯浩然在家中的书房里，用手机拍摄电脑屏幕上显示的旅行保险产品对比Excel表格，表格详细列出了不同产品的保障条款和价格。,"{'province': '湖南省', 'city': '长沙市', 'district': '岳麓区', 'streetName': '双塘路', 'streetNumber': '99号', 'poi': '岳麓区机关金星住宅小区家中书房'}",112.938578,28.221525,"{'province': '湖南省', 'city': '长沙市', 'district': '岳麓区', 'street': '桐梓坡路', 'formatted_address': '湖南省长沙市岳麓区桐梓坡路99号'}",258-d
Gallery-1248,a_67,IMG_20250923_221015,2025-09-23 22:10:15,摄影书籍; 睡前阅读; 构图技巧; 床头灯光; 纸质书页; 学习笔记,《街头摄影的艺术》 第三章：决定性瞬间与构图法则 黄金分割点 引导线 框架式构图,冯浩然在卧室床头灯下，拍摄翻开的摄影书籍《街头摄影的艺术》的某一页，页面内容是关于构图技巧的讲解，旁边放着手机。,"{'province': '湖南省', 'city': '长沙市', 'district': '岳麓区', 'streetName': '双塘路', 'streetNumber': '99号', 'poi': '岳麓区机关金星住宅小区家中卧室'}",112.938578,28.221525,"{'province': '湖南省', 'city': '长沙市', 'district': '岳麓区', 'street': '桐梓坡路', 'formatted_address': '湖南省长沙市岳麓区桐梓坡路99号'}",a_67
Gallery-1249,,IMG_20250924_074530,2025-09-24 07:45:30,早餐; 煎蛋; 全麦吐司; 牛奶杯; 厨房台面; 晨间,无,冯浩然在家中厨房拍摄自己制作的早餐，盘中有煎蛋和全麦吐司，背景是整洁的厨房台面与牛奶杯,"{'province': '湖南省', 'city': '长沙市', 'district': '岳麓区', 'streetName': '双塘路', 'streetNumber': '99号', 'poi': '岳麓区机关金星住宅小区'}",112.938578,28.221525,"{'province': '湖南省', 'city': '长沙市', 'district': '岳麓区', 'street': '桐梓坡路', 'formatted_address': '湖南省长沙市岳麓区桐梓坡路99号'}",
Gallery-1250,29-1,IMG_20250924_101520,2025-09-24 10:15:20,电脑屏幕; PPT截图; 季度汇报; 图表; 标题页; 办公环境,2025年第三季度投资业务汇报 - 华泰证券 - 冯浩然,冯浩然在办公室电脑上截取季度汇报PPT的标题页，屏幕显示清晰的图表与项目符号,"{'province': '湖南省', 'city': '长沙市', 'district': '开福区', 'streetName': '芙蓉中路', 'streetNumber': '88号', 'poi': '湖南广电中心写字楼'}",113.046548,28.235932,"{'province': '湖南省', 'city': '长沙市', 'district': '开福区', 'street': [], 'formatted_address': '湖南省长沙市开福区[][]'}",29-a
Gallery-1251,29-1,IMG_20250924_113045,2025-09-24 11:30:45,会议纪要; 手写笔记; 打印文档; 办公桌; 待办事项; 工作备忘,会议纪要 - 2025-09-23 - 客户沟通要点：1. 资产配置调整... 2. 风险偏好评估...,冯浩然在办公桌上拍摄一份打印的会议纪要草稿，上面有手写的重点标记和待办事项,"{'province': '湖南省', 'city': '长沙市', 'district': '开福区', 'streetName': '芙蓉中路', 'streetNumber': '88号', 'poi': '湖南广电中心写字楼'}",113.046548,28.235932,"{'province': '湖南省', 'city': '长沙市', 'district': '开福区', 'street': [], 'formatted_address': '湖南省长沙市开福区[][]'}",29-a
Gallery-1252,149-6,IMG_20250924_122215,2025-09-24 12:22:15,轻食沙拉; 鸡肉牛油果; 果蔬汁; 午餐; 同事聚餐; 健康饮食,羽衣甘蓝 - 鸡肉牛油果沙拉 48元 - 鲜榨果蔬汁 25元,冯浩然与同事郑文博在沙拉店用餐，桌上摆放着色彩鲜艳的鸡肉牛油果沙拉与两杯果蔬汁,"{'province': '湖南省', 'city': '长沙市', 'district': '开福区', 'streetName': '金鹰路', 'streetNumber': 'XX号', 'poi': '羽衣甘蓝轻食沙拉店'}",113.043533,28.238287,"{'province': '湖南省', 'city': '长沙市', 'district': '开福区', 'street': '金鹰路', 'formatted_address': '湖南省长沙市开福区金鹰路[]'}",149-f
Gallery-1253,29-1,IMG_20250924_161530,2025-09-24 16:15:30,白板; 思维导图; 手绘; 汇报逻辑; 核心数据; 模拟演练,Q3汇报核心逻辑 -> 宏观环境 -> 客户表现 -> 关键案例 -> 个人贡献 -> 未来建议,冯浩然在小会议室的白板上手绘汇报逻辑思维导图，包含核心数据、关键点和箭头连接,"{'province': '湖南省', 'city': '长沙市', 'district': '开福区', 'streetName': '芙蓉中路', 'streetNumber': '88号', 'poi': '湖南广电中心写字楼'}",113.046548,28.235932,"{'province': '湖南省', 'city': '长沙市', 'district': '开福区', 'street': [], 'formatted_address': '湖南省长沙市开福区[][]'}",29-a
Gallery-1254,a_139,IMG_20250924_175520,2025-09-24 17:55:20,晚高峰; 车流; 城市道路; 写字楼灯火; 下班途中; 车窗视角,无,冯浩然在驾车回家途中，透过车窗拍摄晚高峰时芙蓉中路上车流与远处写字楼的灯火,"{'province': '湖南省', 'city': '长沙市', 'district': '开福区', 'streetName': '芙蓉中路', 'streetNumber': 'XX号', 'poi': '芙蓉中路沿线'}",112.987227,28.192249,"{'province': '湖南省', 'city': '长沙市', 'district': '开福区', 'street': '芙蓉中路', 'formatted_address': '湖南省长沙市开福区芙蓉中路[]'}",a_139
Gallery-1255,258-5,IMG_20250924_194530,2025-09-24 19:45:30,单反相机; 摄影镜头; 清洁工具; 物品收纳; 书房书桌; 摄影装备,无,冯浩然在书房书桌上整齐摆放着已清洁完毕的单反相机、镜头和清洁工具，背景是防潮柜,"{'province': '湖南省', 'city': '长沙市', 'district': '岳麓区', 'streetName': '双塘路', 'streetNumber': '99号', 'poi': '岳麓区机关金星住宅小区'}",112.938578,28.221525,"{'province': '湖南省', 'city': '长沙市', 'district': '岳麓区', 'street': '桐梓坡路', 'formatted_address': '湖南省长沙市岳麓区桐梓坡路99号'}",258-e
Gallery-1256,29-1,IMG_20250924_203015,2025-09-24 20:30:15,手机屏幕; 电子行程表; 国庆自驾; 川西旅游; 行程规划; 文档扫描,国庆川西自驾游行程 (2025-10-01至10-07) - D1: 长沙-成都 - D2: 成都-康定...,冯浩然拍摄手机屏幕上显示的国庆川西自驾游电子行程表，包含日期、地点和活动安排,"{'province': '湖南省', 'city': '长沙市', 'district': '岳麓区', 'streetName': '双塘路', 'streetNumber': '99号', 'poi': '岳麓区机关金星住宅小区'}",112.938578,28.221525,"{'province': '湖南省', 'city': '长沙市', 'district': '岳麓区', 'street': '桐梓坡路', 'formatted_address': '湖南省长沙市岳麓区桐梓坡路99号'}",29-a
Gallery-1257,29-1,IMG_20250924_213045,2025-09-24 21:30:45,国家地理杂志; 冰岛极光; 冰川; 睡前阅读; 摄影文章; 床头,《国家地理》中文版 - 冰岛：极光下的冰川秘境 - 2025年9月刊,冯浩然在卧室床头翻阅《国家地理》杂志，页面展示着冰岛极光与冰川的壮丽照片,"{'province': '湖南省', 'city': '长沙市', 'district': '岳麓区', 'streetName': '双塘路', 'streetNumber': '99号', 'poi': '岳麓区机关金星住宅小区'}",112.938578,28.221525,"{'province': '湖南省', 'city': '长沙市', 'district': '岳麓区', 'street': '桐梓坡路', 'formatted_address': '湖南省长沙市岳麓区桐梓坡路99号'}",29-a
Gallery-1258,,IMG_20250925_122015,2025-09-25 12:20:15,牛油果沙拉; 烤鸡胸肉; 轻食午餐; 同事聚餐; 木质餐桌; 绿植装饰,无,冯浩然与同事郑文博在绿野仙踪轻食店享用午餐，餐盘中有牛油果沙拉和烤鸡胸肉，背景是简约的木质餐桌和绿植装饰。,"{'province': '湖南省', 'city': '长沙市', 'district': '开福区', 'streetName': '金鹰路', 'streetNumber': 'XX号', 'poi': '绿野仙踪轻食店'}",113.043533,28.238287,"{'province': '湖南省', 'city': '长沙市', 'district': '开福区', 'street': '金鹰路', 'formatted_address': '湖南省长沙市开福区金鹰路[]'}",
Gallery-1259,29-2-1,IMG_20250925_125510,2025-09-25 12:55:10,文档扫描; 季度汇报PPT; 办公桌; 咖啡杯; 工作准备,新周期下的资产配置策略与客户价值深化 - 华泰证券投资顾问部 - 2025年第三季度 - 汇报人：冯浩然,冯浩然在办公室使用手机扫描打印好的季度汇报PPT材料，纸张平铺在办公桌上，旁边放着一杯咖啡。,"{'province': '湖南省', 'city': '长沙市', 'district': '开福区', 'streetName': '芙蓉中路一段', 'streetNumber': '88号', 'poi': '湖南广电中心写字楼华泰证券办公室'}",113.046548,28.235932,"{'province': '湖南省', 'city': '长沙市', 'district': '开福区', 'street': [], 'formatted_address': '湖南省长沙市开福区[][]'}",29-b
Gallery-1260,29-2-3,IMG_20250925_174520,2025-09-25 17:45:20,剁椒鱼头; 辣椒炒肉; 湘菜庆祝; 同事合影; 举杯; 餐馆环境,无,冯浩然与同事郑文博在老长沙口味湘菜馆庆祝，桌上摆着剁椒鱼头和辣椒炒肉等湘菜，两人举杯相庆，背景是热闹的餐馆环境。,"{'province': '湖南省', 'city': '长沙市', 'district': '开福区', 'streetName': '营盘路', 'streetNumber': '47号', 'poi': '老长沙口味湘菜馆(万达店)'}",112.974251,28.205349,"{'province': '湖南省', 'city': '长沙市', 'district': '开福区', 'street': '营盘路', 'formatted_address': '湖南省长沙市开福区营盘路47号'}",29-b
Gallery-1261,29-2-3,IMG_20250925_175005,2025-09-25 17:50:05,湘菜美食; 剁椒鱼头特写; 辣椒炒肉; 小炒时蔬; 美食摄影; 庆祝晚餐,无,一桌丰盛的湘菜特写，包括色泽红亮的剁椒鱼头、香气扑鼻的辣椒炒肉和翠绿的小炒时蔬，餐具摆放整齐。,"{'province': '湖南省', 'city': '长沙市', 'district': '开福区', 'streetName': '营盘路', 'streetNumber': '47号', 'poi': '老长沙口味湘菜馆(万达店)'}",112.974251,28.205349,"{'province': '湖南省', 'city': '长沙市', 'district': '开福区', 'street': '营盘路', 'formatted_address': '湖南省长沙市开福区营盘路47号'}",29-b
Gallery-1262,a_28,IMG_20250928_114520,2025-09-28 11:45:20,零食店; 牛肉干; 坚果; 货架; 采购; 旅行补给,无,冯浩然在罗比零食店选购牛肉干和坚果，货架上摆满了各式各样的旅行零食，背景是明亮的灯光和整齐的商品陈列。,"{'province': '湖南省', 'city': '长沙市', 'district': '岳麓区', 'streetName': '双塘路', 'streetNumber': 'XX号', 'poi': '罗比零食店'}",112.938131,28.217347,"{'province': '湖南省', 'city': '长沙市', 'district': '岳麓区', 'street': '双塘路', 'formatted_address': '湖南省长沙市岳麓区双塘路[]'}",a_28
Gallery-1263,a_28,IMG_20250928_123005,2025-09-28 12:30:05,外卖午餐; 湘菜; 小炒肉; 米饭; 微信群聊; 餐厅,无,冯浩然在自家餐厅享用外卖午餐，餐盒里是湘菜小炒肉和米饭，旁边放着手机显示着“川西小分队”微信群聊界面。,"{'province': '湖南省', 'city': '长沙市', 'district': '岳麓区', 'streetName': '双塘路', 'streetNumber': '99号', 'poi': '岳麓区机关金星住宅小区'}",112.938578,28.221525,"{'province': '湖南省', 'city': '长沙市', 'district': '岳麓区', 'street': '桐梓坡路', 'formatted_address': '湖南省长沙市岳麓区桐梓坡路99号'}",a_28
Gallery-1264,258-8,IMG_20250928_163050,2025-09-28 16:30:50,旅行证件; 身份证; 驾驶证; 银行卡; 现金; 文件袋; 书桌,无,冯浩然在书房书桌上整理旅行证件，身份证、驾驶证、银行卡和现金整齐地摆放在打开的防水文件袋旁。,"{'province': '湖南省', 'city': '长沙市', 'district': '岳麓区', 'streetName': '双塘路', 'streetNumber': '99号', 'poi': '岳麓区机关金星住宅小区'}",112.938578,28.221525,"{'province': '湖南省', 'city': '长沙市', 'district': '岳麓区', 'street': '桐梓坡路', 'formatted_address': '湖南省长沙市岳麓区桐梓坡路99号'}",258-h
Gallery-1265,258-8,IMG_20250928_164015,2025-09-28 16:40:15,保险单; 文档; 核对; 打印纸; 手持,旅行意外伤害保险单 投保人：冯浩然 保单号：BX202509280001 保险期间：2025-09-29至2025-10-08,冯浩然手持打印的旅行保险单进行核对，保险单上清晰地显示着投保人姓名、保单号和保险期限等关键信息。,"{'province': '湖南省', 'city': '长沙市', 'district': '岳麓区', 'streetName': '双塘路', 'streetNumber': '99号', 'poi': '岳麓区机关金星住宅小区'}",112.938578,28.221525,"{'province': '湖南省', 'city': '长沙市', 'district': '岳麓区', 'street': '桐梓坡路', 'formatted_address': '湖南省长沙市岳麓区桐梓坡路99号'}",258-h
Gallery-1266,,IMG_20250928_172530,2025-09-28 17:25:30,西冷牛排; 煎制; 平底锅; 混合蔬菜; 晚餐准备; 厨房,无,冯浩然在厨房煎制西冷牛排，牛排正在平底锅中滋滋作响，表面呈现诱人的焦褐色，旁边是准备好的混合蔬菜沙拉。,"{'province': '湖南省', 'city': '长沙市', 'district': '岳麓区', 'streetName': '双塘路', 'streetNumber': '99号', 'poi': '岳麓区机关金星住宅小区'}",112.938578,28.221525,"{'province': '湖南省', 'city': '长沙市', 'district': '岳麓区', 'street': '桐梓坡路', 'formatted_address': '湖南省长沙市岳麓区桐梓坡路99号'}",
Gallery-1267,a_150,IMG_20250929_090515,2025-09-29 09:05:15,PPT截图; 比特币监管; 分析图表; 会议室; 投影屏幕; 晨会,无,冯浩然在部门晨会上拍摄了钱永强正在讲解的PPT屏幕，屏幕上显示着关于比特币监管动态的分析图表，背景是会议室的白板和投影仪。,"{'province': '湖南省', 'city': '长沙市', 'district': '开福区', 'streetName': '芙蓉中路', 'streetNumber': '88号', 'poi': '华泰证券股份有限公司（会议室）'}",112.986675,28.223728,"{'province': '湖南省', 'city': '长沙市', 'district': '开福区', 'street': '芙蓉中路', 'formatted_address': '湖南省长沙市开福区芙蓉中路88号'}",a_150
Gallery-1268,114-11,IMG_20250930_113000,2025-09-30 11:30:00,电脑屏幕; 公众号文章; 投资分析; 办公桌面; 文档扫描,震荡市中的资产配置策略再审视 - 冯浩然 - 2025-09-30,冯浩然在办公室电脑屏幕上拍摄了公众号文章《震荡市中的资产配置策略再审视》的初稿，屏幕上显示着市场分析和配置框架的章节，背景是整洁的办公桌面。,"{'province': '湖南省', 'city': '长沙市', 'district': '开福区', 'streetName': '芙蓉中路', 'streetNumber': '88号', 'poi': '湖南广电中心写字楼'}",113.046548,28.235932,"{'province': '湖南省', 'city': '长沙市', 'district': '开福区', 'street': [], 'formatted_address': '湖南省长沙市开福区[][]'}",114-k
Gallery-1269,256-8,IMG_20250930_161500,2025-09-30 16:15:00,笔记本; 工作计划; 十月规划; 手写笔记; 办公用品; 文档扫描,十月重点工作规划 - CFA冲刺 - 客户拜访 - 策略复盘 - 2025-10,冯浩然在办公桌前拍摄了笔记本上记录的十月重点工作规划，内容包括CFA冲刺学习计划、客户拜访清单和策略复盘方向，旁边放着一支笔。,"{'province': '湖南省', 'city': '长沙市', 'district': '开福区', 'streetName': '芙蓉中路', 'streetNumber': '88号', 'poi': '湖南广电中心写字楼'}",113.046548,28.235932,"{'province': '湖南省', 'city': '长沙市', 'district': '开福区', 'street': [], 'formatted_address': '湖南省长沙市开福区[][]'}",256-h
Gallery-1270,,IMG_20250930_172000,2025-09-30 17:20:00,办公桌面; 物品收纳; 文件归档; 绿植; 下班收尾,无,冯浩然在办公室工位上拍摄了已经整理好的桌面，文件已归档，电脑处于待机状态，绿植被浇过水，显得整洁有序。,"{'province': '湖南省', 'city': '长沙市', 'district': '开福区', 'streetName': '芙蓉中路', 'streetNumber': '88号', 'poi': '湖南广电中心写字楼'}",113.046548,28.235932,"{'province': '湖南省', 'city': '长沙市', 'district': '开福区', 'street': [], 'formatted_address': '湖南省长沙市开福区[][]'}",
Gallery-1271,,IMG_20250930_175500,2025-09-30 17:55:00,手冲咖啡; 耶加雪菲; 咖啡厅; 窗边; 休闲时光; 美食,无,冯浩然在一丹咖啡厅的窗边拍摄了一杯耶加雪菲手冲咖啡，咖啡色泽清亮，旁边放着搅拌勺和糖包，背景是咖啡厅温馨的木质装饰。,"{'province': '湖南省', 'city': '长沙市', 'district': '芙蓉区', 'streetName': '浏阳河大道', 'streetNumber': 'XX号', 'poi': '一丹咖啡厅'}",113.039134,28.174765,"{'province': '湖南省', 'city': '长沙市', 'district': '芙蓉区', 'street': '浏阳河大道', 'formatted_address': '湖南省长沙市芙蓉区浏阳河大道[]'}",
Gallery-1272,a_67,IMG_20250930_180500,2025-09-30 18:05:00,街景; 傍晚; 浏阳河大道; 咖啡厅窗外; 城市风光,无,冯浩然从咖啡厅座位拍摄窗外的浏阳河大道街景，傍晚时分车流稀疏，路灯刚刚亮起，营造出宁静的氛围。,"{'province': '湖南省', 'city': '长沙市', 'district': '芙蓉区', 'streetName': '浏阳河大道', 'streetNumber': 'XX号', 'poi': '一丹咖啡厅'}",113.039134,28.174765,"{'province': '湖南省', 'city': '长沙市', 'district': '芙蓉区', 'street': '浏阳河大道', 'formatted_address': '湖南省长沙市芙蓉区浏阳河大道[]'}",a_67
Gallery-1273,,IMG_20250930_184000,2025-09-30 18:40:00,辣椒炒肉; 盖码饭; 湘菜; 外卖美食; 晚餐; 家常菜,无,冯浩然在家中的餐桌上拍摄了外卖点的辣椒炒肉盖码饭，米饭上铺满了色泽油亮的辣椒炒肉，旁边放着筷子和一杯水。,"{'province': '湖南省', 'city': '长沙市', 'district': '岳麓区', 'streetName': '双塘路', 'streetNumber': '99号', 'poi': '岳麓区机关金星住宅小区'}",112.938578,28.221525,"{'province': '湖南省', 'city': '长沙市', 'district': '岳麓区', 'street': '桐梓坡路', 'formatted_address': '湖南省长沙市岳麓区桐梓坡路99号'}",
Gallery-1274,261-6-2,IMG_20250930_191000,2025-09-30 19:10:00,平板电脑; 跑步数据; 悦跑圈APP; 月度报告; 健康分析; 文档扫描,九月跑步报告 - 总跑量 125km - 平均配速 4:52 - 静息心率 58 - 2025-09,冯浩然在平板电脑上拍摄了悦跑圈APP显示的九月跑步数据报告，屏幕清晰展示着总跑量125公里、平均配速4分52秒等关键指标。,"{'province': '湖南省', 'city': '长沙市', 'district': '岳麓区', 'streetName': '双塘路', 'streetNumber': '99号', 'poi': '岳麓区机关金星住宅小区'}",112.938578,28.221525,"{'province': '湖南省', 'city': '长沙市', 'district': '岳麓区', 'street': '桐梓坡路', 'formatted_address': '湖南省长沙市岳麓区桐梓坡路99号'}",261-f
Gallery-1275,a_67,IMG_20250930_221500,2025-09-30 22:15:00,旅行装备; 物品收纳; 背包; 相机包; 出行准备; 玄关,无,冯浩然在卧室床头拍摄了已经整理好并放在玄关的明日旅行装备，包括背包、相机包和衣物，旁边是准备好的跑鞋。,"{'province': '湖南省', 'city': '长沙市', 'district': '岳麓区', 'streetName': '双塘路', 'streetNumber': '99号', 'poi': '岳麓区机关金星住宅小区'}",112.938578,28.221525,"{'province': '湖南省', 'city': '长沙市', 'district': '岳麓区', 'street': '桐梓坡路', 'formatted_address': '湖南省长沙市岳麓区桐梓坡路99号'}",a_67
Gallery-1276,a_273,IMG_20251001_071530,2025-10-01 07:15:30,晨跑; 麓山南路; 梧桐树; 清晨; 街道; 环卫工人,无,冯浩然在晨跑途中拍摄了一张麓山南路清晨街景，道路干净整洁，两侧梧桐树影斑驳，远处有早起的学生和环卫工人。,"{'province': '湖南省', 'city': '长沙市', 'district': '岳麓区', 'streetName': '麓山南路', 'streetNumber': 'XX号', 'poi': '麓山南路（湖南大学段）'}",112.945185,28.177932,"{'province': '湖南省', 'city': '长沙市', 'district': '岳麓区', 'street': '麓山南路', 'formatted_address': '湖南省长沙市岳麓区麓山南路[]'}",a_273
Gallery-1277,270-1,IMG_20251001_085520,2025-10-01 08:55:20,电脑屏幕; 京东订单; 中秋礼物; 特产礼盒; 线上购物,订单提交成功！ 订单号：JD20251001085520 收货人：冯建国 商品：湖北老字号中秋礼盒（真空武昌鱼、洪湖藕带、孝感麻糖） 预计送达时间：2025-09-30前,冯浩然拍摄了电脑屏幕上京东订单确认页面的截图，显示为父母购买的中秋特产礼盒已成功下单并预计节前送达。,"{'province': '湖南省', 'city': '长沙市', 'district': '岳麓区', 'streetName': '双塘路', 'streetNumber': '99号', 'poi': '岳麓区机关金星住宅小区家中书房'}",112.938578,28.221525,"{'province': '湖南省', 'city': '长沙市', 'district': '岳麓区', 'street': '桐梓坡路', 'formatted_address': '湖南省长沙市岳麓区桐梓坡路99号'}",270-a
Gallery-1278,32-7,IMG_20251001_100015,2025-10-01 10:00:15,出发前合影; 朋友; SUV后备箱; 摄影器材; 行李收纳; 笑容,无,冯浩然与朋友徐佳宁、谢雨桐在小区停车场SUV后备箱前合影，三人面带笑容，后备箱内已整齐码放好摄影器材和行李。,"{'province': '湖南省', 'city': '长沙市', 'district': '岳麓区', 'streetName': '双塘路', 'streetNumber': '99号', 'poi': '岳麓区机关金星住宅小区停车场'}",112.938578,28.221525,"{'province': '湖南省', 'city': '长沙市', 'district': '岳麓区', 'street': '桐梓坡路', 'formatted_address': '湖南省长沙市岳麓区桐梓坡路99号'}",32-g
Gallery-1279,32-7,IMG_20251001_122015,2025-10-01 12:20:15,后备箱收纳; 旅途补给; 矿泉水; 零食; 分区整理,无,冯浩然拍摄了SUV后备箱的最终收纳状态，矿泉水、零食、纸巾等补给品被合理分区放置，与摄影包、行李箱互不干扰。,"{'province': '湖南省', 'city': '长沙市', 'district': '岳麓区', 'streetName': '双塘路', 'streetNumber': '99号', 'poi': '岳麓区机关金星住宅小区门口'}",112.938578,28.221525,"{'province': '湖南省', 'city': '长沙市', 'district': '岳麓区', 'street': '桐梓坡路', 'formatted_address': '湖南省长沙市岳麓区桐梓坡路99号'}",32-g
Gallery-1280,32-7,IMG_20251001_144530,2025-10-01 14:45:30,高速公路; 沿途风光; 秋日丘陵; 车窗视角; 旅途,无,冯浩然在高速行驶的副驾驶位置拍摄窗外风景，连绵的丘陵被秋色点缀，高速公路蜿蜒向前，天空云层稀薄。,"{'province': '湖南省', 'city': '常德市', 'district': '鼎城区', 'streetName': '杭瑞高速', 'streetNumber': 'XX号', 'poi': '杭瑞高速（常德段）'}",111.579467,29.057088,"{'province': '湖南省', 'city': '常德市', 'district': '鼎城区', 'street': 'G56杭瑞高速', 'formatted_address': '湖南省常德市鼎城区G56杭瑞高速[]'}",32-g
Gallery-1281,32-7,IMG_20251001_171020,2025-10-01 17:10:20,湘西山区; 层峦叠嶂; 云雾; 秋色; 长焦; 意境,无,冯浩然用手机长焦捕捉远处湘西山区层峦叠嶂的景色，山间云雾缭绕，植被色彩层次丰富，展现出深邃的意境。,"{'province': '湖南省', 'city': '湘西土家族苗族自治州', 'district': '泸溪县', 'streetName': '杭瑞高速', 'streetNumber': 'XX号', 'poi': '杭瑞高速（泸溪至凤凰段）'}",109.933536,28.262667,"{'province': '湖南省', 'city': '湘西土家族苗族自治州', 'district': '泸溪县', 'street': 'G56杭瑞高速', 'formatted_address': '湖南省湘西土家族苗族自治州泸溪县G56杭瑞高速[]'}",32-g
Gallery-1282,32-7,IMG_20251001_174510,2025-10-01 17:45:10,隧道; 指示牌; 凤凰古城; 目的地; 旅途终点,凤凰古城 前方出口 2km,冯浩然将镜头对准车窗外快速掠过的隧道口，隧道上方“凤凰古城”的指示牌清晰可见，预示着目的地即将到达。,"{'province': '湖南省', 'city': '湘西土家族苗族自治州', 'district': '凤凰县', 'streetName': '杭瑞高速', 'streetNumber': 'XX号', 'poi': '杭瑞高速凤凰隧道'}",109.580815,27.957441,"{'province': '湖南省', 'city': '湘西土家族苗族自治州', 'district': '凤凰县', 'street': [], 'formatted_address': '湖南省湘西土家族苗族自治州凤凰县[][]'}",32-g
Gallery-1283,32-7,IMG_20251001_181520,2025-10-01 18:15:20,客栈入住; 朋友合影; 木制前台; 疲惫笑容; 旅行纪念,无,冯浩然与徐佳宁、谢雨桐在凤凰记忆临江客栈古朴的木制前台办理入住时合影，三人略显疲惫但笑容灿烂，背景是客栈的装饰画。,"{'province': '湖南省', 'city': '湘西土家族苗族自治州', 'district': '凤凰县', 'streetName': '东正街', 'streetNumber': '15号', 'poi': '凤凰记忆临江客栈前台'}",109.608612,27.94702,"{'province': '湖南省', 'city': '湘西土家族苗族自治州', 'district': '凤凰县', 'street': '东正街', 'formatted_address': '湖南省湘西土家族苗族自治州凤凰县东正街15号'}",32-g
Gallery-1284,32-7,IMG_20251001_191050,2025-10-01 19:10:50,凤凰夜景; 虹桥; 吊脚楼; 暮色; 沱江; 灯笼倒影; 蓝调时刻,无,冯浩然在沱江跳岩附近拍摄暮色中的虹桥与吊脚楼，天空呈深蓝色，建筑轮廓清晰，江面上有几盏初亮的灯笼倒影。,"{'province': '湖南省', 'city': '湘西土家族苗族自治州', 'district': '凤凰县', 'streetName': '沱江镇', 'streetNumber': 'XX号', 'poi': '沱江跳岩观景处'}",109.601463,27.95144,"{'province': '湖南省', 'city': '湘西土家族苗族自治州', 'district': '凤凰县', 'street': [], 'formatted_address': '湖南省湘西土家族苗族自治州凤凰县[][]'}",32-g
Gallery-1285,32-7,IMG_20251001_220530,2025-10-01 22:05:30,古城夜景; 万家灯火; 沱江; 虹桥; 吊脚楼; 长曝光; 璀璨,无,冯浩然从客栈房间窗口拍摄夜幕完全降临后的古城全景，沱江两岸灯火璀璨，虹桥与连绵的吊脚楼被灯光勾勒出迷人的线条。,"{'province': '湖南省', 'city': '湘西土家族苗族自治州', 'district': '凤凰县', 'streetName': '东正街', 'streetNumber': '15号', 'poi': '凤凰记忆临江客栈江景房'}",109.608612,27.94702,"{'province': '湖南省', 'city': '湘西土家族苗族自治州', 'district': '凤凰县', 'street': '东正街', 'formatted_address': '湖南省湘西土家族苗族自治州凤凰县东正街15号'}",32-g
Gallery-1286,129-2,IMG_20251002_063025,2025-10-02 06:30:25,晨雾; 沱江; 吊脚楼; 丁达尔效应; 静谧; 水面倒影; 清晨,无,清晨的薄雾笼罩着沱江，江边的吊脚楼在晨雾中若隐若现，水面倒映着朦胧的天光，形成静谧的丁达尔效应。,"{'province': '湖南省', 'city': '湘西土家族苗族自治州', 'district': '凤凰县', 'streetName': '沱江镇', 'streetNumber': 'XX号', 'poi': '凤凰古城沱江上游跳岩区域'}",109.601463,27.95144,"{'province': '湖南省', 'city': '湘西土家族苗族自治州', 'district': '凤凰县', 'street': [], 'formatted_address': '湖南省湘西土家族苗族自治州凤凰县[][]'}",129-b
Gallery-1287,129-2,IMG_20251002_071540,2025-10-02 07:15:40,人文采风; 苗族服饰; 浣衣; 晨光; 石拱桥; 生活场景; 细节,无,一位身着苗族服饰的当地居民正在北门码头附近的石阶上浣洗衣物，晨光透过雾气勾勒出人物轮廓，背景是古老的石拱桥。,"{'province': '湖南省', 'city': '湘西土家族苗族自治州', 'district': '凤凰县', 'streetName': '沱江镇', 'streetNumber': 'XX号', 'poi': '凤凰古城北门码头'}",109.602881,27.949507,"{'province': '湖南省', 'city': '湘西土家族苗族自治州', 'district': '凤凰县', 'street': [], 'formatted_address': '湖南省湘西土家族苗族自治州凤凰县[][]'}",129-b
Gallery-1288,a_32,IMG_20251002_092205,2025-10-02 09:22:05,沈从文故居; 马头墙; 青砖灰瓦; 光影; 木雕窗花; 建筑细节; 晴日,无,阳光洒在沈从文故居的青砖灰瓦马头墙上，光影斑驳，屋檐下的木雕窗花细节清晰可见，充满历史感。,"{'province': '湖南省', 'city': '湘西土家族苗族自治州', 'district': '凤凰县', 'streetName': '中营路', 'streetNumber': '10号', 'poi': '沈从文故居'}",109.602778,27.947114,"{'province': '湖南省', 'city': '湘西土家族苗族自治州', 'district': '凤凰县', 'street': [], 'formatted_address': '湖南省湘西土家族苗族自治州凤凰县[][]'}",a_32
Gallery-1289,a_32,IMG_20251002_094530,2025-10-02 09:45:30,石板巷道; 老墙; 光影; 人文; 宁静; 纵深构图; 晴日探索,无,一条狭窄的石板巷道（史家弄）向深处延伸，两侧是斑驳的老墙，一位老人坐在自家门口晒太阳，画面宁静祥和。,"{'province': '湖南省', 'city': '湘西土家族苗族自治州', 'district': '凤凰县', 'streetName': '史家弄', 'streetNumber': 'XX号', 'poi': '凤凰古城背街小巷'}",109.606267,27.948931,"{'province': '湖南省', 'city': '湘西土家族苗族自治州', 'district': '凤凰县', 'street': '史家弄', 'formatted_address': '湖南省湘西土家族苗族自治州凤凰县史家弄[]'}",a_32
Gallery-1290,a_32,IMG_20251002_101120,2025-10-02 10:11:20,手工艺; 银饰錾刻; 工匠; 专注; 工具特写; 光影; 细节特写,无,一家银饰店内，工匠正在用传统工具錾刻一枚银饰，阳光从木窗照进来，照亮了飞舞的银屑和工匠专注的侧脸。,"{'province': '湖南省', 'city': '湘西土家族苗族自治州', 'district': '凤凰县', 'streetName': '文星街', 'streetNumber': 'XX号', 'poi': '某苗族银饰店'}",109.601112,27.948779,"{'province': '湖南省', 'city': '湘西土家族苗族自治州', 'district': '凤凰县', 'street': '文星街', 'formatted_address': '湖南省湘西土家族苗族自治州凤凰县文星街[]'}",a_32
Gallery-1291,a_32,IMG_20251002_105045,2025-10-02 10:50:45,全景; 俯瞰; 古城屋顶; 沱江; 青山; 广角; 制高点,无,从临江客栈顶层观景台俯瞰，凤凰古城鳞次栉比的黑色屋顶在阳光下绵延，沱江如碧带穿城而过，远处青山如黛。,"{'province': '湖南省', 'city': '湘西土家族苗族自治州', 'district': '凤凰县', 'streetName': '回龙阁', 'streetNumber': 'XX号', 'poi': '某临江客栈顶层观景台'}",109.608277,27.945988,"{'province': '湖南省', 'city': '湘西土家族苗族自治州', 'district': '凤凰县', 'street': '回龙阁', 'formatted_address': '湖南省湘西土家族苗族自治州凤凰县回龙阁[]'}",a_32
Gallery-1292,a_32,IMG_20251002_111520,2025-10-02 11:15:20,乌篷船; 沱江; 船夫; 倒影; 长焦; 宁静; 水面,无,使用长焦镜头捕捉沱江上一艘载着游客的乌篷船缓缓划过平静江面的瞬间，船夫撑篙的身影与水中倒影相映成趣。,"{'province': '湖南省', 'city': '湘西土家族苗族自治州', 'district': '凤凰县', 'streetName': '回龙阁', 'streetNumber': 'XX号', 'poi': '某临江客栈顶层观景台'}",109.608277,27.945988,"{'province': '湖南省', 'city': '湘西土家族苗族自治州', 'district': '凤凰县', 'street': '回龙阁', 'formatted_address': '湖南省湘西土家族苗族自治州凤凰县回龙阁[]'}",a_32
Gallery-1293,a_32,IMG_20251002_121040,2025-10-02 12:10:40,血粑鸭; 凤凰美食; 土陶碗; 特色菜; 美食记录; 午餐,无,餐桌上摆放着凤凰特色菜肴血粑鸭，深色的鸭块与暗红色的血粑盛在土陶碗中，旁边点缀着翠绿的香菜，令人食指大动。,"{'province': '湖南省', 'city': '湘西土家族苗族自治州', 'district': '凤凰县', 'streetName': '南边街', 'streetNumber': 'XX号', 'poi': '老街老厨(凤凰古城店)'}",109.604021,27.946866,"{'province': '湖南省', 'city': '湘西土家族苗族自治州', 'district': '凤凰县', 'street': '南边街', 'formatted_address': '湖南省湘西土家族苗族自治州凤凰县南边街[]'}",a_32
Gallery-1294,a_32,IMG_20251002_141530,2025-10-02 14:15:30,手工艺人; 肖像画; 画笔特写; 专注; 市井生活; 细节特写; 艺术,无,一位画师正在虹桥下为游客画肖像，画笔在画纸上细腻地勾勒出人物的眉眼，画师神情专注，周围是围观的人群。,"{'province': '湖南省', 'city': '湘西土家族苗族自治州', 'district': '凤凰县', 'streetName': '沱江镇', 'streetNumber': 'XX号', 'poi': '虹桥艺术楼下'}",109.605321,27.951536,"{'province': '湖南省', 'city': '湘西土家族苗族自治州', 'district': '凤凰县', 'street': [], 'formatted_address': '湖南省湘西土家族苗族自治州凤凰县[][]'}",a_32
Gallery-1295,a_32,IMG_20251002_173320,2025-10-02 17:33:20,蓝调时刻; 暮色; 沱江; 吊脚楼灯光; 倒影; 风桥; 长曝光,无,蓝调时刻，沱江两岸的吊脚楼陆续亮起暖黄色的灯光，倒映在深蓝色的江面上，风桥的轮廓在暮色中显得格外宁静。,"{'province': '湖南省', 'city': '湘西土家族苗族自治州', 'district': '凤凰县', 'streetName': '沱江镇', 'streetNumber': 'XX号', 'poi': '风桥区域'}",109.608789,27.946494,"{'province': '湖南省', 'city': '湘西土家族苗族自治州', 'district': '凤凰县', 'street': [], 'formatted_address': '湖南省湘西土家族苗族自治州凤凰县[][]'}",a_32
Gallery-1296,a_32,IMG_20251002_194510,2025-10-02 19:45:10,夜景; 虹桥; 灯光; 倒影; 游船; 古城地标; 扫街,无,虹桥在夜景灯光下通体明亮，宛如一道彩虹横跨沱江，桥洞下的水面反射着斑斓的光影，游船从桥下缓缓穿过。,"{'province': '湖南省', 'city': '湘西土家族苗族自治州', 'district': '凤凰县', 'streetName': '沱江镇', 'streetNumber': 'XX号', 'poi': '虹桥'}",109.605321,27.951536,"{'province': '湖南省', 'city': '湘西土家族苗族自治州', 'district': '凤凰县', 'street': [], 'formatted_address': '湖南省湘西土家族苗族自治州凤凰县[][]'}",a_32
Gallery-1297,a_32,IMG_20251002_201025,2025-10-02 20:10:25,夜景人潮; 跳岩; 光轨; 动态; 游客; 慢门; 细节捕捉,无,跳岩上，游客们正小心翼翼地踩着石墩过江，手机和相机的屏幕光点缀在夜色中，形成一道流动的光点轨迹。,"{'province': '湖南省', 'city': '湘西土家族苗族自治州', 'district': '凤凰县', 'streetName': '沱江镇', 'streetNumber': 'XX号', 'poi': '跳岩'}",109.601463,27.95144,"{'province': '湖南省', 'city': '湘西土家族苗族自治州', 'district': '凤凰县', 'street': [], 'formatted_address': '湖南省湘西土家族苗族自治州凤凰县[][]'}",a_32
Gallery-1298,129-2,IMG_20251002_212205,2025-10-02 21:22:05,作品复盘; 笔记本电脑屏幕; 幻灯片播放; 摄影作品; 团队讨论; PPT截图,无,笔记本电脑屏幕上显示着今日拍摄的精选照片，正以幻灯片形式播放，画面是一张晨雾中的吊脚楼，徐佳宁和谢雨桐在一旁观看讨论。,"{'province': '湖南省', 'city': '湘西土家族苗族自治州', 'district': '凤凰县', 'streetName': '杜田路', 'streetNumber': 'XX号', 'poi': '凤凰记忆江景客栈(杜田路分店)公共休息区'}",109.615582,27.944465,"{'province': '湖南省', 'city': '湘西土家族苗族自治州', 'district': '凤凰县', 'street': '杜田路', 'formatted_address': '湖南省湘西土家族苗族自治州凤凰县杜田路[]'}",129-b
Gallery-1299,a_32,IMG_20251002_214010,2025-10-02 21:40:10,会议纪要; 手写板; 明日计划; 分工安排; 拍摄要点; 复盘会,"明日拍摄计划
重点：巷弄光影、人文特写
区域：史家弄、文星街周边
分工：冯-广角，徐-中焦，谢-细节
时间：AM 7:00 客栈大堂集合",白板（或手写笔记本）上记录着明日拍摄计划要点，包括“巷弄光影”、“人文特写”、“分工：冯-广角，徐-中焦，谢-细节”等字样。,"{'province': '湖南省', 'city': '湘西土家族苗族自治州', 'district': '凤凰县', 'streetName': '杜田路', 'streetNumber': 'XX号', 'poi': '凤凰记忆江景客栈(杜田路分店)公共休息区'}",109.615582,27.944465,"{'province': '湖南省', 'city': '湘西土家族苗族自治州', 'district': '凤凰县', 'street': '杜田路', 'formatted_address': '湖南省湘西土家族苗族自治州凤凰县杜田路[]'}",a_32
Gallery-1300,a_273,IMG_20251003_074520,2025-10-03 07:45:20,晨跑; 沱江; 古城吊脚楼; 薄雾; 清晨; 步道; 运动,无,冯浩然在沱江边的步道上晨跑，身后是清晨薄雾笼罩的凤凰古城吊脚楼群,"{'province': '湖南省', 'city': '湘西土家族苗族自治州', 'district': '凤凰县', 'streetName': '沱江风光带', 'streetNumber': 'XX号', 'poi': '沱江步道（杜田路附近）'}",109.601038,27.951553,"{'province': '湖南省', 'city': '湘西土家族苗族自治州', 'district': '凤凰县', 'street': [], 'formatted_address': '湖南省湘西土家族苗族自治州凤凰县[][]'}",a_273
Gallery-1301,a_32,IMG_20251003_081530,2025-10-03 08:15:30,人物合影; 虹桥; 沱江; 观景台; 晨光; 旅伴; 古城,无,冯浩然与旅伴徐佳宁、谢雨桐在沱江边的观景台合影，背景是横跨江面的虹桥,"{'province': '湖南省', 'city': '湘西土家族苗族自治州', 'district': '凤凰县', 'streetName': '虹桥中路', 'streetNumber': 'XX号', 'poi': '虹桥观景台'}",109.605321,27.951536,"{'province': '湖南省', 'city': '湘西土家族苗族自治州', 'district': '凤凰县', 'street': '虹桥中路', 'formatted_address': '湖南省湘西土家族苗族自治州凤凰县虹桥中路[]'}",a_32
Gallery-1302,133-1-1,IMG_20251003_095010,2025-10-03 09:50:10,摄影包; 行李箱; 物品收纳; 客栈房间; 准备出发; 行李摆放,无,冯浩然将整理好的摄影包和行李箱整齐地摆放在客栈房间的地板上，准备装车,"{'province': '湖南省', 'city': '湘西土家族苗族自治州', 'district': '凤凰县', 'streetName': '杜田路', 'streetNumber': 'XX号', 'poi': '凤凰记忆江景客栈（杜田路分店）房间'}",109.615582,27.944465,"{'province': '湖南省', 'city': '湘西土家族苗族自治州', 'district': '凤凰县', 'street': '杜田路', 'formatted_address': '湖南省湘西土家族苗族自治州凤凰县杜田路[]'}",133-a
Gallery-1303,133-1-1,IMG_20251003_115530,2025-10-03 11:55:30,高速公路; 山区风景; 服务区; 车窗视角; 连绵山脉; 旅途,无,冯浩然在铜仁服务区休息时，拍摄窗外连绵起伏的贵州山区高速路风景,"{'province': '贵州省', 'city': '铜仁市', 'district': '碧江区', 'streetName': 'G56杭瑞高速', 'streetNumber': 'XX号', 'poi': '铜仁服务区'}",109.255716,27.808104,"{'province': '贵州省', 'city': '铜仁市', 'district': '碧江区', 'street': 'G56杭瑞高速', 'formatted_address': '贵州省铜仁市碧江区G56杭瑞高速[]'}",133-a
Gallery-1304,133-1-2,IMG_20251003_131520,2025-10-03 13:15:20,收费站; 导视牌; 镇远; 高速出口; 旅途记录; 标识,镇远南收费站 欢迎您 镇远古城 5A级景区,冯浩然在镇远南收费站出口处，拍摄写有‘镇远’字样的收费站标识牌,"{'province': '贵州省', 'city': '黔东南苗族侗族自治州', 'district': '镇远县', 'streetName': 'S25沿榕高速', 'streetNumber': 'XX号', 'poi': '镇远南收费站'}",108.397136,27.025684,"{'province': '贵州省', 'city': '黔东南苗族侗族自治州', 'district': '镇远县', 'street': 'S25沿榕高速', 'formatted_address': '贵州省黔东南苗族侗族自治州镇远县S25沿榕高速[]'}",133-a
Gallery-1305,133-1-2,IMG_20251003_141010,2025-10-03 14:10:10,人物合影; 停车场; 舞阳河; 古镇背景; 抵达; 旅伴,无,冯浩然与徐佳宁、谢雨桐在镇远古镇停车场刚下车时，以舞阳河和远处古建筑为背景合影,"{'province': '贵州省', 'city': '黔东南苗族侗族自治州', 'district': '镇远县', 'streetName': '兴隆街', 'streetNumber': 'XX号', 'poi': '镇远古镇大型停车场'}",108.421518,27.049159,"{'province': '贵州省', 'city': '黔东南苗族侗族自治州', 'district': '镇远县', 'street': '兴隆街', 'formatted_address': '贵州省黔东南苗族侗族自治州镇远县兴隆街[]'}",133-a
Gallery-1306,133-1-2,IMG_20251003_155540,2025-10-03 15:55:40,摄影器材; 相机; 电池充电; 充电器; 物品整理; 桌面,无,冯浩然在民宿房间的桌子上，整齐摆放着正在充电的相机、备用电池和充电器,"{'province': '贵州省', 'city': '黔东南苗族侗族自治州', 'district': '镇远县', 'streetName': '兴隆街', 'streetNumber': 'XX号', 'poi': '镇远云舒河畔民宿（冯浩然房间）'}",108.431579,27.049322,"{'province': '贵州省', 'city': '黔东南苗族侗族自治州', 'district': '镇远县', 'street': '兴隆街', 'formatted_address': '贵州省黔东南苗族侗族自治州镇远县兴隆街[]'}",133-a
Gallery-1307,a_32,IMG_20251003_172520,2025-10-03 17:25:20,祝圣桥; 舞阳河; 傍晚; 全景; 徽派建筑; 山水城; 倒影,无,冯浩然在祝圣桥上拍摄傍晚时分的舞阳河全景，河面倒映着两岸的徽派建筑和山峦,"{'province': '贵州省', 'city': '黔东南苗族侗族自治州', 'district': '镇远县', 'streetName': '舞阳河畔', 'streetNumber': 'XX号', 'poi': '祝圣桥'}",108.431339,27.050507,"{'province': '贵州省', 'city': '黔东南苗族侗族自治州', 'district': '镇远县', 'street': [], 'formatted_address': '贵州省黔东南苗族侗族自治州镇远县[][]'}",a_32
Gallery-1308,,IMG_20251003_183510,2025-10-03 18:35:10,红酸汤鱼; 贵州美食; 晚餐; 餐桌; 热气腾腾; 特色菜,无,冯浩然在古城红酸汤鱼馆拍摄桌上的特色菜肴，主菜是冒着热气的红酸汤鱼，配以蘸水和蔬菜,"{'province': '贵州省', 'city': '黔东南苗族侗族自治州', 'district': '镇远县', 'streetName': '顺城街', 'streetNumber': 'XX号', 'poi': '古城红酸汤鱼馆'}",108.42522,27.048147,"{'province': '贵州省', 'city': '黔东南苗族侗族自治州', 'district': '镇远县', 'street': '兴隆街', 'formatted_address': '贵州省黔东南苗族侗族自治州镇远县兴隆街[]'}",
Gallery-1309,a_32,IMG_20251003_191520,2025-10-03 19:15:20,人物合影; 河畔夜景; 红灯笼; 古镇街道; 散步; 旅伴,无,冯浩然与徐佳宁、谢雨桐在亮起红灯笼的舞阳河畔街道散步时，以灯笼和古建筑为背景的合影,"{'province': '贵州省', 'city': '黔东南苗族侗族自治州', 'district': '镇远县', 'streetName': '兴隆街', 'streetNumber': 'XX号', 'poi': '舞阳河畔步行街'}",108.416054,27.044048,"{'province': '贵州省', 'city': '黔东南苗族侗族自治州', 'district': '镇远县', 'street': '兴隆街', 'formatted_address': '贵州省黔东南苗族侗族自治州镇远县兴隆街[]'}",a_32
Gallery-1310,a_32,IMG_20251004_064530,2025-10-04 06:45:30,早餐; 白粥; 馒头; 民宿餐厅; 晨光; 木质餐桌,无,冯浩然在镇远云舒河畔民宿餐厅用早餐，桌上摆着白粥、馒头和小菜，木质餐桌和窗外晨光构成背景,"{'province': '贵州省', 'city': '黔东南苗族侗族自治州', 'district': '镇远县', 'streetName': '顺城街', 'streetNumber': 'XX号', 'poi': '镇远云舒河畔民宿餐厅'}",108.431579,27.049322,"{'province': '贵州省', 'city': '黔东南苗族侗族自治州', 'district': '镇远县', 'street': '兴隆街', 'formatted_address': '贵州省黔东南苗族侗族自治州镇远县兴隆街[]'}",a_32
Gallery-1311,a_32,IMG_20251004_070520,2025-10-04 07:05:20,摄影设备; 相机; 镜头; 无人机; 摄影包; 物品收纳,无,冯浩然在民宿房间整理摄影设备，相机、镜头和无人机整齐摆放在床上，旁边是打开的摄影包,"{'province': '贵州省', 'city': '黔东南苗族侗族自治州', 'district': '镇远县', 'streetName': '顺城街', 'streetNumber': 'XX号', 'poi': '镇远云舒河畔民宿房间'}",108.431579,27.049322,"{'province': '贵州省', 'city': '黔东南苗族侗族自治州', 'district': '镇远县', 'street': '兴隆街', 'formatted_address': '贵州省黔东南苗族侗族自治州镇远县兴隆街[]'}",a_32
Gallery-1312,133-2-1,IMG_20251004_073015,2025-10-04 07:30:15,㵲阳河; 晨光; 古镇建筑; 新大桥; 波光粼粼; 晨雾,无,冯浩然在㵲阳河畔新大桥附近拍摄晨光，河面波光粼粼，对岸的古镇建筑群在晨雾中若隐若现,"{'province': '贵州省', 'city': '黔东南苗族侗族自治州', 'district': '镇远县', 'streetName': '㵲阳河沿岸步道', 'streetNumber': 'XX号', 'poi': '㵲阳河新大桥观景平台'}",108.424184,27.04972,"{'province': '贵州省', 'city': '黔东南苗族侗族自治州', 'district': '镇远县', 'street': [], 'formatted_address': '贵州省黔东南苗族侗族自治州镇远县[][]'}",133-b
Gallery-1313,133-2-1,IMG_20251004_081240,2025-10-04 08:12:40,人文纪实; 当地居民; 剥豆角; 青石板路; 古民居; 晨间街拍,无,冯浩然在复兴巷拍摄一位当地居民坐在门口剥豆角的场景，阳光洒在青石板路上，背景是古老的木结构房屋,"{'province': '贵州省', 'city': '黔东南苗族侗族自治州', 'district': '镇远县', 'streetName': '复兴巷', 'streetNumber': 'XX号', 'poi': '复兴巷古民居'}",108.427371,27.04949,"{'province': '贵州省', 'city': '黔东南苗族侗族自治州', 'district': '镇远县', 'street': '复兴巷', 'formatted_address': '贵州省黔东南苗族侗族自治州镇远县复兴巷[]'}",133-b
Gallery-1314,134-1,IMG_20251004_104530,2025-10-04 10:45:30,人物合影; 当地阿姨; 小孩; 摄影包; 石阶平台; 失而复得,无,冯浩然与归还摄影包的当地阿姨及其孩子在㵲阳河畔石阶平台合影，阿姨笑容淳朴，孩子好奇地看着镜头，摄影包放在一旁,"{'province': '贵州省', 'city': '黔东南苗族侗族自治州', 'district': '镇远县', 'streetName': '㵲阳河沿岸步道', 'streetNumber': 'XX号', 'poi': '㵲阳河畔亲水石阶平台'}",108.429536,27.049033,"{'province': '贵州省', 'city': '黔东南苗族侗族自治州', 'district': '镇远县', 'street': [], 'formatted_address': '贵州省黔东南苗族侗族自治州镇远县[][]'}",134-a
Gallery-1315,a_32,IMG_20251004_132045,2025-10-04 13:20:45,祝圣桥; 对称构图; 框架画面; 青龙洞; 古桥光影; 建筑摄影,无,冯浩然在祝圣桥上拍摄对称构图，古桥的石拱与远处的青龙洞建筑群形成完美的框架，阳光透过桥洞洒在水面,"{'province': '贵州省', 'city': '黔东南苗族侗族自治州', 'district': '镇远县', 'streetName': '㵲阳河沿岸', 'streetNumber': 'XX号', 'poi': '祝圣桥'}",108.431339,27.050507,"{'province': '贵州省', 'city': '黔东南苗族侗族自治州', 'district': '镇远县', 'street': [], 'formatted_address': '贵州省黔东南苗族侗族自治州镇远县[][]'}",a_32
Gallery-1316,a_32,IMG_20251004_140120,2025-10-04 14:01:20,青龙洞; 飞檐雕饰; 木雕凤凰; 斑驳墙面; 细节特写; 古建筑,无,冯浩然用长焦镜头特写青龙洞古建筑群的飞檐雕饰，木雕上的凤凰图案栩栩如生，斑驳的墙面记录着岁月痕迹,"{'province': '贵州省', 'city': '黔东南苗族侗族自治州', 'district': '镇远县', 'streetName': '㵲阳河对岸', 'streetNumber': 'XX号', 'poi': '青龙洞古建筑群观景点'}",108.429246,27.047576,"{'province': '贵州省', 'city': '黔东南苗族侗族自治州', 'district': '镇远县', 'street': '青龙洞', 'formatted_address': '贵州省黔东南苗族侗族自治州镇远县青龙洞[]'}",a_32
Gallery-1317,a_32,IMG_20251004_144500,2025-10-04 14:45:00,朋友聚会; 茶舍; 青茶; 窗边合影; 木质装饰; 汇合,无,冯浩然与同伴徐佳宁、谢雨桐在“巷子深”茶舍的窗边位置合影，桌上摆着三杯青茶，背景是茶舍古朴的木质装饰,"{'province': '贵州省', 'city': '黔东南苗族侗族自治州', 'district': '镇远县', 'streetName': '复兴巷', 'streetNumber': 'XX号', 'poi': '巷子深茶舍'}",108.427371,27.04949,"{'province': '贵州省', 'city': '黔东南苗族侗族自治州', 'district': '镇远县', 'street': '复兴巷', 'formatted_address': '贵州省黔东南苗族侗族自治州镇远县复兴巷[]'}",a_32
Gallery-1318,a_32,IMG_20251004_160830,2025-10-04 16:08:30,联合采风; 同伴侧影; 人文抓拍; 古巷道; 光影交错; 摄影创作,无,冯浩然在石屏山下的仁寿巷拍摄同伴徐佳宁抓拍人文场景的侧影，徐佳宁正专注地用相机对准一位做手工的老人,"{'province': '贵州省', 'city': '黔东南苗族侗族自治州', 'district': '镇远县', 'streetName': '仁寿巷', 'streetNumber': 'XX号', 'poi': '石屏山下古巷道'}",108.427025,27.050333,"{'province': '贵州省', 'city': '黔东南苗族侗族自治州', 'district': '镇远县', 'street': '仁寿巷', 'formatted_address': '贵州省黔东南苗族侗族自治州镇远县仁寿巷[]'}",a_32
Gallery-1319,a_32,IMG_20251004_184520,2025-10-04 18:45:20,晚餐; 酸汤鱼; 蕨粑炒腊肉; 窗边夜景; 朋友聚餐; 古镇美食,无,冯浩然与同伴徐佳宁、谢雨桐在苗姨婆酸汤鱼餐馆用晚餐，桌上摆着酸汤鱼锅和蕨粑炒腊肉，窗外是㵲阳河璀璨的夜景,"{'province': '贵州省', 'city': '黔东南苗族侗族自治州', 'district': '镇远县', 'streetName': '兴隆街', 'streetNumber': '23号', 'poi': '苗姨婆酸汤鱼餐馆'}",108.431408,27.050332,"{'province': '贵州省', 'city': '黔东南苗族侗族自治州', 'district': '镇远县', 'street': '兴隆街', 'formatted_address': '贵州省黔东南苗族侗族自治州镇远县兴隆街23号'}",a_32
Gallery-1320,a_32,IMG_20251005_060515,2025-10-05 06:05:15,摄影装备; 索尼相机; 无人机; 三脚架; 民宿房间; 物品收纳,无,冯浩然在镇远云舒河畔民宿房间内检查摄影装备，索尼相机、镜头、无人机和三脚架整齐摆放在床上，背景是民宿的木质窗棂。,"{'province': '贵州省', 'city': '黔东南苗族侗族自治州', 'district': '镇远县', 'streetName': '舞阳镇顺城街', 'streetNumber': 'XX号', 'poi': '镇远云舒河畔民宿301房间'}",108.431579,27.049322,"{'province': '贵州省', 'city': '黔东南苗族侗族自治州', 'district': '镇远县', 'street': '兴隆街', 'formatted_address': '贵州省黔东南苗族侗族自治州镇远县兴隆街[]'}",a_32
Gallery-1321,a_32,IMG_20251005_063025,2025-10-05 06:30:25,牛肉粉; 水煮蛋; 豆浆; 早餐; 民宿餐厅; 朋友聚餐,无,冯浩然与朋友徐佳宁、谢雨桐在民宿餐厅享用早餐，桌上摆着热气腾腾的牛肉粉、水煮蛋和豆浆，背景是温馨的餐厅环境。,"{'province': '贵州省', 'city': '黔东南苗族侗族自治州', 'district': '镇远县', 'streetName': '舞阳镇顺城街', 'streetNumber': 'XX号', 'poi': '镇远云舒河畔民宿餐厅'}",108.431579,27.049322,"{'province': '贵州省', 'city': '黔东南苗族侗族自治州', 'district': '镇远县', 'street': '兴隆街', 'formatted_address': '贵州省黔东南苗族侗族自治州镇远县兴隆街[]'}",a_32
Gallery-1322,a_32,IMG_20251005_064540,2025-10-05 06:45:40,退房; 房卡; 民宿前台; 告别; 客栈老板,无,冯浩然在民宿前台办理退房手续，将房卡递给客栈老板，背景是民宿前台的木质装饰和绿植。,"{'province': '贵州省', 'city': '黔东南苗族侗族自治州', 'district': '镇远县', 'streetName': '舞阳镇顺城街', 'streetNumber': 'XX号', 'poi': '镇远云舒河畔民宿前台'}",108.431579,27.049322,"{'province': '贵州省', 'city': '黔东南苗族侗族自治州', 'district': '镇远县', 'street': '兴隆街', 'formatted_address': '贵州省黔东南苗族侗族自治州镇远县兴隆街[]'}",a_32
Gallery-1323,32-9-1,IMG_20251005_104525,2025-10-05 10:45:25,梵净山; 索道; 云海; 山谷; 奇峰; 风景打卡,无,冯浩然在梵净山索道车厢内拍摄窗外风景，缆车正穿越云雾缭绕的山谷，远处可见奇峰怪石。,"{'province': '贵州省', 'city': '铜仁市', 'district': '江口县', 'streetName': '太平镇梵净山路', 'streetNumber': 'XX号', 'poi': '梵净山景区观光索道车厢内'}",108.774031,27.840749,"{'province': '贵州省', 'city': '铜仁市', 'district': '江口县', 'street': [], 'formatted_address': '贵州省铜仁市江口县[][]'}",32-i
Gallery-1324,32-9-1,IMG_20251005_121530,2025-10-05 12:15:30,蘑菇石; 梵净山; 云海; 登山; 朋友合影; 风景打卡,无,冯浩然与朋友徐佳宁、谢雨桐在梵净山蘑菇石观景台合影，身后是标志性的蘑菇石奇观和壮阔云海。,"{'province': '贵州省', 'city': '铜仁市', 'district': '江口县', 'streetName': '太平镇梵净山路', 'streetNumber': 'XX号', 'poi': '梵净山景区蘑菇石观景台'}",108.697891,27.908755,"{'province': '贵州省', 'city': '铜仁市', 'district': '江口县', 'street': [], 'formatted_address': '贵州省铜仁市江口县[][]'}",32-i
Gallery-1325,a_32,IMG_20251005_141520,2025-10-05 14:15:20,砂锅粉; 简餐; 小吃摊; 登山补给; 美食,无,冯浩然在梵净山停车场附近小吃摊前，拍摄一碗热气腾腾的砂锅粉，粉条上铺着肉片和青菜。,"{'province': '贵州省', 'city': '铜仁市', 'district': '江口县', 'streetName': '太平镇梵净山路', 'streetNumber': 'XX号', 'poi': '梵净山景区停车场附近小吃摊'}",108.772775,27.840075,"{'province': '贵州省', 'city': '铜仁市', 'district': '江口县', 'street': [], 'formatted_address': '贵州省铜仁市江口县[][]'}",a_32
Gallery-1326,32-9-2,IMG_20251005_185510,2025-10-05 18:55:10,苗族银饰; 手工艺; 錾刻; 老师傅; 人文街拍; 细节特写,无,冯浩然在西江千户苗寨的银饰作坊内，拍摄一位苗族老师傅正在专注地錾刻银饰，工作台上摆满了工具和半成品。,"{'province': '贵州省', 'city': '黔东南苗族侗族自治州', 'district': '雷山县', 'streetName': '西江镇', 'streetNumber': 'XX号', 'poi': '西江千户苗寨嘎歌古巷银饰作坊'}",108.174986,26.491697,"{'province': '贵州省', 'city': '黔东南苗族侗族自治州', 'district': '雷山县', 'street': '千户苗寨嘎歌古巷', 'formatted_address': '贵州省黔东南苗族侗族自治州雷山县千户苗寨嘎歌古巷[]'}",32-i
Gallery-1327,32-9-2,IMG_20251005_191025,2025-10-05 19:10:25,风雨桥; 苗族老人; 苗族服饰; 吊脚楼; 傍晚街拍; 人文纪实,无,冯浩然在西江千户苗寨的风雨桥上，拍摄两位身着苗族服饰的老人坐在桥边闲聊，背景是层层叠叠的吊脚楼。,"{'province': '贵州省', 'city': '黔东南苗族侗族自治州', 'district': '雷山县', 'streetName': '西江镇', 'streetNumber': 'XX号', 'poi': '西江千户苗寨风雨桥'}",108.173169,26.494508,"{'province': '贵州省', 'city': '黔东南苗族侗族自治州', 'district': '雷山县', 'street': [], 'formatted_address': '贵州省黔东南苗族侗族自治州雷山县[][]'}",32-i
Gallery-1328,32-9-2,IMG_20251005_194515,2025-10-05 19:45:15,三脚架; 相机; 延时摄影; 观景台; 机位准备; 细节特写,无,冯浩然在西江千户苗寨一号观景台东南侧架设三脚架和相机，准备拍摄延时摄影，背景是苗寨的吊脚楼和远山。,"{'province': '贵州省', 'city': '黔东南苗族侗族自治州', 'district': '雷山县', 'streetName': '西江镇', 'streetNumber': 'XX号', 'poi': '西江千户苗寨一号观景台东南侧'}",108.173169,26.494508,"{'province': '贵州省', 'city': '黔东南苗族侗族自治州', 'district': '雷山县', 'street': [], 'formatted_address': '贵州省黔东南苗族侗族自治州雷山县[][]'}",32-i
Gallery-1329,32-9-2,IMG_20251005_200530,2025-10-05 20:05:30,苗寨夜景; 蓝调时刻; 吊脚楼; 万家灯火初上; 延时序列; 风景打卡,无,冯浩然从一号观景台拍摄苗寨蓝调时刻的景色，天空呈现深蓝色，吊脚楼的轮廓清晰，部分窗户开始亮起暖黄色灯光。,"{'province': '贵州省', 'city': '黔东南苗族侗族自治州', 'district': '雷山县', 'streetName': '西江镇', 'streetNumber': 'XX号', 'poi': '西江千户苗寨一号观景台'}",108.173169,26.494508,"{'province': '贵州省', 'city': '黔东南苗族侗族自治州', 'district': '雷山县', 'street': [], 'formatted_address': '贵州省黔东南苗族侗族自治州雷山县[][]'}",32-i
Gallery-1330,32-9-2,IMG_20251005_210520,2025-10-05 21:05:20,万家灯火; 苗寨夜景; 吊脚楼群; 璀璨灯光; 全景; 风景打卡,无,冯浩然从一号观景台拍摄西江千户苗寨璀璨的万家灯火全景，数千盏灯光如繁星般点缀在山坡上的吊脚楼群中。,"{'province': '贵州省', 'city': '黔东南苗族侗族自治州', 'district': '雷山县', 'streetName': '西江镇', 'streetNumber': 'XX号', 'poi': '西江千户苗寨一号观景台'}",108.173169,26.494508,"{'province': '贵州省', 'city': '黔东南苗族侗族自治州', 'district': '雷山县', 'street': [], 'formatted_address': '贵州省黔东南苗族侗族自治州雷山县[][]'}",32-i
Gallery-1331,32-9-2,IMG_20251005_211540,2025-10-05 21:15:40,吊脚楼; 木质结构; 灯笼; 夜景特写; 建筑细节; 细节特写,无,冯浩然用相机特写拍摄苗寨中一栋吊脚楼的局部，木质的建筑结构、窗户和悬挂的灯笼在夜色中显得格外宁静。,"{'province': '贵州省', 'city': '黔东南苗族侗族自治州', 'district': '雷山县', 'streetName': '西江镇', 'streetNumber': 'XX号', 'poi': '西江千户苗寨一号观景台'}",108.173169,26.494508,"{'province': '贵州省', 'city': '黔东南苗族侗族自治州', 'district': '雷山县', 'street': [], 'formatted_address': '贵州省黔东南苗族侗族自治州雷山县[][]'}",32-i
Gallery-1332,a_32,IMG_20251005_220025,2025-10-05 22:00:25,酸汤鱼; 腊肉炒蕨菜; 糯米饭; 苗族美食; 朋友聚餐; 晚餐,无,冯浩然与朋友徐佳宁、谢雨桐在苗寨餐馆享用地道晚餐，桌上摆着酸汤鱼、腊肉炒蕨菜和糯米饭，气氛热烈。,"{'province': '贵州省', 'city': '黔东南苗族侗族自治州', 'district': '雷山县', 'streetName': '西江镇', 'streetNumber': 'XX号', 'poi': '西江千户苗寨本地酸汤鱼餐馆'}",108.173169,26.494508,"{'province': '贵州省', 'city': '黔东南苗族侗族自治州', 'district': '雷山县', 'street': [], 'formatted_address': '贵州省黔东南苗族侗族自治州雷山县[][]'}",a_32
Gallery-1333,a_32,IMG_20251006_071530,2025-10-06 07:15:30,苗寨晨雾; 吊脚楼; 全景; 木质栏杆; 山景; 清晨,无,冯浩然在苗寨半山日记观景民宿的露台上拍摄晨雾缭绕的千户苗寨全景，木质栏杆和远处层层叠叠的吊脚楼清晰可见,"{'province': '贵州省', 'city': '黔东南苗族侗族自治州', 'district': '雷山县', 'streetName': '游方街', 'streetNumber': '1号', 'poi': '半山日记观景民宿'}",108.171745,26.496901,"{'province': '贵州省', 'city': '黔东南苗族侗族自治州', 'district': '雷山县', 'street': '游方街', 'formatted_address': '贵州省黔东南苗族侗族自治州雷山县游方街[]'}",a_32
Gallery-1334,a_32,IMG_20251006_080520,2025-10-06 08:05:20,人物合影; 早餐; 米粉; 古街; 朋友; 微笑,阿婆米粉店 - 特色牛肉粉 18元/碗,冯浩然与朋友徐佳宁、谢雨桐在阿婆米粉店门口合影，三人手持米粉碗，背景是古街的木质招牌和石板路,"{'province': '贵州省', 'city': '黔东南苗族侗族自治州', 'district': '雷山县', 'streetName': '古街', 'streetNumber': 'XX号', 'poi': '阿婆米粉店'}",108.173753,26.492996,"{'province': '贵州省', 'city': '黔东南苗族侗族自治州', 'district': '雷山县', 'street': '古街', 'formatted_address': '贵州省黔东南苗族侗族自治州雷山县古街[]'}",a_32
Gallery-1335,32-10,IMG_20251006_140510,2025-10-06 14:05:10,爆胎; 轮胎裂口; 应急车道; 高速; 汽车故障; 细节,无,冯浩然在G60沪昆高速应急车道上拍摄爆裂的左后轮胎特写，轮胎侧面有一道明显的裂口，地面散落着碎石,"{'province': '湖南省', 'city': '邵阳市', 'district': '双清区', 'streetName': 'G60沪昆高速', 'streetNumber': 'XX号', 'poi': 'G60沪昆高速应急车道'}",111.537315,27.200112,"{'province': '湖南省', 'city': '邵阳市', 'district': '双清区', 'street': 'G60沪昆高速', 'formatted_address': '湖南省邵阳市双清区G60沪昆高速[]'}",32-j
Gallery-1336,32-10,IMG_20251006_141025,2025-10-06 14:10:25,高速公路; 山景; 应急车道; 警示牌; 多云; 行车记录,无,冯浩然站在应急车道上拍摄远处的高速公路和山景，警示牌立在车后，天空多云,"{'province': '湖南省', 'city': '邵阳市', 'district': '双清区', 'streetName': 'G60沪昆高速', 'streetNumber': 'XX号', 'poi': 'G60沪昆高速应急车道'}",111.537315,27.200112,"{'province': '湖南省', 'city': '邵阳市', 'district': '双清区', 'street': 'G60沪昆高速', 'formatted_address': '湖南省邵阳市双清区G60沪昆高速[]'}",32-j
Gallery-1337,32-10,IMG_20251006_161520,2025-10-06 16:15:20,新轮胎; 轮胎花纹; 轮毂; 汽车检查; 服务区; 细节,无,冯浩然在湘潭服务区拍摄新更换的轮胎特写，轮胎花纹清晰，轮毂干净,"{'province': '湖南省', 'city': '湘潭市', 'district': '雨湖区', 'streetName': 'G60沪昆高速', 'streetNumber': 'XX号', 'poi': '湘潭服务区(上海方向)'}",112.914433,27.915984,"{'province': '湖南省', 'city': '湘潭市', 'district': '雨湖区', 'street': 'G60沪昆高速', 'formatted_address': '湖南省湘潭市雨湖区G60沪昆高速[]'}",32-j
Gallery-1338,32-10,IMG_20251006_172530,2025-10-06 17:25:30,小区停车场; 住宅楼; 黄昏; 车辆入库; 抵达; 街景,无,冯浩然在长沙岳麓区机关金星住宅小区停车场拍摄车辆驶入的画面，背景是小区住宅楼和黄昏天色,"{'province': '湖南省', 'city': '长沙市', 'district': '岳麓区', 'streetName': '双塘路', 'streetNumber': '99号', 'poi': '岳麓区机关金星住宅小区停车场'}",112.938578,28.221525,"{'province': '湖南省', 'city': '长沙市', 'district': '岳麓区', 'street': '桐梓坡路', 'formatted_address': '湖南省长沙市岳麓区桐梓坡路99号'}",32-j
Gallery-1339,32-10,IMG_20251006_182015,2025-10-06 18:20:15,汽修店; 爆裂轮胎; 店招; 维修工具; 街头; 物品记录,龙华阁汽修 - 专业补胎 换胎,冯浩然在龙华阁汽修店门口拍摄爆裂轮胎靠在墙边的画面，轮胎旁放着维修工具，店招清晰可见,"{'province': '湖南省', 'city': '长沙市', 'district': '岳麓区', 'streetName': '岳华路', 'streetNumber': '41号', 'poi': '龙华阁汽修'}",112.944572,28.214702,"{'province': '湖南省', 'city': '长沙市', 'district': '岳麓区', 'street': '岳华路', 'formatted_address': '湖南省长沙市岳麓区岳华路41号'}",32-j
Gallery-1340,a_273,IMG_20251007_073500,2025-10-07 07:35:00,岳麓山; 爱晚亭; 晨跑; 秋日; 晨光; 石板路; 林荫道,无,冯浩然在岳麓山环山公路晨跑时，拍摄远处爱晚亭的秋日晨景，阳光透过树叶洒在石板路上,"{'province': '湖南省', 'city': '长沙市', 'district': '岳麓区', 'streetName': '登高路', 'streetNumber': '58号', 'poi': '岳麓山风景名胜区（环山公路）'}",112.936104,28.183601,"{'province': '湖南省', 'city': '长沙市', 'district': '岳麓区', 'street': '登高路', 'formatted_address': '湖南省长沙市岳麓区登高路58号'}",a_273
Gallery-1341,a_273,IMG_20251007_080500,2025-10-07 08:05:00,晨跑; 跑友合影; 麓山寺; 跑步装备; 古建筑; 恢复性训练,无,冯浩然与跑友高云飞在岳麓山麓山寺附近合影，两人穿着跑步装备，背景是古朴的寺庙建筑,"{'province': '湖南省', 'city': '长沙市', 'district': '岳麓区', 'streetName': '登高路', 'streetNumber': '58号', 'poi': '岳麓山风景名胜区（麓山寺）'}",112.936104,28.183601,"{'province': '湖南省', 'city': '长沙市', 'district': '岳麓区', 'street': '登高路', 'formatted_address': '湖南省长沙市岳麓区登高路58号'}",a_273
Gallery-1342,273-1-1,IMG_20251007_082000,2025-10-07 08:20:00,矿泉水; 运动手表; 跑后补水; 便利店; 健康数据; 塑料瓶,无,冯浩然在桃子湖文创园便利店外，拍摄刚购买的矿泉水和运动手表，手表屏幕显示着晨跑数据,"{'province': '湖南省', 'city': '长沙市', 'district': '岳麓区', 'streetName': '桃子湖路', 'streetNumber': 'XX号', 'poi': '桃子湖文化创意园A1栋新佳宜便利店'}",112.934015,28.246134,"{'province': '湖南省', 'city': '长沙市', 'district': '岳麓区', 'street': [], 'formatted_address': '湖南省长沙市岳麓区[][]'}",273-a
Gallery-1343,a_32,IMG_20251007_132000,2025-10-07 13:20:00,后备箱; 物品收纳; 露营装备; 摄影器材; SUV; 停车场,无,冯浩然在地下停车场检查车辆，后备箱里整齐收纳着露营装备和摄影器材，物品摆放有序,"{'province': '湖南省', 'city': '长沙市', 'district': '岳麓区', 'streetName': '双塘路', 'streetNumber': '99号', 'poi': '岳麓区机关金星住宅小区地下停车场'}",112.938578,28.221525,"{'province': '湖南省', 'city': '长沙市', 'district': '岳麓区', 'street': '桐梓坡路', 'formatted_address': '湖南省长沙市岳麓区桐梓坡路99号'}",a_32
Gallery-1344,,IMG_20251007_214500,2025-10-07 21:45:00,Moleskine笔记本; 工作计划; 手写笔记; 睡前规划; 床头灯; 文档扫描,明日关键任务：1. 完成剩余邮件回复及客户跟进 2. 与同事同步市场异动 3. 准备投资策略会材料框架 4. 跟进武汉医院预约情况 2025-10-08,冯浩然在卧室床头，用手机拍摄Moleskine笔记本上写下的明日工作计划，字迹清晰工整,"{'province': '湖南省', 'city': '长沙市', 'district': '岳麓区', 'streetName': '双塘路', 'streetNumber': '99号', 'poi': '岳麓区机关金星住宅小区家中卧室'}",112.938578,28.221525,"{'province': '湖南省', 'city': '长沙市', 'district': '岳麓区', 'street': '桐梓坡路', 'formatted_address': '湖南省长沙市岳麓区桐梓坡路99号'}",
Gallery-1345,a_273,IMG_20251008_074530,2025-10-08 07:45:30,早餐; 煎蛋; 全麦吐司; 黑咖啡; 晨光; 厨房; 健康饮食,无,冯浩然在晨跑后，为自己制作的简易早餐（煎蛋、全麦吐司、黑咖啡）拍照，背景是家中厨房的木质操作台和窗外晨光,"{'province': '湖南省', 'city': '长沙市', 'district': '岳麓区', 'streetName': '双塘路', 'streetNumber': '99号', 'poi': '岳麓区机关金星住宅小区'}",112.938578,28.221525,"{'province': '湖南省', 'city': '长沙市', 'district': '岳麓区', 'street': '桐梓坡路', 'formatted_address': '湖南省长沙市岳麓区桐梓坡路99号'}",a_273
Gallery-1346,,IMG_20251008_091520,2025-10-08 09:15:20,文档扫描; 备忘录; 市场分析; 办公桌; 金融工作,节后市场开盘前瞻备忘录 - 2025年10月8日 - 撰写人：冯浩然 - 重点关注板块：新能源、消费电子,冯浩然在办公室用手机扫描一份节后市场开盘前瞻备忘录的纸质文档，文档内容清晰可见,"{'province': '湖南省', 'city': '长沙市', 'district': '开福区', 'streetName': '芙蓉中路', 'streetNumber': '88号', 'poi': '湖南广电中心写字楼华泰证券办公室'}",113.046548,28.235932,"{'province': '湖南省', 'city': '长沙市', 'district': '开福区', 'street': [], 'formatted_address': '湖南省长沙市开福区[][]'}",
Gallery-1347,135-3,IMG_20251008_204530,2025-10-08 20:45:30,风景; 山脉; 湖泊; 旅行; 自然风光; 社交媒体配图,,旅途中的风景，远处是连绵的山脉和宁静的湖泊。,"{'province': '四川省', 'city': '阿坝藏族羌族自治州', 'district': '松潘县', 'streetName': '川主寺镇', 'streetNumber': '', 'poi': '黄龙风景名胜区'}",103.8337,32.732892,"{'province': '四川省', 'city': '阿坝藏族羌族自治州', 'district': '松潘县', 'street': [], 'formatted_address': '四川省阿坝藏族羌族自治州松潘县[][]'}",135-c
Gallery-1348,,IMG_20251009_121510,2025-10-09 12:15:10,湘菜; 小炒黄牛肉; 同事聚餐; 木质餐桌; 暖色灯光; 美食分享,无,冯浩然与同事郑文博在“老灶头”湘菜馆的餐桌前，桌上摆着刚上桌的小炒黄牛肉和清炒时蔬，两人面带微笑，背景是餐厅的木质隔断和暖色灯光。,"{'province': '湖南省', 'city': '长沙市', 'district': '开福区', 'streetName': '金鹰路', 'streetNumber': 'XX号', 'poi': '老灶头湘菜馆'}",113.043533,28.238287,"{'province': '湖南省', 'city': '长沙市', 'district': '开福区', 'street': '金鹰路', 'formatted_address': '湖南省长沙市开福区金鹰路[]'}",
Gallery-1349,,IMG_20251009_151520,2025-10-09 15:15:20,PPT截图; 投资分析; 电脑屏幕; 工作文档; 办公环境; 方案细化,投资分析框架优化方案 - 华泰证券投资顾问部 - 2025年10月9日,冯浩然在办公室工位上，用手机拍摄电脑屏幕上显示的《投资分析框架优化方案》PPT页面，页面包含图表和要点文字，背景是办公桌和键盘。,"{'province': '湖南省', 'city': '长沙市', 'district': '开福区', 'streetName': '芙蓉中路', 'streetNumber': '88号', 'poi': '华泰证券股份有限公司办公室'}",112.986675,28.223728,"{'province': '湖南省', 'city': '长沙市', 'district': '开福区', 'street': '芙蓉中路', 'formatted_address': '湖南省长沙市开福区芙蓉中路88号'}",
Gallery-1350,135-4,IMG_20251009_191530,2025-10-09 19:15:30,好友聚餐; 举杯庆祝; 湘菜馆; 圆桌; 热闹氛围; 人物合影,无,彭雨晴、吴俊杰和冯浩然在“乡里人家”湘菜馆的圆桌旁举杯相碰，桌上摆满菜肴，背景是餐厅的装饰画和热闹的用餐氛围。,"{'province': '湖南省', 'city': '长沙市', 'district': '岳麓区', 'streetName': '银双路', 'streetNumber': 'XX号', 'poi': '乡里人家湘菜馆'}",112.945778,28.222257,"{'province': '湖南省', 'city': '长沙市', 'district': '岳麓区', 'street': '银双路', 'formatted_address': '湖南省长沙市岳麓区银双路[]'}",135-d
Gallery-1351,135-4,IMG_20251009_194540,2025-10-09 19:45:40,照片分享; 笔记本电脑; 梵净山风光; 移动硬盘; 物品展示; 旅途故事,无,冯浩然在餐桌上展示他国庆自驾游时拍摄的梵净山云雾风光照片，照片在笔记本电脑屏幕上清晰可见，旁边放着移动硬盘，好友彭雨晴的手正指向屏幕。,"{'province': '湖南省', 'city': '长沙市', 'district': '岳麓区', 'streetName': '银双路', 'streetNumber': 'XX号', 'poi': '乡里人家湘菜馆'}",112.945778,28.222257,"{'province': '湖南省', 'city': '长沙市', 'district': '岳麓区', 'street': '银双路', 'formatted_address': '湖南省长沙市岳麓区银双路[]'}",135-d
Gallery-1352,135-4,IMG_20251009_200210,2025-10-09 20:02:10,剁椒鱼头; 湘菜美食; 红色剁椒; 餐桌; 美食特写; 聚餐菜肴,无,一盘色香味俱全的剁椒鱼头被端上餐桌，红亮的剁椒覆盖在鲜嫩的鱼头上，点缀着葱花，背景是餐厅的餐具和其他菜肴。,"{'province': '湖南省', 'city': '长沙市', 'district': '岳麓区', 'streetName': '银双路', 'streetNumber': 'XX号', 'poi': '乡里人家湘菜馆'}",112.945778,28.222257,"{'province': '湖南省', 'city': '长沙市', 'district': '岳麓区', 'street': '银双路', 'formatted_address': '湖南省长沙市岳麓区银双路[]'}",135-d
Gallery-1353,,IMG_20251010_090015,2025-10-10 09:00:15,早餐; 煎蛋; 牛油果面包; 手冲咖啡; 木质餐桌; 家居生活,无,冯浩然在自家餐厅的木质餐桌上享用早餐，盘中是金黄色的煎蛋和牛油果面包，旁边放着一杯手冲咖啡，背景是整洁的厨房一角。,"{'province': '湖南省', 'city': '长沙市', 'district': '岳麓区', 'streetName': '双塘路', 'streetNumber': '99号', 'poi': '岳麓区机关金星住宅小区'}",112.938578,28.221525,"{'province': '湖南省', 'city': '长沙市', 'district': '岳麓区', 'street': '桐梓坡路', 'formatted_address': '湖南省长沙市岳麓区桐梓坡路99号'}",
Gallery-1354,a_114,IMG_20251010_091005,2025-10-10 09:10:05,iPad屏幕; 财经资讯; 新能源产业链; 图表; 文档扫描,深度解析：碳中和背景下的新能源产业链重构 - 2025-10-10 来源：财经周刊,冯浩然用手机拍摄iPad屏幕上的财经资讯文章，屏幕显示着关于新能源产业链的图表和标题，背景是餐厅的桌面。,"{'province': '湖南省', 'city': '长沙市', 'district': '岳麓区', 'streetName': '双塘路', 'streetNumber': '99号', 'poi': '岳麓区机关金星住宅小区'}",112.938578,28.221525,"{'province': '湖南省', 'city': '长沙市', 'district': '岳麓区', 'street': '桐梓坡路', 'formatted_address': '湖南省长沙市岳麓区桐梓坡路99号'}",a_114
Gallery-1355,135-5,IMG_20251010_184520,2025-10-10 18:45:20,手写笔记; 讨论提纲; 视频交流; 钢笔; 木质书桌; 文档扫描,"视频交流核心议题：
1. 摄影包失而复得经历分享
2. 金融行业工作压力与平衡
3. 童年友谊对成年后人际关系的影响
4. 如何维护非功利性的深度关系
—— 冯浩然 2025.10.10",冯浩然在书房的书桌上拍摄一份手写的讨论提纲，纸上列出了‘摄影包失而复得经历’、‘金融行业压力’等议题，旁边放着钢笔和笔记本。,"{'province': '湖南省', 'city': '长沙市', 'district': '岳麓区', 'streetName': '双塘路', 'streetNumber': '99号', 'poi': '岳麓区机关金星住宅小区'}",112.938578,28.221525,"{'province': '湖南省', 'city': '长沙市', 'district': '岳麓区', 'street': '桐梓坡路', 'formatted_address': '湖南省长沙市岳麓区桐梓坡路99号'}",135-e
Gallery-1356,,IMG_20251011_145200,2025-10-11 14:52:00,手冲咖啡; 白色陶瓷杯; 湘西咖啡豆; 木质台面; 热气; 手冲壶; 美食摄影,无,冯浩然冲泡的手冲咖啡在白色陶瓷杯中冒着热气，旁边放着湘西咖啡豆包装袋，背景是家中厨房的木质台面和手冲壶,"{'province': '湖南省', 'city': '长沙市', 'district': '岳麓区', 'streetName': '双塘路', 'streetNumber': '99号', 'poi': '岳麓区机关金星住宅小区家中厨房'}",112.938578,28.221525,"{'province': '湖南省', 'city': '长沙市', 'district': '岳麓区', 'street': '桐梓坡路', 'formatted_address': '湖南省长沙市岳麓区桐梓坡路99号'}",
Gallery-1357,a_92,IMG_20251012_110015,2025-10-12 11:00:15,文档扫描; 资产配置方案; 金融分析; 办公桌; 笔记本电脑; 工作文件,华泰证券 - 客户资产配置策略草案 2025年第四季度 风险等级：平衡型,冯浩然在办公室工位上扫描一份客户资产配置方案草案，背景是笔记本电脑和金融分析书籍,"{'province': '湖南省', 'city': '长沙市', 'district': '开福区', 'streetName': '芙蓉中路', 'streetNumber': '88号', 'poi': '华泰证券股份有限公司办公室'}",112.986675,28.223728,"{'province': '湖南省', 'city': '长沙市', 'district': '开福区', 'street': '芙蓉中路', 'formatted_address': '湖南省长沙市开福区芙蓉中路88号'}",a_92
Gallery-1358,,IMG_20251012_122530,2025-10-12 12:25:30,剁椒鱼头; 湘菜; 聚餐; 同事午餐; 红色辣椒; 白色瓷盘,无,冯浩然与同事郑文博在餐厅品尝剁椒鱼头，菜品盛放在大瓷盘中，背景是木质餐桌和餐厅环境,"{'province': '湖南省', 'city': '长沙市', 'district': '开福区', 'streetName': '万家丽北路', 'streetNumber': 'XX号', 'poi': '伟记家常菜'}",113.040967,28.238937,"{'province': '湖南省', 'city': '长沙市', 'district': '开福区', 'street': '万家丽北路', 'formatted_address': '湖南省长沙市开福区万家丽北路[]'}",
Gallery-1359,a_92,IMG_20251012_144520,2025-10-12 14:45:20,PPT截图; 投资策略; 市场趋势图; 投影屏幕; 会议室; 客户会议,2025Q4 资产配置策略 - 华泰证券投资顾问部 - 核心观点：关注科技与消费板块,冯浩然在会议室拍摄投影屏幕上的投资策略PPT，内容包含市场趋势图表和资产配置建议,"{'province': '湖南省', 'city': '长沙市', 'district': '开福区', 'streetName': '芙蓉中路', 'streetNumber': '88号', 'poi': '华泰证券股份有限公司会议室'}",112.986675,28.223728,"{'province': '湖南省', 'city': '长沙市', 'district': '开福区', 'street': '芙蓉中路', 'formatted_address': '湖南省长沙市开福区芙蓉中路88号'}",a_92
Gallery-1360,,IMG_20251012_184510,2025-10-12 18:45:10,香煎三文鱼; 健康晚餐; 西兰花; 白色餐盘; 家庭烹饪; 营养搭配,无,冯浩然在家中厨房拍摄刚煎好的香煎三文鱼和西兰花，菜品摆放在白色餐盘中，背景是厨房灶台,"{'province': '湖南省', 'city': '长沙市', 'district': '岳麓区', 'streetName': '双塘路', 'streetNumber': '99号', 'poi': '岳麓区机关金星住宅小区家中厨房'}",112.938578,28.221525,"{'province': '湖南省', 'city': '长沙市', 'district': '岳麓区', 'street': '桐梓坡路', 'formatted_address': '湖南省长沙市岳麓区桐梓坡路99号'}",
Gallery-1361,a_139,IMG_20251012_213520,2025-10-12 21:35:20,文档扫描; 摄影工作坊; 确认邮件; 日程安排; 书桌; 个人规划,长沙街头摄影进阶工作坊 - 确认函 - 时间：2025-10-18 09:00-17:00 - 地点：岳麓山摄影基地 - 费用：880元,冯浩然在书房书桌上扫描一份摄影工作坊的确认邮件和日程安排，旁边放着笔记本电脑和钢笔,"{'province': '湖南省', 'city': '长沙市', 'district': '岳麓区', 'streetName': '双塘路', 'streetNumber': '99号', 'poi': '岳麓区机关金星住宅小区家中书房'}",112.938578,28.221525,"{'province': '湖南省', 'city': '长沙市', 'district': '岳麓区', 'street': '桐梓坡路', 'formatted_address': '湖南省长沙市岳麓区桐梓坡路99号'}",a_139
Gallery-1362,,IMG_20251013_122015,2025-10-13 12:20:15,双拼饭; 叉烧; 烧鸭; 快餐店; 同事聚餐; 午餐,明记烧腊 - 叉烧烧鸭双拼饭 38元/份,冯浩然与同事郑文博在明记烧腊快餐店享用午餐，桌上摆着叉烧烧鸭双拼饭和例汤，背景是简约的快餐店环境,"{'province': '湖南省', 'city': '长沙市', 'district': '开福区', 'streetName': '传媒路', 'streetNumber': 'XX号', 'poi': '明记烧腊快餐店'}",113.044429,28.237237,"{'province': '湖南省', 'city': '长沙市', 'district': '开福区', 'street': '传媒路', 'formatted_address': '湖南省长沙市开福区传媒路[]'}",
Gallery-1363,a_114,IMG_20251013_194530,2025-10-13 19:45:30,咖啡豆; 耶加雪菲; 手冲咖啡; 木质桌面; 笔记本电脑; 工作环境,一丹咖啡 - 埃塞俄比亚 耶加雪菲 G1 半磅 128元,冯浩然在一丹咖啡厅的木质桌面上拍摄新购买的埃塞俄比亚耶加雪菲咖啡豆，旁边放着一杯手冲咖啡和打开的笔记本电脑,"{'province': '湖南省', 'city': '长沙市', 'district': '芙蓉区', 'streetName': '浏阳河大道', 'streetNumber': 'XX号', 'poi': '一丹咖啡厅'}",113.039134,28.174765,"{'province': '湖南省', 'city': '长沙市', 'district': '芙蓉区', 'street': '浏阳河大道', 'formatted_address': '湖南省长沙市芙蓉区浏阳河大道[]'}",a_114
Gallery-1364,a_92,IMG_20251014_091530,2025-10-14 09:15:30,PPT文档; 手机扫描; 办公桌面; 笔记本电脑; 金融报告; 季度汇报,华泰证券 2025年第四季度投资策略汇报 客户：黄思琪 汇报人：冯浩然 日期：2025-10-14,冯浩然在湖南广电中心写字楼办公室内，使用手机扫描一份客户季度汇报PPT文档，文档内容清晰可见，背景是办公桌和笔记本电脑。,"{'province': '湖南省', 'city': '长沙市', 'district': '开福区', 'streetName': '芙蓉中路', 'streetNumber': '88号', 'poi': '湖南广电中心写字楼（华泰证券办公室）'}",113.046548,28.235932,"{'province': '湖南省', 'city': '长沙市', 'district': '开福区', 'street': [], 'formatted_address': '湖南省长沙市开福区[][]'}",a_92
Gallery-1365,130-2-3,IMG_20251014_094500,2025-10-14 09:45:00,电脑屏幕; 商户列表; 数字人民币; 文档截图; 办公环境,数字人民币红包支持商户列表（长沙地区） 码上付体验餐厅（开福区金鹰路） 支付方式：扫码支付 有效期：2025-10-14至2025-10-31,冯浩然在办公室电脑屏幕上查看一份关于数字人民币支持商户的列表文档，文档标题和商户名称清晰显示。,"{'province': '湖南省', 'city': '长沙市', 'district': '开福区', 'streetName': '芙蓉中路', 'streetNumber': '88号', 'poi': '湖南广电中心写字楼（华泰证券办公室）'}",113.046548,28.235932,"{'province': '湖南省', 'city': '长沙市', 'district': '开福区', 'street': [], 'formatted_address': '湖南省长沙市开福区[][]'}",130-b
Gallery-1366,,IMG_20251014_122030,2025-10-14 12:20:30,湘菜; 小炒黄牛肉; 剁椒鱼头; 午餐; 餐厅美食; 红色餐具,无,冯浩然在“码上付”体验餐厅拍摄桌上的湘菜美食，包括小炒黄牛肉和剁椒鱼头，餐具摆放整齐，背景是餐厅环境。,"{'province': '湖南省', 'city': '长沙市', 'district': '开福区', 'streetName': '金鹰路', 'streetNumber': 'XX号', 'poi': '码上付体验餐厅'}",113.043533,28.238287,"{'province': '湖南省', 'city': '长沙市', 'district': '开福区', 'street': '金鹰路', 'formatted_address': '湖南省长沙市开福区金鹰路[]'}",
Gallery-1367,140-7,IMG_20251014_153247,2025-10-14 15:32:47,人文纪实; 街头摄影; 老人; 理发店; 怀旧; 胶片质感; 色调分离; 环境细节; 故事感,"便民理发
老手艺
始于1985",精修后的‘人文’主题照片。画面中，一位老人坐在街角的老式理发店门口，肤色经过自然调整，显得健康红润。理发店的招牌、斑驳的墙面、地上的落叶等环境细节被强化，质感突出。通过色调分离技术，高光区域（如阳光照射处）呈现出温暖的橙黄色调，阴影区域（如屋檐下、角落）则带有冷静的蓝青色调，增强了画面的故事感和纪实氛围。整体风格统一为具有颗粒感和怀旧色彩的胶片质感。,"{'province': '北京市', 'city': '北京市', 'district': '东城区', 'streetName': '前门大街', 'streetNumber': '附近', 'poi': '大栅栏历史文化街区'}",116.398022,39.897549,"{'province': '北京市', 'city': '北京市', 'district': '东城区', 'street': '前门大街', 'formatted_address': '北京市北京市东城区前门大街[]'}",140-g
Gallery-1368,,IMG_20251014_191500,2025-10-14 19:15:00,红烧排骨; 清炒西兰花; 家常菜; 晚餐; 厨房; 美食摄影,无,冯浩然在家中厨房拍摄刚出锅的红烧排骨，排骨色泽红亮，汤汁浓郁，旁边搭配着清炒西兰花和一碗米饭。,"{'province': '湖南省', 'city': '长沙市', 'district': '岳麓区', 'streetName': '双塘路', 'streetNumber': '99号', 'poi': '岳麓区机关金星住宅小区（家中厨房）'}",112.938578,28.221525,"{'province': '湖南省', 'city': '长沙市', 'district': '岳麓区', 'street': '桐梓坡路', 'formatted_address': '湖南省长沙市岳麓区桐梓坡路99号'}",
Gallery-1369,a_140,IMG_20251015_072015,2025-10-15 07:20:15,早餐; 三明治; 蛋白粉; 木质桌面; 笔记本电脑; 晨间,无,冯浩然在书房书桌上拍摄自己制作的早餐，盘子里是全麦面包煎蛋三明治，旁边放着一杯蛋白粉，背景是打开的笔记本电脑和Lightroom软件界面。,"{'province': '湖南省', 'city': '长沙市', 'district': '岳麓区', 'streetName': '双塘路', 'streetNumber': '99号', 'poi': '岳麓区机关金星住宅小区'}",112.938578,28.221525,"{'province': '湖南省', 'city': '长沙市', 'district': '岳麓区', 'street': '桐梓坡路', 'formatted_address': '湖南省长沙市岳麓区桐梓坡路99号'}",a_140
Gallery-1370,,IMG_20251015_121030,2025-10-15 12:10:30,麻辣牛肉粉; 红油汤底; 牛肉片; 湘菜; 午餐; 聚餐,无,冯浩然在粉面馆餐桌上拍摄刚上桌的麻辣牛肉粉，碗里是红油汤底和牛肉片，背景是木质餐桌和正在用餐的同事。,"{'province': '湖南省', 'city': '长沙市', 'district': '开福区', 'streetName': '金鹰路', 'streetNumber': 'XX号', 'poi': '老长沙粉面馆（金鹰路店）'}",113.015766,28.230973,"{'province': '湖南省', 'city': '长沙市', 'district': '开福区', 'street': '芒果路', 'formatted_address': '湖南省长沙市开福区芒果路[]'}",
Gallery-1371,132-2,IMG_20251015_125520,2025-10-15 12:55:20,手机支付; 数字人民币; NFC; 便利店; 收银台; 冰美式,无,冯浩然在便利店收银台拍摄手机屏幕上的数字人民币支付成功界面，手机背部正对着收银机的NFC区域，背景是便利店货架。,"{'province': '湖南省', 'city': '长沙市', 'district': '开福区', 'streetName': '芙蓉中路', 'streetNumber': 'XX号', 'poi': 'Today便利店'}",112.987227,28.192249,"{'province': '湖南省', 'city': '长沙市', 'district': '开福区', 'street': '芙蓉中路', 'formatted_address': '湖南省长沙市开福区芙蓉中路[]'}",132-b
Gallery-1372,76-3-1,IMG_20251015_151045,2025-10-15 15:10:45,PPT截图; 数字货币; 央行; 市场影响; 电脑屏幕; 工作,"央行数字货币（CBDC）的潜在影响
- 提升支付效率与安全性
- 重塑货币传导机制
- 对传统金融体系的挑战与机遇
- 跨境支付新范式
2025-10-15",冯浩然在办公室电脑屏幕上拍摄一份关于数字货币市场影响的PPT页面，页面标题为‘央行数字货币（CBDC）的潜在影响’，内容包含图表和要点。,"{'province': '湖南省', 'city': '长沙市', 'district': '开福区', 'streetName': '芙蓉中路', 'streetNumber': '88号', 'poi': '湖南广电中心写字楼'}",113.046548,28.235932,"{'province': '湖南省', 'city': '长沙市', 'district': '开福区', 'street': [], 'formatted_address': '湖南省长沙市开福区[][]'}",76-c
Gallery-1373,132-3,IMG_20251016_125530,2025-10-16 12:55:30,数字人民币支付; 手机屏幕; 无糖乌龙茶; 便利店货架; 电子支付; 金融科技,数字人民币 - 支付成功 金额：5.00元,冯浩然在归心苑小区便利店使用数字人民币APP支付购买一瓶无糖乌龙茶，手机屏幕显示支付成功界面，背景是便利店货架,"{'province': '湖南省', 'city': '长沙市', 'district': '开福区', 'streetName': '金鹰路', 'streetNumber': 'XX号', 'poi': '归心苑小区便利店'}",113.045701,28.240445,"{'province': '湖南省', 'city': '长沙市', 'district': '开福区', 'street': '金鹰路', 'formatted_address': '湖南省长沙市开福区金鹰路[]'}",132-c
Gallery-1374,77-2-1,IMG_20251016_184520,2025-10-16 18:45:20,耶加雪菲手冲咖啡; 咖啡杯; 热气; 木质桌面; 咖啡馆氛围; 等待朋友,无,冯浩然在一丹咖啡厅的卡座上拍摄两杯刚冲泡好的耶加雪菲手冲咖啡，咖啡杯冒着热气，背景是咖啡厅温暖的灯光和木质桌面,"{'province': '湖南省', 'city': '长沙市', 'district': '芙蓉区', 'streetName': '浏阳河大道', 'streetNumber': 'XX号', 'poi': '一丹咖啡厅'}",113.039134,28.174765,"{'province': '湖南省', 'city': '长沙市', 'district': '芙蓉区', 'street': '浏阳河大道', 'formatted_address': '湖南省长沙市芙蓉区浏阳河大道[]'}",77-b
Gallery-1375,77-2-2,IMG_20251016_191015,2025-10-16 19:10:15,朋友聚会; 摄影交流; 手机屏幕分享; 深圳湾夜景; 咖啡馆; 社交,无,冯浩然与摄影伙伴徐佳宁在一丹咖啡厅交流，徐佳宁正用手机展示深圳湾夜景照片，两人面带微笑，背景是咖啡厅环境,"{'province': '湖南省', 'city': '长沙市', 'district': '芙蓉区', 'streetName': '浏阳河大道', 'streetNumber': 'XX号', 'poi': '一丹咖啡厅'}",113.039134,28.174765,"{'province': '湖南省', 'city': '长沙市', 'district': '芙蓉区', 'street': '浏阳河大道', 'formatted_address': '湖南省长沙市芙蓉区浏阳河大道[]'}",77-b
Gallery-1376,128-7,IMG_20251016_221015,2025-10-16 22:10:15,电脑屏幕; 文件夹; 湘江夜景; 摄影作品整理; 书房; 创作阐述,《湘江夜话》系列 - 22个项目 - 试图通过湘江沿岸的夜间光影，记录一座城市的呼吸与脉搏...探寻现代人内心的那片宁静之地。,冯浩然在书房电脑屏幕上展示新建的《湘江夜话》系列文件夹，文件夹内包含精选的22张湘江夜景照片，屏幕旁放着移动硬盘,"{'province': '湖南省', 'city': '长沙市', 'district': '岳麓区', 'streetName': '双塘路', 'streetNumber': '99号', 'poi': '岳麓区机关金星住宅小区家中书房'}",112.938578,28.221525,"{'province': '湖南省', 'city': '长沙市', 'district': '岳麓区', 'street': '桐梓坡路', 'formatted_address': '湖南省长沙市岳麓区桐梓坡路99号'}",128-g
Gallery-1377,128-7,IMG_20251016_221230,2025-10-16 22:12:30,移动硬盘; 手写草稿; 创作思路; 关键词; 书桌; 摄影项目规划,《湘江夜话》创作思路 - 关键词：光影、城市脉搏、宁静、夜间、湘江两岸、情绪连贯,冯浩然拍摄了书桌上摊开的移动硬盘和一张手写的《湘江夜话》创作思路草稿，草稿上写有“光影”、“城市脉搏”、“宁静”等关键词,"{'province': '湖南省', 'city': '长沙市', 'district': '岳麓区', 'streetName': '双塘路', 'streetNumber': '99号', 'poi': '岳麓区机关金星住宅小区家中书房'}",112.938578,28.221525,"{'province': '湖南省', 'city': '长沙市', 'district': '岳麓区', 'street': '桐梓坡路', 'formatted_address': '湖南省长沙市岳麓区桐梓坡路99号'}",128-g
Gallery-1378,273-3,IMG_20251017_064520,2025-10-17 06:45:20,湘江; 晨雾; 城市天际线; 晨跑; 风光带; 晨曦; 江景,无,冯浩然在晨跑途中拍摄湘江风光带，江面晨雾缭绕，对岸的城市天际线在晨曦中若隐若现,"{'province': '湖南省', 'city': '长沙市', 'district': '岳麓区', 'streetName': '潇湘中路', 'streetNumber': 'XX号', 'poi': '湘江风光带（岳麓区段）'}",112.938294,28.154469,"{'province': '湖南省', 'city': '长沙市', 'district': '岳麓区', 'street': '潇湘中路', 'formatted_address': '湖南省长沙市岳麓区潇湘中路[]'}",273-c
Gallery-1379,273-3,IMG_20251017_070105,2025-10-17 07:01:05,蜘蛛网; 露珠; 微距; 晨光; 细节; 自然; 晶莹剔透,无,冯浩然停下脚步，用手机微距模式拍摄路边沾满露珠的蜘蛛网，露珠晶莹剔透，在晨光下闪闪发光,"{'province': '湖南省', 'city': '长沙市', 'district': '岳麓区', 'streetName': '潇湘中路', 'streetNumber': 'XX号', 'poi': '湘江风光带绿化带'}",112.938294,28.154469,"{'province': '湖南省', 'city': '长沙市', 'district': '岳麓区', 'street': '潇湘中路', 'formatted_address': '湖南省长沙市岳麓区潇湘中路[]'}",273-c
Gallery-1380,272-4,IMG_20251017_141530,2025-10-17 14:15:30,工作总结; 文档扫描; 电脑屏幕; 数字人民币; 客户案例; 办公桌; 材料更新,个人年度工作总结 - 创新学习与客户价值拓展 - 案例：结合数字人民币线下支付体验，与客户黄思琪探讨金融科技应用场景 - 2025-10-17,冯浩然在办公室用手机扫描更新后的个人年度工作总结材料，屏幕上清晰显示着“创新学习与客户价值拓展”章节，其中包含数字人民币体验案例,"{'province': '湖南省', 'city': '长沙市', 'district': '开福区', 'streetName': '芙蓉中路', 'streetNumber': '88号', 'poi': '湖南广电中心写字楼华泰证券办公室'}",113.046548,28.235932,"{'province': '湖南省', 'city': '长沙市', 'district': '开福区', 'street': [], 'formatted_address': '湖南省长沙市开福区[][]'}",272-d
Gallery-1381,a_92,IMG_20251017_154015,2025-10-17 15:40:15,PPT; 投影屏幕; 业绩冲刺; 会议; 图表; 策略; 客户跟进,华泰证券投资顾问部 - Q4业绩冲刺策略与重点客户跟进计划 - 目标差距分析 - 最后两周重点工作部署 - 2025年10月,冯浩然在季度业绩冲刺会议上拍摄投影屏幕上的PPT，内容为“Q4业绩冲刺策略与重点客户跟进计划”，图表清晰,"{'province': '湖南省', 'city': '长沙市', 'district': '开福区', 'streetName': '芙蓉中路', 'streetNumber': '88号', 'poi': '湖南广电中心写字楼华泰证券会议室'}",113.046548,28.235932,"{'province': '湖南省', 'city': '长沙市', 'district': '开福区', 'street': [], 'formatted_address': '湖南省长沙市开福区[][]'}",a_92
Gallery-1382,,IMG_20251017_155520,2025-10-17 15:55:20,同事; 会议; 聆听; 专注; 白板; 讨论; 团队,无,冯浩然在会议间隙拍摄同事郑文博和孙晓雅正在认真聆听上司钱永强讲话的场景，三人表情专注，会议室白板上写有会议要点,"{'province': '湖南省', 'city': '长沙市', 'district': '开福区', 'streetName': '芙蓉中路', 'streetNumber': '88号', 'poi': '湖南广电中心写字楼华泰证券会议室'}",113.046548,28.235932,"{'province': '湖南省', 'city': '长沙市', 'district': '开福区', 'street': [], 'formatted_address': '湖南省长沙市开福区[][]'}",
Gallery-1383,78-1,IMG_20251017_202230,2025-10-17 20:22:30,摄影作品; 电脑屏幕; 湘江; 夜景; 桥梁; 倒影; Lightroom; 色调微调,《湘江夜话·桥影》 - 冯浩然摄影作品 - 拍摄于2025年秋 - 系列：《湘江夜话》,冯浩然在书房用手机扫描电脑屏幕上经过Lightroom微调后的摄影作品《湘江夜话·桥影》，作品色调偏冷，突出江面倒影和桥梁灯光,"{'province': '湖南省', 'city': '长沙市', 'district': '岳麓区', 'streetName': '双塘路', 'streetNumber': '99号', 'poi': '岳麓区机关金星住宅小区家中书房'}",112.938578,28.221525,"{'province': '湖南省', 'city': '长沙市', 'district': '岳麓区', 'street': '桐梓坡路', 'formatted_address': '湖南省长沙市岳麓区桐梓坡路99号'}",78-a
Gallery-1384,78-1,IMG_20251017_203510,2025-10-17 20:35:10,微信; 聊天界面; 截图; 摄影作品; 分享; 反馈; 发送,冯浩然： [图片] [图片] [图片] 刚调完色，求大佬指点。 徐佳宁： （未读）,冯浩然拍摄微信聊天界面截图，显示他正在将精选的三张摄影作品发送给朋友徐佳宁，并附言“刚调完色，求大佬指点”,"{'province': '湖南省', 'city': '长沙市', 'district': '岳麓区', 'streetName': '双塘路', 'streetNumber': '99号', 'poi': '岳麓区机关金星住宅小区家中书房'}",112.938578,28.221525,"{'province': '湖南省', 'city': '长沙市', 'district': '岳麓区', 'street': '桐梓坡路', 'formatted_address': '湖南省长沙市岳麓区桐梓坡路99号'}",78-a
Gallery-1385,,IMG_20251018_082015,2025-10-18 08:20:15,全麦三明治; 牛油果; 溏心蛋; 黑咖啡; 早餐; 厨房台面,无,冯浩然制作的早餐摆放在厨房台面上，包含一份夹着鸡蛋和牛油果的全麦面包三明治以及一杯冒着热气的黑咖啡，背景是整洁的现代厨房。,"{'province': '湖南省', 'city': '长沙市', 'district': '岳麓区', 'streetName': '双塘路', 'streetNumber': '99号', 'poi': '岳麓区机关金星住宅小区'}",112.938578,28.221525,"{'province': '湖南省', 'city': '长沙市', 'district': '岳麓区', 'street': '桐梓坡路', 'formatted_address': '湖南省长沙市岳麓区桐梓坡路99号'}",
Gallery-1386,132-4,IMG_20251018_134005,2025-10-18 13:40:05,手冲咖啡; 埃塞俄比亚日晒; 玻璃分享壶; 风味卡; 数字人民币; 咖啡馆,"埃塞俄比亚 耶加雪菲 日晒 G1
风味：热带水果 蓝莓 红酒
价格：48元/杯",冯浩然在咖啡馆的木质桌面上拍摄一杯埃塞俄比亚日晒手冲咖啡，咖啡液色泽清亮，旁边放着咖啡豆风味卡和数字人民币App的支付成功界面。,"{'province': '湖南省', 'city': '长沙市', 'district': '芙蓉区', 'streetName': '浏阳河大道', 'streetNumber': 'XX号', 'poi': '一丹咖啡厅'}",113.039134,28.174765,"{'province': '湖南省', 'city': '长沙市', 'district': '芙蓉区', 'street': '浏阳河大道', 'formatted_address': '湖南省长沙市芙蓉区浏阳河大道[]'}",132-d
Gallery-1387,,IMG_20251019_120515,2025-10-19 12:05:15,鸡胸肉沙拉; 白色陶瓷碗; 厨房台面; 健康午餐; 自制美食,无,冯浩然在家中厨房拍摄自己制作的鸡胸肉沙拉，沙拉盛放在白色陶瓷碗中，背景是整洁的厨房台面,"{'province': '湖南省', 'city': '长沙市', 'district': '岳麓区', 'streetName': '双塘路', 'streetNumber': '99号', 'poi': '岳麓区机关金星住宅小区'}",112.938578,28.221525,"{'province': '湖南省', 'city': '长沙市', 'district': '岳麓区', 'street': '桐梓坡路', 'formatted_address': '湖南省长沙市岳麓区桐梓坡路99号'}",
Gallery-1388,a_131,IMG_20251019_134225,2025-10-19 13:42:25,数字人民币; 支付凭证; 手机截图; 咖啡馆; 交易记录,数字人民币交易 商户：一丹咖啡 金额：68.00元 时间：2025-10-19 13:42:15,冯浩然在一丹咖啡厅拍摄使用数字人民币APP支付后的交易凭证截图，手机屏幕显示支付成功，背景是咖啡馆的木质桌面,"{'province': '湖南省', 'city': '长沙市', 'district': '芙蓉区', 'streetName': '浏阳河大道', 'streetNumber': 'XX号', 'poi': '一丹咖啡厅'}",113.039134,28.174765,"{'province': '湖南省', 'city': '长沙市', 'district': '芙蓉区', 'street': '浏阳河大道', 'formatted_address': '湖南省长沙市芙蓉区浏阳河大道[]'}",a_131
Gallery-1389,131-3,IMG_20251019_143520,2025-10-19 14:35:20,购物小票; 数字人民币; 自助收银台; 日用品; 超市购物,大润发 交易号：202510191435001 支付方式：数字人民币 金额：89.50元 时间：2025-10-19 14:35:10,冯浩然在大润发超市自助收银台拍摄购物小票，小票上清晰显示数字人民币支付信息，旁边是购买的洗发水和抽纸,"{'province': '湖南省', 'city': '长沙市', 'district': '芙蓉区', 'streetName': '万家丽中路一段', 'streetNumber': '188号', 'poi': '大润发(长沙芙蓉店)'}",113.029125,28.185048,"{'province': '湖南省', 'city': '长沙市', 'district': '芙蓉区', 'street': '万家丽中路', 'formatted_address': '湖南省长沙市芙蓉区万家丽中路[]'}",131-c
Gallery-1390,a_132,IMG_20251020_123015,2025-10-20 12:30:15,湘菜; 剁椒鱼头; 辣椒炒肉; 同事聚餐; 中式餐厅; 午餐,无,冯浩然与同事郑文博在公司附近的湘菜馆用餐，桌上摆着剁椒鱼头和辣椒炒肉，背景是中式装修的餐厅环境,"{'province': '湖南省', 'city': '长沙市', 'district': '开福区', 'streetName': '金鹰路', 'streetNumber': 'XX号', 'poi': '金鹰路湘菜馆'}",113.043533,28.238287,"{'province': '湖南省', 'city': '长沙市', 'district': '开福区', 'street': '金鹰路', 'formatted_address': '湖南省长沙市开福区金鹰路[]'}",a_132
Gallery-1391,74-1,IMG_20251020_125505,2025-10-20 12:55:05,秋日公园; 银杏叶; 石板路; 散步; 街景; 午后阳光,无,冯浩然在街边小公园散步时拍摄的秋日景色，画面中有金黄的银杏叶、蜿蜒的石板路和远处的长椅,"{'province': '湖南省', 'city': '长沙市', 'district': '开福区', 'streetName': '金鹰路', 'streetNumber': 'XX号', 'poi': '金鹰路街边小公园'}",113.043533,28.238287,"{'province': '湖南省', 'city': '长沙市', 'district': '开福区', 'street': '金鹰路', 'formatted_address': '湖南省长沙市开福区金鹰路[]'}",74-a
Gallery-1392,74-1,IMG_20251020_130000,2025-10-20 13:00:00,手机截图; 线上分享会; 报名成功; 校友会; 资产管理; 科技融合,【资产管理与科技融合】线上分享会 报名成功！ 活动时间：2025-10-25 20:00 主讲人：XXX 校友,冯浩然手机屏幕上显示的校友会公众号【资产管理与科技融合】线上分享会报名成功的确认页面截图,"{'province': '湖南省', 'city': '长沙市', 'district': '开福区', 'streetName': '金鹰路', 'streetNumber': 'XX号', 'poi': '金鹰路街边小公园'}",113.043533,28.238287,"{'province': '湖南省', 'city': '长沙市', 'district': '开福区', 'street': '金鹰路', 'formatted_address': '湖南省长沙市开福区金鹰路[]'}",74-a
Gallery-1393,,IMG_20251020_180510,2025-10-20 18:05:10,超市购物; 新鲜蔬菜; 西兰花; 彩椒; 蓝莓; 货架,无,冯浩然在罗比零食专卖店购物时拍摄的新鲜蔬菜货架，货架上整齐摆放着西兰花、彩椒和蓝莓等商品,"{'province': '湖南省', 'city': '长沙市', 'district': '岳麓区', 'streetName': '双塘路', 'streetNumber': 'XX号', 'poi': '罗比零食专卖店'}",112.936869,28.220303,"{'province': '湖南省', 'city': '长沙市', 'district': '岳麓区', 'street': '双塘路', 'formatted_address': '湖南省长沙市岳麓区双塘路[]'}",
Gallery-1394,131-4,IMG_20251020_180825,2025-10-20 18:08:25,数字人民币; 支付成功; 手机支付; 购物小票; 电子钱包,数字人民币支付成功 商户：罗比零食专卖店 金额：58.60元 时间：2025-10-20 18:08,冯浩然使用数字人民币支付购物款项时，手机屏幕上显示的支付成功界面截图,"{'province': '湖南省', 'city': '长沙市', 'district': '岳麓区', 'streetName': '双塘路', 'streetNumber': 'XX号', 'poi': '罗比零食专卖店'}",112.936869,28.220303,"{'province': '湖南省', 'city': '长沙市', 'district': '岳麓区', 'street': '双塘路', 'formatted_address': '湖南省长沙市岳麓区双塘路[]'}",131-d
Gallery-1395,,IMG_20251020_191015,2025-10-20 19:10:15,健康晚餐; 香煎鸡胸肉; 蒜蓉西兰花; 彩椒; 自制美食; 摆盘,无,冯浩然在家中厨房制作的健康晚餐，餐盘里盛放着香煎鸡胸肉、蒜蓉西兰花和彩椒，摆盘精致,"{'province': '湖南省', 'city': '长沙市', 'district': '岳麓区', 'streetName': '双塘路', 'streetNumber': '99号', 'poi': '岳麓区机关金星住宅小区家中餐厅'}",112.938578,28.221525,"{'province': '湖南省', 'city': '长沙市', 'district': '岳麓区', 'street': '桐梓坡路', 'formatted_address': '湖南省长沙市岳麓区桐梓坡路99号'}",
Gallery-1396,275-1,IMG_20251020_210530,2025-10-20 21:05:30,电脑屏幕; 数字人民币; 白皮书; PDF文档; 金融研究; 书房,数字人民币研发进展白皮书 中国人民银行数字货币研究所 2025年10月,冯浩然在书房电脑屏幕上打开的数字人民币官方白皮书PDF文档页面，页面标题清晰可见,"{'province': '湖南省', 'city': '长沙市', 'district': '岳麓区', 'streetName': '双塘路', 'streetNumber': '99号', 'poi': '岳麓区机关金星住宅小区家中书房'}",112.938578,28.221525,"{'province': '湖南省', 'city': '长沙市', 'district': '岳麓区', 'street': '桐梓坡路', 'formatted_address': '湖南省长沙市岳麓区桐梓坡路99号'}",275-a
Gallery-1397,275-1,IMG_20251020_223045,2025-10-20 22:30:45,投资笔记; 手写草稿; 投资组合; 夏普比率; 风险评估; 金融分析,个人投资组合评估 日期：2025-10-20 年化收益率：12.5% 波动率：15.2% 夏普比率：0.82 最大回撤：-8.7%,冯浩然在笔记本上绘制的个人投资组合评估草稿，包含收益率、波动率、夏普比率等指标的计算公式和手写数据,"{'province': '湖南省', 'city': '长沙市', 'district': '岳麓区', 'streetName': '双塘路', 'streetNumber': '99号', 'poi': '岳麓区机关金星住宅小区家中书房'}",112.938578,28.221525,"{'province': '湖南省', 'city': '长沙市', 'district': '岳麓区', 'street': '桐梓坡路', 'formatted_address': '湖南省长沙市岳麓区桐梓坡路99号'}",275-a
Gallery-1398,274-2-3,IMG_20251021_123015,2025-10-21 12:30:15,小炒黄牛肉; 剁椒鱼头; 湘菜; 午餐; 同事聚餐; 餐厅环境,无,冯浩然与同事郑文博在西湖楼美食城的湘菜馆共进午餐，桌上摆着热气腾腾的小炒黄牛肉和剁椒鱼头，背景是中式风格的餐厅环境。,"{'province': '湖南省', 'city': '长沙市', 'district': '开福区', 'streetName': '三一大道', 'streetNumber': 'XX号', 'poi': '西湖楼美食城（湘菜馆区域）'}",113.042175,28.232916,"{'province': '湖南省', 'city': '长沙市', 'district': '开福区', 'street': '三一大道', 'formatted_address': '湖南省长沙市开福区三一大道[]'}",274-b
Gallery-1399,275-2-1,IMG_20251021_151020,2025-10-21 15:10:20,数字人民币; 白皮书; PDF文档; 电脑屏幕; 资料搜集; 金融研究,"数字人民币研发进展白皮书
中国人民银行
2025年10月",冯浩然在办公室工位上，用手机拍摄电脑屏幕上显示的《数字人民币研发进展白皮书》PDF文档，内容涉及双层运营体系和技术特性。,"{'province': '湖南省', 'city': '长沙市', 'district': '开福区', 'streetName': '芙蓉中路', 'streetNumber': '88号', 'poi': '湖南广电中心写字楼（华泰证券办公室）'}",113.046548,28.235932,"{'province': '湖南省', 'city': '长沙市', 'district': '开福区', 'street': [], 'formatted_address': '湖南省长沙市开福区[][]'}",275-b
Gallery-1400,51-5,IMG_20251022_181520,2025-10-22 18:15:20,黄昏; 湘江; 城市天际线; 灯光; 江面倒影; 风帆广场; 摄影踩点,无,冯浩然在风帆广场的观景平台上，用手机记录湘江对岸城市建筑群在黄昏时分逐渐亮起的灯光，江面倒映着天空的暖色调余晖,"{'province': '湖南省', 'city': '长沙市', 'district': '天心区', 'streetName': '湘江中路', 'streetNumber': 'XX号', 'poi': '风帆广场'}",112.971795,28.208766,"{'province': '湖南省', 'city': '长沙市', 'district': '开福区', 'street': '湘江中路', 'formatted_address': '湖南省长沙市开福区湘江中路[]'}",51-e
Gallery-1401,51-5,IMG_20251022_184005,2025-10-22 18:40:05,蓝调时刻; 江面波纹; 大桥剪影; 亲水平台; 湘江风光带; 光影变化; 踩点记录,无,冯浩然在湘江风光带的亲水平台边，拍摄江面被晚风吹起的细密波纹，以及远处橘子洲大桥在蓝调时刻的剪影轮廓,"{'province': '湖南省', 'city': '长沙市', 'district': '天心区', 'streetName': '湘江中路', 'streetNumber': 'XX号', 'poi': '湘江风光带（风帆广场段）'}",112.968025,28.17906,"{'province': '湖南省', 'city': '长沙市', 'district': '天心区', 'street': [], 'formatted_address': '湖南省长沙市天心区[][]'}",51-e
Gallery-1402,51-5,IMG_20251022_185530,2025-10-22 18:55:30,夜景; 广场雕塑; 建筑灯光; 环境光评估; 踩点构图; 城市夜景; 摄影规划,无,冯浩然在风帆广场附近的人行步道上，拍摄广场标志性雕塑与背景中完全亮灯的万达文华酒店，评估夜间人像拍摄的光线环境,"{'province': '湖南省', 'city': '长沙市', 'district': '天心区', 'streetName': '湘江中路', 'streetNumber': 'XX号', 'poi': '风帆广场（雕塑附近）'}",112.971795,28.208766,"{'province': '湖南省', 'city': '长沙市', 'district': '开福区', 'street': '湘江中路', 'formatted_address': '湖南省长沙市开福区湘江中路[]'}",51-e
Gallery-1403,,IMG_20251023_064520,2025-10-23 06:45:20,湘江; 晨雾; 日出; 江面光影; 晨跑风景; 风光带,无,冯浩然在湘江风光带拍摄晨雾中的江面与初升的太阳，晨光穿过薄雾洒在波光粼粼的水面上,"{'province': '湖南省', 'city': '长沙市', 'district': '天心区', 'streetName': '白沙路', 'streetNumber': 'XX号', 'poi': '长沙湘江风光带'}",112.968025,28.17906,"{'province': '湖南省', 'city': '长沙市', 'district': '天心区', 'street': '白沙路', 'formatted_address': '湖南省长沙市天心区白沙路[]'}",
Gallery-1404,,IMG_20251023_073025,2025-10-23 07:30:25,高蛋白早餐; 煎蛋; 全麦面包; 牛油果; 健康饮食; 厨房,无,冯浩然在家中厨房拍摄自己制作的高蛋白早餐，餐盘中有煎蛋、全麦面包和牛油果，背景是整洁的厨房台面,"{'province': '湖南省', 'city': '长沙市', 'district': '岳麓区', 'streetName': '双塘路', 'streetNumber': '99号', 'poi': '岳麓区机关金星住宅小区'}",112.938578,28.221525,"{'province': '湖南省', 'city': '长沙市', 'district': '岳麓区', 'street': '桐梓坡路', 'formatted_address': '湖南省长沙市岳麓区桐梓坡路99号'}",
Gallery-1405,a_92,IMG_20251024_091520,2025-10-24 09:15:20,办公桌; 电脑屏幕; 邮件界面; A股行情; 龙井茶; 金融工作,无,冯浩然在华泰证券办公室工位上拍摄电脑屏幕上的客户邮件和A股集合竞价界面，背景是整洁的办公桌和一杯龙井茶。,"{'province': '湖南省', 'city': '长沙市', 'district': '开福区', 'streetName': '芙蓉中路', 'streetNumber': '88号', 'poi': '华泰证券股份有限公司办公室'}",112.986675,28.223728,"{'province': '湖南省', 'city': '长沙市', 'district': '开福区', 'street': '芙蓉中路', 'formatted_address': '湖南省长沙市开福区芙蓉中路88号'}",a_92
Gallery-1406,74-4,IMG_20251024_094530,2025-10-24 09:45:30,笔记本电脑; Notion笔记; 分享会总结; 结构化梳理; 工作规划,无,冯浩然在华泰证券办公室拍摄Notion软件中关于分享会收获的结构化笔记页面，页面内容清晰可见。,"{'province': '湖南省', 'city': '长沙市', 'district': '开福区', 'streetName': '芙蓉中路', 'streetNumber': '88号', 'poi': '华泰证券股份有限公司办公室'}",112.986675,28.223728,"{'province': '湖南省', 'city': '长沙市', 'district': '开福区', 'street': '芙蓉中路', 'formatted_address': '湖南省长沙市开福区芙蓉中路88号'}",74-d
Gallery-1407,a_92,IMG_20251024_164520,2025-10-24 16:45:20,办公桌; 整理收纳; 客户报告; 工作清单; 文件,无,冯浩然在华泰证券办公室拍摄整理好的桌面，上面摆放着已完成的客户报告初稿和列出的下周一工作重点清单。,"{'province': '湖南省', 'city': '长沙市', 'district': '开福区', 'streetName': '芙蓉中路', 'streetNumber': '88号', 'poi': '华泰证券股份有限公司办公室'}",112.986675,28.223728,"{'province': '湖南省', 'city': '长沙市', 'district': '开福区', 'street': '芙蓉中路', 'formatted_address': '湖南省长沙市开福区芙蓉中路88号'}",a_92
Gallery-1408,271-1,IMG_20251024_172510,2025-10-24 17:25:10,好友会面; 湘江边; 便利店; 咖啡; 交谈; 江景,无,冯浩然与好友吴俊杰在湘江边风帆广场附近的Today便利店门口碰面，两人手持咖啡站在江边栏杆旁交谈。,"{'province': '湖南省', 'city': '长沙市', 'district': '天心区', 'streetName': '湘春路', 'streetNumber': 'XX号', 'poi': '风帆广场附近Today便利店门口'}",112.971795,28.208766,"{'province': '湖南省', 'city': '长沙市', 'district': '开福区', 'street': '湘春路', 'formatted_address': '湖南省长沙市开福区湘春路[]'}",271-a
Gallery-1409,51-6,IMG_20251024_183025,2025-10-24 18:30:25,江畔剪影; 橘子洲大桥; 城市天际线; 蓝调时刻; 人像摄影; 湘江,无,冯浩然在湘江边步道为好友彭雨晴拍摄剪影，背景是橘子洲大桥和城市天际线，天空呈现蓝调时刻的渐变色彩。,"{'province': '湖南省', 'city': '长沙市', 'district': '天心区', 'streetName': '湘春路', 'streetNumber': 'XX号', 'poi': '风帆广场及周边步道'}",112.971795,28.208766,"{'province': '湖南省', 'city': '长沙市', 'district': '开福区', 'street': '湘春路', 'formatted_address': '湖南省长沙市开福区湘春路[]'}",51-f
Gallery-1410,51-6,IMG_20251024_190815,2025-10-24 19:08:15,人物合影; 自拍; 城市夜景; 湘江; 华灯初上; 摄影伙伴,无,冯浩然与彭雨晴在湘江边以华灯初上的城市夜景为背景，手持相机进行自拍合影，两人面带笑容。,"{'province': '湖南省', 'city': '长沙市', 'district': '天心区', 'streetName': '湘春路', 'streetNumber': 'XX号', 'poi': '风帆广场及周边步道'}",112.971795,28.208766,"{'province': '湖南省', 'city': '长沙市', 'district': '开福区', 'street': '湘春路', 'formatted_address': '湖南省长沙市开福区湘春路[]'}",51-f
Gallery-1411,277-2-1,IMG_20251024_224010,2025-10-24 22:40:10,手机备忘录; 明日规划; 露营清单; 睡前准备; 事项安排,无,冯浩然在家中卧室拍摄手机备忘录中列出的明日露营出发前最后事项清单，清单内容清晰可见。,"{'province': '湖南省', 'city': '长沙市', 'district': '岳麓区', 'streetName': '双塘路', 'streetNumber': '99号', 'poi': '岳麓区机关金星住宅小区'}",112.938578,28.221525,"{'province': '湖南省', 'city': '长沙市', 'district': '岳麓区', 'street': '桐梓坡路', 'formatted_address': '湖南省长沙市岳麓区桐梓坡路99号'}",277-b
Gallery-1412,273-6,IMG_20251025_074520,2025-10-25 07:45:20,晨跑; 智能手表; 心率; 配速; 湘江; 银盆岭大桥; 清晨,无,冯浩然在湘江风光带晨跑，智能手表显示实时心率与配速，背景是清晨的江面和银盆岭大桥,"{'province': '湖南省', 'city': '长沙市', 'district': '岳麓区', 'streetName': '潇湘北路', 'streetNumber': 'XX号', 'poi': '湘江风光带（双塘路至银盆岭大桥段）'}",112.955973,28.199962,"{'province': '湖南省', 'city': '长沙市', 'district': '岳麓区', 'street': '潇湘北路', 'formatted_address': '湖南省长沙市岳麓区潇湘北路[]'}",273-f
Gallery-1413,277-3-1,IMG_20251025_175530,2025-10-25 17:55:30,露营; 帐篷; 合影; 朋友; 笑容; 露营灯; 岳麓山,无,冯浩然与高云飞、谢雨桐在岳麓山露营基地的帐篷前合影，三人笑容满面，背景是搭建好的帐篷和露营灯,"{'province': '湖南省', 'city': '长沙市', 'district': '岳麓区', 'streetName': '麓山南路', 'streetNumber': 'XX号', 'poi': '岳麓山风景名胜区后山某指定露营基地'}",112.923706,28.18991,"{'province': '湖南省', 'city': '长沙市', 'district': '岳麓区', 'street': [], 'formatted_address': '湖南省长沙市岳麓区[][]'}",277-c
Gallery-1414,277-3-1,IMG_20251025_221045,2025-10-25 22:10:45,星空摄影; 银河; 秋季星空; 城市夜景; 岳麓山; 三脚架; 长曝光,无,冯浩然在岳麓山露营基地拍摄的星空，秋季银河横跨天际，山下城市灯火如繁星点缀,"{'province': '湖南省', 'city': '长沙市', 'district': '岳麓区', 'streetName': '麓山南路', 'streetNumber': 'XX号', 'poi': '岳麓山风景名胜区后山某指定露营基地观景平台'}",112.923706,28.18991,"{'province': '湖南省', 'city': '长沙市', 'district': '岳麓区', 'street': [], 'formatted_address': '湖南省长沙市岳麓区[][]'}",277-c
Gallery-1415,277-4-1,IMG_20251026_083015,2025-10-26 08:30:15,露营; 晨间合影; 岳麓山; 帐篷; 山林; 朋友聚会,无,冯浩然与高云飞、谢雨桐在岳麓山后山露营地合影，背景是清晨的帐篷和山林，三人笑容满面,"{'province': '湖南省', 'city': '长沙市', 'district': '岳麓区', 'streetName': '岳麓山后山', 'streetNumber': 'XX号', 'poi': '岳麓山后山露营地（近桃花岭）'}",112.923706,28.18991,"{'province': '湖南省', 'city': '长沙市', 'district': '岳麓区', 'street': [], 'formatted_address': '湖南省长沙市岳麓区[][]'}",277-d
Gallery-1416,,IMG_20251026_173520,2025-10-26 17:35:20,香煎三文鱼; 健康晚餐; 西兰花; 糙米饭; 白色餐盘; 营养均衡,无,冯浩然拍摄了晚餐准备的香煎三文鱼排，鱼肉金黄焦香，搭配西兰花和糙米饭，摆放在白色餐盘中,"{'province': '湖南省', 'city': '长沙市', 'district': '岳麓区', 'streetName': '双塘路', 'streetNumber': '99号', 'poi': '岳麓区机关金星住宅小区家中厨房'}",112.938578,28.221525,"{'province': '湖南省', 'city': '长沙市', 'district': '岳麓区', 'street': '桐梓坡路', 'formatted_address': '湖南省长沙市岳麓区桐梓坡路99号'}",
Gallery-1417,277-4-1,IMG_20251026_211000,2025-10-26 21:10:00,露营装备; 帐篷收纳; 睡袋; 炊具; 物品整理; 客厅地板,无,冯浩然拍摄了整理好的露营装备，包括折叠整齐的帐篷、睡袋和收纳好的炊具，整齐摆放在客厅地板上,"{'province': '湖南省', 'city': '长沙市', 'district': '岳麓区', 'streetName': '双塘路', 'streetNumber': '99号', 'poi': '岳麓区机关金星住宅小区家中客厅'}",112.938578,28.221525,"{'province': '湖南省', 'city': '长沙市', 'district': '岳麓区', 'street': '桐梓坡路', 'formatted_address': '湖南省长沙市岳麓区桐梓坡路99号'}",277-d
Gallery-1418,a_273,IMG_20251027_070015,2025-10-27 07:00:15,晨跑; 沿江跑道; 湘江; 朝阳; 运动; 街头风景,无,冯浩然在咸嘉湖西路沿江跑步道上晨跑，远处是湘江江面和初升的朝阳，路边有绿植和晨练的市民,"{'province': '湖南省', 'city': '长沙市', 'district': '岳麓区', 'streetName': '咸嘉湖西路', 'streetNumber': 'XX号', 'poi': '沿江跑步道（白鸽咀地铁站附近）'}",112.931476,28.217875,"{'province': '湖南省', 'city': '长沙市', 'district': '岳麓区', 'street': '咸嘉湖西路', 'formatted_address': '湖南省长沙市岳麓区咸嘉湖西路[]'}",a_273
Gallery-1419,,IMG_20251027_130510,2025-10-27 13:05:10,午间散步; 园区绿化; 办公楼宇; 城市景观; 休闲,无,冯浩然在湖南广电中心大楼楼下园区散步，拍摄园区内的景观绿化带和现代办公楼宇,"{'province': '湖南省', 'city': '长沙市', 'district': '开福区', 'streetName': '芙蓉中路', 'streetNumber': '88号', 'poi': '湖南广电中心大楼园区'}",113.046444,28.236175,"{'province': '湖南省', 'city': '长沙市', 'district': '开福区', 'street': [], 'formatted_address': '湖南省长沙市开福区[][]'}",
Gallery-1420,,IMG_20251027_183220,2025-10-27 18:32:20,晚餐准备; 清炒时蔬; 小炒黄牛肉; 玉米; 湘菜; 家常美食,无,冯浩然在家中厨房将外卖的清炒时蔬和小炒黄牛肉装盘，旁边还有加热好的玉米，准备享用晚餐,"{'province': '湖南省', 'city': '长沙市', 'district': '岳麓区', 'streetName': '双塘路', 'streetNumber': '99号', 'poi': '岳麓区机关金星住宅小区厨房'}",112.938578,28.221525,"{'province': '湖南省', 'city': '长沙市', 'district': '岳麓区', 'street': '桐梓坡路', 'formatted_address': '湖南省长沙市岳麓区桐梓坡路99号'}",
Gallery-1421,146-6,IMG_20251028_091520,2025-10-28 09:15:20,邮票收藏; Excel表格; 办公桌; 金融分析; 市场信息; 记事本,邮票市场周报 - 2025年10月第4周 - 价格波动趋势分析,冯浩然在办公室的办公桌上整理邮票收藏市场信息，电脑屏幕上显示着Excel表格，旁边放着早餐咖啡和记事本。,"{'province': '湖南省', 'city': '长沙市', 'district': '开福区', 'streetName': '三一大道', 'streetNumber': 'XX号', 'poi': '湖南广电中心写字楼办公室'}",113.046548,28.235932,"{'province': '湖南省', 'city': '长沙市', 'district': '开福区', 'street': '三一大道', 'formatted_address': '湖南省长沙市开福区三一大道[]'}",146-f
Gallery-1422,,IMG_20251028_103015,2025-10-28 10:30:15,PPT截图; 资产配置报告; 电脑屏幕; 金融图表; 季度报告; 工作文档,华泰证券 - 2025年Q4资产配置策略报告（初稿） - 冯浩然,冯浩然在办公室的电脑屏幕上展示季度资产配置报告的PPT初稿，图表和数据清晰可见。,"{'province': '湖南省', 'city': '长沙市', 'district': '开福区', 'streetName': '三一大道', 'streetNumber': 'XX号', 'poi': '湖南广电中心写字楼办公室'}",113.046548,28.235932,"{'province': '湖南省', 'city': '长沙市', 'district': '开福区', 'street': '三一大道', 'formatted_address': '湖南省长沙市开福区三一大道[]'}",
Gallery-1423,a_132,IMG_20251028_122530,2025-10-28 12:25:30,剁椒鱼头; 湘菜; 午餐聚餐; 中式餐桌; 同事交流; 美食记录,无,冯浩然与同事郑文博在金鹰路湘菜馆共进午餐，桌上摆着剁椒鱼头和几道湘菜，背景是中式装修风格。,"{'province': '湖南省', 'city': '长沙市', 'district': '开福区', 'streetName': '金鹰路', 'streetNumber': 'XX号', 'poi': '“乡味”湘菜馆'}",113.043533,28.238287,"{'province': '湖南省', 'city': '长沙市', 'district': '开福区', 'street': '金鹰路', 'formatted_address': '湖南省长沙市开福区金鹰路[]'}",a_132
Gallery-1424,a_140,IMG_20251028_174520,2025-10-28 17:45:20,城市街景; 晚高峰; 车流; 霓虹灯; 雨天车窗; 下班路上,无,冯浩然在下班驾车途中，透过车窗拍摄晚高峰时分的城市街道，车流和霓虹灯在阴雨天中显得朦胧。,"{'province': '湖南省', 'city': '长沙市', 'district': '芙蓉区', 'streetName': '黄兴中路', 'streetNumber': 'XX号', 'poi': '前往壹盏灯(蚂蚁工房店)途中'}",112.978467,28.19333,"{'province': '湖南省', 'city': '长沙市', 'district': '芙蓉区', 'street': '黄兴中路', 'formatted_address': '湖南省长沙市芙蓉区黄兴中路[]'}",a_140
Gallery-1425,78-7,IMG_20251029_071530,2025-10-29 07:15:30,晨跑; 岳麓山; 林间光影; 石板路; 清晨; 自然风景,无,冯浩然在岳麓山晨跑时，透过林间缝隙拍摄下清晨阳光洒在石板路上的光影斑驳景象，背景是茂密的树林和远处的山峦。,"{'province': '湖南省', 'city': '长沙市', 'district': '岳麓区', 'streetName': '登高路', 'streetNumber': '58号', 'poi': '岳麓山风景名胜区'}",112.936104,28.183601,"{'province': '湖南省', 'city': '长沙市', 'district': '岳麓区', 'street': '登高路', 'formatted_address': '湖南省长沙市岳麓区登高路58号'}",78-g
Gallery-1426,,IMG_20251029_121520,2025-10-29 12:15:20,兰州拉面; 清汤牛肉面; 午餐; 同事聚餐; 健康饮食; 面条,无,冯浩然与同事郑文博在金鹰路兰州拉面馆共进午餐，桌上摆放着两碗热气腾腾的清汤牛肉拉面，面条上铺满了青菜，背景是简洁的餐厅环境。,"{'province': '湖南省', 'city': '长沙市', 'district': '开福区', 'streetName': '金鹰路', 'streetNumber': 'XX号', 'poi': '兰州拉面馆'}",113.043533,28.238287,"{'province': '湖南省', 'city': '长沙市', 'district': '开福区', 'street': '金鹰路', 'formatted_address': '湖南省长沙市开福区金鹰路[]'}",
Gallery-1427,a_140,IMG_20251029_183210,2025-10-29 18:32:10,晚高峰; 车流; 尾灯; 城市夜景; 高架桥; 黄昏,无,冯浩然在下班驾车回家途中，于晚高峰时段在芙蓉中路高架桥上拍摄了前方连绵的车流尾灯，形成一条红色的光带，背景是城市黄昏的天际线。,"{'province': '湖南省', 'city': '长沙市', 'district': '开福区', 'streetName': '芙蓉中路', 'streetNumber': 'XX号', 'poi': '芙蓉中路高架桥'}",112.987227,28.192249,"{'province': '湖南省', 'city': '长沙市', 'district': '开福区', 'street': '芙蓉中路', 'formatted_address': '湖南省长沙市开福区芙蓉中路[]'}",a_140
Gallery-1428,,IMG_20251029_192205,2025-10-29 19:22:05,健康晚餐; 鸡胸肉; 西兰花; 糙米饭; 低脂高蛋白; 家常菜,无,冯浩然在家中厨房烹饪的清淡晚餐已装盘，白色瓷盘中盛放着色彩丰富的西兰花、蘑菇、彩椒和鸡胸肉，旁边是一小碗糙米饭，背景是厨房操作台。,"{'province': '湖南省', 'city': '长沙市', 'district': '岳麓区', 'streetName': '双塘路', 'streetNumber': '99号', 'poi': '岳麓区机关金星住宅小区'}",112.938578,28.221525,"{'province': '湖南省', 'city': '长沙市', 'district': '岳麓区', 'street': '桐梓坡路', 'formatted_address': '湖南省长沙市岳麓区桐梓坡路99号'}",
Gallery-1429,153-11,IMG_20251029_193000,2025-10-29 19:30:00,瑜伽工作室; 瑜伽垫; 室内环境; 课程安排表; 宁静; 放松; 健身; 下班后,"静心瑜伽
今日课程安排
19:00-20:00 哈他瑜伽（入门）
教练：李老师
呼吸 专注 拉伸",下班后第一次来到公司附近的瑜伽工作室，体验了一节哈他瑜伽入门课。课程结束后，在安静的教室里拍下了这张照片，记录下这个让人身心舒展的地方。,"{'province': '北京市', 'city': '北京市', 'district': '朝阳区', 'streetName': '望京街', 'streetNumber': '10号', 'poi': '静心瑜伽工作室（望京店）'}",116.483924,39.992751,"{'province': '北京市', 'city': '北京市', 'district': '朝阳区', 'street': '望京街', 'formatted_address': '北京市北京市朝阳区望京街10号院'}",153-k
Gallery-1430,a_92,IMG_20251030_111500,2025-10-30 11:15:00,PPT截图; 风险收益比图表; 电脑屏幕; 办公桌; 新能源基金; 投资分析,无,冯浩然在办公室电脑屏幕上拍摄客户项目PPT截图，内容为新能源基金的风险收益比测算图表，背景是办公桌和显示器支架。,"{'province': '湖南省', 'city': '长沙市', 'district': '开福区', 'streetName': '芙蓉中路', 'streetNumber': '88号', 'poi': '湖南广电中心写字楼华泰证券办公室'}",113.046548,28.235932,"{'province': '湖南省', 'city': '长沙市', 'district': '开福区', 'street': [], 'formatted_address': '湖南省长沙市开福区[][]'}",a_92
Gallery-1431,128-11-2,IMG_20251030_130500,2025-10-30 13:05:00,街头风景; 行道树; 写字楼外墙; 午后阳光; 园区道路; 散步随拍,无,冯浩然在骏豪花园南地面停车场附近的园区道路上拍摄街景，画面中有整齐的行道树、现代风格的写字楼外墙和午后的阳光。,"{'province': '湖南省', 'city': '长沙市', 'district': '开福区', 'streetName': '三一大道', 'streetNumber': 'XX号', 'poi': '骏豪花园南地面停车场附近园区'}",113.047736,28.23867,"{'province': '湖南省', 'city': '长沙市', 'district': '开福区', 'street': '三一大道', 'formatted_address': '湖南省长沙市开福区三一大道[]'}",128-k
Gallery-1432,,IMG_20251030_193000,2025-10-30 19:30:00,鸡胸肉沙拉; 蔬菜; 白色瓷盘; 牛奶; 健康晚餐; 居家美食,无,冯浩然在家中餐桌上拍摄自己制作的晚餐，鸡胸肉蔬菜沙拉盛放在白色瓷盘中，旁边放着一杯牛奶，背景是木质餐桌。,"{'province': '湖南省', 'city': '长沙市', 'district': '岳麓区', 'streetName': '双塘路', 'streetNumber': '99号', 'poi': '岳麓区机关金星住宅小区家中'}",112.938578,28.221525,"{'province': '湖南省', 'city': '长沙市', 'district': '岳麓区', 'street': '桐梓坡路', 'formatted_address': '湖南省长沙市岳麓区桐梓坡路99号'}",
Gallery-1433,a_132,IMG_20251031_121530,2025-10-31 12:15:30,同事聚餐; 湘菜; 小炒黄牛肉; 餐桌合影; 午餐交流; 金融科技,无,冯浩然与同事郑文博在老长沙湘菜馆的餐桌前合影，桌上摆着刚上桌的小炒黄牛肉和清炒时蔬，背景是充满烟火气的餐厅环境,"{'province': '湖南省', 'city': '长沙市', 'district': '芙蓉区', 'streetName': '金鹰路', 'streetNumber': '40号', 'poi': '老长沙湘菜馆'}",113.035279,28.194431,"{'province': '湖南省', 'city': '长沙市', 'district': '芙蓉区', 'street': [], 'formatted_address': '湖南省长沙市芙蓉区[][]'}",a_132
Gallery-1434,,IMG_20251031_195530,2025-10-31 19:55:30,健身房; 运动装备; 物品收纳; 健身包; 淋浴间; 整理,无,冯浩然在健身房淋浴间将换下的运动服和毛巾整齐叠好，放入健身包侧袋，背景是干净的储物柜,"{'province': '湖南省', 'city': '长沙市', 'district': '岳麓区', 'streetName': '金星中路', 'streetNumber': 'XX号', 'poi': '长沙王府井购物中心健身中心'}",112.934376,28.217535,"{'province': '湖南省', 'city': '长沙市', 'district': '岳麓区', 'street': '金星中路', 'formatted_address': '湖南省长沙市岳麓区金星中路[]'}",
Gallery-1435,,IMG_20251031_205230,2025-10-31 20:52:30,健康晚餐; 鸡胸肉; 西兰花; 全麦面包; 餐盘; 厨房,无,冯浩然将煎好的鸡胸肉、鸡蛋和焯水的西兰花摆放在白色餐盘中，旁边是全麦面包，背景是整洁的厨房操作台,"{'province': '湖南省', 'city': '长沙市', 'district': '岳麓区', 'streetName': '双塘路', 'streetNumber': '99号', 'poi': '岳麓区机关金星住宅小区'}",112.938578,28.221525,"{'province': '湖南省', 'city': '长沙市', 'district': '岳麓区', 'street': '桐梓坡路', 'formatted_address': '湖南省长沙市岳麓区桐梓坡路99号'}",
Gallery-1436,,IMG_20251101_070530,2025-11-01 07:05:30,晨跑; 岳麓山; 绿道; 清晨阳光; 山峦; 运动,无,冯浩然在岳麓山风景名胜区的绿道上晨跑，清晨的阳光透过树叶洒在蜿蜒的跑道上，远处可见山峦轮廓,"{'province': '湖南省', 'city': '长沙市', 'district': '岳麓区', 'streetName': '登高路', 'streetNumber': '58号', 'poi': '岳麓山风景名胜区'}",112.936104,28.183601,"{'province': '湖南省', 'city': '长沙市', 'district': '岳麓区', 'street': '登高路', 'formatted_address': '湖南省长沙市岳麓区登高路58号'}",
Gallery-1437,,IMG_20251101_105520,2025-11-01 10:55:20,香煎三文鱼; 芦笋; 白色瓷盘; 厨房烹饪; 营养午餐; 美食,无,冯浩然在家中厨房烹饪香煎三文鱼，三文鱼表皮金黄焦脆，搭配翠绿的芦笋摆放在白色瓷盘中,"{'province': '湖南省', 'city': '长沙市', 'district': '岳麓区', 'streetName': '双塘路', 'streetNumber': '99号', 'poi': '岳麓区机关金星住宅小区'}",112.938578,28.221525,"{'province': '湖南省', 'city': '长沙市', 'district': '岳麓区', 'street': '桐梓坡路', 'formatted_address': '湖南省长沙市岳麓区桐梓坡路99号'}",
Gallery-1438,,IMG_20251101_111205,2025-11-01 11:12:05,享用午餐; 三文鱼; 杂粮饭; 餐桌; 美食记录; 人像,无,冯浩然在家中餐桌上享用营养午餐，餐盘里是搭配好的香煎三文鱼、芦笋和杂粮饭，背景是简约的餐桌,"{'province': '湖南省', 'city': '长沙市', 'district': '岳麓区', 'streetName': '双塘路', 'streetNumber': '99号', 'poi': '岳麓区机关金星住宅小区'}",112.938578,28.221525,"{'province': '湖南省', 'city': '长沙市', 'district': '岳麓区', 'street': '桐梓坡路', 'formatted_address': '湖南省长沙市岳麓区桐梓坡路99号'}",
Gallery-1439,44-9,IMG_20251101_132015,2025-11-01 13:20:15,马拉松参赛包; 号码布; 计时芯片; 参赛T恤; 物品收纳; 赛事装备,无,冯浩然在长沙国际会展中心领取的马拉松参赛包整齐摆放在桌上，内含号码布、计时芯片、参赛T恤和宣传册,"{'province': '湖南省', 'city': '长沙市', 'district': '长沙县', 'streetName': '国展路', 'streetNumber': '118号', 'poi': '长沙国际会展中心'}",113.080547,28.143239,"{'province': '湖南省', 'city': '长沙市', 'district': '长沙县', 'street': '国展路', 'formatted_address': '湖南省长沙市长沙县国展路118号'}",44-i
Gallery-1440,44-9,IMG_20251101_133540,2025-11-01 13:35:40,马拉松博览会; 运动品牌展位; 宣传横幅; 人群; 赛事氛围; 街头风景,无,冯浩然在马拉松博览会现场拍摄的展馆内部景象，各运动品牌展位人头攒动，悬挂着巨大的赛事宣传横幅,"{'province': '湖南省', 'city': '长沙市', 'district': '长沙县', 'streetName': '国展路', 'streetNumber': '118号', 'poi': '长沙国际会展中心'}",113.080547,28.143239,"{'province': '湖南省', 'city': '长沙市', 'district': '长沙县', 'street': '国展路', 'formatted_address': '湖南省长沙市长沙县国展路118号'}",44-i
Gallery-1441,44-9,IMG_20251101_134210,2025-11-01 13:42:10,能量胶; 运动补给; 试吃; 包装; 美食记录; 手持,无,冯浩然在博览会试吃区拿起一包能量胶，包装色彩鲜艳，背景是摆满各种补给品的展示台,"{'province': '湖南省', 'city': '长沙市', 'district': '长沙县', 'streetName': '国展路', 'streetNumber': '118号', 'poi': '长沙国际会展中心'}",113.080547,28.143239,"{'province': '湖南省', 'city': '长沙市', 'district': '长沙县', 'street': '国展路', 'formatted_address': '湖南省长沙市长沙县国展路118号'}",44-i
Gallery-1442,,IMG_20251101_151025,2025-11-01 15:10:25,手冲咖啡; 耶加雪菲; 陶瓷杯; 木质桌面; 咖啡馆; 美食,无,冯浩然在一丹咖啡厅点的低因耶加雪菲手冲咖啡，咖啡液清澈，摆放在木纹桌面上，旁边是精致的陶瓷杯,"{'province': '湖南省', 'city': '长沙市', 'district': '芙蓉区', 'streetName': '浏阳河大道', 'streetNumber': 'XX号', 'poi': '一丹咖啡厅'}",113.039134,28.174765,"{'province': '湖南省', 'city': '长沙市', 'district': '芙蓉区', 'street': '浏阳河大道', 'formatted_address': '湖南省长沙市芙蓉区浏阳河大道[]'}",
Gallery-1443,a_128,IMG_20251101_153015,2025-11-01 15:30:15,iPad Pro; 视频剪辑; 软件界面; 文档扫描; 工作复盘; 咖啡馆,湘黔行纪秋 - 动态防抖参数调整 - 色调统一性检查,冯浩然在咖啡馆用iPad Pro复盘视频作品《湘黔行纪秋》，屏幕上显示着视频剪辑软件的界面和调整参数,"{'province': '湖南省', 'city': '长沙市', 'district': '芙蓉区', 'streetName': '浏阳河大道', 'streetNumber': 'XX号', 'poi': '一丹咖啡厅'}",113.039134,28.174765,"{'province': '湖南省', 'city': '长沙市', 'district': '芙蓉区', 'street': '浏阳河大道', 'formatted_address': '湖南省长沙市芙蓉区浏阳河大道[]'}",a_128
Gallery-1444,,IMG_20251101_171840,2025-11-01 17:18:40,马拉松装备; 参赛服; 跑鞋; 号码布; 能量胶; 物品收纳; 玄关,无,冯浩然在家中玄关处将明日马拉松比赛所需物品整齐摆放并拍照存底，包括参赛服、跑鞋、号码布和能量胶,"{'province': '湖南省', 'city': '长沙市', 'district': '岳麓区', 'streetName': '双塘路', 'streetNumber': '99号', 'poi': '岳麓区机关金星住宅小区'}",112.938578,28.221525,"{'province': '湖南省', 'city': '长沙市', 'district': '岳麓区', 'street': '桐梓坡路', 'formatted_address': '湖南省长沙市岳麓区桐梓坡路99号'}",
Gallery-1445,44-10-1,IMG_20251102_092200,2025-11-02 09:22:00,马拉松; 冲线; 贺龙体育中心; 终点线; 跑者; 成就感,无,冯浩然在长沙半程马拉松终点线前高举双臂冲线，身后是贺龙体育中心的标志性建筑和众多完赛跑者,"{'province': '湖南省', 'city': '长沙市', 'district': '天心区', 'streetName': '劳动西路', 'streetNumber': '299号', 'poi': '贺龙体育中心'}",112.982393,28.177154,"{'province': '湖南省', 'city': '长沙市', 'district': '天心区', 'street': '劳动西路', 'formatted_address': '湖南省长沙市天心区劳动西路299号'}",44-j
Gallery-1446,a_44,IMG_20251102_124500,2025-11-02 12:45:00,鸡胸肉; 西兰花; 糙米饭; 营养午餐; 蛋白质; 肌肉修复,无,冯浩然将做好的营养午餐摆放在餐桌上，餐盘里有空气炸锅鸡胸肉、水煮西兰花和糙米饭，背景是简约的餐桌,"{'province': '湖南省', 'city': '长沙市', 'district': '岳麓区', 'streetName': '双塘路', 'streetNumber': '99号', 'poi': '岳麓区机关金星住宅小区'}",112.938578,28.221525,"{'province': '湖南省', 'city': '长沙市', 'district': '岳麓区', 'street': '桐梓坡路', 'formatted_address': '湖南省长沙市岳麓区桐梓坡路99号'}",a_44
Gallery-1447,,IMG_20251102_180500,2025-11-02 18:05:00,地铁站; 通勤; 人流; 五一广场; 都市夜景; 灯光,无,冯浩然从地铁五一广场站出站时，拍摄站内熙熙攘攘的人流和明亮的灯光，展现了都市傍晚的通勤景象,"{'province': '湖南省', 'city': '长沙市', 'district': '芙蓉区', 'streetName': '五一大道', 'streetNumber': 'XX号', 'poi': '五一广场地铁站'}",112.976433,28.195317,"{'province': '湖南省', 'city': '长沙市', 'district': '芙蓉区', 'street': '五一大道', 'formatted_address': '湖南省长沙市芙蓉区五一大道[]'}",
Gallery-1448,a_44,IMG_20251102_190000,2025-11-02 19:00:00,小炒黄牛肉; 湘菜; 辣椒; 蒜苗; 美食特写; 聚餐,无,聚餐时，冯浩然用手机拍摄了桌上的一道特色菜——炊烟小炒黄牛肉，牛肉色泽红亮，搭配辣椒和蒜苗，盛在白色瓷盘中,"{'province': '湖南省', 'city': '长沙市', 'district': '芙蓉区', 'streetName': '东牌楼街', 'streetNumber': '58号', 'poi': '炊烟小炒黄牛肉(五一广场店)'}",112.979515,28.193615,"{'province': '湖南省', 'city': '长沙市', 'district': '芙蓉区', 'street': '东牌楼街', 'formatted_address': '湖南省长沙市芙蓉区东牌楼街58号'}",a_44
Gallery-1449,a_44,IMG_20251102_191500,2025-11-02 19:15:00,朋友聚餐; 湘菜; 炊烟小炒黄牛肉; 合影; 餐厅; 畅聊,无,冯浩然与好友彭雨晴在炊烟小炒黄牛肉餐厅的餐桌前合影，桌上摆着几道清淡的湘菜，背景是餐厅的现代装修风格,"{'province': '湖南省', 'city': '长沙市', 'district': '芙蓉区', 'streetName': '东牌楼街', 'streetNumber': '58号', 'poi': '炊烟小炒黄牛肉(五一广场店)'}",112.979515,28.193615,"{'province': '湖南省', 'city': '长沙市', 'district': '芙蓉区', 'street': '东牌楼街', 'formatted_address': '湖南省长沙市芙蓉区东牌楼街58号'}",a_44
Gallery-1450,278-1,IMG_20251103_093525,2025-11-03 09:35:25,部门晨会; PPT投影; 会议屏幕; 金融科技; 项目启动; 工作汇报,十月客户资料复盘 - 金融科技研究项目启动 - 2025年11月3日,冯浩然在部门晨会上拍摄投影屏幕上的PPT，内容为十月客户资料复盘与金融科技项目启动计划，背景可见会议室桌椅和部分同事身影。,"{'province': '湖南省', 'city': '长沙市', 'district': '开福区', 'streetName': '芙蓉中路', 'streetNumber': '88号', 'poi': '华泰证券办公室会议室'}",112.986675,28.223728,"{'province': '湖南省', 'city': '长沙市', 'district': '开福区', 'street': '芙蓉中路', 'formatted_address': '湖南省长沙市开福区芙蓉中路88号'}",278-a
Gallery-1451,278-1,IMG_20251103_111520,2025-11-03 11:15:20,文档扫描; 投资报告; A4纸张; 办公桌面; 签字笔; 咖啡杯,林志豪先生 2025年第三季度投资回顾报告 - 华泰证券 - 投资顾问：冯浩然 - 日期：2025-11-03,冯浩然在办公桌上用手机扫描一份客户林志豪的季度投资回顾报告初稿，报告平铺在木质桌面上，旁边放着签字笔和咖啡杯。,"{'province': '湖南省', 'city': '长沙市', 'district': '开福区', 'streetName': '芙蓉中路', 'streetNumber': '88号', 'poi': '华泰证券办公室工位'}",112.986675,28.223728,"{'province': '湖南省', 'city': '长沙市', 'district': '开福区', 'street': '芙蓉中路', 'formatted_address': '湖南省长沙市开福区芙蓉中路88号'}",278-a
Gallery-1452,278-1,IMG_20251103_144010,2025-11-03 14:40:10,文档扫描; 客户档案; 资产配置; 文件夹; 归档文件; 办公桌,重点客户资产配置调整方案 - 客户编号：VIP202410 - 调整日期：2025-10-15 - 执行顾问：冯浩然,冯浩然在下午整理客户资料时，扫描一份已归档的重点客户资产配置调整方案文件，文件整齐地放在文件夹中。,"{'province': '湖南省', 'city': '长沙市', 'district': '开福区', 'streetName': '芙蓉中路', 'streetNumber': '88号', 'poi': '华泰证券办公室工位'}",112.986675,28.223728,"{'province': '湖南省', 'city': '长沙市', 'district': '开福区', 'street': '芙蓉中路', 'formatted_address': '湖南省长沙市开福区芙蓉中路88号'}",278-a
Gallery-1453,278-1,IMG_20251103_163045,2025-11-03 16:30:45,文档扫描; PPT大纲; 会议材料; 打印稿; 荧光笔标注; 工作准备,部门十月复盘会议 - 议程大纲 - 1. 客户资料汇总 2. 市场分析 3. 下月计划 - 汇报人：冯浩然 - 2025-11-04,冯浩然在准备明日复盘会议时，扫描一份打印出来的PPT演示文稿大纲，大纲上标注了重点和待补充内容。,"{'province': '湖南省', 'city': '长沙市', 'district': '开福区', 'streetName': '芙蓉中路', 'streetNumber': '88号', 'poi': '华泰证券办公室工位'}",112.986675,28.223728,"{'province': '湖南省', 'city': '长沙市', 'district': '开福区', 'street': '芙蓉中路', 'formatted_address': '湖南省长沙市开福区芙蓉中路88号'}",278-a
Gallery-1454,278-2,IMG_20251104_103025,2025-11-04 10:30:25,PPT截图; 投资组合; 柱状图; 数据指标; 会议投影; 金融分析,十月投资组合表现分析 - 2025年10月 - 华泰证券,冯浩然在会议室的投影屏幕上拍摄了展示十月投资组合表现分析的PPT截图，画面包含柱状图和关键数据指标,"{'province': '湖南省', 'city': '长沙市', 'district': '开福区', 'streetName': '芙蓉中路', 'streetNumber': '88号', 'poi': '华泰证券股份有限公司会议室'}",112.986675,28.223728,"{'province': '湖南省', 'city': '长沙市', 'district': '开福区', 'street': '芙蓉中路', 'formatted_address': '湖南省长沙市开福区芙蓉中路88号'}",278-b
Gallery-1455,,IMG_20251104_184510,2025-11-04 18:45:10,外卖晚餐; 辣椒炒肉; 米饭; 工位; 湘菜; 工作餐,无,冯浩然在工位上拍摄了外卖送来的晚餐，餐盒里装着辣椒炒肉和米饭，旁边放着一杯茶,"{'province': '湖南省', 'city': '长沙市', 'district': '开福区', 'streetName': '芙蓉中路', 'streetNumber': '88号', 'poi': '华泰证券股份有限公司工位'}",112.986675,28.223728,"{'province': '湖南省', 'city': '长沙市', 'district': '开福区', 'street': '芙蓉中路', 'formatted_address': '湖南省长沙市开福区芙蓉中路88号'}",
Gallery-1456,a_158,IMG_20251104_190205,2025-11-04 19:02:05,文档扫描; 项目提案; 风险评估; A4纸; 金融科技; 工作文件,金融科技项目提案 - 风险评估部分 - 技术风险、数据风险、市场风险、客户风险 - 冯浩然 - 2025-11-04,冯浩然在工位上用手机扫描了一份金融科技项目提案的风险评估部分文档，A4纸上印有清晰的文字和表格,"{'province': '湖南省', 'city': '长沙市', 'district': '开福区', 'streetName': '芙蓉中路', 'streetNumber': '88号', 'poi': '华泰证券股份有限公司工位'}",112.986675,28.223728,"{'province': '湖南省', 'city': '长沙市', 'district': '开福区', 'street': '芙蓉中路', 'formatted_address': '湖南省长沙市开福区芙蓉中路88号'}",a_158
Gallery-1457,,IMG_20251104_211530,2025-11-04 21:15:30,文档扫描; 书籍封面; 行为金融学; 快递包装; 书房; 新书,《行为金融学新进展》 - 作者：XXX - 出版社：XXX - 定价：XX元,冯浩然在书房的书桌上扫描了新到的书籍《行为金融学新进展》的封面和扉页，旁边放着拆开的快递包装,"{'province': '湖南省', 'city': '长沙市', 'district': '岳麓区', 'streetName': '双塘路', 'streetNumber': '99号', 'poi': '岳麓区机关金星住宅小区书房'}",112.938578,28.221525,"{'province': '湖南省', 'city': '长沙市', 'district': '岳麓区', 'street': '桐梓坡路', 'formatted_address': '湖南省长沙市岳麓区桐梓坡路99号'}",
Gallery-1458,,IMG_20251105_070215,2025-11-05 07:02:15,晨跑; 岳麓山; 山林步道; 运动装备; 清晨阳光; 朋友,无,冯浩然与跑友高云飞在岳麓山风景名胜区晨跑，背景是清晨的山林步道和远处若隐若现的亭台楼阁,"{'province': '湖南省', 'city': '长沙市', 'district': '岳麓区', 'streetName': '登高路', 'streetNumber': '58号', 'poi': '岳麓山风景名胜区'}",112.936104,28.183601,"{'province': '湖南省', 'city': '长沙市', 'district': '岳麓区', 'street': '登高路', 'formatted_address': '湖南省长沙市岳麓区登高路58号'}",
Gallery-1459,a_139,IMG_20251105_071530,2025-11-05 07:15:30,爱晚亭; 古建筑; 枫树; 晨光; 风景摄影; 岳麓山,无,冯浩然在岳麓山爱晚亭前停下脚步，拍摄古色古香的亭子，周围环绕着枫树和晨光,"{'province': '湖南省', 'city': '长沙市', 'district': '岳麓区', 'streetName': '登高路', 'streetNumber': '58号', 'poi': '岳麓山爱晚亭'}",112.937564,28.180437,"{'province': '湖南省', 'city': '长沙市', 'district': '岳麓区', 'street': '登高路', 'formatted_address': '湖南省长沙市岳麓区登高路58号'}",a_139
Gallery-1460,121-8,IMG_20251105_084510,2025-11-05 08:45:10,阳台盆栽; 生菜; 罗勒; 施肥; 园艺; 晨光,无,冯浩然为阳台上的生菜和罗勒盆栽施肥，绿色植物在晨光中显得生机勃勃，背景是城市高楼,"{'province': '湖南省', 'city': '长沙市', 'district': '岳麓区', 'streetName': '双塘路', 'streetNumber': '99号', 'poi': '岳麓区机关金星住宅小区'}",112.938578,28.221525,"{'province': '湖南省', 'city': '长沙市', 'district': '岳麓区', 'street': '桐梓坡路', 'formatted_address': '湖南省长沙市岳麓区桐梓坡路99号'}",121-h
Gallery-1461,121-8,IMG_20251105_085520,2025-11-05 08:55:20,早餐; 煎蛋; 吐司; 牛奶; 木质餐桌; 财经新闻,无,冯浩然准备的早餐，包括煎蛋、吐司和牛奶，摆放在木质餐桌上，旁边放着财经新闻的手机界面,"{'province': '湖南省', 'city': '长沙市', 'district': '岳麓区', 'streetName': '双塘路', 'streetNumber': '99号', 'poi': '岳麓区机关金星住宅小区'}",112.938578,28.221525,"{'province': '湖南省', 'city': '长沙市', 'district': '岳麓区', 'street': '桐梓坡路', 'formatted_address': '湖南省长沙市岳麓区桐梓坡路99号'}",121-h
Gallery-1462,a_278,IMG_20251105_122530,2025-11-05 12:25:30,轻食沙拉; 鸡胸肉; 同事聚餐; 健康饮食; 餐厅环境,无,冯浩然与同事郑文博在“纤果派”轻食沙拉店共进午餐，餐盘里是色彩丰富的蔬菜沙拉和鸡胸肉,"{'province': '湖南省', 'city': '长沙市', 'district': '开福区', 'streetName': '传媒路', 'streetNumber': 'XX号', 'poi': '纤果派轻食沙拉店'}",113.044429,28.237237,"{'province': '湖南省', 'city': '长沙市', 'district': '开福区', 'street': '传媒路', 'formatted_address': '湖南省长沙市开福区传媒路[]'}",a_278
Gallery-1463,,IMG_20251105_131520,2025-11-05 13:15:20,冰美式; 咖啡杯; 咖啡厅; 午后时光; 手冲咖啡,无,冯浩然在圣爵菲斯咖啡厅购买的一杯冰美式，咖啡杯放在吧台上，背景是咖啡厅温馨的灯光和装饰,"{'province': '湖南省', 'city': '长沙市', 'district': '开福区', 'streetName': '金鹰路', 'streetNumber': 'XX号', 'poi': '圣爵菲斯咖啡厅'}",113.043533,28.238287,"{'province': '湖南省', 'city': '长沙市', 'district': '开福区', 'street': '金鹰路', 'formatted_address': '湖南省长沙市开福区金鹰路[]'}",
Gallery-1464,153-11,IMG_20251105_202015,2025-11-05 20:20:15,瑜伽室; 瑜伽垫; 宁静环境; 健身中心; 灯光,无,冯浩然在瑜伽课程结束后，拍摄瑜伽室宁静的环境，瑜伽垫整齐摆放，灯光柔和,"{'province': '湖南省', 'city': '长沙市', 'district': '芙蓉区', 'streetName': '解放西路', 'streetNumber': '188号', 'poi': '长沙王府井购物中心健身中心瑜伽室'}",113.010518,28.192488,"{'province': '湖南省', 'city': '长沙市', 'district': '芙蓉区', 'street': [], 'formatted_address': '湖南省长沙市芙蓉区[][]'}",153-k
Gallery-1465,128-12-2,IMG_20251105_212230,2025-11-05 21:22:30,视频剪辑; 电脑屏幕; 湘西自驾游; 编辑软件; 书房工作,无,冯浩然在书房电脑前进行视频剪辑，屏幕上显示着湘西自驾游的风景片段和编辑软件界面,"{'province': '湖南省', 'city': '长沙市', 'district': '岳麓区', 'streetName': '双塘路', 'streetNumber': '99号', 'poi': '岳麓区机关金星住宅小区书房'}",112.938578,28.221525,"{'province': '湖南省', 'city': '长沙市', 'district': '岳麓区', 'street': '桐梓坡路', 'formatted_address': '湖南省长沙市岳麓区桐梓坡路99号'}",128-l
Gallery-1466,,IMG_20251105_225040,2025-11-05 22:50:40,睡前阅读; 行为金融学; 书籍; 床头柜; 阅读灯,无,冯浩然睡前阅读行为金融学书籍，书页摊开在床头柜上，旁边放着一杯水和阅读灯,"{'province': '湖南省', 'city': '长沙市', 'district': '岳麓区', 'streetName': '双塘路', 'streetNumber': '99号', 'poi': '岳麓区机关金星住宅小区卧室'}",112.938578,28.221525,"{'province': '湖南省', 'city': '长沙市', 'district': '岳麓区', 'street': '桐梓坡路', 'formatted_address': '湖南省长沙市岳麓区桐梓坡路99号'}",
Gallery-1467,a_278,IMG_20251106_110520,2025-11-06 11:05:20,PPT截图; 智能投顾; 数据模型; 成本分析; 会议投影; 金融图表,"智能投顾工具项目提案
数据模型：多因子风险平价
成本预估：开发期12个月，预算约150万元
汇报人：冯浩然 2025-11-06",冯浩然在项目提案会议上拍摄了PPT关键页面的屏幕截图，内容是关于智能投顾工具的数据模型和成本分析，背景是会议室投影屏幕和部分桌面。,"{'province': '湖南省', 'city': '长沙市', 'district': '开福区', 'streetName': '芙蓉中路', 'streetNumber': '88号', 'poi': '湖南广电中心写字楼华泰证券3号小会议室'}",113.046548,28.235932,"{'province': '湖南省', 'city': '长沙市', 'district': '开福区', 'street': [], 'formatted_address': '湖南省长沙市开福区[][]'}",a_278
Gallery-1468,,IMG_20251106_131015,2025-11-06 13:10:15,剁椒鱼头; 湘菜; 青花瓷餐具; 木质餐桌; 午餐; 美食摄影,"老长沙味道
招牌剁椒鱼头 128元/份",冯浩然与同事郑文博在老长沙味道湘菜馆用餐，拍摄了桌上的剁椒鱼头，红亮的剁椒覆盖在鲜嫩的鱼头上，背景是木质餐桌和青花瓷餐具。,"{'province': '湖南省', 'city': '长沙市', 'district': '开福区', 'streetName': '金鹰路', 'streetNumber': 'XX号', 'poi': '老长沙味道湘菜馆'}",113.0459,28.246161,"{'province': '湖南省', 'city': '长沙市', 'district': '开福区', 'street': '金鹰路', 'formatted_address': '湖南省长沙市开福区金鹰路[]'}",
Gallery-1469,a_278,IMG_20251107_122015,2025-11-07 12:20:15,轻食午餐; 藜麦沙拉; 烤鸡胸肉; 同事聚餐; 木质餐桌; 健康饮食,轻食主义 - 藜麦沙拉 38元 烤鸡胸肉 25元,冯浩然与同事郑文博在轻食餐厅分享各自的午餐，餐盘中有藜麦沙拉和烤鸡胸肉，背景是简约的木质餐桌和绿植,"{'province': '湖南省', 'city': '长沙市', 'district': '开福区', 'streetName': '传媒路', 'streetNumber': 'XX号', 'poi': '轻食主义餐厅'}",113.044429,28.237237,"{'province': '湖南省', 'city': '长沙市', 'district': '开福区', 'street': '传媒路', 'formatted_address': '湖南省长沙市开福区传媒路[]'}",a_278
Gallery-1470,97-2,IMG_20251107_143020,2025-11-07 14:30:20,冰美式咖啡; 咖啡杯; 吧台; 水珠; 咖啡厅; 工作间隙,无,冯浩然在咖啡厅的吧台前拍摄刚做好的冰美式，咖啡杯上凝结着水珠，背景是暖色调的灯光和咖啡机,"{'province': '湖南省', 'city': '长沙市', 'district': '开福区', 'streetName': 'XX路', 'streetNumber': 'XX号', 'poi': '圣爵菲斯咖啡厅'}",112.985284,28.257286,"{'province': '湖南省', 'city': '长沙市', 'district': '开福区', 'street': [], 'formatted_address': '湖南省长沙市开福区[][]'}",97-b
Gallery-1471,,IMG_20251107_182200,2025-11-07 18:22:00,鸡胸肉沙拉; 全麦面包; 健康晚餐; 自制美食; 厨房岛台; 营养搭配,无,冯浩然在家中厨房岛台上拍摄自制的健康晚餐，盘中有鸡胸肉沙拉和全麦面包，旁边放着一杯水,"{'province': '湖南省', 'city': '长沙市', 'district': '岳麓区', 'streetName': '双塘路', 'streetNumber': '99号', 'poi': '岳麓区机关金星住宅小区家中'}",112.938578,28.221525,"{'province': '湖南省', 'city': '长沙市', 'district': '岳麓区', 'street': '桐梓坡路', 'formatted_address': '湖南省长沙市岳麓区桐梓坡路99号'}",
Gallery-1472,1-13,IMG_20251108_074520,2025-11-08 07:45:20,全麦面包; 煎蛋; 热牛奶; 早餐准备; 厨房台面; 健康饮食,无,冯浩然在厨房准备早餐，将煎蛋夹入全麦面包中，背景是整洁的厨房台面和一杯热牛奶,"{'province': '湖南省', 'city': '长沙市', 'district': '岳麓区', 'streetName': '双塘路', 'streetNumber': '99号', 'poi': '岳麓区机关金星住宅小区'}",112.938578,28.221525,"{'province': '湖南省', 'city': '长沙市', 'district': '岳麓区', 'street': '桐梓坡路', 'formatted_address': '湖南省长沙市岳麓区桐梓坡路99号'}",1-s
Gallery-1473,1-13,IMG_20251108_081035,2025-11-08 08:10:35,电脑屏幕; 跑步路线图; 岳麓山; 路线规划; 地图标注; 训练计划,岳麓山晨跑路线 - 东门至桃子湖 - 距离约8.5公里 - 预计用时45分钟,冯浩然在书桌前用手机查看并拍摄电脑屏幕上显示的岳麓山跑步路线规划图，图中标注了起点、终点和距离,"{'province': '湖南省', 'city': '长沙市', 'district': '岳麓区', 'streetName': '双塘路', 'streetNumber': '99号', 'poi': '岳麓区机关金星住宅小区'}",112.938578,28.221525,"{'province': '湖南省', 'city': '长沙市', 'district': '岳麓区', 'street': '桐梓坡路', 'formatted_address': '湖南省长沙市岳麓区桐梓坡路99号'}",1-s
Gallery-1474,1-14-1,IMG_20251109_064520,2025-11-09 06:45:20,晨跑; 桃子湖; 石板路; 湖面; 阳光; 树木,无,冯浩然在桃子湖环湖步道上慢跑，清晨的阳光穿过树叶洒在石板路上，远处湖面波光粼粼。,"{'province': '湖南省', 'city': '长沙市', 'district': '岳麓区', 'streetName': '桃子湖路', 'streetNumber': 'XX号', 'poi': '桃子湖环湖步道'}",112.951173,28.183075,"{'province': '湖南省', 'city': '长沙市', 'district': '岳麓区', 'street': '桃子湖路', 'formatted_address': '湖南省长沙市岳麓区桃子湖路[]'}",1-t
Gallery-1475,1-14-1,IMG_20251109_071000,2025-11-09 07:10:00,运动手表; 心率监测; 跑步数据; 表盘特写; 汗水,无,冯浩然运动手表屏幕上显示着实时心率130和跑步配速，表带被汗水微微浸湿。,"{'province': '湖南省', 'city': '长沙市', 'district': '岳麓区', 'streetName': '桃子湖路', 'streetNumber': 'XX号', 'poi': '桃子湖环湖步道'}",112.951173,28.183075,"{'province': '湖南省', 'city': '长沙市', 'district': '岳麓区', 'street': '桃子湖路', 'formatted_address': '湖南省长沙市岳麓区桃子湖路[]'}",1-t
Gallery-1476,1-14-2,IMG_20251109_074530,2025-11-09 07:45:30,牛肉粉; 红油汤底; 葱花; 香菜; 木质桌面; 早餐,无,一碗热气腾腾的牛肉粉摆放在老长沙粉面馆的木质桌面上，红油汤底上撒着葱花和香菜。,"{'province': '湖南省', 'city': '长沙市', 'district': '岳麓区', 'streetName': '岳麓大道', 'streetNumber': '57号', 'poi': '老长沙粉面馆(银盆岭万达广场店)'}",112.955411,28.223997,"{'province': '湖南省', 'city': '长沙市', 'district': '岳麓区', 'street': '岳麓大道', 'formatted_address': '湖南省长沙市岳麓区岳麓大道57号'}",1-t
Gallery-1477,1-14-2,IMG_20251109_080205,2025-11-09 08:02:05,人物合影; 跑友; 微笑; 店铺招牌; 告别,无,冯浩然与跑友高云飞在粉面馆门口合影，两人都穿着休闲装，面带微笑，背景是店铺招牌。,"{'province': '湖南省', 'city': '长沙市', 'district': '岳麓区', 'streetName': '岳麓大道', 'streetNumber': '57号', 'poi': '老长沙粉面馆(银盆岭万达广场店)'}",112.955411,28.223997,"{'province': '湖南省', 'city': '长沙市', 'district': '岳麓区', 'street': '岳麓大道', 'formatted_address': '湖南省长沙市岳麓区岳麓大道57号'}",1-t
Gallery-1478,,IMG_20251109_183015,2025-11-09 18:30:15,排骨藕汤; 湖北菜; 清炒菜薹; 蒸鸡蛋; 家常菜; 晚餐,无,一盅乳白色的排骨藕汤盛在白色瓷盅里，汤面上飘着几颗枸杞，旁边是清炒菜薹和蒸鸡蛋。,"{'province': '湖北省', 'city': '武汉市', 'district': '江汉区', 'streetName': '江汉一路', 'streetNumber': 'XX号', 'poi': '楚乡味家常菜馆'}",114.290962,30.582066,"{'province': '湖北省', 'city': '武汉市', 'district': '江汉区', 'street': '江汉一路', 'formatted_address': '湖北省武汉市江汉区江汉一路[]'}",
Gallery-1479,34-2-1,IMG_20251110_064520,2025-11-10 06:45:20,任务清单; 手写笔记; 木质书桌; 规划; 晨间; 文档扫描,"2025-11-10 全天规划
1. 医院手续（8:10）
2. 医生沟通
3. 采购急需品
4. 午餐家庭会议
5. 超市采购
6. 工作邮件处理
7. 夜间陪护",冯浩然在父母家卧室书桌上拍摄自己手写的全天任务清单，清单旁放着一杯水和一部手机，背景是木质书桌和窗帘。,"{'province': '湖北省', 'city': '武汉市', 'district': '江岸区', 'streetName': '解放大道', 'streetNumber': '368号', 'poi': '父母家卧室'}",114.282987,30.633093,"{'province': '湖北省', 'city': '武汉市', 'district': '江岸区', 'street': [], 'formatted_address': '湖北省武汉市江岸区[][]'}",34-b
Gallery-1480,a_36,IMG_20251110_071015,2025-11-10 07:10:15,热干面; 早餐; 家庭聚餐; 母亲; 微笑; 武汉美食,无,冯浩然与母亲李秀英在父母家餐厅共进早餐，餐桌上摆着热干面、豆浆和几碟小菜，母亲正微笑着看向镜头。,"{'province': '湖北省', 'city': '武汉市', 'district': '江岸区', 'streetName': '解放大道', 'streetNumber': '368号', 'poi': '父母家餐厅'}",114.282987,30.633093,"{'province': '湖北省', 'city': '武汉市', 'district': '江岸区', 'street': [], 'formatted_address': '湖北省武汉市江岸区[][]'}",a_36
Gallery-1481,34-2-2,IMG_20251110_110520,2025-11-10 11:05:20,医院食堂; 菜品展示; 红烧鱼块; 价格牌; 餐食考察; 玻璃橱窗,"同济医院职工餐厅
今日供应
红烧鱼块套餐 18元
清炒时蔬套餐 12元
供应时间：11:00-13:00",冯浩然在同济医院职工餐厅的档口前拍摄今日菜品展示，玻璃橱窗内陈列着红烧鱼块、清炒时蔬和米饭套餐，并标有价格。,"{'province': '湖北省', 'city': '武汉市', 'district': '硚口区', 'streetName': '解放大道', 'streetNumber': '1095号', 'poi': '华中科技大学同济医学院附属同济医院职工餐厅'}",114.259951,30.579587,"{'province': '湖北省', 'city': '武汉市', 'district': '硚口区', 'street': [], 'formatted_address': '湖北省武汉市硚口区[][]'}",34-b
Gallery-1482,a_36,IMG_20251111_072015,2025-11-11 07:20:15,热干面; 豆皮; 早餐; 食堂窗口; 排队; 清晨,无,冯浩然在同济医学院丁香园食堂购买早餐，餐盘里有热干面、豆皮和豆浆，背景是食堂窗口和排队人群,"{'province': '湖北省', 'city': '武汉市', 'district': '硚口区', 'streetName': '航空路', 'streetNumber': '13号', 'poi': '同济医学院丁香园食堂(华中科技大学同济医学院店)'}",114.258559,30.580859,"{'province': '湖北省', 'city': '武汉市', 'district': '硚口区', 'street': [], 'formatted_address': '湖北省武汉市硚口区[][]'}",a_36
Gallery-1483,34-3,IMG_20251111_084530,2025-11-11 08:45:30,CT报告; 影像片; 医生办公室; 医疗单据; 签字笔; 病历本,华中科技大学同济医学院附属同济医院 CT检查报告单 患者：冯建国 检查日期：2025-11-10 报告日期：2025-11-11,冯浩然在医生办公室拍摄父亲的CT影像报告，报告单平铺在桌面上，旁边放着签字笔,"{'province': '湖北省', 'city': '武汉市', 'district': '硚口区', 'streetName': '解放大道', 'streetNumber': '1095号', 'poi': '华中科技大学同济医学院附属同济医院神经内科医生办公室'}",114.261053,30.578513,"{'province': '湖北省', 'city': '武汉市', 'district': '硚口区', 'street': [], 'formatted_address': '湖北省武汉市硚口区[][]'}",34-c
Gallery-1484,35-4-2,IMG_20251111_094520,2025-11-11 09:45:20,酒店前台; 办理入住; 身份证; 母亲; 酒店大堂; 装饰画,无,冯浩然与母亲李秀英在如家精选酒店前台办理入住，母亲手持身份证，背景是酒店大堂的装饰画,"{'province': '湖北省', 'city': '武汉市', 'district': '硚口区', 'streetName': '多福路', 'streetNumber': 'XX号', 'poi': '如家精选酒店(武汉汉正街恒隆广场店)'}",114.272032,30.569822,"{'province': '湖北省', 'city': '武汉市', 'district': '硚口区', 'street': '多福路', 'formatted_address': '湖北省武汉市硚口区多福路[]'}",35-d
Gallery-1485,35-4-3,IMG_20251111_143015,2025-11-11 14:30:15,医疗单据; 缴费单; 病历本; 整理归档; 家属休息区; 医院,华中科技大学同济医学院附属同济医院 门诊收费票据 姓名：冯建国 金额：1280.50元 日期：2025-11-10,冯浩然在住院部二楼家属休息区整理医疗单据，桌上摊开一叠缴费单、检查报告和病历本,"{'province': '湖北省', 'city': '武汉市', 'district': '硚口区', 'streetName': '解放大道', 'streetNumber': '1095号', 'poi': '华中科技大学同济医学院附属同济医院住院部二楼家属休息区'}",114.260851,30.578493,"{'province': '湖北省', 'city': '武汉市', 'district': '硚口区', 'street': [], 'formatted_address': '湖北省武汉市硚口区[][]'}",35-d
Gallery-1486,a_36,IMG_20251111_160520,2025-11-11 16:05:20,康复手册; 物理治疗; 指导动作; 门诊; 医疗资料; 学习笔记,脑卒中早期康复指导手册 - 华中科技大学同济医学院附属同济医院康复医学科 主编：张医生 出版日期：2024年8月,冯浩然在康复医学科门诊拍摄康复训练指导手册，手册翻开在物理治疗章节，旁边放着父亲的病历,"{'province': '湖北省', 'city': '武汉市', 'district': '硚口区', 'streetName': '解放大道', 'streetNumber': '1095号', 'poi': '华中科技大学同济医学院附属同济医院康复医学科门诊'}",114.261028,30.579575,"{'province': '湖北省', 'city': '武汉市', 'district': '硚口区', 'street': [], 'formatted_address': '湖北省武汉市硚口区[][]'}",a_36
Gallery-1487,115-1-2,IMG_20251111_173040,2025-11-11 17:30:40,拿铁咖啡; 瑞幸; 咖啡杯; 木质桌面; 购物中心; 休闲时光,无,冯浩然在瑞幸咖啡店点了一杯热拿铁，咖啡杯放在木质桌面上，背景是K11购物中心的室内装饰,"{'province': '湖北省', 'city': '武汉市', 'district': '硚口区', 'streetName': '解放大道', 'streetNumber': '628号', 'poi': '瑞幸咖啡(汉口K11店)'}",114.263806,30.578332,"{'province': '湖北省', 'city': '武汉市', 'district': '硚口区', 'street': [], 'formatted_address': '湖北省武汉市硚口区[][]'}",115-a
Gallery-1488,a_36,IMG_20251111_184210,2025-11-11 18:42:10,晚餐; 食堂; 家常菜; 母亲; 聚餐; 交接班,无,冯浩然与母亲李秀英在丁香园食堂共进晚餐，餐桌上摆着两荤一素和米饭，母亲正在夹菜,"{'province': '湖北省', 'city': '武汉市', 'district': '硚口区', 'streetName': '航空路', 'streetNumber': '13号', 'poi': '同济医学院丁香园食堂(华中科技大学同济医学院店)'}",114.258559,30.580859,"{'province': '湖北省', 'city': '武汉市', 'district': '硚口区', 'street': [], 'formatted_address': '湖北省武汉市硚口区[][]'}",a_36
Gallery-1489,,IMG_20251112_094515,2025-11-12 09:45:15,手冲咖啡; 埃塞俄比亚日晒; 玻璃分享壶; 原木桌面; 咖啡馆; 休闲时光,无,冯浩然在1Z COFFEE品尝一杯埃塞俄比亚日晒手冲咖啡，咖啡杯置于原木色桌面上，背景是简约的咖啡馆吧台和绿植。,"{'province': '湖北省', 'city': '武汉市', 'district': '硚口区', 'streetName': '航空路', 'streetNumber': '13号', 'poi': '1Z COFFEE'}",114.260566,30.58273,"{'province': '湖北省', 'city': '武汉市', 'district': '硚口区', 'street': '航空路', 'formatted_address': '湖北省武汉市硚口区航空路13号'}",
Gallery-1490,,IMG_20251112_133020,2025-11-12 13:30:20,银杏大道; 秋日; 落叶; 光影; 公园风景; 摄影采风,无,冯浩然在解放公园的银杏大道上拍摄，金黄色的银杏叶铺满地面，阳光透过树叶洒下斑驳光影，远处有游人在散步。,"{'province': '湖北省', 'city': '武汉市', 'district': '江岸区', 'streetName': '解放大道', 'streetNumber': '1861号', 'poi': '解放公园'}",114.298029,30.608418,"{'province': '湖北省', 'city': '武汉市', 'district': '江岸区', 'street': [], 'formatted_address': '湖北省武汉市江岸区[][]'}",
Gallery-1491,,IMG_20251112_134210,2025-11-12 13:42:10,人物合影; 湖边写生; 水彩画; 湖心亭; 秋日公园; 人文记录,无,冯浩然在解放公园的湖边与一位正在写生的老人合影，老人画板上是湖心亭的水彩画，背景是平静的湖面和远处的树林。,"{'province': '湖北省', 'city': '武汉市', 'district': '江岸区', 'streetName': '解放大道', 'streetNumber': '1861号', 'poi': '解放公园'}",114.298029,30.608418,"{'province': '湖北省', 'city': '武汉市', 'district': '江岸区', 'street': [], 'formatted_address': '湖北省武汉市江岸区[][]'}",
Gallery-1492,a_2,IMG_20251112_145005,2025-11-12 14:50:05,文档扫描; 会议提纲; A4纸; 平板电脑; 工作准备; 金融科技,金融科技产品模块讨论会 - 2025年11月12日 19:20 - 冯浩然发言要点：1. 数据安全合规框架 2. 用户隐私政策优化 3. 操作流程简化建议,冯浩然在安静休息区扫描一份关于晚上视频会议的发言提纲，A4纸上打印着会议议程和关键讨论点，旁边放着他的平板电脑和笔。,"{'province': '湖北省', 'city': '武汉市', 'district': '硚口区', 'streetName': '航空路侧路', 'streetNumber': 'XX号', 'poi': '医疗美容附近安静休息区'}",114.289568,30.589536,"{'province': '湖北省', 'city': '武汉市', 'district': '江岸区', 'street': [], 'formatted_address': '湖北省武汉市江岸区[][]'}",a_2
Gallery-1493,34-4,IMG_20251112_172530,2025-11-12 17:25:30,剁椒鱼头; 湘菜; 晚餐; 热气腾腾; 红色剁椒; 家庭聚餐,无,冯浩然在楚湘阁餐馆拍摄桌上的剁椒鱼头，红亮的剁椒铺满鱼头，热气腾腾，旁边摆放着几碟湘菜小炒和米饭。,"{'province': '湖北省', 'city': '武汉市', 'district': '硚口区', 'streetName': '航空路侧路', 'streetNumber': 'XX号', 'poi': '楚湘阁餐馆'}",114.214746,30.582559,"{'province': '湖北省', 'city': '武汉市', 'district': '硚口区', 'street': [], 'formatted_address': '湖北省武汉市硚口区[][]'}",34-d
Gallery-1494,34-4,IMG_20251112_174015,2025-11-12 17:40:15,人物肖像; 母亲; 侧脸; 家庭会议; 餐馆环境; 暖色调,无,冯浩然在餐馆内拍摄母亲李秀英认真倾听家庭会议计划时的侧脸，背景是暖色调的餐馆墙壁和装饰画。,"{'province': '湖北省', 'city': '武汉市', 'district': '硚口区', 'streetName': '航空路侧路', 'streetNumber': 'XX号', 'poi': '楚湘阁餐馆'}",114.214746,30.582559,"{'province': '湖北省', 'city': '武汉市', 'district': '硚口区', 'street': [], 'formatted_address': '湖北省武汉市硚口区[][]'}",34-d
Gallery-1495,153-11,IMG_20251112_185510,2025-11-12 18:55:10,文档扫描; 会议资料; 流程图; 数据安全; 架构图; 最后准备,附录三：智能投顾产品模块交互流程图 V2.1 - 修订日期：2025-11-10 - 核心：用户数据加密传输与本地化存储,冯浩然在1Z COFFEE的座位上，用手机扫描一份打印的会议资料附录，内容是产品模块的流程图和数据安全架构图。,"{'province': '湖北省', 'city': '武汉市', 'district': '硚口区', 'streetName': '航空路', 'streetNumber': '13号', 'poi': '1Z COFFEE'}",114.260566,30.58273,"{'province': '湖北省', 'city': '武汉市', 'district': '硚口区', 'street': '航空路', 'formatted_address': '湖北省武汉市硚口区航空路13号'}",153-k
Gallery-1496,,IMG_20251113_070815,2025-11-13 07:08:15,晨跑; 拉伸; 爱晚亭; 枫叶; 晨光; 运动服,无,冯浩然在岳麓山爱晚亭前进行晨跑后的拉伸，背景是古朴的亭子和晨光中的枫叶,"{'province': '湖南省', 'city': '长沙市', 'district': '岳麓区', 'streetName': '麓山南路', 'streetNumber': 'XX号', 'poi': '岳麓山风景名胜区-爱晚亭'}",112.937564,28.180437,"{'province': '湖南省', 'city': '长沙市', 'district': '岳麓区', 'street': '麓山南路', 'formatted_address': '湖南省长沙市岳麓区麓山南路[]'}",
Gallery-1497,2-7-2,IMG_20251113_103025,2025-11-13 10:30:25,办公桌; 电脑屏幕; 股票K线图; 金融分析; 工作状态; 投资顾问,无,冯浩然在办公室电脑前分析股票K线图，屏幕上显示着复杂的金融数据和图表,"{'province': '湖南省', 'city': '长沙市', 'district': '开福区', 'streetName': '芙蓉中路', 'streetNumber': '88号', 'poi': '华泰证券股份有限公司长沙分公司'}",112.986675,28.223728,"{'province': '湖南省', 'city': '长沙市', 'district': '开福区', 'street': '芙蓉中路', 'formatted_address': '湖南省长沙市开福区芙蓉中路88号'}",2-k
Gallery-1498,,IMG_20251113_121540,2025-11-13 12:15:40,湘菜; 辣椒炒肉; 剁椒鱼头; 同事聚餐; 木质餐桌; 美食,无,冯浩然与同事郑文博在公司附近的湘菜馆用餐，桌上摆着辣椒炒肉和剁椒鱼头,"{'province': '湖南省', 'city': '长沙市', 'district': '开福区', 'streetName': '芙蓉中路', 'streetNumber': '102号', 'poi': '老长沙湘菜馆'}",112.996811,28.214575,"{'province': '湖南省', 'city': '长沙市', 'district': '开福区', 'street': '芙蓉中路', 'formatted_address': '湖南省长沙市开福区芙蓉中路[]'}",
Gallery-1499,a_139,IMG_20251113_163025,2025-11-13 16:30:25,街拍; 街头艺人; 吉他弹唱; 太平老街; 青石板路; 古建筑,无,冯浩然在太平老街捕捉街头艺人弹唱的画面，背景是青石板路和古色古香的建筑,"{'province': '湖南省', 'city': '长沙市', 'district': '天心区', 'streetName': '太平街', 'streetNumber': 'XX号', 'poi': '太平老街历史文化街区'}",112.972071,28.193573,"{'province': '湖南省', 'city': '长沙市', 'district': '天心区', 'street': '太平街', 'formatted_address': '湖南省长沙市天心区太平街[]'}",a_139
Gallery-1500,,IMG_20251113_181540,2025-11-13 18:15:40,手冲咖啡; 耶加雪菲; 咖啡杯; 咖啡馆; 木质吧台; 休闲时光,无,冯浩然在心怡手冲咖啡馆品尝一杯埃塞俄比亚耶加雪菲，咖啡杯旁放着咖啡豆包装袋,"{'province': '湖南省', 'city': '长沙市', 'district': '芙蓉区', 'streetName': '解放西路', 'streetNumber': '233号', 'poi': '心怡手冲咖啡馆'}",112.982268,28.190765,"{'province': '湖南省', 'city': '长沙市', 'district': '芙蓉区', 'street': '解放西路', 'formatted_address': '湖南省长沙市芙蓉区解放西路[]'}",
Gallery-1501,a_36,IMG_20251114_074520,2025-11-14 07:45:20,热干面; 米酒; 早餐; 家庭聚餐; 中式餐具; 清晨,无,冯浩然与母亲李秀英在父母家餐厅共进早餐，餐桌上摆放着热干面、米酒和几碟小菜，窗外是清晨的微光,"{'province': '湖北省', 'city': '武汉市', 'district': '江岸区', 'streetName': '解放大道', 'streetNumber': '368号', 'poi': '父母家餐厅'}",114.282987,30.633093,"{'province': '湖北省', 'city': '武汉市', 'district': '江岸区', 'street': [], 'formatted_address': '湖北省武汉市江岸区[][]'}",a_36
Gallery-1502,,IMG_20251114_124520,2025-11-14 12:45:20,三鲜豆皮; 糊米酒; 武汉小吃; 快餐店; 木质桌面; 午餐,无,冯浩然在常青麦香园快餐店拍摄午餐，一碗三鲜豆皮和一杯糊米酒被放在木质桌面上，背景是简约的餐厅环境,"{'province': '湖北省', 'city': '武汉市', 'district': '硚口区', 'streetName': '解放大道', 'streetNumber': '382号附2号', 'poi': '常青麦香园(仁寿社区店)'}",114.245419,30.5745,"{'province': '湖北省', 'city': '武汉市', 'district': '硚口区', 'street': [], 'formatted_address': '湖北省武汉市硚口区[][]'}",
Gallery-1503,a_36,IMG_20251114_131015,2025-11-14 13:10:15,冬青叶; 雨滴; 微距摄影; 雨后; 植物特写; 生命感悟,无,冯浩然在医院小花园拍摄雨后的冬青叶，晶莹的雨滴悬在翠绿的叶尖，背景是湿润的泥土和模糊的医院建筑,"{'province': '湖北省', 'city': '武汉市', 'district': '硚口区', 'streetName': '解放大道', 'streetNumber': '1095号', 'poi': '华中科技大学同济医学院附属同济医院(汉口院区)小花园'}",114.259951,30.579587,"{'province': '湖北省', 'city': '武汉市', 'district': '硚口区', 'street': [], 'formatted_address': '湖北省武汉市硚口区[][]'}",a_36
Gallery-1504,a_36,IMG_20251114_131230,2025-11-14 13:12:30,雨天; 街道; 行人; 医院建筑; 街头摄影; 湿滑路面,无,冯浩然在医院小花园拍摄雨后的街道，湿漉漉的地面反射着天光，行人打着伞匆匆走过，远处是医院大楼,"{'province': '湖北省', 'city': '武汉市', 'district': '硚口区', 'streetName': '解放大道', 'streetNumber': '1095号', 'poi': '华中科技大学同济医学院附属同济医院(汉口院区)小花园'}",114.259951,30.579587,"{'province': '湖北省', 'city': '武汉市', 'district': '硚口区', 'street': [], 'formatted_address': '湖北省武汉市硚口区[][]'}",a_36
Gallery-1505,34-6,IMG_20251114_191520,2025-11-14 19:15:20,家庭聚餐; 清蒸武昌鱼; 腊肉炒藜蒿; 病房; 打包餐盒; 温馨时刻,无,冯浩然与父母在父亲病房内进行家庭聚餐，餐桌上摆放着打包的清蒸武昌鱼、腊肉炒藜蒿等菜肴，氛围温馨,"{'province': '湖北省', 'city': '武汉市', 'district': '硚口区', 'streetName': '解放大道', 'streetNumber': '1095号', 'poi': '华中科技大学同济医学院附属同济医院(汉口院区)神经内科病房'}",114.259951,30.579587,"{'province': '湖北省', 'city': '武汉市', 'district': '硚口区', 'street': [], 'formatted_address': '湖北省武汉市硚口区[][]'}",34-f
Gallery-1506,34-6,IMG_20251114_191635,2025-11-14 19:16:35,清蒸武昌鱼; 腊肉炒藜蒿; 美食特写; 打包盒; 湘菜; 晚餐,无,冯浩然拍摄打包的晚餐菜肴特写，清蒸武昌鱼上撒着葱丝，腊肉炒藜蒿色泽诱人，盛放在一次性餐盒中,"{'province': '湖北省', 'city': '武汉市', 'district': '硚口区', 'streetName': '解放大道', 'streetNumber': '1095号', 'poi': '华中科技大学同济医学院附属同济医院(汉口院区)神经内科病房'}",114.259951,30.579587,"{'province': '湖北省', 'city': '武汉市', 'district': '硚口区', 'street': [], 'formatted_address': '湖北省武汉市硚口区[][]'}",34-f
Gallery-1507,a_36,IMG_20251114_200520,2025-11-14 20:05:20,兄妹; 事务交接; 医院走廊; 手机屏幕; 沟通; 家庭责任,无,冯浩然与妹妹冯欣然在医院走廊进行事务交接，冯浩然手持手机展示云盘中的医疗记录，妹妹认真聆听,"{'province': '湖北省', 'city': '武汉市', 'district': '硚口区', 'streetName': '解放大道', 'streetNumber': '1095号', 'poi': '华中科技大学同济医学院附属同济医院(汉口院区)神经内科走廊'}",114.259951,30.579587,"{'province': '湖北省', 'city': '武汉市', 'district': '硚口区', 'street': [], 'formatted_address': '湖北省武汉市硚口区[][]'}",a_36
Gallery-1508,,IMG_20251115_064520,2025-11-15 06:45:20,晨跑; 汉口江滩; 长江; 日出; 晨光; 运动,无,冯浩然在汉口江滩边慢跑，清晨的阳光洒在江面上，远处有晨练的人群和长江大桥,"{'province': '湖北省', 'city': '武汉市', 'district': '江岸区', 'streetName': '沿江大道', 'streetNumber': 'XX号', 'poi': '汉口江滩'}",114.31078,30.595827,"{'province': '湖北省', 'city': '武汉市', 'district': '江岸区', 'street': '沿江大道', 'formatted_address': '湖北省武汉市江岸区沿江大道[]'}",
Gallery-1509,a_36,IMG_20251115_074010,2025-11-15 07:40:10,早餐; 老乡鸡; 包子; 豆浆; 打包袋; 通勤,老乡鸡 同济医学院店 营业时间 06:30-22:00,冯浩然在老乡鸡店门口拍摄早餐，手中提着装有包子、豆浆和小米粥的打包袋，背景是老乡鸡的招牌,"{'province': '湖北省', 'city': '武汉市', 'district': '硚口区', 'streetName': '航空路', 'streetNumber': 'XX号', 'poi': '老乡鸡(同济医学院店)'}",114.264923,30.593803,"{'province': '湖北省', 'city': '武汉市', 'district': '江汉区', 'street': '航空路', 'formatted_address': '湖北省武汉市江汉区航空路[]'}",a_36
Gallery-1510,a_36,IMG_20251115_080515,2025-11-15 08:05:15,家庭早餐; 病房; 包子; 豆浆; 家人团聚; 温馨,无,冯浩然与家人在病房内共进早餐，桌上摆着包子、豆浆和小米粥，父母和妹妹围坐在一起,"{'province': '湖北省', 'city': '武汉市', 'district': '硚口区', 'streetName': '解放大道', 'streetNumber': '1095号', 'poi': '华中科技大学同济医学院附属同济医院(汉口院区)住院部病房'}",114.259951,30.579587,"{'province': '湖北省', 'city': '武汉市', 'district': '硚口区', 'street': [], 'formatted_address': '湖北省武汉市硚口区[][]'}",a_36
Gallery-1511,a_36,IMG_20251115_084520,2025-11-15 08:45:20,医患沟通; 康复方案; 笔记本; 医院走廊; 专业交流,无,冯浩然在医生办公室外与主治医生王主任交谈，手中拿着笔记本记录康复方案，背景是医院的走廊,"{'province': '湖北省', 'city': '武汉市', 'district': '硚口区', 'streetName': '解放大道', 'streetNumber': '1095号', 'poi': '华中科技大学同济医学院附属同济医院(汉口院区)神经内科'}",114.259951,30.579587,"{'province': '湖北省', 'city': '武汉市', 'district': '硚口区', 'street': [], 'formatted_address': '湖北省武汉市硚口区[][]'}",a_36
Gallery-1512,2-9-1,IMG_20251115_093530,2025-11-15 09:35:30,远程办公; 笔记本电脑; 资产配置报告; 咖啡; 医院休息区,无,冯浩然在医院家属休息区使用笔记本电脑工作，屏幕上显示着资产配置报告，旁边放着咖啡,"{'province': '湖北省', 'city': '武汉市', 'district': '硚口区', 'streetName': '解放大道', 'streetNumber': '1095号', 'poi': '华中科技大学同济医学院附属同济医院(汉口院区)家属休息区'}",114.260851,30.578493,"{'province': '湖北省', 'city': '武汉市', 'district': '硚口区', 'street': [], 'formatted_address': '湖北省武汉市硚口区[][]'}",2-m
Gallery-1513,a_36,IMG_20251115_121015,2025-11-15 12:10:15,湘菜; 小炒黄牛肉; 剁椒鱼头; 家庭午餐; 美食,胖胖湘菜馆 小炒黄牛肉 68元 剁椒鱼头 88元,冯浩然与母亲在胖胖湘菜馆用餐，桌上摆着小炒黄牛肉、剁椒鱼头和清炒红薯叶,"{'province': '湖北省', 'city': '武汉市', 'district': '江岸区', 'streetName': '解放大道', 'streetNumber': 'XX号', 'poi': '胖胖湘菜馆'}",114.301558,30.601437,"{'province': '湖北省', 'city': '武汉市', 'district': '江岸区', 'street': [], 'formatted_address': '湖北省武汉市江岸区[][]'}",a_36
Gallery-1514,a_36,IMG_20251115_154025,2025-11-15 15:40:25,超市采购; 周黑鸭; 孝感麻糖; 健康食品; 购物车,武商超市 周黑鸭锁鲜装 39.9元 孝感麻糖 25.8元,冯浩然在武商超市采购，购物车里放着周黑鸭锁鲜装、孝感麻糖、牛奶和坚果等商品,"{'province': '湖北省', 'city': '武汉市', 'district': '江岸区', 'streetName': '后湖大道', 'streetNumber': '318号', 'poi': '武商超市(龙庭店)'}",114.318945,30.655166,"{'province': '湖北省', 'city': '武汉市', 'district': '江岸区', 'street': '后湖大道', 'formatted_address': '湖北省武汉市江岸区后湖大道318号'}",a_36
Gallery-1515,34-7,IMG_20251115_172230,2025-11-15 17:22:30,家庭会议; 健康数据; 手机图表; 健康管理; 家人讨论,无,冯浩然在病房向家人展示手机上的运动健康APP数据图表，父母和妹妹认真观看,"{'province': '湖北省', 'city': '武汉市', 'district': '硚口区', 'streetName': '解放大道', 'streetNumber': '1095号', 'poi': '华中科技大学同济医学院附属同济医院(汉口院区)住院部病房'}",114.259951,30.579587,"{'province': '湖北省', 'city': '武汉市', 'district': '硚口区', 'street': [], 'formatted_address': '湖北省武汉市硚口区[][]'}",34-g
Gallery-1516,a_36,IMG_20251115_191045,2025-11-15 19:10:45,家庭晚餐; 武汉小吃; 豆皮; 糊米酒; 温馨告别,无,冯浩然与家人在病房享用打包的晚餐，桌上摆着豆皮、糊米酒、鸡汤和蒸蛋等武汉小吃,"{'province': '湖北省', 'city': '武汉市', 'district': '硚口区', 'streetName': '解放大道', 'streetNumber': '1095号', 'poi': '华中科技大学同济医学院附属同济医院(汉口院区)住院部病房'}",114.259951,30.579587,"{'province': '湖北省', 'city': '武汉市', 'district': '硚口区', 'street': [], 'formatted_address': '湖北省武汉市硚口区[][]'}",a_36
Gallery-1517,a_36,IMG_20251115_211520,2025-11-15 21:15:20,行李打包; 酒店房间; 行李箱; 周黑鸭; 证件整理,无,冯浩然在亚朵酒店房间整理行李，行李箱中整齐摆放着衣物、特产和证件，背景是酒店房间,"{'province': '湖北省', 'city': '武汉市', 'district': '江岸区', 'streetName': '解放大道', 'streetNumber': '1866号', 'poi': '武汉汉口江滩解放大道亚朵酒店'}",114.332484,30.534019,"{'province': '湖北省', 'city': '武汉市', 'district': '武昌区', 'street': [], 'formatted_address': '湖北省武汉市武昌区[][]'}",a_36
Gallery-1518,34-8,IMG_20251116_091520,2025-11-16 09:15:20,PPT截图; 出院指导; 用药方案; 饮食标准; 康复计划; 电脑屏幕; 医院办公室,"冯建国 出院康复指导
用药方案：阿司匹林肠溶片 100mg/日
饮食标准：低盐低脂，每日钠摄入<2g
复查节点：2025-12-01、2026-01-15
主治医师：王主任",冯浩然拍摄了医生办公室电脑屏幕上显示的出院康复指导PPT，内容包含用药方案、饮食标准和复查节点，背景是医院办公室的白色墙壁和办公桌。,"{'province': '湖北省', 'city': '武汉市', 'district': '江岸区', 'streetName': '解放大道', 'streetNumber': '1095号', 'poi': '华中科技大学同济医学院附属同济医院神经内科医生办公室'}",114.261053,30.578513,"{'province': '湖北省', 'city': '武汉市', 'district': '硚口区', 'street': [], 'formatted_address': '湖北省武汉市硚口区[][]'}",34-h
Gallery-1519,36-5-1,IMG_20251116_121030,2025-11-16 12:10:30,医院食堂; 西红柿炒鸡蛋; 清炒时蔬; 午餐; 餐盘; 医疗文件,无,冯浩然在职工食堂拍摄了午餐的餐盘，里面有西红柿炒鸡蛋、清炒时蔬和米饭，餐盘旁放着手机和医疗文件，背景是食堂的公共餐桌。,"{'province': '湖北省', 'city': '武汉市', 'district': '江岸区', 'streetName': '解放大道', 'streetNumber': '1095号', 'poi': '华中科技大学同济医学院附属同济医院职工食堂'}",114.259951,30.579587,"{'province': '湖北省', 'city': '武汉市', 'district': '硚口区', 'street': [], 'formatted_address': '湖北省武汉市硚口区[][]'}",36-e
Gallery-1520,a_36,IMG_20251116_180510,2025-11-16 18:05:10,蒜蓉炒菜薹; 湖北家常菜; 白色瓷盘; 厨房灶台; 热气腾腾; 晚餐准备,无,冯浩然在厨房拍摄了刚出锅的蒜蓉炒菜薹，翠绿的菜薹盛在白色瓷盘中，冒着热气，背景是灶台和抽油烟机。,"{'province': '湖北省', 'city': '武汉市', 'district': '江岸区', 'streetName': '解放大道', 'streetNumber': '368号', 'poi': '父母家厨房'}",114.282987,30.633093,"{'province': '湖北省', 'city': '武汉市', 'district': '江岸区', 'street': [], 'formatted_address': '湖北省武汉市江岸区[][]'}",a_36
Gallery-1521,a_36,IMG_20251116_204520,2025-11-16 20:45:20,行李箱; 行李整理; 衣物收纳; 笔记本电脑; 武汉特产; 返程准备,无,冯浩然在客卧拍摄了整理好的返程行李箱，箱内衣物叠放整齐，旁边放着笔记本电脑包和几包武汉特产，背景是卧室的床铺。,"{'province': '湖北省', 'city': '武汉市', 'district': '江岸区', 'streetName': '解放大道', 'streetNumber': '368号', 'poi': '父母家客卧'}",114.282987,30.633093,"{'province': '湖北省', 'city': '武汉市', 'district': '江岸区', 'street': [], 'formatted_address': '湖北省武汉市江岸区[][]'}",a_36
Gallery-1522,115-2,IMG_20251117_132015,2025-11-17 13:20:15,文档扫描; 康复资源表; 手机拍摄; 病房环境; 数据分析; 医疗,"康复资源对比分析表
同济医院社区康复站
评估流程：3个工作日
费用：医保报销比例约70%
江岸区老年康复中心
评估流程：5个工作日
费用：自费部分约200元/次",冯浩然在病房内用手机扫描一份康复资源对比分析表，表格内容清晰，背景是病房的白色墙壁和医疗设备,"{'province': '湖北省', 'city': '武汉市', 'district': '硚口区', 'streetName': '解放大道', 'streetNumber': '1095号', 'poi': '华中科技大学同济医学院附属同济医院(汉口院区)住院部病房'}",114.259951,30.579587,"{'province': '湖北省', 'city': '武汉市', 'district': '硚口区', 'street': [], 'formatted_address': '湖北省武汉市硚口区[][]'}",115-b
Gallery-1523,280-2,IMG_20251117_161230,2025-11-17 16:12:30,物品收纳; 行李箱; 衣物整理; 病房; 出院准备; 个人物品,无,冯浩然在病房内拍摄一个整理好的行李箱，里面整齐叠放着衣物和笔记本电脑，旁边是父亲的个人用品收纳袋,"{'province': '湖北省', 'city': '武汉市', 'district': '硚口区', 'streetName': '解放大道', 'streetNumber': '1095号', 'poi': '华中科技大学同济医学院附属同济医院(汉口院区)住院部病房'}",114.259951,30.579587,"{'province': '湖北省', 'city': '武汉市', 'district': '硚口区', 'street': [], 'formatted_address': '湖北省武汉市硚口区[][]'}",280-b
Gallery-1524,146-8,IMG_20251118_070530,2025-11-18 07:05:30,文档扫描; 拍卖结果; 手机支架; 木质桌面; 清晨; 信息整理,"嘉德秋拍-邮品专场 成交摘要
2025年11月17日
成交总额：RMB 8,520,000
重点拍品：全国山河一片红（撤销发行）邮票
成交价：RMB 1,200,000",冯浩然在病房家属休息区用手机扫描一份“嘉德秋拍-邮品专场”的成交结果摘要文档，文档平铺在木质桌面上，旁边放着他的手机和一杯水。,"{'province': '湖北省', 'city': '武汉市', 'district': '硚口区', 'streetName': '解放大道', 'streetNumber': '1095号', 'poi': '华中科技大学同济医学院附属同济医院住院部家属休息区'}",114.260851,30.578493,"{'province': '湖北省', 'city': '武汉市', 'district': '硚口区', 'street': [], 'formatted_address': '湖北省武汉市硚口区[][]'}",146-h
Gallery-1525,a_36,IMG_20251118_081020,2025-11-18 08:10:20,热干面; 武汉早餐; 芝麻酱; 红油; 葱花; 不锈钢台面; 美食摄影,无,一碗刚出锅的热干面被放在“袁记红油热干面”店的不锈钢台面上，面条上淋着浓郁的芝麻酱和红油，撒着葱花和酸豆角，背景是忙碌的早餐店后厨。,"{'province': '湖北省', 'city': '武汉市', 'district': '硚口区', 'streetName': '宝丰一路', 'streetNumber': 'XX号', 'poi': '袁记红油热干面'}",114.252803,30.580869,"{'province': '湖北省', 'city': '武汉市', 'district': '硚口区', 'street': '宝丰一路', 'formatted_address': '湖北省武汉市硚口区宝丰一路[]'}",a_36
Gallery-1526,81-1,IMG_20251118_113045,2025-11-18 11:30:45,文档扫描; 养老金对比表; 笔记本电脑; 书桌; 投资策略; 金融分析,"个人养老金产品对比分析
产品类型：养老目标基金 / 商业养老保险 / 储蓄存款
风险等级：中 / 低 / 极低
预期年化收益：4%-6% / 2.5%-3.5% / 1.5%-2%
投资策略：基金为主（本人），保险+储蓄为主（父亲）",冯浩然在父母家书房的书桌上，用手机扫描一份打印的个人养老金产品对比分析表格，表格旁边放着他的笔记本电脑和一支笔。,"{'province': '湖北省', 'city': '武汉市', 'district': '江岸区', 'streetName': '解放大道', 'streetNumber': '368号', 'poi': '父母家书房'}",114.282987,30.633093,"{'province': '湖北省', 'city': '武汉市', 'district': '江岸区', 'street': [], 'formatted_address': '湖北省武汉市江岸区[][]'}",81-a
Gallery-1527,a_36,IMG_20251118_150015,2025-11-18 15:00:15,文档扫描; CAD草图; 适老化改造; 卫生间扶手; 防滑垫; 卷尺; 方案细化,"居家适老化改造草图（卫生间）
项目：L型扶手安装 / 淋浴间防滑垫 / 感应夜灯
位置：马桶侧墙 / 淋浴区地面 / 过道墙面
尺寸：扶手长度80cm / 防滑垫90x90cm
预算：RMB 1,200 / RMB 350 / RMB 180",冯浩然在父母家书房，用手机扫描一份手绘的卫生间适老化改造CAD草图局部，图上标注了扶手位置和防滑垫尺寸，草图旁放着卷尺和预算表。,"{'province': '湖北省', 'city': '武汉市', 'district': '江岸区', 'streetName': '解放大道', 'streetNumber': '368号', 'poi': '父母家书房'}",114.282987,30.633093,"{'province': '湖北省', 'city': '武汉市', 'district': '江岸区', 'street': [], 'formatted_address': '湖北省武汉市江岸区[][]'}",a_36
Gallery-1528,281-2-2,IMG_20251119_164520,2025-11-19 16:45:20,健康设备收纳; 电子血压计; 血糖仪; 健康手环; 储物盒; 客厅茶几; 说明书,无,冯浩然将教学完毕的电子血压计、血糖仪和健康手环整齐收纳进客厅茶几下的储物盒中，旁边是拆开的快递纸箱和说明书。,"{'province': '湖北省', 'city': '武汉市', 'district': '江岸区', 'streetName': '解放大道', 'streetNumber': '368号', 'poi': '父母家客厅'}",114.282987,30.633093,"{'province': '湖北省', 'city': '武汉市', 'district': '江岸区', 'street': [], 'formatted_address': '湖北省武汉市江岸区[][]'}",281-b
Gallery-1529,,IMG_20251120_074520,2025-11-20 07:45:20,晨跑; 跑步机; 健身中心; 汗水; 运动T恤; 城市晨光,无,冯浩然在威尔仕健身中心跑步机上晨跑，汗水浸湿了运动T恤，背景是整齐排列的健身器材和落地窗外的城市晨光。,"{'province': '湖南省', 'city': '长沙市', 'district': '岳麓区', 'streetName': '金星中路', 'streetNumber': 'XX号', 'poi': '长沙王府井购物中心威尔仕健身中心'}",112.934376,28.217535,"{'province': '湖南省', 'city': '长沙市', 'district': '岳麓区', 'street': '金星中路', 'formatted_address': '湖南省长沙市岳麓区金星中路[]'}",
Gallery-1530,,IMG_20251120_080510,2025-11-20 08:05:10,手机屏幕; 财经新闻; 股指数据; 休息区; 沙发; 绿植,无,冯浩然在健身房休息区用手机浏览财经新闻，屏幕上显示着全球主要股指收盘数据，背景是简约的沙发和绿植。,"{'province': '湖南省', 'city': '长沙市', 'district': '岳麓区', 'streetName': '金星中路', 'streetNumber': 'XX号', 'poi': '长沙王府井购物中心威尔仕健身中心'}",112.934376,28.217535,"{'province': '湖南省', 'city': '长沙市', 'district': '岳麓区', 'street': '金星中路', 'formatted_address': '湖南省长沙市岳麓区金星中路[]'}",
Gallery-1531,,IMG_20251120_083020,2025-11-20 08:30:20,健康早餐; 燕麦粥; 煎蛋; 木质餐桌; 厨房; 阳台,无,冯浩然在自家厨房的餐桌上享用健康早餐，碗中是燕麦粥，盘子里是煎蛋，背景是整洁的厨房台面和窗外阳台。,"{'province': '湖南省', 'city': '长沙市', 'district': '岳麓区', 'streetName': '双塘路', 'streetNumber': '99号', 'poi': '岳麓区机关金星住宅小区自家公寓'}",112.938578,28.221525,"{'province': '湖南省', 'city': '长沙市', 'district': '岳麓区', 'street': '桐梓坡路', 'formatted_address': '湖南省长沙市岳麓区桐梓坡路99号'}",
Gallery-1532,2-12,IMG_20251120_102200,2025-11-20 10:22:00,工作汇报; 上司; 办公室; 交谈; 书柜; 城市景观,无,冯浩然与上司钱永强在总监办公室进行工作汇报，两人坐在办公桌前交谈，背景是书柜和窗外的城市景观。,"{'province': '湖南省', 'city': '长沙市', 'district': '开福区', 'streetName': '芙蓉中路', 'streetNumber': '88号', 'poi': '湖南广电中心写字楼华泰证券办公室钱永强总监办公室'}",113.046548,28.235932,"{'province': '湖南省', 'city': '长沙市', 'district': '开福区', 'street': [], 'formatted_address': '湖南省长沙市开福区[][]'}",2-p
Gallery-1533,2-12,IMG_20251120_111530,2025-11-20 11:15:30,工作交接; 同事; PPT投影; 会议室; 讨论; 客户动态,无,冯浩然与同事郑文博在小型会议室进行工作交接，投影屏幕上显示着详细的PPT内容，两人正对着屏幕讨论。,"{'province': '湖南省', 'city': '长沙市', 'district': '开福区', 'streetName': '芙蓉中路', 'streetNumber': '88号', 'poi': '湖南广电中心写字楼华泰证券办公室小型会议室'}",113.046548,28.235932,"{'province': '湖南省', 'city': '长沙市', 'district': '开福区', 'street': [], 'formatted_address': '湖南省长沙市开福区[][]'}",2-p
Gallery-1534,154-14,IMG_20251120_153042,2025-11-20 15:30:42,瑜伽垫; 家居环境; 运动装备; 拆封; 地板; 水杯; 手机,"PRO YOGA MAT
Premium Non-Slip
Eco-Friendly Material",一张铺在客厅地板上的崭新灰色瑜伽垫，旁边放着一个水杯和一部亮着屏幕的手机，背景是沙发和窗帘。,"{'province': '北京市', 'city': '北京市', 'district': '朝阳区', 'streetName': '建国门外大街', 'streetNumber': '88号', 'poi': '冯浩然家'}",116.475257,39.907284,"{'province': '北京市', 'city': '北京市', 'district': '朝阳区', 'street': '建国门外大街', 'formatted_address': '北京市北京市朝阳区建国门外大街88号'}",154-n
Gallery-1535,81-2,IMG_20251120_210500,2025-11-20 21:05:00,养老金研究; 纸质笔记; 笔记本电脑; 电子文档; 书房; 整理,无,冯浩然在自家书房整理个人养老金研究笔记，桌面上摊开着写满要点的纸质笔记和打开的笔记本电脑，屏幕上是电子文档大纲。,"{'province': '湖南省', 'city': '长沙市', 'district': '岳麓区', 'streetName': '双塘路', 'streetNumber': '99号', 'poi': '岳麓区机关金星住宅小区自家书房'}",112.938578,28.221525,"{'province': '湖南省', 'city': '长沙市', 'district': '岳麓区', 'street': '桐梓坡路', 'formatted_address': '湖南省长沙市岳麓区桐梓坡路99号'}",81-b
Gallery-1536,a_121,IMG_20251120_224530,2025-11-20 22:45:30,阳台植物; 绿植; 手机灯光; 昏暗客厅; 音箱; 晚间放松,无,冯浩然在客厅检查阳台上的植物，手机灯光照亮了绿植的叶片，背景是昏暗的客厅和播放着舒缓纯音乐的音箱。,"{'province': '湖南省', 'city': '长沙市', 'district': '岳麓区', 'streetName': '双塘路', 'streetNumber': '99号', 'poi': '岳麓区机关金星住宅小区自家客厅'}",112.938578,28.221525,"{'province': '湖南省', 'city': '长沙市', 'district': '岳麓区', 'street': '桐梓坡路', 'formatted_address': '湖南省长沙市岳麓区桐梓坡路99号'}",a_121
Gallery-1537,63-1-2,IMG_20251121_190500,2025-11-21 19:05:00,单反相机; 红膜手电筒; 保暖衣物; 装备收纳; 深色床单; 夜间观测准备,无,冯浩然在家中卧室整理夜间观测装备，包括单反相机、红膜手电筒和保暖衣物，整齐摆放在深色床单上,"{'province': '湖南省', 'city': '长沙市', 'district': '岳麓区', 'streetName': '双塘路', 'streetNumber': '99号', 'poi': '岳麓区机关金星住宅小区'}",112.938578,28.221525,"{'province': '湖南省', 'city': '长沙市', 'district': '岳麓区', 'street': '桐梓坡路', 'formatted_address': '湖南省长沙市岳麓区桐梓坡路99号'}",63-a
Gallery-1538,63-1-5,IMG_20251121_201500,2025-11-21 20:15:00,望远镜目镜; 土星光环; 天文观测; 模糊影像; 昏暗环境; 专业设备,无,冯浩然在湖南省天文台观测室，通过专业望远镜的目镜拍摄土星及其光环的模糊影像，背景是天文台内部昏暗的环境,"{'province': '湖南省', 'city': '长沙市', 'district': '岳麓区', 'streetName': '登高路', 'streetNumber': '58号', 'poi': '湖南省天文台（岳麓山）'}",112.936606,28.180729,"{'province': '湖南省', 'city': '长沙市', 'district': '岳麓区', 'street': '登高路', 'formatted_address': '湖南省长沙市岳麓区登高路58号'}",63-a
Gallery-1539,63-1-4,IMG_20251121_202000,2025-11-21 20:20:00,科普讲座海报; 系外行星探索; 天文台入口; 活动信息; 宣传栏,湖南省天文台公众开放日 - 系外行星探索科普讲座 时间：2025年11月21日 19:50-20:30 主讲人：王研究员 免费参与,冯浩然拍摄湖南省天文台入口处的科普讲座海报，海报上印有‘系外行星探索’主题、讲座时间和主讲人信息,"{'province': '湖南省', 'city': '长沙市', 'district': '岳麓区', 'streetName': '登高路', 'streetNumber': '58号', 'poi': '湖南省天文台（岳麓山）'}",112.936606,28.180729,"{'province': '湖南省', 'city': '长沙市', 'district': '岳麓区', 'street': '登高路', 'formatted_address': '湖南省长沙市岳麓区登高路58号'}",63-a
Gallery-1540,109-2,IMG_20251122_124520,2025-11-22 12:45:20,炙烤三文鱼; 牛油果沙拉; 轻食; 午餐; 简约餐厅; 冷萃绿茶,无,冯浩然在Green Bowl轻食餐厅(滨江店)享用炙烤三文鱼牛油果沙拉，餐盘旁放着无糖冷萃绿茶，背景是简约的餐厅环境,"{'province': '湖南省', 'city': '长沙市', 'district': '岳麓区', 'streetName': '茶子山路', 'streetNumber': 'XX号', 'poi': 'Green Bowl轻食餐厅(滨江店)'}",112.954321,28.241164,"{'province': '湖南省', 'city': '长沙市', 'district': '岳麓区', 'street': '茶子山路', 'formatted_address': '湖南省长沙市岳麓区茶子山路[]'}",109-b
Gallery-1541,109-2,IMG_20251122_130105,2025-11-22 13:01:05,手机屏幕; 领养信息; 橘猫; 救助中心; 朋友圈截图; 宠物,长沙流浪天使救助中心 橘猫领养 年龄：约1岁 已驱虫/疫苗 领养热线：0731-XXXXXXX,冯浩然手机屏幕上显示着长沙流浪天使救助中心发布的橘猫领养信息，背景是餐厅的木质桌面,"{'province': '湖南省', 'city': '长沙市', 'district': '岳麓区', 'streetName': '茶子山路', 'streetNumber': 'XX号', 'poi': 'Green Bowl轻食餐厅(滨江店)'}",112.954321,28.241164,"{'province': '湖南省', 'city': '长沙市', 'district': '岳麓区', 'street': '茶子山路', 'formatted_address': '湖南省长沙市岳麓区茶子山路[]'}",109-b
Gallery-1542,,IMG_20251122_184530,2025-11-22 18:45:30,聚餐; 跑友; 湘菜; 老街鱼嘴巴; 小炒黄牛肉; 举杯; 餐厅卡座,无,冯浩然与跑友高云飞在老街鱼嘴巴餐厅聚餐，两人举杯相视而笑，桌上摆着老街鱼嘴巴和小炒黄牛肉等湘菜,"{'province': '湖南省', 'city': '长沙市', 'district': '天心区', 'streetName': '湘江中路', 'streetNumber': 'XX号', 'poi': '老街鱼嘴巴(湘江中路总店)'}",112.969219,28.191741,"{'province': '湖南省', 'city': '长沙市', 'district': '天心区', 'street': [], 'formatted_address': '湖南省长沙市天心区[][]'}",
Gallery-1543,279-10,IMG_20251122_212015,2025-11-22 21:20:15,电脑屏幕; 财务规划; 文档; 风险防御; 家庭财务; 书房,家庭财务安全网升级方案V1.0 制定人：冯浩然 日期：2025-11-22 一、风险识别 1. 父母医疗风险 2. 个人职业风险 3. 市场投资风险,冯浩然在书房电脑屏幕上打开《家庭财务安全网升级方案V1.0》文档，文档标题和部分风险识别内容清晰可见,"{'province': '湖南省', 'city': '长沙市', 'district': '岳麓区', 'streetName': '双塘路', 'streetNumber': '99号', 'poi': '岳麓区机关金星住宅小区家中书房'}",112.938578,28.221525,"{'province': '湖南省', 'city': '长沙市', 'district': '岳麓区', 'street': '桐梓坡路', 'formatted_address': '湖南省长沙市岳麓区桐梓坡路99号'}",279-j
Gallery-1544,,IMG_20251123_092015,2025-11-23 09:20:15,岳麓山; 晨跑; 穿石坡湖; 秋日树林; 晨雾; 慢跑者,无,冯浩然在岳麓山穿石坡湖边慢跑，背景是晨雾笼罩的湖面和秋日泛黄的树林,"{'province': '湖南省', 'city': '长沙市', 'district': '岳麓区', 'streetName': '登高路', 'streetNumber': '58号', 'poi': '岳麓山风景名胜区穿石坡湖'}",112.936233,28.175984,"{'province': '湖南省', 'city': '长沙市', 'district': '岳麓区', 'street': '登高路', 'formatted_address': '湖南省长沙市岳麓区登高路58号'}",
Gallery-1545,,IMG_20251123_094530,2025-11-23 09:45:30,导览图; 岳麓山; 景区地图; 旅游信息; 景点标注,岳麓山风景名胜区导览图 国家5A级旅游景区 开放时间：06:00-22:00,岳麓山风景名胜区的景区导览图立在路边，上面清晰地标注了主要景点和路线,"{'province': '湖南省', 'city': '长沙市', 'district': '岳麓区', 'streetName': '登高路', 'streetNumber': '58号', 'poi': '岳麓山风景名胜区东门入口'}",112.936104,28.183601,"{'province': '湖南省', 'city': '长沙市', 'district': '岳麓区', 'street': '登高路', 'formatted_address': '湖南省长沙市岳麓区登高路58号'}",
Gallery-1546,,IMG_20251123_111015,2025-11-23 11:10:15,健康早餐; 全麦面包; 煎蛋; 牛油果; 手冲咖啡; 木质餐桌,无,冯浩然在家中厨房的木质餐桌上享用早餐，餐盘里有全麦面包、煎蛋和牛油果，旁边放着一杯手冲咖啡,"{'province': '湖南省', 'city': '长沙市', 'district': '岳麓区', 'streetName': '双塘路', 'streetNumber': '99号', 'poi': '岳麓区机关金星住宅小区家中厨房'}",112.938578,28.221525,"{'province': '湖南省', 'city': '长沙市', 'district': '岳麓区', 'street': '桐梓坡路', 'formatted_address': '湖南省长沙市岳麓区桐梓坡路99号'}",
Gallery-1547,a_109,IMG_20251123_112230,2025-11-23 11:22:30,平板电脑; 领养推文; 橘猫照片; 救助站信息; 屏幕截图,小尾巴动物救助站 寻找有缘人领养橘猫弟弟 年龄：约1岁 健康状况：已驱虫、已免疫,冯浩然在客厅沙发上用平板电脑查看橘猫领养推文的截图，屏幕上显示着橘猫的照片和救助站信息,"{'province': '湖南省', 'city': '长沙市', 'district': '岳麓区', 'streetName': '双塘路', 'streetNumber': '99号', 'poi': '岳麓区机关金星住宅小区家中客厅'}",112.938578,28.221525,"{'province': '湖南省', 'city': '长沙市', 'district': '岳麓区', 'street': '桐梓坡路', 'formatted_address': '湖南省长沙市岳麓区桐梓坡路99号'}",a_109
Gallery-1548,109-3-2,IMG_20251123_173540,2025-11-23 17:35:40,橘猫; 救助站; 笼舍; 好奇张望; 宠物; 猫咪,无,一只橘猫在救助站的笼舍里，好奇地探出头来，眼睛圆溜溜地看着镜头,"{'province': '湖南省', 'city': '长沙市', 'district': '岳麓区', 'streetName': '含浦大道', 'streetNumber': '117号', 'poi': '小尾巴动物救助站'}",112.909593,28.137776,"{'province': '湖南省', 'city': '长沙市', 'district': '岳麓区', 'street': '含浦大道', 'formatted_address': '湖南省长沙市岳麓区含浦大道[]'}",109-c
Gallery-1549,109-3-2,IMG_20251123_174205,2025-11-23 17:42:05,人猫互动; 手指被蹭; 橘猫亲昵; 咕噜声; 救助站; 温情瞬间,无,冯浩然蹲在笼舍前，伸出手指让橘猫蹭，橘猫眯着眼睛发出咕噜声，显得非常亲昵,"{'province': '湖南省', 'city': '长沙市', 'district': '岳麓区', 'streetName': '含浦大道', 'streetNumber': '117号', 'poi': '小尾巴动物救助站'}",112.909593,28.137776,"{'province': '湖南省', 'city': '长沙市', 'district': '岳麓区', 'street': '含浦大道', 'formatted_address': '湖南省长沙市岳麓区含浦大道[]'}",109-c
Gallery-1550,,IMG_20251123_191025,2025-11-23 19:10:25,豚骨拉面; 日式拉面; 叉烧; 溏心蛋; 海苔; 热气腾腾,无,一碗热气腾腾的豚骨拉面放在日式拉面店的木质桌面上，汤色浓郁，配有叉烧、溏心蛋和海苔,"{'province': '湖南省', 'city': '长沙市', 'district': '岳麓区', 'streetName': '桐梓坡路', 'streetNumber': 'XX号', 'poi': '味千拉面（万科西街花园店）'}",112.927635,28.217786,"{'province': '湖南省', 'city': '长沙市', 'district': '岳麓区', 'street': [], 'formatted_address': '湖南省长沙市岳麓区[][]'}",
Gallery-1551,129-6,IMG_20251123_221015,2025-11-23 22:10:15,调色软件; 电脑屏幕; 视频剪辑; 色彩调整; 工作场景; 书房,DaVinci Resolve Studio - 色彩页面 - 片段：《湘黔行纪_最终调色》,冯浩然在书房电脑前，屏幕上显示着专业调色软件的界面，正在进行《湘黔行纪》短片的色彩调整,"{'province': '湖南省', 'city': '长沙市', 'district': '岳麓区', 'streetName': '双塘路', 'streetNumber': '99号', 'poi': '岳麓区机关金星住宅小区家中书房'}",112.938578,28.221525,"{'province': '湖南省', 'city': '长沙市', 'district': '岳麓区', 'street': '桐梓坡路', 'formatted_address': '湖南省长沙市岳麓区桐梓坡路99号'}",129-f
Gallery-1552,,IMG_20251124_185510,2025-11-24 18:55:10,健康晚餐; 煎鸡胸肉; 蔬菜沙拉; 白色瓷盘; 厨房灶台; 自制美食,无,冯浩然在家中厨房将煎好的鸡胸肉和沙拉菜摆放在白色瓷盘中，背景是整洁的灶台和调料瓶,"{'province': '湖南省', 'city': '长沙市', 'district': '岳麓区', 'streetName': '双塘路', 'streetNumber': '99号', 'poi': '岳麓区机关金星住宅小区'}",112.938578,28.221525,"{'province': '湖南省', 'city': '长沙市', 'district': '岳麓区', 'street': '桐梓坡路', 'formatted_address': '湖南省长沙市岳麓区桐梓坡路99号'}",
Gallery-1553,154-15,IMG_20251125_123015,2025-11-25 12:30:15,湘菜; 剁椒鱼头; 辣椒炒肉; 午餐聚餐; 同事; 中式餐馆,无,冯浩然与同事郑文博在‘老长沙味道’湘菜馆共进午餐，桌上摆着剁椒鱼头和辣椒炒肉，背景是中式装修的餐馆环境,"{'province': '湖南省', 'city': '长沙市', 'district': '开福区', 'streetName': '金鹰路', 'streetNumber': 'XX号', 'poi': '老长沙味道湘菜馆'}",113.0459,28.246161,"{'province': '湖南省', 'city': '长沙市', 'district': '开福区', 'street': '金鹰路', 'formatted_address': '湖南省长沙市开福区金鹰路[]'}",154-o
Gallery-1554,81-5,IMG_20251125_152030,2025-11-25 15:20:30,手机屏幕; 养老金账户; 开户成功; APP界面; 文档扫描; 金融操作,个人养老金账户开户成功 账户号：PFA20251125****** 缴存金额：12000.00元 产品名称：华夏养老目标日期2045基金 操作时间：2025-11-25 15:19:22,冯浩然在办公室工位上拍摄手机银行APP的养老金开户成功确认页面，屏幕上显示账户信息和基金选择详情,"{'province': '湖南省', 'city': '长沙市', 'district': '开福区', 'streetName': '芙蓉中路', 'streetNumber': '88号', 'poi': '湖南广电中心写字楼华泰证券办公室'}",113.046548,28.235932,"{'province': '湖南省', 'city': '长沙市', 'district': '开福区', 'street': [], 'formatted_address': '湖南省长沙市开福区[][]'}",81-e
Gallery-1555,a_3,IMG_20251126_084530,2025-11-26 08:45:30,早高峰; 车流; 高楼大厦; 通勤; 城市街景; 湖南广电中心,无,冯浩然在通勤途中拍摄芙蓉中路早高峰街景，车流穿梭于高楼大厦之间，远处可见湖南广电中心大楼,"{'province': '湖南省', 'city': '长沙市', 'district': '开福区', 'streetName': '芙蓉中路', 'streetNumber': 'XX号', 'poi': '湖南广电中心写字楼附近'}",113.046548,28.235932,"{'province': '湖南省', 'city': '长沙市', 'district': '开福区', 'street': [], 'formatted_address': '湖南省长沙市开福区[][]'}",a_3
Gallery-1556,3-2,IMG_20251126_095015,2025-11-26 09:50:15,电脑屏幕; 数据表格; 客户资产; 年终总结; 工作文档; 金融数据,2025年度客户资产数据汇总表 截至2025-11-26 单位：万元,冯浩然拍摄电脑屏幕上显示的2025年客户资产数据汇总表，表格清晰展示了各季度资产增长与交易记录,"{'province': '湖南省', 'city': '长沙市', 'district': '开福区', 'streetName': '芙蓉中路', 'streetNumber': '88号', 'poi': '华泰证券办公室'}",112.986675,28.223728,"{'province': '湖南省', 'city': '长沙市', 'district': '开福区', 'street': '芙蓉中路', 'formatted_address': '湖南省长沙市开福区芙蓉中路88号'}",3-j
Gallery-1557,,IMG_20251126_122520,2025-11-26 12:25:20,剁椒鱼头; 同事聚餐; 湘菜; 午餐; 餐桌; 美食记录,无,冯浩然与同事郑文博在老长沙口味馆共进午餐，桌上摆着剁椒鱼头和米饭，两人正在愉快交谈,"{'province': '湖南省', 'city': '长沙市', 'district': '开福区', 'streetName': '金鹰路', 'streetNumber': 'XX号', 'poi': '老长沙口味馆'}",113.0459,28.246161,"{'province': '湖南省', 'city': '长沙市', 'district': '开福区', 'street': '金鹰路', 'formatted_address': '湖南省长沙市开福区金鹰路[]'}",
Gallery-1558,,IMG_20251127_072015,2025-11-27 07:20:15,早餐; 煎蛋培根; 手冲咖啡; 木质餐桌; 早晨; 美食摄影,无,冯浩然将刚做好的早餐摆放在木质餐桌上，盘中是煎蛋、培根和全麦面包，旁边放着刚冲泡好的手冲咖啡，背景是清晨的厨房和餐厅。,"{'province': '湖南省', 'city': '长沙市', 'district': '岳麓区', 'streetName': '双塘路', 'streetNumber': '99号', 'poi': '岳麓区机关金星住宅小区'}",112.938578,28.221525,"{'province': '湖南省', 'city': '长沙市', 'district': '岳麓区', 'street': '桐梓坡路', 'formatted_address': '湖南省长沙市岳麓区桐梓坡路99号'}",
Gallery-1559,116-2,IMG_20251128_074520,2025-11-28 07:45:20,早餐; 牛油果; 全麦面包; 咖啡; 清晨; 街边小店,无,冯浩然在小区外双塘路边的早餐店享用牛油果鸡蛋全麦三明治和咖啡，背景是清晨的街道和来往的上班族,"{'province': '湖南省', 'city': '长沙市', 'district': '岳麓区', 'streetName': '双塘路', 'streetNumber': 'XX号', 'poi': '小区外早餐店'}",112.938131,28.217347,"{'province': '湖南省', 'city': '长沙市', 'district': '岳麓区', 'street': '双塘路', 'formatted_address': '湖南省长沙市岳麓区双塘路[]'}",116-b
Gallery-1560,128-13,IMG_20251128_092015,2025-11-28 09:20:15,办公桌; 学习笔记; iPad; 茶杯; 整理收纳; 工作准备,无,冯浩然在办公室整理好的桌面上，整齐摆放着《Premiere核心技巧》学习笔记、iPad和茶杯，背景是电脑屏幕,"{'province': '湖南省', 'city': '长沙市', 'district': '开福区', 'streetName': '芙蓉中路', 'streetNumber': '88号', 'poi': '湖南广电中心写字楼办公室'}",113.046548,28.235932,"{'province': '湖南省', 'city': '长沙市', 'district': '开福区', 'street': [], 'formatted_address': '湖南省长沙市开福区[][]'}",128-m
Gallery-1561,a_3,IMG_20251128_114530,2025-11-28 11:45:30,电脑屏幕; 投资报告; 文档; 图表; 工作成果; 金融,"2026年度投资策略报告（终版）
宏观经济展望与板块配置建议
华泰证券股份有限公司
2025年11月28日",冯浩然电脑屏幕上显示着刚完成的《2026年度投资策略报告（终版）》文档页面，页面包含宏观经济展望的图表和文字,"{'province': '湖南省', 'city': '长沙市', 'district': '开福区', 'streetName': '芙蓉中路', 'streetNumber': '88号', 'poi': '湖南广电中心写字楼办公室'}",113.046548,28.235932,"{'province': '湖南省', 'city': '长沙市', 'district': '开福区', 'street': [], 'formatted_address': '湖南省长沙市开福区[][]'}",a_3
Gallery-1562,98-1,IMG_20251128_181205,2025-11-28 18:12:05,研讨会; PPT; 大屏幕; 资产配置; 金融; 演讲,"全球经济周期下的资产配置再平衡
主讲人：张经理
2025年金融行业投资趋势研讨会
北辰国荟酒店会议中心",研讨会现场大屏幕上正在播放主题为‘全球经济周期下的资产配置再平衡’的PPT，内容包含一张复杂的资产配置象限图,"{'province': '湖南省', 'city': '长沙市', 'district': '开福区', 'streetName': '湘江北路三段', 'streetNumber': '1500号', 'poi': '北辰国荟酒店会议中心'}",112.98255,28.239582,"{'province': '湖南省', 'city': '长沙市', 'district': '开福区', 'street': '湘江北路三段', 'formatted_address': '湖南省长沙市开福区湘江北路三段1500号'}",98-a
Gallery-1563,,IMG_20251128_230510,2025-11-28 23:05:10,睡前; 床头; 书籍; 手机; 规划明日; 温馨,无,冯浩然靠在卧室床头，床头柜上摆放着摊开的书籍《原则》、手机和一杯水，背景是温暖的床头灯光,"{'province': '湖南省', 'city': '长沙市', 'district': '岳麓区', 'streetName': '双塘路', 'streetNumber': '99号', 'poi': '岳麓区机关金星住宅小区家中卧室'}",112.938578,28.221525,"{'province': '湖南省', 'city': '长沙市', 'district': '岳麓区', 'street': '桐梓坡路', 'formatted_address': '湖南省长沙市岳麓区桐梓坡路99号'}",
Gallery-1564,,IMG_20251129_083000,2025-11-29 08:30:00,全麦面包; 煎蛋; 牛油果; 手冲咖啡; 早餐; 木质餐桌; 财经资讯,无,冯浩然在家中餐桌上拍摄自己制作的全麦面包、煎蛋、牛油果和手冲咖啡早餐，背景是iPad上显示的财经资讯,"{'province': '湖南省', 'city': '长沙市', 'district': '岳麓区', 'streetName': '双塘路', 'streetNumber': '99号', 'poi': '岳麓区机关金星住宅小区'}",112.938578,28.221525,"{'province': '湖南省', 'city': '长沙市', 'district': '岳麓区', 'street': '桐梓坡路', 'formatted_address': '湖南省长沙市岳麓区桐梓坡路99号'}",
Gallery-1565,53-3-1,IMG_20251129_150000,2025-11-29 15:00:00,PPT截图; 电脑屏幕; 业绩数据; 图表; 述职报告; 办公室,无,冯浩然在华泰证券办公室电脑屏幕上拍摄年度述职PPT的截图，PPT内容包含业绩数据和图表,"{'province': '湖南省', 'city': '长沙市', 'district': '开福区', 'streetName': '芙蓉中路', 'streetNumber': '88号', 'poi': '湖南广电中心写字楼'}",113.046548,28.235932,"{'province': '湖南省', 'city': '长沙市', 'district': '开福区', 'street': [], 'formatted_address': '湖南省长沙市开福区[][]'}",53-c
Gallery-1566,,IMG_20251129_172500,2025-11-29 17:25:00,湘江; 江景; 夕阳; 波光粼粼; 城市天际线; 餐厅包厢,无,冯浩然在麓筵餐厅包厢内拍摄窗外的湘江江景，夕阳下的江面波光粼粼，对岸建筑清晰可见,"{'province': '湖南省', 'city': '长沙市', 'district': '天心区', 'streetName': '湘江中路二段', 'streetNumber': 'XX号', 'poi': '麓筵餐厅'}",112.969688,28.190762,"{'province': '湖南省', 'city': '长沙市', 'district': '天心区', 'street': '湘江中路二段', 'formatted_address': '湖南省长沙市天心区湘江中路二段[]'}",
Gallery-1567,114-15,IMG_20251129_184500,2025-11-29 18:45:00,紫苏桃子姜焖排骨; 剁椒鱼头; 创意湘菜; 聚餐; 餐桌; 美食,无,冯浩然在麓筵餐厅包厢内拍摄餐桌上的紫苏桃子姜焖排骨和剁椒鱼头等创意湘菜，餐具精致，菜品色泽诱人,"{'province': '湖南省', 'city': '长沙市', 'district': '天心区', 'streetName': '湘江中路二段', 'streetNumber': 'XX号', 'poi': '麓筵餐厅'}",112.969688,28.190762,"{'province': '湖南省', 'city': '长沙市', 'district': '天心区', 'street': '湘江中路二段', 'formatted_address': '湖南省长沙市天心区湘江中路二段[]'}",114-o
Gallery-1568,,IMG_20251130_070830,2025-11-30 07:08:30,银杏树; 金黄叶子; 晨光; 斑驳光影; 健身步道; 秋日,无,冯浩然在小区健身步道晨跑后，拍摄了路边一棵挂满金黄叶子的银杏树，阳光透过树叶形成斑驳的光影。,"{'province': '湖南省', 'city': '长沙市', 'district': '岳麓区', 'streetName': '双塘路', 'streetNumber': '99号', 'poi': '岳麓区机关金星住宅小区健身步道'}",112.938578,28.221525,"{'province': '湖南省', 'city': '长沙市', 'district': '岳麓区', 'street': '桐梓坡路', 'formatted_address': '湖南省长沙市岳麓区桐梓坡路99号'}",
Gallery-1569,,IMG_20251130_074520,2025-11-30 07:45:20,早餐; 全麦吐司; 煎蛋培根; 手冲咖啡; 木质餐桌; 晨光,无,冯浩然在自家厨房的木质餐桌上享用早餐，盘中有烤得焦黄的全麦吐司、煎蛋和培根，旁边放着一杯手冲咖啡和iPad，晨光透过窗户洒在桌面上。,"{'province': '湖南省', 'city': '长沙市', 'district': '岳麓区', 'streetName': '双塘路', 'streetNumber': '99号', 'poi': '岳麓区机关金星住宅小区'}",112.938578,28.221525,"{'province': '湖南省', 'city': '长沙市', 'district': '岳麓区', 'street': '桐梓坡路', 'formatted_address': '湖南省长沙市岳麓区桐梓坡路99号'}",
Gallery-1570,146-9,IMG_20251130_083340,2025-11-30 08:33:40,笔记本电脑; 相机; 工作收纳; 皮质沙发; 咖啡馆环境; 物品摆放,无,冯浩然在咖啡厅整理工作物品，拍摄了桌上摆放整齐的笔记本电脑、相机、笔记本和钢笔，背景是咖啡厅的皮质沙发。,"{'province': '湖南省', 'city': '长沙市', 'district': '芙蓉区', 'streetName': '浏阳河大道', 'streetNumber': '567号', 'poi': '一丹咖啡厅'}",113.040131,28.205272,"{'province': '湖南省', 'city': '长沙市', 'district': '芙蓉区', 'street': '浏阳河大道', 'formatted_address': '湖南省长沙市芙蓉区浏阳河大道[]'}",146-i
Gallery-1571,146-9,IMG_20251130_090105,2025-11-30 09:01:05,手冲咖啡; 巴拿马瑰夏; 玻璃分享壶; 风味卡片; 木质桌面; 咖啡馆,"巴拿马 瑰夏 水洗
风味：茉莉花 柑橘 蜂蜜
冲煮：沈心怡 2025.11.30",冯浩然在一丹咖啡厅的靠窗位置，拍摄了一杯刚冲泡好的巴拿马瑰夏手冲咖啡，咖啡液清澈，旁边放着咖啡师沈心怡手写的风味卡片。,"{'province': '湖南省', 'city': '长沙市', 'district': '芙蓉区', 'streetName': '浏阳河大道', 'streetNumber': '567号', 'poi': '一丹咖啡厅'}",113.040131,28.205272,"{'province': '湖南省', 'city': '长沙市', 'district': '芙蓉区', 'street': '浏阳河大道', 'formatted_address': '湖南省长沙市芙蓉区浏阳河大道[]'}",146-i
Gallery-1572,a_139,IMG_20251130_161520,2025-11-30 16:15:20,橘猫; 藤椅; 老式理发店; 晒太阳; 街头摄影; 生活场景,无,冯浩然在金星中路进行扫街摄影时，捕捉到一只橘猫慵懒地趴在老式理发店门口的藤椅上晒太阳的温馨场景。,"{'province': '湖南省', 'city': '长沙市', 'district': '岳麓区', 'streetName': '金星中路', 'streetNumber': 'XX号', 'poi': '老式理发店门口'}",112.934376,28.217535,"{'province': '湖南省', 'city': '长沙市', 'district': '岳麓区', 'street': '金星中路', 'formatted_address': '湖南省长沙市岳麓区金星中路[]'}",a_139
Gallery-1573,57-1,IMG_20251130_172210,2025-11-30 17:22:10,超市购物车; 新鲜鸡蛋; 牛奶; 沙拉菜; 黑巧克力; 采购物资,无,冯浩然在好又多生活超市的生鲜区，拍摄了购物车里采购的新鲜鸡蛋、牛奶、沙拉菜和黑巧克力等物资。,"{'province': '湖南省', 'city': '长沙市', 'district': '岳麓区', 'streetName': '望岳路', 'streetNumber': '299号', 'poi': '好又多生活超市'}",112.921408,28.227697,"{'province': '湖南省', 'city': '长沙市', 'district': '岳麓区', 'street': '望岳路', 'formatted_address': '湖南省长沙市岳麓区望岳路299号'}",57-a
Gallery-1574,57-1,IMG_20251130_172550,2025-11-30 17:25:50,购物小票; 商品清单; 价格明细; 超市收银; 文档扫描,"好又多生活超市
旅行洗漱套装 29.9
独立包装坚果 15.8
鲜鸡蛋 12.5
纯牛奶 8.9
...
合计：112.3元
2025-11-30 17:24",冯浩然在超市收银台结账后，拍摄了购物小票，上面清晰列出了旅行装洗漱用品、坚果、鸡蛋等商品名称和价格。,"{'province': '湖南省', 'city': '长沙市', 'district': '岳麓区', 'streetName': '望岳路', 'streetNumber': '299号', 'poi': '好又多生活超市收银台'}",112.921408,28.227697,"{'province': '湖南省', 'city': '长沙市', 'district': '岳麓区', 'street': '望岳路', 'formatted_address': '湖南省长沙市岳麓区望岳路299号'}",57-a
Gallery-1575,,IMG_20251201_121530,2025-12-01 12:15:30,小炒黄牛肉; 湘菜; 午餐; 同事聚餐; 白色瓷盘; 红辣椒,无,冯浩然与同事郑文博在湘菜馆品尝招牌小炒黄牛肉，菜品色泽红亮，盛放在白色瓷盘中，背景是木质餐桌和热闹的餐厅环境。,"{'province': '湖南省', 'city': '长沙市', 'district': '开福区', 'streetName': '营盘路', 'streetNumber': '47号', 'poi': '老长沙口味湘菜馆(万达店)'}",112.974251,28.205349,"{'province': '湖南省', 'city': '长沙市', 'district': '开福区', 'street': '营盘路', 'formatted_address': '湖南省长沙市开福区营盘路47号'}",
Gallery-1576,,IMG_20251201_184005,2025-12-01 18:40:05,香煎鸡胸肉; 健康晚餐; 西兰花; 白色餐盘; 厨房; 自制美食,无,冯浩然在家中厨房拍摄刚出锅的香煎鸡胸肉，鸡胸肉表面金黄焦香，搭配清炒西兰花，摆放在白色餐盘中。,"{'province': '湖南省', 'city': '长沙市', 'district': '岳麓区', 'streetName': '双塘路', 'streetNumber': '99号', 'poi': '岳麓区机关金星住宅小区'}",112.938578,28.221525,"{'province': '湖南省', 'city': '长沙市', 'district': '岳麓区', 'street': '桐梓坡路', 'formatted_address': '湖南省长沙市岳麓区桐梓坡路99号'}",
Gallery-1577,,IMG_20251202_074530,2025-12-02 07:45:30,营养早餐; 煎蛋; 全麦面包; 水果拼盘; 木质餐桌; 清晨阳光,无,冯浩然在自家餐厅的木质餐桌上享用营养早餐，餐盘里有煎蛋、全麦面包和水果，背景是清晨的阳光透过窗户洒进来。,"{'province': '湖南省', 'city': '长沙市', 'district': '岳麓区', 'streetName': '双塘路', 'streetNumber': '99号', 'poi': '岳麓区机关金星住宅小区'}",112.938578,28.221525,"{'province': '湖南省', 'city': '长沙市', 'district': '岳麓区', 'street': '桐梓坡路', 'formatted_address': '湖南省长沙市岳麓区桐梓坡路99号'}",
Gallery-1578,,IMG_20251202_122015,2025-12-02 12:20:15,剁椒鱼头; 湘菜; 热气腾腾; 红色剁椒; 同事聚餐; 餐馆环境,无,冯浩然与同事郑文博在老湘食餐馆品尝剁椒鱼头，热气腾腾的红色剁椒铺满鱼头，背景是餐馆的木质隔断和食客。,"{'province': '湖南省', 'city': '长沙市', 'district': '芙蓉区', 'streetName': '晚报大道', 'streetNumber': 'XX号', 'poi': '老湘食(晚报店)'}",113.059083,28.200183,"{'province': '湖南省', 'city': '长沙市', 'district': '芙蓉区', 'street': '高家坡路', 'formatted_address': '湖南省长沙市芙蓉区高家坡路[]'}",
Gallery-1579,a_139,IMG_20251202_130520,2025-12-02 13:05:20,雨后街景; 湿漉石板路; 常绿灌木; 水珠; 城市公园; 散步随拍,无,冯浩然在公司附近的街心公园拍摄雨后街景，湿漉漉的石板路映着天光，两旁是挂着水珠的常绿灌木和行人。,"{'province': '湖南省', 'city': '长沙市', 'district': '开福区', 'streetName': '芙蓉中路', 'streetNumber': 'XX号', 'poi': '街心公园'}",112.987227,28.192249,"{'province': '湖南省', 'city': '长沙市', 'district': '开福区', 'street': '芙蓉中路', 'formatted_address': '湖南省长沙市开福区芙蓉中路[]'}",a_139
Gallery-1580,,IMG_20251203_072015,2025-12-03 07:20:15,杂粮饭团; 手冲黑咖啡; 早餐; 厨房; 晨间,无,冯浩然在家中厨房拍摄早餐，餐桌上摆放着微波炉加热的杂粮饭团和一杯手冲黑咖啡，背景是整洁的厨房台面。,"{'province': '湖南省', 'city': '长沙市', 'district': '岳麓区', 'streetName': '双塘路', 'streetNumber': '99号', 'poi': '岳麓区机关金星住宅小区'}",112.938578,28.221525,"{'province': '湖南省', 'city': '长沙市', 'district': '岳麓区', 'street': '桐梓坡路', 'formatted_address': '湖南省长沙市岳麓区桐梓坡路99号'}",
Gallery-1581,150-7-1,IMG_20251203_093530,2025-12-03 09:35:30,PPT截图; 投资报告; 会议; 投影屏幕; 分析图表,全球通胀回落斜率与国内政策空间 - 华泰证券投资顾问部 - 2025年12月,冯浩然在办公室会议室拍摄投影屏幕上的PPT，内容是关于“全球通胀回落斜率与国内政策空间”的分析图表，钱总和郑文博在旁侧听。,"{'province': '湖南省', 'city': '长沙市', 'district': '开福区', 'streetName': '芙蓉中路', 'streetNumber': '88号', 'poi': '湖南广电中心写字楼 华泰证券办公室会议室'}",113.046548,28.235932,"{'province': '湖南省', 'city': '长沙市', 'district': '开福区', 'street': [], 'formatted_address': '湖南省长沙市开福区[][]'}",150-g
Gallery-1582,a_156,IMG_20251203_154520,2025-12-03 15:45:20,冰美式; 咖啡; 圣爵菲斯; 窗边; 下午茶; 放松,无,冯浩然在圣爵菲斯咖啡厅窗边拍摄刚点的冰美式咖啡，咖啡杯旁放着吸管，窗外是芙蓉中路的街景。,"{'province': '湖南省', 'city': '长沙市', 'district': '开福区', 'streetName': '芙蓉中路', 'streetNumber': '88号', 'poi': '圣爵菲斯咖啡厅'}",112.986675,28.223728,"{'province': '湖南省', 'city': '长沙市', 'district': '开福区', 'street': '芙蓉中路', 'formatted_address': '湖南省长沙市开福区芙蓉中路88号'}",a_156
Gallery-1583,,IMG_20251204_071520,2025-12-04 07:15:20,岳麓山; 环山绿道; 晨跑; 爱晚亭; 晨光; 石板路; 康复运动,无,冯浩然在岳麓山环山绿道上快走，清晨的阳光透过树叶洒在石板路上，远处可见爱晚亭的轮廓,"{'province': '湖南省', 'city': '长沙市', 'district': '岳麓区', 'streetName': '登高路', 'streetNumber': '58号', 'poi': '岳麓山风景名胜区'}",112.936104,28.183601,"{'province': '湖南省', 'city': '长沙市', 'district': '岳麓区', 'street': '登高路', 'formatted_address': '湖南省长沙市岳麓区登高路58号'}",
Gallery-1584,,IMG_20251204_080105,2025-12-04 08:01:05,手冲咖啡; 全麦面包; 煎蛋; 牛油果; 早餐; iPad; 财经新闻,无,冯浩然在家中餐桌上享用早餐，手冲咖啡冒着热气，旁边是全麦面包夹煎蛋和牛油果，iPad上显示着财经新闻,"{'province': '湖南省', 'city': '长沙市', 'district': '岳麓区', 'streetName': '双塘路', 'streetNumber': '99号', 'poi': '岳麓区机关金星住宅小区'}",112.938578,28.221525,"{'province': '湖南省', 'city': '长沙市', 'district': '岳麓区', 'street': '桐梓坡路', 'formatted_address': '湖南省长沙市岳麓区桐梓坡路99号'}",
Gallery-1585,40-5,IMG_20251204_093015,2025-12-04 09:30:15,会议室; 白板; 科技股; 货币政策; 讨论; 数据交换; 工作,无,冯浩然与同事郑文博在小会议室讨论，白板上写满了科技股波动和货币政策的关键词，两人正专注地交换数据,"{'province': '湖南省', 'city': '长沙市', 'district': '开福区', 'streetName': '芙蓉中路', 'streetNumber': '88号', 'poi': '湖南广电中心写字楼华泰证券办公室'}",113.046548,28.235932,"{'province': '湖南省', 'city': '长沙市', 'district': '开福区', 'street': [], 'formatted_address': '湖南省长沙市开福区[][]'}",40-e
Gallery-1586,40-5,IMG_20251204_121045,2025-12-04 12:10:45,湘菜; 小炒黄牛肉; 剁椒鱼头; 午餐; 聚餐; 同事; 美食,无,冯浩然与郑文博在金鹰路湘菜馆共进午餐，桌上摆着小炒黄牛肉、剁椒鱼头和清炒白菜，两人边吃边聊,"{'province': '湖南省', 'city': '长沙市', 'district': '开福区', 'streetName': '金鹰路', 'streetNumber': 'XX号', 'poi': '某湘菜馆'}",113.043533,28.238287,"{'province': '湖南省', 'city': '长沙市', 'district': '开福区', 'street': '金鹰路', 'formatted_address': '湖南省长沙市开福区金鹰路[]'}",40-e
Gallery-1587,288-3,IMG_20251204_152230,2025-12-04 15:22:30,咖啡厅; 美式咖啡; 行业报告; 笔记本电脑; 研究; 靠窗; 下午,无,冯浩然在圣爵菲斯咖啡厅靠窗位置研读行业报告，桌上放着一杯美式咖啡和打开的笔记本电脑，阳光照在报告页面上,"{'province': '湖南省', 'city': '长沙市', 'district': '开福区', 'streetName': '芙蓉中路', 'streetNumber': 'XX号', 'poi': '圣爵菲斯咖啡厅'}",112.987227,28.192249,"{'province': '湖南省', 'city': '长沙市', 'district': '开福区', 'street': '芙蓉中路', 'formatted_address': '湖南省长沙市开福区芙蓉中路[]'}",288-c
Gallery-1588,,IMG_20251204_183510,2025-12-04 18:35:10,康复中心; 手法松解; 肩颈治疗; 治疗师; 康复训练; 医疗,无,冯浩然在跃动运动康复中心接受治疗，王治疗师正在为其进行肩颈手法松解，背景是康复中心的治疗床和器械,"{'province': '湖南省', 'city': '长沙市', 'district': '雨花区', 'streetName': 'XX路', 'streetNumber': 'XX号', 'poi': '跃动运动康复中心'}",113.03853,28.135795,"{'province': '湖南省', 'city': '长沙市', 'district': '雨花区', 'street': [], 'formatted_address': '湖南省长沙市雨花区[][]'}",
Gallery-1589,a_154,IMG_20251204_201520,2025-12-04 20:15:20,瑜伽垫; 康复练习; 胸椎灵活性; 家庭训练; 运动; 客厅,无,冯浩然在家中的瑜伽垫上进行家庭康复练习，正专注于胸椎灵活性训练，背景是客厅的沙发和绿植,"{'province': '湖南省', 'city': '长沙市', 'district': '岳麓区', 'streetName': '双塘路', 'streetNumber': '99号', 'poi': '岳麓区机关金星住宅小区'}",112.938578,28.221525,"{'province': '湖南省', 'city': '长沙市', 'district': '岳麓区', 'street': '桐梓坡路', 'formatted_address': '湖南省长沙市岳麓区桐梓坡路99号'}",a_154
Gallery-1590,288-3,IMG_20251204_214500,2025-12-04 21:45:00,书房; 数据分析; 财务模型; 笔记本电脑; 加班; 研究报告; 金融,无,冯浩然在家中的书房使用专业软件进行数据分析，电脑屏幕上显示着财务比率分析和估值模型，旁边放着打开的研报,"{'province': '湖南省', 'city': '长沙市', 'district': '岳麓区', 'streetName': '双塘路', 'streetNumber': '99号', 'poi': '岳麓区机关金星住宅小区书房'}",112.938578,28.221525,"{'province': '湖南省', 'city': '长沙市', 'district': '岳麓区', 'street': '桐梓坡路', 'formatted_address': '湖南省长沙市岳麓区桐梓坡路99号'}",288-c
Gallery-1591,288-4,IMG_20251205_172015,2025-12-05 17:20:15,会议纪要; 文档扫描; 办公桌; 投资组合; A4纸; 手机拍摄,"林志豪先生投资组合调整方案会议纪要
会议日期：2025-12-05
参会人：冯浩然、林志豪
核心调整：适度增配防御性资产，降低单一行业风险敞口。",冯浩然在办公室的办公桌上，用手机扫描一份关于客户林志豪投资组合调整方案的会议纪要文档，背景是笔记本电脑和一杯绿茶。,"{'province': '湖南省', 'city': '长沙市', 'district': '开福区', 'streetName': '芙蓉中路', 'streetNumber': '88号', 'poi': '湖南广电中心写字楼华泰证券办公室'}",113.046548,28.235932,"{'province': '湖南省', 'city': '长沙市', 'district': '开福区', 'street': [], 'formatted_address': '湖南省长沙市开福区[][]'}",288-d
Gallery-1592,,IMG_20251205_175520,2025-12-05 17:55:20,地铁车窗; 城市街景; 通勤; 黄昏; 建筑剪影; 动态模糊,无,冯浩然在下班通勤途中，从地铁车厢内拍摄窗外掠过的城市建筑群与街道，画面中可见远处的高楼和近处的路灯，天色渐暗。,"{'province': '湖南省', 'city': '长沙市', 'district': '岳麓区', 'streetName': '桐梓坡路', 'streetNumber': 'XX号', 'poi': '长沙地铁2号线车厢内'}",112.927635,28.217786,"{'province': '湖南省', 'city': '长沙市', 'district': '岳麓区', 'street': [], 'formatted_address': '湖南省长沙市岳麓区[][]'}",
Gallery-1593,a_37,IMG_20251205_211030,2025-12-05 21:10:30,书籍收纳; 木质书架; 整理; 书房; 金融书籍; 摄影杂志,无,冯浩然在家中书房的书架上，将几本散落的金融和摄影书籍整齐地归位收纳，画面中可见书籍的侧面和木质书架隔板。,"{'province': '湖南省', 'city': '长沙市', 'district': '岳麓区', 'streetName': '双塘路', 'streetNumber': '99号', 'poi': '岳麓区机关金星住宅小区家中书房'}",112.938578,28.221525,"{'province': '湖南省', 'city': '长沙市', 'district': '岳麓区', 'street': '桐梓坡路', 'formatted_address': '湖南省长沙市岳麓区桐梓坡路99号'}",a_37
Gallery-1594,a_114,IMG_20251205_212205,2025-12-05 21:22:05,电脑屏幕; 文档扫描; 后台留言; 公众号; 截图; 桌面,"用户留言精选
用户A：老师，关于当前宏观环境下债券的配置比例，您有什么建议？
用户B：上周分享的行业轮动策略很受启发，期待更新！
用户C：能否分析一下新能源板块的长期投资逻辑？",冯浩然在书房的桌面上，扫描一份个人投资知识分享公众号的后台留言截图，截图显示在电脑屏幕上，旁边放着手机和一杯蜂蜜水。,"{'province': '湖南省', 'city': '长沙市', 'district': '岳麓区', 'streetName': '双塘路', 'streetNumber': '99号', 'poi': '岳麓区机关金星住宅小区家中书房'}",112.938578,28.221525,"{'province': '湖南省', 'city': '长沙市', 'district': '岳麓区', 'street': '桐梓坡路', 'formatted_address': '湖南省长沙市岳麓区桐梓坡路99号'}",a_114
Gallery-1595,141-2,IMG_20251206_092015,2025-12-06 09:20:15,冬日街景; 梧桐树; 石板路; 阳光树影; 自卑亭; 湖南大学; 人文纪实,无,冯浩然在湖南大学东方红广场拍摄冬日街景，阳光透过梧桐树洒在石板路上，远处是自卑亭的飞檐,"{'province': '湖南省', 'city': '长沙市', 'district': '岳麓区', 'streetName': '麓山南路', 'streetNumber': 'XX号', 'poi': '湖南大学东方红广场'}",112.943877,28.179428,"{'province': '湖南省', 'city': '长沙市', 'district': '岳麓区', 'street': '麓山南路', 'formatted_address': '湖南省长沙市岳麓区麓山南路[]'}",141-b
Gallery-1596,141-2,IMG_20251206_103045,2025-12-06 10:30:45,街头摄影; 自行车; 学生; 红砖墙; 老图书馆; 动态瞬间; 冬日暖阳,无,冯浩然在麓山南路捕捉学生骑自行车经过的瞬间，背景是湖南大学老图书馆的红砖墙和冬日暖阳,"{'province': '湖南省', 'city': '长沙市', 'district': '岳麓区', 'streetName': '麓山南路', 'streetNumber': 'XX号', 'poi': '湖南大学老校区'}",112.945185,28.177932,"{'province': '湖南省', 'city': '长沙市', 'district': '岳麓区', 'street': '麓山南路', 'formatted_address': '湖南省长沙市岳麓区麓山南路[]'}",141-b
Gallery-1597,,IMG_20251206_143530,2025-12-06 14:35:30,生活用品; 超市采购; 牛奶鸡蛋; 蔬菜水果; 厨房台面; 物品收纳; 居家生活,无,冯浩然将采购的牛奶、鸡蛋、蔬菜和水果整齐地摆放在家中厨房的白色大理石台面上，准备分类收纳,"{'province': '湖南省', 'city': '长沙市', 'district': '岳麓区', 'streetName': '双塘路', 'streetNumber': '99号', 'poi': '岳麓区机关金星住宅小区'}",112.938578,28.221525,"{'province': '湖南省', 'city': '长沙市', 'district': '岳麓区', 'street': '桐梓坡路', 'formatted_address': '湖南省长沙市岳麓区桐梓坡路99号'}",
Gallery-1598,98-2,IMG_20251206_191220,2025-12-06 19:12:20,好友聚餐; 湘菜; 剁椒鱼头; 小炒黄牛肉; 举杯庆祝; 餐厅环境; 美食记录,无,彭雨晴和吴俊杰举杯庆祝，餐桌上摆满了剁椒鱼头、小炒黄牛肉等经典湘菜，背景是热闹的湘菜馆,"{'province': '湖南省', 'city': '长沙市', 'district': '开福区', 'streetName': '金鹰路', 'streetNumber': 'XX号', 'poi': '常去湘菜馆'}",113.043533,28.238287,"{'province': '湖南省', 'city': '长沙市', 'district': '开福区', 'street': '金鹰路', 'formatted_address': '湖南省长沙市开福区金鹰路[]'}",98-b
Gallery-1599,98-2,IMG_20251206_200510,2025-12-06 20:05:10,人物合影; 好友聚会; 三人合照; 笑容; 餐厅灯光; 深度社交; 欢乐时光,无,冯浩然与好友彭雨晴、吴俊杰在湘菜馆内亲密合影，三人面带笑容，背景是暖色调的灯光和木质装饰,"{'province': '湖南省', 'city': '长沙市', 'district': '开福区', 'streetName': '金鹰路', 'streetNumber': 'XX号', 'poi': '常去湘菜馆'}",113.043533,28.238287,"{'province': '湖南省', 'city': '长沙市', 'district': '开福区', 'street': '金鹰路', 'formatted_address': '湖南省长沙市开福区金鹰路[]'}",98-b
Gallery-1600,,IMG_20251207_104530,2025-12-07 10:45:30,冰箱收纳; 鸡胸肉; 新鲜蔬菜; 水果分类; 厨房整理; 采购物品,无,冯浩然将采购的鸡胸肉、蔬菜和水果分类放入冰箱冷藏室，背景是整洁的厨房台面和部分未拆封的日用品。,"{'province': '湖南省', 'city': '长沙市', 'district': '岳麓区', 'streetName': '双塘路', 'streetNumber': '99号', 'poi': '岳麓区机关金星住宅小区'}",112.938578,28.221525,"{'province': '湖南省', 'city': '长沙市', 'district': '岳麓区', 'street': '桐梓坡路', 'formatted_address': '湖南省长沙市岳麓区桐梓坡路99号'}",
Gallery-1601,106-4,IMG_20251207_112015,2025-12-07 11:20:15,保险条款; 笔记本电脑屏幕; 健康保险; 产品对比; 文档扫描,XX健康保险计划 - 保障范围：重大疾病保险金、住院医疗津贴... 首年保费：¥XXXX元 投保年龄：18-60周岁,笔记本电脑屏幕上显示着某款健康保险产品的详细条款页面，重点突出了保障范围和保费金额。,"{'province': '湖南省', 'city': '长沙市', 'district': '岳麓区', 'streetName': '双塘路', 'streetNumber': '99号', 'poi': '岳麓区机关金星住宅小区'}",112.938578,28.221525,"{'province': '湖南省', 'city': '长沙市', 'district': '岳麓区', 'street': '桐梓坡路', 'formatted_address': '湖南省长沙市岳麓区桐梓坡路99号'}",106-d
Gallery-1602,a_139,IMG_20251207_160510,2025-12-07 16:05:10,手冲咖啡; 耶加雪菲; 咖啡桌; 摄影杂志; 咖啡馆氛围; 独处时光,无,一杯耶加雪菲手冲咖啡放在原木色咖啡桌上，旁边是摊开的《摄影之友》杂志，背景是咖啡厅温暖的灯光和绿植。,"{'province': '湖南省', 'city': '长沙市', 'district': '芙蓉区', 'streetName': '浏阳河大道', 'streetNumber': 'XX号', 'poi': '一丹咖啡厅'}",113.039134,28.174765,"{'province': '湖南省', 'city': '长沙市', 'district': '芙蓉区', 'street': '浏阳河大道', 'formatted_address': '湖南省长沙市芙蓉区浏阳河大道[]'}",a_139
Gallery-1603,,IMG_20251207_162035,2025-12-07 16:20:35,街头风景; 咖啡馆窗景; 城市街景; 玻璃幕墙; 午后阳光; 行人,无,从咖啡厅的落地窗向外望去，街道上行人匆匆，对面建筑的玻璃幕墙反射着午后的阳光。,"{'province': '湖南省', 'city': '长沙市', 'district': '芙蓉区', 'streetName': '浏阳河大道', 'streetNumber': 'XX号', 'poi': '一丹咖啡厅'}",113.039134,28.174765,"{'province': '湖南省', 'city': '长沙市', 'district': '芙蓉区', 'street': '浏阳河大道', 'formatted_address': '湖南省长沙市芙蓉区浏阳河大道[]'}",
Gallery-1604,,IMG_20251208_073025,2025-12-08 07:30:25,晨光; 林间; 穿石坡湖; 倒影; 岳麓山; 晨跑; 风景摄影,无,冯浩然在岳麓山穿石坡湖边的观景平台上拍摄晨光穿过林间的景象，湖面倒映着初升的太阳和树木的剪影,"{'province': '湖南省', 'city': '长沙市', 'district': '岳麓区', 'streetName': '登高路', 'streetNumber': '58号', 'poi': '岳麓山风景名胜区穿石坡湖观景台'}",112.936233,28.175984,"{'province': '湖南省', 'city': '长沙市', 'district': '岳麓区', 'street': '登高路', 'formatted_address': '湖南省长沙市岳麓区登高路58号'}",
Gallery-1605,a_116,IMG_20251208_074015,2025-12-08 07:40:15,晨跑; 合影; 运动装; 登山步道; 岳麓山; 跑友,无,冯浩然与跑友高云飞在岳麓山登山步道旁合影，两人都穿着运动装，背景是茂密的树林和石板路,"{'province': '湖南省', 'city': '长沙市', 'district': '岳麓区', 'streetName': '登高路', 'streetNumber': '58号', 'poi': '岳麓山风景名胜区登山步道'}",112.936104,28.183601,"{'province': '湖南省', 'city': '长沙市', 'district': '岳麓区', 'street': '登高路', 'formatted_address': '湖南省长沙市岳麓区登高路58号'}",a_116
Gallery-1606,,IMG_20251208_074530,2025-12-08 07:45:30,街头; 晨光; 梧桐树; 柏油路; 岳麓山; 东门,无,冯浩然在下山途中拍摄岳麓山东门附近的街道，清晨的阳光洒在干净的柏油路上，路旁是整齐的梧桐树,"{'province': '湖南省', 'city': '长沙市', 'district': '岳麓区', 'streetName': '登高路', 'streetNumber': 'XX号', 'poi': '岳麓山东门附近街道'}",112.936643,28.145696,"{'province': '湖南省', 'city': '长沙市', 'district': '岳麓区', 'street': [], 'formatted_address': '湖南省长沙市岳麓区[][]'}",
Gallery-1607,37-3-1,IMG_20251208_084520,2025-12-08 08:45:20,CFA成绩单; 电脑屏幕; Pass; 成绩分布; 证书; 金融考试,CFA Program Level III Result - Candidate: Feng Haoran - Pass - 2025-12-08 - Ethics: 70%+ - Portfolio Management: 70%+ - Economics: 70%+,冯浩然在家中书房用手机拍摄电脑屏幕上显示的CFA三级考试成绩单，页面清晰显示“Pass”字样和各科目成绩分布,"{'province': '湖南省', 'city': '长沙市', 'district': '岳麓区', 'streetName': '双塘路', 'streetNumber': '99号', 'poi': '岳麓区机关金星住宅小区家中书房'}",112.938578,28.221525,"{'province': '湖南省', 'city': '长沙市', 'district': '岳麓区', 'street': '桐梓坡路', 'formatted_address': '湖南省长沙市岳麓区桐梓坡路99号'}",37-c
Gallery-1608,,IMG_20251208_113010,2025-12-08 11:30:10,投资组合简报; 客户报告; 金融文档; 办公桌; 图表; 数据,"林志豪先生投资组合简报 - 2025年12月 - 总资产规模：RMB 8,500,000 - 股票类：45% - 债券类：30% - 另类投资：15% - 现金及等价物：10% - 近期表现：+3.2% (YTD)",冯浩然在办公室工位上拍摄一份打印出来的客户林志豪投资组合简报，简报上有关键数据和图表,"{'province': '湖南省', 'city': '长沙市', 'district': '开福区', 'streetName': '芙蓉中路', 'streetNumber': '88号', 'poi': '湖南广电中心写字楼华泰证券办公室'}",113.046548,28.235932,"{'province': '湖南省', 'city': '长沙市', 'district': '开福区', 'street': [], 'formatted_address': '湖南省长沙市开福区[][]'}",
Gallery-1609,157-5,IMG_20251208_121005,2025-12-08 12:10:05,街景; 高楼; 午间阳光; 车流; 芙蓉中路; 城市风光,无,冯浩然与同事郑文博步行前往午餐地点时，拍摄芙蓉中路街景，高楼林立，午间阳光明媚，车流穿梭,"{'province': '湖南省', 'city': '长沙市', 'district': '开福区', 'streetName': '芙蓉中路', 'streetNumber': 'XX号', 'poi': '芙蓉中路商业区'}",112.987227,28.192249,"{'province': '湖南省', 'city': '长沙市', 'district': '开福区', 'street': '芙蓉中路', 'formatted_address': '湖南省长沙市开福区芙蓉中路[]'}",157-e
Gallery-1610,157-5,IMG_20251208_123015,2025-12-08 12:30:15,剁椒鱼头; 湘菜; 美食; 红色剁椒; 热气; 聚餐,无,冯浩然在湘菜馆拍摄餐桌上的剁椒鱼头，红色剁椒铺满鱼头，热气腾腾，旁边点缀着葱花,"{'province': '湖南省', 'city': '长沙市', 'district': '开福区', 'streetName': '金鹰路', 'streetNumber': 'XX号', 'poi': '湘聚楼（金鹰路店）'}",113.043533,28.238287,"{'province': '湖南省', 'city': '长沙市', 'district': '开福区', 'street': '金鹰路', 'formatted_address': '湖南省长沙市开福区金鹰路[]'}",157-e
Gallery-1611,157-5,IMG_20251208_124530,2025-12-08 12:45:30,庆祝; 举杯; 同事聚餐; 湘菜馆; 合影; CFA通过,无,冯浩然与上司钱永强、同事郑文博在湘菜馆举杯庆祝CFA通过，三人面带笑容，背景是餐厅雅致的装饰,"{'province': '湖南省', 'city': '长沙市', 'district': '开福区', 'streetName': '金鹰路', 'streetNumber': 'XX号', 'poi': '湘聚楼（金鹰路店）包厢'}",113.043533,28.238287,"{'province': '湖南省', 'city': '长沙市', 'district': '开福区', 'street': '金鹰路', 'formatted_address': '湖南省长沙市开福区金鹰路[]'}",157-e
Gallery-1612,a_139,IMG_20251208_174520,2025-12-08 17:45:20,晚霞; 城市天际线; 地铁车窗; 暮色; 灯光; 通勤,无,冯浩然在下班地铁通勤途中，透过车窗拍摄傍晚时分的城市天际线与晚霞，高楼轮廓在暮色中逐渐亮起灯光,"{'province': '湖南省', 'city': '长沙市', 'district': '开福区', 'streetName': '地铁3号线', 'streetNumber': 'XX号', 'poi': '长沙地铁3号线车厢内（广电中心站附近）'}",113.046548,28.235932,"{'province': '湖南省', 'city': '长沙市', 'district': '开福区', 'street': [], 'formatted_address': '湖南省长沙市开福区[][]'}",a_139
Gallery-1613,,IMG_20251208_193040,2025-12-08 19:30:40,烧肉拼盘; 日式居酒屋; 炭火烤肉; 美食; 聚餐; 庆祝,无,冯浩然在居酒屋拍摄餐桌上的招牌烧肉拼盘，肉质鲜嫩多汁，炭火烤制的痕迹清晰，搭配着蘸料和蔬菜,"{'province': '湖南省', 'city': '长沙市', 'district': '天心区', 'streetName': '坡子街', 'streetNumber': '144号', 'poi': '焱魔胡同烧肉居酒屋（包厢）'}",112.972137,28.190691,"{'province': '湖南省', 'city': '长沙市', 'district': '天心区', 'street': '坡子街', 'formatted_address': '湖南省长沙市天心区坡子街144号'}",
Gallery-1614,,IMG_20251208_200515,2025-12-08 20:05:15,好友聚餐; 视频连线; 举杯庆祝; 居酒屋; 合影; 隔空干杯,无,冯浩然与好友彭雨晴、吴俊杰在居酒屋包厢内合影，三人举着清酒杯，通过平板电脑与在深圳的董浩然视频连线，屏幕上的董浩然也举杯同庆,"{'province': '湖南省', 'city': '长沙市', 'district': '天心区', 'streetName': '坡子街', 'streetNumber': '144号', 'poi': '焱魔胡同烧肉居酒屋（包厢）'}",112.972137,28.190691,"{'province': '湖南省', 'city': '长沙市', 'district': '天心区', 'street': '坡子街', 'formatted_address': '湖南省长沙市天心区坡子街144号'}",
Gallery-1615,,IMG_20251209_122015,2025-12-09 12:20:15,沙拉; 三明治; 美式咖啡; 午餐; 同事聚餐; 咖啡厅; 简约餐桌,无,冯浩然与同事郑文博在库迪咖啡享用午餐，桌面上摆放着沙拉、三明治和美式咖啡，背景是简约的咖啡厅环境。,"{'province': '湖南省', 'city': '长沙市', 'district': '开福区', 'streetName': '芙蓉中路一段', 'streetNumber': '303号', 'poi': '库迪咖啡(长沙华创国际广场店)'}",112.988469,28.22421,"{'province': '湖南省', 'city': '长沙市', 'district': '开福区', 'street': '芙蓉中路一段', 'formatted_address': '湖南省长沙市开福区芙蓉中路一段303号'}",
Gallery-1616,a_92,IMG_20251209_141530,2025-12-09 14:15:30,电脑屏幕; 文档扫描; 资产简报; 投资组合; 办公桌; 工作记录,客户资产表现简报 - 2025年12月第2周 - 华泰证券投资顾问部,冯浩然在办公室用手机拍摄电脑屏幕上的一份客户资产表现简报初稿，文档标题和部分数据清晰可见。,"{'province': '湖南省', 'city': '长沙市', 'district': '开福区', 'streetName': '芙蓉中路', 'streetNumber': '88号', 'poi': '华泰证券办公室'}",112.986675,28.223728,"{'province': '湖南省', 'city': '长沙市', 'district': '开福区', 'street': '芙蓉中路', 'formatted_address': '湖南省长沙市开福区芙蓉中路88号'}",a_92
Gallery-1617,,IMG_20251209_201520,2025-12-09 20:15:20,日式拉面; 豚骨拉面; 海藻沙拉; 清淡晚餐; 一人食; 餐厅环境; 木质餐桌,无,冯浩然在味千拉面拍摄自己点的盐味豚骨拉面和海藻沙拉，拉面汤色清澈，配菜整齐，背景是日式餐厅的木质隔断。,"{'province': '湖南省', 'city': '长沙市', 'district': '雨花区', 'streetName': '长沙大道', 'streetNumber': '567号', 'poi': '味千拉面(运达汇店)'}",113.042998,28.169927,"{'province': '湖南省', 'city': '长沙市', 'district': '雨花区', 'street': '长沙大道', 'formatted_address': '湖南省长沙市雨花区长沙大道567号'}",
Gallery-1618,,IMG_20251210_071520,2025-12-10 07:15:20,牛油果三明治; 蛋白粉饮品; 木质餐桌; 健康早餐; 厨房一角,无,冯浩然拍摄了一份放在木质餐桌上的健康早餐，包括牛油果鸡蛋全麦三明治和一杯蛋白粉饮品，背景是家中的厨房一角。,"{'province': '湖南省', 'city': '长沙市', 'district': '岳麓区', 'streetName': '双塘路', 'streetNumber': '99号', 'poi': '岳麓区机关金星住宅小区'}",112.938578,28.221525,"{'province': '湖南省', 'city': '长沙市', 'district': '岳麓区', 'street': '桐梓坡路', 'formatted_address': '湖南省长沙市岳麓区桐梓坡路99号'}",
Gallery-1619,39-1-1,IMG_20251210_085510,2025-12-10 08:55:10,导视牌; 医院; 骨科门诊; 科室分布; 楼层指示,"骨科门诊 3楼 301-310室
康复医学科 3楼 311-320室
放射科 2楼 201-210室
工作时间：周一至周五 8:00-12:00 14:30-17:30",冯浩然在医院骨科门诊拍摄了墙上的科室导视牌，上面清晰地列出了各科室的名称和楼层分布。,"{'province': '湖南省', 'city': '长沙市', 'district': '芙蓉区', 'streetName': '人民中路', 'streetNumber': '139号', 'poi': '中南大学湘雅二医院'}",112.993976,28.187932,"{'province': '湖南省', 'city': '长沙市', 'district': '芙蓉区', 'street': '人民中路', 'formatted_address': '湖南省长沙市芙蓉区人民中路139号'}",39-a
Gallery-1620,,IMG_20251210_123030,2025-12-10 12:30:30,同事合影; 轻食午餐; 烤鸡胸沙拉; 香煎三文鱼; 餐厅环境,无,冯浩然与同事郑文博在轻食餐厅合影，两人面带微笑，面前摆放着烤鸡胸肉沙拉和香煎三文鱼套餐。,"{'province': '湖南省', 'city': '长沙市', 'district': '开福区', 'streetName': '金鹰路', 'streetNumber': 'XX号', 'poi': '羽衣甘蓝轻食坊（金鹰路店）'}",113.043533,28.238287,"{'province': '湖南省', 'city': '长沙市', 'district': '开福区', 'street': '金鹰路', 'formatted_address': '湖南省长沙市开福区金鹰路[]'}",
Gallery-1621,a_139,IMG_20251210_172520,2025-12-10 17:25:20,咖啡馆; 工业风; 绿植; 街角; 傍晚街景,"屿时
独立咖啡馆
营业时间：10:00-22:00",冯浩然在下班路上拍摄了街角一家新开的独立咖啡馆“屿时”，其工业风混搭绿植的门面设计在傍晚街灯下显得格外有氛围。,"{'province': '湖南省', 'city': '长沙市', 'district': '开福区', 'streetName': '伍家岭路', 'streetNumber': 'XX号', 'poi': '屿时独立咖啡馆'}",112.986857,28.233085,"{'province': '湖南省', 'city': '长沙市', 'district': '开福区', 'street': '伍家岭路', 'formatted_address': '湖南省长沙市开福区伍家岭路[]'}",a_139
Gallery-1622,a_139,IMG_20251210_175510,2025-12-10 17:55:10,螺旋楼梯; 金属结构; 暖色灯光; 咖啡馆内部; 建筑设计,无,冯浩然在咖啡馆内拍摄了极具设计感的螺旋楼梯，金属结构与暖色灯光交织，形成富有纵深感的画面。,"{'province': '湖南省', 'city': '长沙市', 'district': '开福区', 'streetName': '伍家岭路', 'streetNumber': 'XX号', 'poi': '屿时独立咖啡馆'}",112.986857,28.233085,"{'province': '湖南省', 'city': '长沙市', 'district': '开福区', 'street': '伍家岭路', 'formatted_address': '湖南省长沙市开福区伍家岭路[]'}",a_139
Gallery-1623,a_139,IMG_20251210_180205,2025-12-10 18:02:05,复古吊灯; 黄铜材质; 微距特写; 灯罩纹路; 暖光,无,冯浩然用微距模式拍摄了桌上复古黄铜吊灯的细节，灯罩上的精致纹路和灯泡的暖光质感清晰可见。,"{'province': '湖南省', 'city': '长沙市', 'district': '开福区', 'streetName': '伍家岭路', 'streetNumber': 'XX号', 'poi': '屿时独立咖啡馆'}",112.986857,28.233085,"{'province': '湖南省', 'city': '长沙市', 'district': '开福区', 'street': '伍家岭路', 'formatted_address': '湖南省长沙市开福区伍家岭路[]'}",a_139
Gallery-1624,a_139,IMG_20251210_181015,2025-12-10 18:10:15,街拍; 行人剪影; 湿漉街道; 咖啡馆窗景; 阴天氛围,无,冯浩然从咖啡馆窗内向外拍摄街景，捕捉到一位行人撑着伞在湿漉漉的街道上走过的剪影，画面充满故事感。,"{'province': '湖南省', 'city': '长沙市', 'district': '开福区', 'streetName': '伍家岭路', 'streetNumber': 'XX号', 'poi': '屿时独立咖啡馆'}",112.986857,28.233085,"{'province': '湖南省', 'city': '长沙市', 'district': '开福区', 'street': '伍家岭路', 'formatted_address': '湖南省长沙市开福区伍家岭路[]'}",a_139
Gallery-1625,,IMG_20251211_071520,2025-12-11 07:15:20,晨跑; 岳麓山; 麓山南路; 梧桐树; 冬日清晨; 晨雾; 街景,无,冯浩然在岳麓山晨跑途中拍摄冬日清晨的麓山南路，道路两旁是光秃秃的梧桐树，远处可见晨雾中的山峦轮廓。,"{'province': '湖南省', 'city': '长沙市', 'district': '岳麓区', 'streetName': '麓山南路', 'streetNumber': 'XX 号', 'poi': '岳麓山风景区'}",112.938383,28.182973,"{'province': '湖南省', 'city': '长沙市', 'district': '岳麓区', 'street': '麓山南路', 'formatted_address': '湖南省长沙市岳麓区麓山南路[]'}",
Gallery-1626,,IMG_20251211_110530,2025-12-11 11:05:30,PPT截图; 投资策略; 宏观经济; 投影屏幕; 会议室; 工作讨论,2026年宏观经济展望与资产配置建议 - 华泰证券投资顾问部 - 2025年12月,冯浩然在会议室拍摄投影屏幕上的投资策略报告PPT，内容为‘2026年宏观经济展望与资产配置建议’。,"{'province': '湖南省', 'city': '长沙市', 'district': '开福区', 'streetName': '芙蓉中路', 'streetNumber': '88号', 'poi': '华泰证券办公室会议室'}",112.986675,28.223728,"{'province': '湖南省', 'city': '长沙市', 'district': '开福区', 'street': '芙蓉中路', 'formatted_address': '湖南省长沙市开福区芙蓉中路88号'}",
Gallery-1627,,IMG_20251211_125510,2025-12-11 12:55:10,浏阳河; 风光带; 河岸; 倒影; 冬日; 散步; 城市景观,无,冯浩然在浏阳河风光带拍摄河岸景观，平静的河面倒映着对岸的建筑和冬日稀疏的树木。,"{'province': '湖南省', 'city': '长沙市', 'district': '开福区', 'streetName': '浏阳河大道', 'streetNumber': 'XX 号', 'poi': '浏阳河风光带'}",113.020686,28.225932,"{'province': '湖南省', 'city': '长沙市', 'district': '开福区', 'street': '浏阳河路', 'formatted_address': '湖南省长沙市开福区浏阳河路[]'}",
Gallery-1628,,IMG_20251211_130205,2025-12-11 13:02:05,步行桥; 行人; 光影; 午后阳光; 城市桥梁; 散步道,无,冯浩然拍摄浏阳河风光带上的步行桥，桥上有三三两两的行人走过，桥体在午后阳光下投下长长的影子。,"{'province': '湖南省', 'city': '长沙市', 'district': '开福区', 'streetName': '浏阳河大道', 'streetNumber': 'XX 号', 'poi': '浏阳河风光带步行桥'}",113.020686,28.225932,"{'province': '湖南省', 'city': '长沙市', 'district': '开福区', 'street': '浏阳河路', 'formatted_address': '湖南省长沙市开福区浏阳河路[]'}",
Gallery-1629,,IMG_20251211_131000,2025-12-11 13:10:00,红叶; 树木特写; 冬日; 虚化背景; 植物; 街拍,无,冯浩然拍摄路边一株挂着零星红叶的树木特写，背景是虚化的河岸和天空，红叶在灰调冬日中格外醒目。,"{'province': '湖南省', 'city': '长沙市', 'district': '开福区', 'streetName': '浏阳河大道', 'streetNumber': 'XX 号', 'poi': '浏阳河风光带'}",113.020686,28.225932,"{'province': '湖南省', 'city': '长沙市', 'district': '开福区', 'street': '浏阳河路', 'formatted_address': '湖南省长沙市开福区浏阳河路[]'}",
Gallery-1630,289-3,IMG_20251211_184015,2025-12-11 18:40:15,弹力带; 抗阻训练; 肩部; 手部特写; 肌肉线条; 康复训练; 运动细节,无,冯浩然在康复中心拍摄自己使用蓝色弹力带进行肩部抗阻训练的细节，手部紧握弹力带，肌肉线条清晰。,"{'province': '湖南省', 'city': '长沙市', 'district': '岳麓区', 'streetName': '麓山南路', 'streetNumber': 'XX 号', 'poi': 'TYPES运动康复中心训练区'}",112.938341,28.165647,"{'province': '湖南省', 'city': '长沙市', 'district': '岳麓区', 'street': '麓山南路', 'formatted_address': '湖南省长沙市岳麓区麓山南路[]'}",289-c
Gallery-1631,a_139,IMG_20251211_201050,2025-12-11 20:10:50,夜景; 小区入口; 双塘路; 路灯; 湿滑路面; 居民楼灯光; 晚间散步,无,冯浩然在步行回家途中拍摄小区门口的双塘路夜景，路灯照亮湿漉漉的柏油路面，远处居民楼窗户透出温暖的灯光。,"{'province': '湖南省', 'city': '长沙市', 'district': '岳麓区', 'streetName': '双塘路', 'streetNumber': '99号', 'poi': '岳麓区机关金星住宅小区入口'}",112.938578,28.221525,"{'province': '湖南省', 'city': '长沙市', 'district': '岳麓区', 'street': '桐梓坡路', 'formatted_address': '湖南省长沙市岳麓区桐梓坡路99号'}",a_139
Gallery-1632,,IMG_20251211_215500,2025-12-11 21:55:00,文档扫描; CFA文章; ESG投资; 电脑屏幕; 英文资料; 学习笔记,Integrating ESG Factors into Investment Analysis - CFA Institute - December 2025,冯浩然在书房拍摄电脑屏幕上显示的CFA关于ESG投资的英文文章段落，文章标题为‘Integrating ESG Factors into Investment Analysis’。,"{'province': '湖南省', 'city': '长沙市', 'district': '岳麓区', 'streetName': '双塘路', 'streetNumber': '99号', 'poi': '家中书房'}",112.937966,28.221552,"{'province': '湖南省', 'city': '长沙市', 'district': '岳麓区', 'street': '双塘路', 'formatted_address': '湖南省长沙市岳麓区双塘路99号'}",
Gallery-1633,288-8,IMG_20251212_093025,2025-12-12 09:30:25,年度策略报告; 文档扫描; 办公桌; 黑咖啡; 工作文件; 封面,2026年度宏观与资产配置策略报告 - 华泰证券投资顾问部 - 2025年12月12日,冯浩然用手机扫描打印好的年度策略报告封面，报告平铺在办公桌的木质桌面上，旁边放着一杯黑咖啡。,"{'province': '湖南省', 'city': '长沙市', 'district': '开福区', 'streetName': '芙蓉中路', 'streetNumber': '88号', 'poi': '湖南广电中心写字楼华泰证券办公室'}",113.046548,28.235932,"{'province': '湖南省', 'city': '长沙市', 'district': '开福区', 'street': [], 'formatted_address': '湖南省长沙市开福区[][]'}",288-h
Gallery-1634,288-8,IMG_20251212_101520,2025-12-12 10:15:20,PPT截图; 投影屏幕; 资产配置; 经济周期; 汇报材料; 会议室,经济周期下的资产配置逻辑 - 华泰证券 - 冯浩然 - 2025.12,冯浩然在会议室汇报时，用手机拍摄了投影屏幕上显示的PPT关键页，内容是关于经济周期下的资产配置逻辑。,"{'province': '湖南省', 'city': '长沙市', 'district': '开福区', 'streetName': '芙蓉中路', 'streetNumber': '88号', 'poi': '湖南广电中心写字楼第三会议室'}",113.046548,28.235932,"{'province': '湖南省', 'city': '长沙市', 'district': '开福区', 'street': [], 'formatted_address': '湖南省长沙市开福区[][]'}",288-h
Gallery-1635,57-2,IMG_20251212_122015,2025-12-12 12:20:15,照烧鸡排; 日式定食; 午餐; 美食摄影; 餐具; 同事聚餐,无,冯浩然与同事郑文博在日式定食餐厅用餐，拍摄了面前摆盘的照烧鸡排定食套餐，包含米饭、味增汤和沙拉。,"{'province': '湖南省', 'city': '长沙市', 'district': '开福区', 'streetName': '金鹰路', 'streetNumber': '29号', 'poi': '浅草屋日式定食餐厅'}",113.042671,28.236262,"{'province': '湖南省', 'city': '长沙市', 'district': '开福区', 'street': '金鹰路', 'formatted_address': '湖南省长沙市开福区金鹰路[]'}",57-b
Gallery-1636,57-2,IMG_20251212_125540,2025-12-12 12:55:40,落叶小径; 街心花园; 冬日阳光; 散步; 城市风景; 树木,无,冯浩然餐后独自散步时，拍摄了街心花园里一条铺满落叶的小径，阳光透过稀疏的树枝洒在地面上。,"{'province': '湖南省', 'city': '长沙市', 'district': '开福区', 'streetName': '金鹰路', 'streetNumber': 'XX号', 'poi': '金鹰路街心花园'}",113.043533,28.238287,"{'province': '湖南省', 'city': '长沙市', 'district': '开福区', 'street': '金鹰路', 'formatted_address': '湖南省长沙市开福区金鹰路[]'}",57-b
Gallery-1637,,IMG_20251213_063015,2025-12-13 06:30:15,岳麓山; 爱晚亭; 日出; 晨光; 枫叶; 古建筑; 晨跑,无,冯浩然在岳麓山爱晚亭晨跑后拍摄日出，晨光透过枫叶洒在古亭飞檐上,"{'province': '湖南省', 'city': '长沙市', 'district': '岳麓区', 'streetName': '麓山南路', 'streetNumber': 'XX号', 'poi': '岳麓山爱晚亭'}",112.937564,28.180437,"{'province': '湖南省', 'city': '长沙市', 'district': '岳麓区', 'street': '麓山南路', 'formatted_address': '湖南省长沙市岳麓区麓山南路[]'}",
Gallery-1638,,IMG_20251213_093045,2025-12-13 09:30:45,办公桌; 电脑屏幕; 股票K线图; 投资报告; 金融分析; 工作环境,无,冯浩然在办公室拍摄工作电脑屏幕，屏幕上显示着股票K线图和投资分析报告,"{'province': '湖南省', 'city': '长沙市', 'district': '开福区', 'streetName': '芙蓉中路', 'streetNumber': '88号', 'poi': '华泰证券股份有限公司长沙分公司'}",112.986675,28.223728,"{'province': '湖南省', 'city': '长沙市', 'district': '开福区', 'street': '芙蓉中路', 'formatted_address': '湖南省长沙市开福区芙蓉中路88号'}",
Gallery-1639,,IMG_20251213_121520,2025-12-13 12:15:20,湘菜; 剁椒鱼头; 辣椒炒肉; 同事聚餐; 红色餐具; 餐厅环境,无,冯浩然与同事郑文博在公司附近的湘菜馆聚餐，桌上摆着剁椒鱼头和辣椒炒肉,"{'province': '湖南省', 'city': '长沙市', 'district': '开福区', 'streetName': '芙蓉中路', 'streetNumber': '102号', 'poi': '火宫殿（芙蓉中路店）'}",112.984704,28.168986,"{'province': '湖南省', 'city': '长沙市', 'district': '天心区', 'street': '芙蓉中路', 'formatted_address': '湖南省长沙市天心区芙蓉中路[]'}",
Gallery-1640,,IMG_20251213_150810,2025-12-13 15:08:10,手冲咖啡; 耶加雪菲; 咖啡油脂; 玻璃杯; 咖啡豆麻袋; 咖啡馆,无,冯浩然在心怡手冲咖啡馆拍摄一杯刚冲好的耶加雪菲，咖啡液面有丰富油脂，背景是咖啡豆麻袋,"{'province': '湖南省', 'city': '长沙市', 'district': '芙蓉区', 'streetName': '解放西路', 'streetNumber': '233号', 'poi': '心怡手冲咖啡馆'}",112.982268,28.190765,"{'province': '湖南省', 'city': '长沙市', 'district': '芙蓉区', 'street': '解放西路', 'formatted_address': '湖南省长沙市芙蓉区解放西路[]'}",
Gallery-1641,a_139,IMG_20251213_191530,2025-12-13 19:15:30,街拍; 街头艺人; 吉他弹唱; 橘子洲大桥; 夜景灯光; 湘江; 城市夜景,无,冯浩然在湘江风光带进行街拍，捕捉一位街头艺人弹奏吉他的瞬间，背景是橘子洲大桥的夜景灯光,"{'province': '湖南省', 'city': '长沙市', 'district': '天心区', 'streetName': '湘江中路', 'streetNumber': 'XX号', 'poi': '湘江风光带（杜甫江阁段）'}",112.968025,28.17906,"{'province': '湖南省', 'city': '长沙市', 'district': '天心区', 'street': [], 'formatted_address': '湖南省长沙市天心区[][]'}",a_139
Gallery-1642,a_55,IMG_20251214_081520,2025-12-14 08:15:20,热干面; 豆皮; 酒店早餐; 武汉美食; 中式早点; 餐厅环境,无,冯浩然在酒店餐厅享用早餐，餐盘里有热干面、豆皮和一杯豆浆，背景是整洁的餐厅环境。,"{'province': '湖北省', 'city': '武汉市', 'district': '江岸区', 'streetName': '沿江大道', 'streetNumber': 'XX号', 'poi': '江城明珠豪生大酒店餐厅'}",114.303916,30.591176,"{'province': '湖北省', 'city': '武汉市', 'district': '江岸区', 'street': '沿江大道', 'formatted_address': '湖北省武汉市江岸区沿江大道[]'}",a_55
Gallery-1643,141-4,IMG_20251214_103015,2025-12-14 10:30:15,红砖建筑; 历史街区; 黎黄陂路; 阴天街景; 建筑摄影; 梧桐树,无,冯浩然在黎黄陂路拍摄一栋红砖外墙的历史建筑，阴天光线柔和，建筑细节清晰，背景是梧桐树和街道。,"{'province': '湖北省', 'city': '武汉市', 'district': '江岸区', 'streetName': '黎黄陂路', 'streetNumber': 'XX号', 'poi': '黎黄陂路历史街区'}",114.299429,30.587677,"{'province': '湖北省', 'city': '武汉市', 'district': '江岸区', 'street': '黎黄陂路', 'formatted_address': '湖北省武汉市江岸区黎黄陂路[]'}",141-d
Gallery-1644,141-4,IMG_20251214_111240,2025-12-14 11:12:40,人物合影; 发小; 历史建筑; 汉口美国领事馆; 欧式大门; 阴天,汉口美国领事馆旧址 - 全国重点文物保护单位,冯浩然与发小张明轩在汉口美国领事馆旧址前合影，两人面带微笑，背景是领事馆的欧式建筑大门。,"{'province': '湖北省', 'city': '武汉市', 'district': '江岸区', 'streetName': '一元路', 'streetNumber': '5号', 'poi': '汉口美国领事馆旧址'}",114.30331,30.588729,"{'province': '湖北省', 'city': '武汉市', 'district': '江岸区', 'street': '一元路', 'formatted_address': '湖北省武汉市江岸区一元路5号'}",141-d
Gallery-1645,41-3,IMG_20251214_131045,2025-12-14 13:10:45,排骨藕汤; 清蒸武昌鱼; 湖北家常菜; 家庭聚餐; 母亲手艺; 白色餐具,无,冯浩然拍摄母亲李秀英做的湖北家常菜，餐桌上摆着排骨藕汤、清蒸武昌鱼和炒菜心，餐具是白色瓷碗。,"{'province': '湖北省', 'city': '武汉市', 'district': '江岸区', 'streetName': '解放大道', 'streetNumber': '368号', 'poi': '冯浩然父母家中餐厅'}",114.27338,30.566037,"{'province': '湖北省', 'city': '武汉市', 'district': '硚口区', 'street': [], 'formatted_address': '湖北省武汉市硚口区[][]'}",41-c
Gallery-1646,55-3,IMG_20251214_183020,2025-12-14 18:30:20,高铁车窗; 田野风光; 夕阳; 旅途风景; 矿泉水瓶; 车厢内景,无,冯浩然在高铁车厢内拍摄窗外的田野和远山，阳光透过车窗洒在桌板上，桌面上放着一瓶矿泉水和零食包装袋。,"{'province': '湖南省', 'city': '长沙市', 'district': '岳麓区', 'streetName': '双塘路', 'streetNumber': '99号', 'poi': 'G1109次高铁车厢内'}",112.937966,28.221552,"{'province': '湖南省', 'city': '长沙市', 'district': '岳麓区', 'street': '双塘路', 'formatted_address': '湖南省长沙市岳麓区双塘路99号'}",55-c
Gallery-1647,a_114,IMG_20251215_113015,2025-12-15 11:30:15,PPT截图; 市场分析; 电脑屏幕; 办公桌; 图表; 金融报告,2025年第四季度市场趋势展望 - 关键驱动因素：1. 宏观政策调整 2. 行业景气度分化 3. 流动性预期,冯浩然在办公室电脑屏幕上截取了一份关于市场趋势分析的PPT页面，页面包含图表和要点文字，背景是整洁的办公桌和茶杯。,"{'province': '湖南省', 'city': '长沙市', 'district': '开福区', 'streetName': '湘江中路一段', 'streetNumber': 'XX号', 'poi': '万达广场写字楼（公司办公室）'}",112.971144,28.199687,"{'province': '湖南省', 'city': '长沙市', 'district': '开福区', 'street': '湘江中路', 'formatted_address': '湖南省长沙市开福区湘江中路[]'}",a_114
Gallery-1648,,IMG_20251215_123520,2025-12-15 12:35:20,健康午餐; 烤三文鱼; 羽衣甘蓝; 糙米; 轻食; 陶瓷碗,无,冯浩然在轻食店拍摄了一份盛在白色陶瓷碗中的健康午餐，碗内是烤三文鱼、糙米和羽衣甘蓝沙拉，背景是简约的木质餐桌。,"{'province': '湖南省', 'city': '长沙市', 'district': '开福区', 'streetName': '晴岚路', 'streetNumber': '98号', 'poi': '能量碗轻食店'}",112.984515,28.235242,"{'province': '湖南省', 'city': '长沙市', 'district': '开福区', 'street': '晴岚路', 'formatted_address': '湖南省长沙市开福区晴岚路98号'}",
Gallery-1649,a_107,IMG_20251215_210530,2025-12-15 21:05:30,文档扫描; 旅行行程单; 武汉旅行; 书桌; 纸质文件,武汉周末之旅 - 行程概览：2025-12-13 至 2025-12-14 景点：黄鹤楼、户部巷、东湖绿道,冯浩然在书房使用手机扫描一份武汉旅行的纸质行程单，行程单平铺在深色木质书桌上，旁边放着钢笔和咖啡杯。,"{'province': '湖南省', 'city': '长沙市', 'district': '岳麓区', 'streetName': '双塘路', 'streetNumber': '99号', 'poi': '岳麓区机关金星住宅小区（家中书房）'}",112.938578,28.221525,"{'province': '湖南省', 'city': '长沙市', 'district': '岳麓区', 'street': '桐梓坡路', 'formatted_address': '湖南省长沙市岳麓区桐梓坡路99号'}",a_107
Gallery-1650,,IMG_20251216_074530,2025-12-16 07:45:30,旅行纪念品; 书架收纳; 软木板; 澳门手信; 家居整理,无,冯浩然将整理好的澳门旅行纪念品整齐摆放在书架上，背景是贴有旅行照片的软木板和几本金融书籍。,"{'province': '湖南省', 'city': '长沙市', 'district': '岳麓区', 'streetName': '双塘路', 'streetNumber': '99号', 'poi': '岳麓区机关金星住宅小区'}",112.938578,28.221525,"{'province': '湖南省', 'city': '长沙市', 'district': '岳麓区', 'street': '桐梓坡路', 'formatted_address': '湖南省长沙市岳麓区桐梓坡路99号'}",
Gallery-1651,,IMG_20251216_094520,2025-12-16 09:45:20,PPT截图; 市场分析; 柱状图; 会议室屏幕; 金融报告,四季度市场展望 - 年底流动性分析 2025-12-16,冯浩然在会议室屏幕上展示一份关于年底市场流动性分析的PPT，图表清晰，标题为‘四季度市场展望’。,"{'province': '湖南省', 'city': '长沙市', 'district': '开福区', 'streetName': '芙蓉中路', 'streetNumber': '88号', 'poi': '湖南广电中心写字楼'}",113.046548,28.235932,"{'province': '湖南省', 'city': '长沙市', 'district': '开福区', 'street': [], 'formatted_address': '湖南省长沙市开福区[][]'}",
Gallery-1652,,IMG_20251216_095015,2025-12-16 09:50:15,参会人员; 团队会议; 专注聆听; 白板背景; 职业装,无,冯浩然的同事钱永强和郑文博在晨会中专注聆听，背景是会议室的白板和投影仪。,"{'province': '湖南省', 'city': '长沙市', 'district': '开福区', 'streetName': '芙蓉中路', 'streetNumber': '88号', 'poi': '湖南广电中心写字楼'}",113.046548,28.235932,"{'province': '湖南省', 'city': '长沙市', 'district': '开福区', 'street': [], 'formatted_address': '湖南省长沙市开福区[][]'}",
Gallery-1653,a_141,IMG_20251216_180510,2025-12-16 18:05:10,街头风景; 傍晚通勤; 车流光轨; 城市天际线; 路灯,无,傍晚时分，冯浩然在地铁站出口附近拍摄的街道景象，路灯初亮，车流穿梭，远处可见写字楼的轮廓。,"{'province': '湖南省', 'city': '长沙市', 'district': '开福区', 'streetName': '芙蓉中路', 'streetNumber': '88号', 'poi': '湖南广电中心写字楼附近'}",113.046548,28.235932,"{'province': '湖南省', 'city': '长沙市', 'district': '开福区', 'street': [], 'formatted_address': '湖南省长沙市开福区[][]'}",a_141
Gallery-1654,,IMG_20251216_184530,2025-12-16 18:45:30,生鲜食材; 健康晚餐; 蓝莓橙子; 西兰花鸡胸肉; 厨房料理台,无,冯浩然将刚采购的新鲜蓝莓、橙子、西兰花和鸡胸肉分类摆放在厨房料理台上，准备制作健康晚餐。,"{'province': '湖南省', 'city': '长沙市', 'district': '岳麓区', 'streetName': '双塘路', 'streetNumber': '99号', 'poi': '岳麓区机关金星住宅小区'}",112.938578,28.221525,"{'province': '湖南省', 'city': '长沙市', 'district': '岳麓区', 'street': '桐梓坡路', 'formatted_address': '湖南省长沙市岳麓区桐梓坡路99号'}",
Gallery-1655,117-2-2,IMG_20251217_073015,2025-12-17 07:30:15,弹力带; 收纳盒; 储物柜; 居家收纳; 康复器械,无,冯浩然将康复训练用的弹力带整齐地收纳在客厅储物柜的收纳盒中，背景是整洁的木质柜门和部分书籍,"{'province': '湖南省', 'city': '长沙市', 'district': '岳麓区', 'streetName': '双塘路', 'streetNumber': '99号', 'poi': '岳麓区机关金星住宅小区'}",112.938578,28.221525,"{'province': '湖南省', 'city': '长沙市', 'district': '岳麓区', 'street': '桐梓坡路', 'formatted_address': '湖南省长沙市岳麓区桐梓坡路99号'}",117-b
Gallery-1656,150-7-1,IMG_20251217_074520,2025-12-17 07:45:20,iPad Pro; 文档扫描; 晨会纪要; 屏幕截图; 金融资讯,华泰证券晨会纪要 2025-12-17 重点关注：中央经济工作会议政策预期,冯浩然用iPad Pro扫描券商晨会纪要文档，屏幕上显示着‘华泰证券晨会纪要’的标题和日期，背景是家中的木质书桌,"{'province': '湖南省', 'city': '长沙市', 'district': '岳麓区', 'streetName': '双塘路', 'streetNumber': '99号', 'poi': '岳麓区机关金星住宅小区'}",112.938578,28.221525,"{'province': '湖南省', 'city': '长沙市', 'district': '岳麓区', 'street': '桐梓坡路', 'formatted_address': '湖南省长沙市岳麓区桐梓坡路99号'}",150-g
Gallery-1657,150-7-1,IMG_20251217_091020,2025-12-17 09:10:20,PPT截图; 投影屏幕; 投资策略; 会议材料; 金融图表,无,冯浩然在团队晨会上拍摄投影屏幕上的PPT，内容是关于‘年末流动性变化与投资策略’的分析图表，背景是会议室环境,"{'province': '湖南省', 'city': '长沙市', 'district': '开福区', 'streetName': '芙蓉中路', 'streetNumber': '88号', 'poi': '湖南广电中心写字楼华泰证券办公室'}",113.046548,28.235932,"{'province': '湖南省', 'city': '长沙市', 'district': '开福区', 'street': [], 'formatted_address': '湖南省长沙市开福区[][]'}",150-g
Gallery-1658,154-17,IMG_20251217_131520,2025-12-17 13:15:20,小炒黄牛肉; 湘菜; 午餐; 同事聚餐; 美食分享,无,冯浩然与同事郑文博在湘菜馆共进午餐，桌上摆着热气腾腾的小炒黄牛肉和米饭，背景是餐厅的木质桌椅和装饰,"{'province': '湖南省', 'city': '长沙市', 'district': '开福区', 'streetName': '金鹰路', 'streetNumber': 'XX号', 'poi': '老长沙口味菜馆'}",113.0459,28.246161,"{'province': '湖南省', 'city': '长沙市', 'district': '开福区', 'street': '金鹰路', 'formatted_address': '湖南省长沙市开福区金鹰路[]'}",154-q
Gallery-1659,154-17,IMG_20251217_131635,2025-12-17 13:16:35,剁椒鱼头; 湘菜; 美食特写; 红色剁椒; 白色瓷盘,无,冯浩然拍摄午餐的另一道菜——剁椒鱼头，红色的剁椒铺满鱼头，盛放在白色瓷盘中，背景是餐桌一角,"{'province': '湖南省', 'city': '长沙市', 'district': '开福区', 'streetName': '金鹰路', 'streetNumber': 'XX号', 'poi': '老长沙口味菜馆'}",113.0459,28.246161,"{'province': '湖南省', 'city': '长沙市', 'district': '开福区', 'street': '金鹰路', 'formatted_address': '湖南省长沙市开福区金鹰路[]'}",154-q
Gallery-1660,,IMG_20251217_135520,2025-12-17 13:55:20,蓝莓; 无糖乌龙茶; 健康零食; 办公桌面; 物品摆放,无,冯浩然在便利店购物后，将购买的蓝莓盒和无糖乌龙茶瓶整齐地放在办公室工位的桌面上，背景是电脑显示器和键盘,"{'province': '湖南省', 'city': '长沙市', 'district': '开福区', 'streetName': '芙蓉中路', 'streetNumber': '88号', 'poi': '湖南广电中心写字楼华泰证券办公室'}",113.046548,28.235932,"{'province': '湖南省', 'city': '长沙市', 'district': '开福区', 'street': [], 'formatted_address': '湖南省长沙市开福区[][]'}",
Gallery-1661,,IMG_20251217_140205,2025-12-17 14:02:05,蓝莓特写; 水果; 健康零食; 水珠; 微距摄影,无,冯浩然午休时食用蓝莓，用手机近距离拍摄了几颗饱满的蓝莓盛放在透明塑料盒中，果皮上挂着水珠,"{'province': '湖南省', 'city': '长沙市', 'district': '开福区', 'streetName': '芙蓉中路', 'streetNumber': '88号', 'poi': '湖南广电中心写字楼华泰证券办公室'}",113.046548,28.235932,"{'province': '湖南省', 'city': '长沙市', 'district': '开福区', 'street': [], 'formatted_address': '湖南省长沙市开福区[][]'}",
Gallery-1662,117-2-2,IMG_20251217_174510,2025-12-17 17:45:10,导视牌; 康复中心; 楼层指引; 场馆标识; 箭头,7K运动体能康复训练馆 请乘电梯至5楼 →,冯浩然下班后抵达康复中心，拍摄入口处的导视牌，上面清晰地写着‘7K运动体能康复训练馆’和楼层指引箭头,"{'province': '湖南省', 'city': '长沙市', 'district': '开福区', 'streetName': '东风路', 'streetNumber': 'XX号', 'poi': '奥克大厦A座7K运动体能康复训练馆'}",112.988081,28.208505,"{'province': '湖南省', 'city': '长沙市', 'district': '开福区', 'street': '东风路', 'formatted_address': '湖南省长沙市开福区东风路a座'}",117-b
Gallery-1663,286-2,IMG_20251217_211015,2025-12-17 21:10:15,电脑屏幕; 文档扫描; 体脂秤; 产品参数; 价格对比,B品牌 八电极智能体脂秤 精准测量体脂率/肌肉量/水分 官方旗舰店售价：¥399 活动价：¥359,冯浩然为父母调研智能健康设备，用手机扫描电脑屏幕上显示的某品牌八电极体脂秤产品参数和价格对比文档,"{'province': '湖南省', 'city': '长沙市', 'district': '岳麓区', 'streetName': '双塘路', 'streetNumber': '99号', 'poi': '岳麓区机关金星住宅小区'}",112.938578,28.221525,"{'province': '湖南省', 'city': '长沙市', 'district': '岳麓区', 'street': '桐梓坡路', 'formatted_address': '湖南省长沙市岳麓区桐梓坡路99号'}",286-b
Gallery-1664,38-1,IMG_20251218_113045,2025-12-18 11:30:45,文档扫描; 绩效报告; 办公桌; A4纸; 签字笔; 金融工作,冯浩然 2025年度绩效报告 - 资产规模增长15%，客户满意度98% - 汇报日期：2025-12-19,冯浩然在办公室工位上扫描一份打印好的年度绩效报告初稿，报告平铺在木质桌面上，旁边放着签字笔和笔记本电脑。,"{'province': '湖南省', 'city': '长沙市', 'district': '开福区', 'streetName': '三一大道', 'streetNumber': 'XX 号', 'poi': '湖南广电中心写字楼'}",113.046548,28.235932,"{'province': '湖南省', 'city': '长沙市', 'district': '开福区', 'street': '三一大道', 'formatted_address': '湖南省长沙市开福区三一大道[]'}",38-a
Gallery-1665,,IMG_20251218_163020,2025-12-18 16:30:20,物品收纳; 工作计划; 待办清单; 办公桌; 市场简报; 时间管理,无,冯浩然在办公桌上整理次日的工作计划清单，清单上罗列着待办事项和时间安排，背景是电脑屏幕上的市场简报界面。,"{'province': '湖南省', 'city': '长沙市', 'district': '开福区', 'streetName': '三一大道', 'streetNumber': 'XX 号', 'poi': '湖南广电中心写字楼'}",113.046548,28.235932,"{'province': '湖南省', 'city': '长沙市', 'district': '开福区', 'street': '三一大道', 'formatted_address': '湖南省长沙市开福区三一大道[]'}",
Gallery-1666,,IMG_20251218_170510,2025-12-18 17:05:10,文档扫描; 市场简报; 电脑屏幕; 金融数据; 工作记录; 电子邮件,华泰证券市场简报 2025-12-18 - 主要指数：上证综指 +0.8%，深证成指 +1.2% - 发送状态：已发送,冯浩然在电脑屏幕上展示一份已编辑完成的当日市场简报文档，文档标题和关键数据清晰可见，屏幕旁放着记事本。,"{'province': '湖南省', 'city': '长沙市', 'district': '开福区', 'streetName': '三一大道', 'streetNumber': 'XX 号', 'poi': '湖南广电中心写字楼'}",113.046548,28.235932,"{'province': '湖南省', 'city': '长沙市', 'district': '开福区', 'street': '三一大道', 'formatted_address': '湖南省长沙市开福区三一大道[]'}",
Gallery-1667,290-2-2,IMG_20251218_204530,2025-12-18 20:45:30,话剧; 沉浸式戏剧; 舞台表演; 剧场; 互动; 观众; 演员; 灯光; 布景; 艺术,"时间旅行者的妻子
沉浸式戏剧体验
繁星戏剧村",沉浸式话剧《时间旅行者的妻子》演出现场，演员在精巧的舞台布景前与观众进行近距离互动表演。,"{'province': '北京市', 'city': '北京市', 'district': '东城区', 'streetName': '东华门大街', 'streetNumber': '9号', 'poi': '繁星戏剧村'}",116.406016,39.9154,"{'province': '北京市', 'city': '北京市', 'district': '东城区', 'street': '东华门大街', 'formatted_address': '北京市北京市东城区东华门大街[]'}",290-b
Gallery-1668,38-1,IMG_20251218_230510,2025-12-18 23:05:10,文档扫描; 汇报材料; 书房; 书桌; 打印稿; 最终版,年终绩效面谈汇报材料 - 汇报人：冯浩然 - 部门：投资顾问部 - 日期：2025年12月,冯浩然在家中书房的书桌上，用手机拍摄一份经过最终修改和打印的绩效汇报材料，材料旁放着一杯水和阅读灯。,"{'province': '湖南省', 'city': '长沙市', 'district': '岳麓区', 'streetName': '双塘路', 'streetNumber': '99 号', 'poi': '岳麓区机关金星住宅小区'}",112.938578,28.221525,"{'province': '湖南省', 'city': '长沙市', 'district': '岳麓区', 'street': '桐梓坡路', 'formatted_address': '湖南省长沙市岳麓区桐梓坡路99号'}",38-a
Gallery-1669,,IMG_20251218_233040,2025-12-18 23:30:40,物品收纳; 床头柜; 钥匙; 手表; 睡前准备; 温馨灯光,无,冯浩然在卧室床头柜上整齐摆放好次日需要携带的钥匙、钱包和手表，背景是已经整理好的床铺和昏暗的台灯光线。,"{'province': '湖南省', 'city': '长沙市', 'district': '岳麓区', 'streetName': '双塘路', 'streetNumber': '99 号', 'poi': '岳麓区机关金星住宅小区'}",112.938578,28.221525,"{'province': '湖南省', 'city': '长沙市', 'district': '岳麓区', 'street': '桐梓坡路', 'formatted_address': '湖南省长沙市岳麓区桐梓坡路99号'}",
Gallery-1670,a_92,IMG_20251219_091520,2025-12-19 09:15:20,文档扫描; 资产配置表; 办公桌; 笔记本电脑; 黑咖啡; 工作预热,"客户资产配置详情表
客户：黄思琪
日期：2025-12-19
资产类别：A股、港股、债券、另类投资
风险等级：R4（进取型）",冯浩然在办公室工位上扫描一份客户资产配置详情表，表格内容清晰，背景是笔记本电脑和一杯黑咖啡。,"{'province': '湖南省', 'city': '长沙市', 'district': '开福区', 'streetName': '芙蓉中路', 'streetNumber': '88号', 'poi': '华泰证券股份有限公司'}",112.986675,28.223728,"{'province': '湖南省', 'city': '长沙市', 'district': '开福区', 'street': '芙蓉中路', 'formatted_address': '湖南省长沙市开福区芙蓉中路88号'}",a_92
Gallery-1671,a_92,IMG_20251219_154510,2025-12-19 15:45:10,文档扫描; 投资报告; 打印稿; 修改批注; 风险测算; 工作攻坚,"客户资产配置调整建议报告（初稿）
报告日期：2025-12-19
核心建议：适度增配防御性板块，降低组合波动率
风险测算：最大回撤控制在-15%以内
预期年化收益率：8%-12%",冯浩然在办公桌前拍摄一份打印出来的客户资产配置调整报告初稿，报告上标注了多处修改意见和风险测算数据。,"{'province': '湖南省', 'city': '长沙市', 'district': '开福区', 'streetName': '芙蓉中路', 'streetNumber': '88号', 'poi': '华泰证券股份有限公司'}",112.986675,28.223728,"{'province': '湖南省', 'city': '长沙市', 'district': '开福区', 'street': '芙蓉中路', 'formatted_address': '湖南省长沙市开福区芙蓉中路88号'}",a_92
Gallery-1672,154-18-2,IMG_20251220_100500,2025-12-20 10:05:00,健身包; 瑜伽服; 收纳整理; 更衣室; 储物柜; 物品收纳,无,瑜伽课程结束后，冯浩然将换下的运动服和瑜伽垫整齐地收纳进健身包，背景是瑜伽馆的更衣室储物柜。,"{'province': '湖南省', 'city': '长沙市', 'district': '岳麓区', 'streetName': '金星中路', 'streetNumber': 'XX号', 'poi': '芯玥瑜伽普拉提(王府井店)'}",112.934376,28.217535,"{'province': '湖南省', 'city': '长沙市', 'district': '岳麓区', 'street': '金星中路', 'formatted_address': '湖南省长沙市岳麓区金星中路[]'}",154-r
Gallery-1673,154-18-2,IMG_20251220_102000,2025-12-20 10:20:00,城市街道; 冬日阳光; 人行道; 行道树; 街景; 清晨,无,从瑜伽馆步行前往早餐店的路上，冯浩然拍摄了冬日清晨的金星中路街景，阳光透过行道树洒在干净的人行道上。,"{'province': '湖南省', 'city': '长沙市', 'district': '岳麓区', 'streetName': '金星中路', 'streetNumber': 'XX号', 'poi': '金星中路商业街'}",112.934376,28.217535,"{'province': '湖南省', 'city': '长沙市', 'district': '岳麓区', 'street': '金星中路', 'formatted_address': '湖南省长沙市岳麓区金星中路[]'}",154-r
Gallery-1674,,IMG_20251220_103000,2025-12-20 10:30:00,螺蛳粉; 湘味美食; 红油汤底; 酸笋; 腐竹; 早午餐,无,一碗热气腾腾的招牌螺蛳粉被端上餐桌，红油汤底、酸笋、腐竹和螺蛳肉清晰可见，旁边放着筷子和手机。,"{'province': '湖南省', 'city': '长沙市', 'district': '岳麓区', 'streetName': '金星中路', 'streetNumber': '438号', 'poi': '柒鸳鸯传统螺蛳粉金星路店'}",112.862725,28.197004,"{'province': '湖南省', 'city': '长沙市', 'district': '岳麓区', 'street': [], 'formatted_address': '湖南省长沙市岳麓区[][]'}",
Gallery-1675,,IMG_20251220_110500,2025-12-20 11:05:00,街头人物; 冬日暖阳; 老人; 长椅; 光影; 城市生活,无,在咸嘉湖路附近，一位老人坐在长椅上安静地晒太阳，冬日阳光勾勒出他安详的侧影和身后的梧桐树。,"{'province': '湖南省', 'city': '长沙市', 'district': '岳麓区', 'streetName': '咸嘉湖路', 'streetNumber': 'XX号', 'poi': '咸嘉湖公园附近'}",112.927402,28.213794,"{'province': '湖南省', 'city': '长沙市', 'district': '岳麓区', 'street': '咸嘉湖路', 'formatted_address': '湖南省长沙市岳麓区咸嘉湖路[]'}",
Gallery-1676,,IMG_20251220_112000,2025-12-20 11:20:00,建筑摄影; 玻璃幕墙; 天空倒影; 几何构图; 现代都市; 商业区,无,王府井商业区现代建筑的玻璃幕墙反射着蓝天和云朵，形成一幅抽象而富有几何美感的画面。,"{'province': '湖南省', 'city': '长沙市', 'district': '岳麓区', 'streetName': '金星中路', 'streetNumber': 'XX号', 'poi': '王府井商业广场'}",112.934376,28.217535,"{'province': '湖南省', 'city': '长沙市', 'district': '岳麓区', 'street': '金星中路', 'formatted_address': '湖南省长沙市岳麓区金星中路[]'}",
Gallery-1677,,IMG_20251220_113500,2025-12-20 11:35:00,街猫; 咖啡馆; 窗台; 冬日暖阳; 慵懒; 城市细节,无,一只橘猫慵懒地趴在临街咖啡馆的窗台上，眯着眼睛打盹，阳光洒在它蓬松的毛发上，背景是虚化的街景。,"{'province': '湖南省', 'city': '长沙市', 'district': '岳麓区', 'streetName': '金星中路', 'streetNumber': 'XX号', 'poi': '王府井商业区周边街区'}",112.94234,28.23383,"{'province': '湖南省', 'city': '长沙市', 'district': '岳麓区', 'street': '金星中路', 'formatted_address': '湖南省长沙市岳麓区金星中路[]'}",
Gallery-1678,287-2-2,IMG_20251220_160000,2025-12-20 16:00:00,手冲咖啡; 拉花; 木质桌面; 咖啡馆; 下午茶; 谈心时刻,无,两杯冒着热气的精致手冲咖啡摆放在木质桌面上，旁边是精致的拉花和一小碟曲奇饼干，背景是咖啡馆温暖的灯光。,"{'province': '湖南省', 'city': '长沙市', 'district': '芙蓉区', 'streetName': '凤凰台巷', 'streetNumber': '22号', 'poi': '巷往咖啡(Alley coffee)'}",112.984658,28.188531,"{'province': '湖南省', 'city': '长沙市', 'district': '芙蓉区', 'street': '凤凰台巷', 'formatted_address': '湖南省长沙市芙蓉区凤凰台巷22号'}",287-b
Gallery-1679,,IMG_20251220_190000,2025-12-20 19:00:00,湘菜; 小炒黄牛肉; 剁椒鱼头; 外卖晚餐; 家庭餐桌; 美食奖励,无,晚餐外卖送达，小炒黄牛肉和剁椒鱼头等几道经典湘菜摆放在家中的餐桌上，色泽诱人，热气腾腾。,"{'province': '湖南省', 'city': '长沙市', 'district': '岳麓区', 'streetName': '双塘路', 'streetNumber': '99号', 'poi': '岳麓区机关金星住宅小区'}",112.938578,28.221525,"{'province': '湖南省', 'city': '长沙市', 'district': '岳麓区', 'street': '桐梓坡路', 'formatted_address': '湖南省长沙市岳麓区桐梓坡路99号'}",
Gallery-1680,,IMG_20251220_213000,2025-12-20 21:30:00,文档扫描; 投资文章; 平板电脑; 宏观经济; 图表分析; 学习准备,《2026年全球宏观经济展望与资产配置新趋势》 发布日期：2025-12-15 作者：某智库研究院,平板电脑屏幕上显示着一篇关于全球宏观经济展望的深度分析文章，标题和关键图表清晰可见，旁边放着一杯花茶。,"{'province': '湖南省', 'city': '长沙市', 'district': '岳麓区', 'streetName': '双塘路', 'streetNumber': '99号', 'poi': '岳麓区机关金星住宅小区'}",112.938578,28.221525,"{'province': '湖南省', 'city': '长沙市', 'district': '岳麓区', 'street': '桐梓坡路', 'formatted_address': '湖南省长沙市岳麓区桐梓坡路99号'}",
Gallery-1681,,IMG_20251221_094010,2025-12-21 09:40:10,导览图; 地图; 景区路线; 岳麓山; 导视牌; 规划,岳麓山风景名胜区导览图 - 主要景点：爱晚亭、云麓宫、黄兴墓、麓山寺 - 服务热线：0731-88825000,冯浩然在岳麓山景区入口的导览图前，拍摄地图以规划后续路线，地图上标注了主要景点和步道,"{'province': '湖南省', 'city': '长沙市', 'district': '岳麓区', 'streetName': '登高路', 'streetNumber': '58号', 'poi': '岳麓山风景名胜区东门'}",112.936104,28.183601,"{'province': '湖南省', 'city': '长沙市', 'district': '岳麓区', 'street': '登高路', 'formatted_address': '湖南省长沙市岳麓区登高路58号'}",
Gallery-1682,,IMG_20251221_103015,2025-12-21 10:30:15,岳麓山; 云麓宫; 古建筑; 飞檐; 冬日阳光; 松柏; 风景打卡,无,冯浩然在岳麓山云麓宫前拍摄古建筑檐角，冬日阳光勾勒出飞檐的精致轮廓，背景是常绿的松柏,"{'province': '湖南省', 'city': '长沙市', 'district': '岳麓区', 'streetName': '登高路', 'streetNumber': '58号', 'poi': '岳麓山风景名胜区-云麓宫'}",112.936104,28.183601,"{'province': '湖南省', 'city': '长沙市', 'district': '岳麓区', 'street': '登高路', 'formatted_address': '湖南省长沙市岳麓区登高路58号'}",
Gallery-1683,,IMG_20251221_110520,2025-12-21 11:05:20,山石; 苔藓; 冰晶; 微距; 纹理; 细节特写; 冬日,无,冯浩然在岳麓山步道旁，用微距镜头拍摄山石上覆盖的苔藓与冰晶，纹理清晰，细节丰富,"{'province': '湖南省', 'city': '长沙市', 'district': '岳麓区', 'streetName': '登高路', 'streetNumber': '58号', 'poi': '岳麓山风景名胜区-黄兴墓附近'}",112.931946,28.180496,"{'province': '湖南省', 'city': '长沙市', 'district': '岳麓区', 'street': '登高路', 'formatted_address': '湖南省长沙市岳麓区登高路58号'}",
Gallery-1684,,IMG_20251221_141520,2025-12-21 14:15:20,宠物猫; 猫咪; 沙发; 午睡; 阳光; 放松; 居家,无,冯浩然午休时，家中的宠物猫蜷缩在沙发靠垫上打盹，阳光透过窗户洒在猫咪柔软的毛发上,"{'province': '湖南省', 'city': '长沙市', 'district': '岳麓区', 'streetName': '双塘路', 'streetNumber': '99号', 'poi': '岳麓区机关金星住宅小区-冯浩然家客厅'}",112.938578,28.221525,"{'province': '湖南省', 'city': '长沙市', 'district': '岳麓区', 'street': '桐梓坡路', 'formatted_address': '湖南省长沙市岳麓区桐梓坡路99号'}",
Gallery-1685,,IMG_20251221_150510,2025-12-21 15:05:10,电脑屏幕; 文档; 体检清单; 项目列表; 健康管理; 文档扫描,父母年度体检预约要点 - 核心项目：1. 心脑血管筛查（颈动脉超声、心电图） 2. 肿瘤标志物检测 3. 骨密度检查 - 预约机构：瑞慈医疗体检中心 - 预计时间：2026年1月上旬,冯浩然在电脑屏幕上打开为父母整理的体检项目清单文档，文档标题清晰，列出了心脑血管等重点检查项,"{'province': '湖南省', 'city': '长沙市', 'district': '岳麓区', 'streetName': '双塘路', 'streetNumber': '99号', 'poi': '岳麓区机关金星住宅小区-冯浩然家书房'}",112.938578,28.221525,"{'province': '湖南省', 'city': '长沙市', 'district': '岳麓区', 'street': '桐梓坡路', 'formatted_address': '湖南省长沙市岳麓区桐梓坡路99号'}",
Gallery-1686,,IMG_20251221_151800,2025-12-21 15:18:00,记事本; 手写笔记; 联系方式; 预约时间; 绿茶; 文档扫描; 备忘,瑞慈预约：0731-8888XXXX - 下周一上午10点联系 - 需准备：父母身份证号、过往病史,冯浩然用手机拍摄记事本上记录的联系方式和预约时间要点，笔迹清晰，旁边放着一杯喝了一半的绿茶,"{'province': '湖南省', 'city': '长沙市', 'district': '岳麓区', 'streetName': '双塘路', 'streetNumber': '99号', 'poi': '岳麓区机关金星住宅小区-冯浩然家书房'}",112.938578,28.221525,"{'province': '湖南省', 'city': '长沙市', 'district': '岳麓区', 'street': '桐梓坡路', 'formatted_address': '湖南省长沙市岳麓区桐梓坡路99号'}",
Gallery-1687,285-2-1,IMG_20251221_153530,2025-12-21 15:35:30,手机屏幕; 外卖订单; 菜品截图; 小炒黄牛肉; 清蒸鲈鱼; 预订; 文档扫描,订单详情 - 商户：湘味小厨（金星路店） - 菜品：小炒黄牛肉（微辣）x1，清蒸鲈鱼x1，砂锅豆腐x1，蒜蓉西兰花x1 - 预计送达：17:50 - 实付金额：128元,冯浩然在外卖APP下单成功后，截屏保存订单详情，屏幕上显示着小炒黄牛肉、清蒸鲈鱼等菜品和送达时间,"{'province': '湖南省', 'city': '长沙市', 'district': '岳麓区', 'streetName': '双塘路', 'streetNumber': '99号', 'poi': '岳麓区机关金星住宅小区-冯浩然家客厅'}",112.938578,28.221525,"{'province': '湖南省', 'city': '长沙市', 'district': '岳麓区', 'street': '桐梓坡路', 'formatted_address': '湖南省长沙市岳麓区桐梓坡路99号'}",285-b
Gallery-1688,a_285,IMG_20251221_175510,2025-12-21 17:55:10,摆盘; 湘菜; 小炒黄牛肉; 清蒸鲈鱼; 瓷盘; 晚餐准备; 美食,无,冯浩然将外卖送来的菜品精心摆放在家中的瓷盘里，小炒黄牛肉、清蒸鲈鱼等四道菜色彩搭配诱人，餐桌已布置好,"{'province': '湖南省', 'city': '长沙市', 'district': '岳麓区', 'streetName': '双塘路', 'streetNumber': '99号', 'poi': '岳麓区机关金星住宅小区-冯浩然家餐厅'}",112.938578,28.221525,"{'province': '湖南省', 'city': '长沙市', 'district': '岳麓区', 'street': '桐梓坡路', 'formatted_address': '湖南省长沙市岳麓区桐梓坡路99号'}",a_285
Gallery-1689,285-2-3,IMG_20251221_184520,2025-12-21 18:45:20,视频通话; 家庭聚餐; 合影; 平板电脑; 屏幕共享; 温馨; 家人,无,家庭视频聚餐时，冯浩然用平板电脑前置摄像头拍下自己和屏幕上父母、妹妹的合影，大家笑容满面，氛围温馨,"{'province': '湖南省', 'city': '长沙市', 'district': '岳麓区', 'streetName': '双塘路', 'streetNumber': '99号', 'poi': '岳麓区机关金星住宅小区-冯浩然家餐厅'}",112.938578,28.221525,"{'province': '湖南省', 'city': '长沙市', 'district': '岳麓区', 'street': '桐梓坡路', 'formatted_address': '湖南省长沙市岳麓区桐梓坡路99号'}",285-b
Gallery-1690,282-2-1,IMG_20251222_093530,2025-12-22 09:35:30,PPT截图; 投影屏幕; 业绩图表; AI算力; 投资展望; 会议室,华泰证券投资顾问部 2025年度总结 - AI算力投资机遇 2025-12-22,冯浩然在部门年终总结会议上拍摄投影屏幕上的PPT，内容显示年度业绩回顾与AI算力投资展望图表,"{'province': '湖南省', 'city': '长沙市', 'district': '开福区', 'streetName': '芙蓉中路', 'streetNumber': '88号', 'poi': '华泰证券会议室'}",112.986675,28.223728,"{'province': '湖南省', 'city': '长沙市', 'district': '开福区', 'street': '芙蓉中路', 'formatted_address': '湖南省长沙市开福区芙蓉中路88号'}",282-b
Gallery-1691,282-2-2,IMG_20251222_121520,2025-12-22 12:15:20,剁椒鱼头; 辣椒炒肉; 湘菜; 白色瓷盘; 圆形转盘; 团队聚餐,无,冯浩然在湘菜馆包厢内拍摄餐桌上的剁椒鱼头和辣椒炒肉，餐具为白色瓷盘，背景是圆形转盘,"{'province': '湖南省', 'city': '长沙市', 'district': '开福区', 'streetName': '金鹰路', 'streetNumber': 'XX号', 'poi': '老灶台湘菜馆'}",113.043533,28.238287,"{'province': '湖南省', 'city': '长沙市', 'district': '开福区', 'street': '金鹰路', 'formatted_address': '湖南省长沙市开福区金鹰路[]'}",282-b
Gallery-1692,282-2-2,IMG_20251222_122040,2025-12-22 12:20:40,团队合影; 人物合影; 湘菜馆包厢; 庆祝午宴; 同事,无,冯浩然与钱永强、郑文博在湘菜馆包厢内合影，三人面带微笑，背景是包厢的装饰画,"{'province': '湖南省', 'city': '长沙市', 'district': '开福区', 'streetName': '金鹰路', 'streetNumber': 'XX号', 'poi': '老灶台湘菜馆'}",113.043533,28.238287,"{'province': '湖南省', 'city': '长沙市', 'district': '开福区', 'street': '金鹰路', 'formatted_address': '湖南省长沙市开福区金鹰路[]'}",282-b
Gallery-1693,158-8,IMG_20251223_122015,2025-12-23 12:20:15,湘菜; 商务午餐; 同事交流; 现代中式装修; 餐桌美食; 轻松氛围,无,冯浩然与上司钱永强在“静泊”融合菜餐厅共进午餐，餐桌上摆放着精致的湘菜，两人正在轻松交谈，背景是餐厅雅致的现代中式装修。,"{'province': '湖南省', 'city': '长沙市', 'district': '开福区', 'streetName': '金鹰路', 'streetNumber': '89号', 'poi': '""静泊""融合菜餐厅'}",113.044092,28.240689,"{'province': '湖南省', 'city': '长沙市', 'district': '开福区', 'street': '金鹰路', 'formatted_address': '湖南省长沙市开福区金鹰路[]'}",158-h
Gallery-1694,38-5,IMG_20251223_131520,2025-12-23 13:15:20,手冲咖啡; 同事聚会; 庆祝晋升; 咖啡厅; 甜点; 欢乐时光,无,冯浩然与同事郑文博、孙晓雅在圣爵菲斯咖啡厅小聚，桌上摆放着三杯手冲咖啡和甜点，三人面带笑容举杯庆祝，背景是咖啡厅温暖的灯光和木质吧台。,"{'province': '湖南省', 'city': '长沙市', 'district': '开福区', 'streetName': '三一大道', 'streetNumber': 'XX号', 'poi': '圣爵菲斯咖啡厅（圣爵菲斯之家1层）'}",113.016375,28.233632,"{'province': '湖南省', 'city': '长沙市', 'district': '开福区', 'street': '三一大道', 'formatted_address': '湖南省长沙市开福区三一大道[]'}",38-e
Gallery-1695,282-3,IMG_20251223_140510,2025-12-23 14:05:10,晋升申请; 文档扫描; 办公桌; 纸质材料; 工作记录; 重要文件,华泰证券股份有限公司 投资总监晋升申请材料 申请人：冯浩然 申请日期：2025-12-23,冯浩然在华泰证券办公室内，用手机拍摄放在办公桌上的晋升申请材料纸质版，材料封面清晰可见，背景是电脑屏幕和办公文具。,"{'province': '湖南省', 'city': '长沙市', 'district': '开福区', 'streetName': '三一大道', 'streetNumber': 'XX号', 'poi': '华泰证券办公室（湖南广电中心写字楼）'}",113.016375,28.233632,"{'province': '湖南省', 'city': '长沙市', 'district': '开福区', 'street': '三一大道', 'formatted_address': '湖南省长沙市开福区三一大道[]'}",282-c
Gallery-1696,,IMG_20251224_073025,2025-12-24 07:30:25,爱晚亭; 岳麓山; 阴天; 冬日; 古建筑; 枫树; 风景摄影,无,冯浩然在岳麓山爱晚亭前拍摄冬日阴天景色，古亭飞檐与周围光秃的枫树在灰白天空下显得静谧古朴,"{'province': '湖南省', 'city': '长沙市', 'district': '岳麓区', 'streetName': '登高路', 'streetNumber': '58号', 'poi': '岳麓山风景名胜区-爱晚亭'}",112.937564,28.180437,"{'province': '湖南省', 'city': '长沙市', 'district': '岳麓区', 'street': '登高路', 'formatted_address': '湖南省长沙市岳麓区登高路58号'}",
Gallery-1697,,IMG_20251224_074540,2025-12-24 07:45:40,青苔; 落叶; 石阶; 微距; 自然细节; 冬日; 湿润,无,冯浩然拍摄麓山寺石阶旁的青苔与落叶特写，湿润的石面上覆盖着斑驳的青苔，几片枯黄的落叶点缀其间,"{'province': '湖南省', 'city': '长沙市', 'district': '岳麓区', 'streetName': '登高路', 'streetNumber': '58号', 'poi': '岳麓山风景名胜区-麓山寺附近'}",112.936104,28.183601,"{'province': '湖南省', 'city': '长沙市', 'district': '岳麓区', 'street': '登高路', 'formatted_address': '湖南省长沙市岳麓区登高路58号'}",
Gallery-1698,,IMG_20251224_084015,2025-12-24 08:40:15,早餐; 煎蛋; 全麦面包; 蓝莓; 鲜牛奶; 美食记录; 健康饮食,无,冯浩然在家中厨房拍摄早餐摆盘，白色瓷盘中盛放着煎蛋、全麦面包和蓝莓，旁边是一杯鲜牛奶，背景是整洁的厨房台面,"{'province': '湖南省', 'city': '长沙市', 'district': '岳麓区', 'streetName': '双塘路', 'streetNumber': '99号', 'poi': '岳麓区机关金星住宅小区-家中厨房'}",112.938578,28.221525,"{'province': '湖南省', 'city': '长沙市', 'district': '岳麓区', 'street': '桐梓坡路', 'formatted_address': '湖南省长沙市岳麓区桐梓坡路99号'}",
Gallery-1699,,IMG_20251225_072015,2025-12-25 07:20:15,早餐; 全麦面包; 煎蛋; 培根; 牛奶; 健康饮食; 餐桌,无,冯浩然在家中的餐桌上拍摄自己准备的早餐，包括全麦面包、煎蛋、培根和一杯牛奶，背景是整洁的厨房,"{'province': '湖南省', 'city': '长沙市', 'district': '岳麓区', 'streetName': '双塘路', 'streetNumber': '99号', 'poi': '岳麓区机关金星住宅小区'}",112.938578,28.221525,"{'province': '湖南省', 'city': '长沙市', 'district': '岳麓区', 'street': '桐梓坡路', 'formatted_address': '湖南省长沙市岳麓区桐梓坡路99号'}",
Gallery-1700,a_150,IMG_20251225_073530,2025-12-25 07:35:30,财经新闻; 报纸; 股市K线图; 金融分析; 书桌; 文档扫描,财经日报 2025年12月25日 星期四 上证指数 3580.25点 +0.68%,冯浩然在书房书桌上拍摄摊开的财经新闻报纸，报纸上展示着股市K线图和财经分析文章,"{'province': '湖南省', 'city': '长沙市', 'district': '岳麓区', 'streetName': '双塘路', 'streetNumber': '99号', 'poi': '岳麓区机关金星住宅小区'}",112.938578,28.221525,"{'province': '湖南省', 'city': '长沙市', 'district': '岳麓区', 'street': '桐梓坡路', 'formatted_address': '湖南省长沙市岳麓区桐梓坡路99号'}",a_150
Gallery-1701,a_92,IMG_20251225_091520,2025-12-25 09:15:20,PPT截图; 投影幕布; 数据图表; 年度报告; 团队晨会; 会议室,年度客户投资报告 - 2025年Q4业绩概览 资产配置优化建议 华泰证券投资顾问部,冯浩然在会议室拍摄投影幕布上的PPT内容，展示着年度客户报告的项目进展数据图表,"{'province': '湖南省', 'city': '长沙市', 'district': '开福区', 'streetName': '芙蓉中路', 'streetNumber': '一段', 'poi': '湖南广电中心写字楼华泰证券小型会议室'}",113.046548,28.235932,"{'province': '湖南省', 'city': '长沙市', 'district': '开福区', 'street': [], 'formatted_address': '湖南省长沙市开福区[][]'}",a_92
Gallery-1702,,IMG_20251225_120510,2025-12-25 12:05:10,午餐; 小炒黄牛肉; 外卖餐盒; 湘菜; 办公室; 美食,无,冯浩然在办公室工位上拍摄外卖送来的午餐，一份装在白色餐盒里的小炒黄牛肉套餐，旁边放着筷子,"{'province': '湖南省', 'city': '长沙市', 'district': '开福区', 'streetName': '芙蓉中路', 'streetNumber': '一段', 'poi': '湖南广电中心写字楼华泰证券办公室'}",113.046548,28.235932,"{'province': '湖南省', 'city': '长沙市', 'district': '开福区', 'street': [], 'formatted_address': '湖南省长沙市开福区[][]'}",
Gallery-1703,86-2-3,IMG_20251225_125540,2025-12-25 12:55:40,职业规划; 文档扫描; 电脑屏幕; 目标设定; 工作计划; 个人发展,冯浩然个人职业发展规划（2025-2028） 目标：晋升投资总监 新增执行项：1. 主导跨部门行业调研（2026Q2） 2. 担任新入职同事导师（持续）,冯浩然在办公室电脑屏幕上拍摄个人职业规划文档，文档中新增了‘主导跨部门调研’和‘担任新同事导师’等具体执行项,"{'province': '湖南省', 'city': '长沙市', 'district': '开福区', 'streetName': '芙蓉中路', 'streetNumber': '一段', 'poi': '湖南广电中心写字楼华泰证券办公室'}",113.046548,28.235932,"{'province': '湖南省', 'city': '长沙市', 'district': '开福区', 'street': [], 'formatted_address': '湖南省长沙市开福区[][]'}",86-b
Gallery-1704,86-2-2,IMG_20251225_200105,2025-12-25 20:01:05,圣诞节聚餐; 好友合影; 湘菜馆; 剁椒鱼头; 圣诞装饰; 举杯庆祝; 包间,无,冯浩然与好友彭雨晴、吴俊杰在湘菜馆包间内合影，三人手持酒杯，背景是摆满剁椒鱼头等湘菜的圆桌，墙上贴着圣诞装饰,"{'province': '湖南省', 'city': '长沙市', 'district': '岳麓区', 'streetName': '银双路', 'streetNumber': 'XX号', 'poi': '西湖建新安置小区湘菜馆包间'}",112.937354,28.220409,"{'province': '湖南省', 'city': '长沙市', 'district': '岳麓区', 'street': '银双路', 'formatted_address': '湖南省长沙市岳麓区银双路[]'}",86-b
Gallery-1705,,IMG_20251226_125530,2025-12-26 12:55:30,剁椒鱼头; 湘菜; 美食记录; 午餐; 红色剁椒; 白色瓷盘; 餐厅环境,无,冯浩然在湘菜馆吃饭皇帝大餐厅拍摄桌上的剁椒鱼头，红绿剁椒铺满鱼头，配以白色瓷盘和木筷，背景是餐厅的暖色灯光和木质餐桌。,"{'province': '湖南省', 'city': '长沙市', 'district': '岳麓区', 'streetName': '金星中路', 'streetNumber': '383号', 'poi': '长沙王府井FAMILY PARK购物中心(河西店) 吃饭皇帝大餐厅'}",112.933374,28.218775,"{'province': '湖南省', 'city': '长沙市', 'district': '岳麓区', 'street': '金星北路', 'formatted_address': '湖南省长沙市岳麓区金星北路383号'}",
Gallery-1706,,IMG_20251226_201520,2025-12-26 20:15:20,财经杂志; 文档扫描; 宏观经济; 手冲咖啡; 木质书桌; 晚间阅读; 金融资讯,《财经》杂志 - 2026年宏观经济展望：挑战与机遇并存 2025年12月刊,冯浩然在家中书房拍摄摊开的《财经》杂志内页，内容是关于2026年宏观经济展望的文章，旁边放着一杯手冲咖啡和一支钢笔。,"{'province': '湖南省', 'city': '长沙市', 'district': '岳麓区', 'streetName': '双塘路', 'streetNumber': '99号', 'poi': '岳麓区机关金星住宅小区 家中书房'}",112.938578,28.221525,"{'province': '湖南省', 'city': '长沙市', 'district': '岳麓区', 'street': '桐梓坡路', 'formatted_address': '湖南省长沙市岳麓区桐梓坡路99号'}",
Gallery-1707,,IMG_20251226_213010,2025-12-26 21:30:10,大空头; 书籍; 文档扫描; 睡前阅读; 手机备忘录; 明日计划; 床头灯,《大空头》- 迈克尔·刘易斯 著 中信出版集团,冯浩然在卧室床头灯下拍摄《大空头》书籍的封面和内页，旁边放着手机，屏幕上显示着明日天气预报和周末徒步计划备忘录。,"{'province': '湖南省', 'city': '长沙市', 'district': '岳麓区', 'streetName': '双塘路', 'streetNumber': '99号', 'poi': '岳麓区机关金星住宅小区 家中卧室'}",112.938578,28.221525,"{'province': '湖南省', 'city': '长沙市', 'district': '岳麓区', 'street': '桐梓坡路', 'formatted_address': '湖南省长沙市岳麓区桐梓坡路99号'}",
Gallery-1708,,IMG_20251227_073015,2025-12-27 07:30:15,早餐; 煎蛋; 平底锅; 全麦面包; 牛奶; 厨房; 晨光,无,冯浩然在家中厨房制作早餐，平底锅里的煎蛋滋滋作响，旁边放着全麦面包和一杯牛奶，晨光透过窗户洒在灶台上,"{'province': '湖南省', 'city': '长沙市', 'district': '岳麓区', 'streetName': '双塘路', 'streetNumber': '99号', 'poi': '岳麓区机关金星住宅小区'}",112.938578,28.221525,"{'province': '湖南省', 'city': '长沙市', 'district': '岳麓区', 'street': '桐梓坡路', 'formatted_address': '湖南省长沙市岳麓区桐梓坡路99号'}",
Gallery-1709,108-1,IMG_20251227_081025,2025-12-27 08:10:25,体检报告; 趋势图; 文档; 书房; 笔记本电脑; 整理,冯浩然 年度体检报告 2023-2025 关键指标趋势图,冯浩然在书房整理打印好的体检报告，报告上显示着近三年的关键指标趋势图，旁边放着笔记本电脑和一支笔,"{'province': '湖南省', 'city': '长沙市', 'district': '岳麓区', 'streetName': '双塘路', 'streetNumber': '99号', 'poi': '岳麓区机关金星住宅小区（家中书房）'}",112.938578,28.221525,"{'province': '湖南省', 'city': '长沙市', 'district': '岳麓区', 'street': '桐梓坡路', 'formatted_address': '湖南省长沙市岳麓区桐梓坡路99号'}",108-a
Gallery-1710,a_141,IMG_20251227_151230,2025-12-27 15:12:30,爱晚亭; 自拍; 红枫; 岳麓山; 古建筑; 风景打卡,无,冯浩然站在岳麓山爱晚亭前，以古色古香的亭子和周围的红枫为背景，微笑着进行自拍,"{'province': '湖南省', 'city': '长沙市', 'district': '岳麓区', 'streetName': '登高路', 'streetNumber': '58号', 'poi': '岳麓山风景名胜区-爱晚亭'}",112.937564,28.180437,"{'province': '湖南省', 'city': '长沙市', 'district': '岳麓区', 'street': '登高路', 'formatted_address': '湖南省长沙市岳麓区登高路58号'}",a_141
Gallery-1711,a_141,IMG_20251227_154500,2025-12-27 15:45:00,导览图; 岳麓山; 步道; 景点标注; 户外,岳麓山风景名胜区导览图 主要景点：爱晚亭、岳麓书院、云麓宫、穿石坡湖 开放时间：06:00-22:00,冯浩然拍摄岳麓山步道旁的景区导览图，上面清晰地标注着主要景点和路线，旁边是茂密的树林,"{'province': '湖南省', 'city': '长沙市', 'district': '岳麓区', 'streetName': '登高路', 'streetNumber': '58号', 'poi': '岳麓山风景名胜区'}",112.936104,28.183601,"{'province': '湖南省', 'city': '长沙市', 'district': '岳麓区', 'street': '登高路', 'formatted_address': '湖南省长沙市岳麓区登高路58号'}",a_141
Gallery-1712,87-4-1,IMG_20251227_201520,2025-12-27 20:15:20,团队聚餐; 湘菜; 合影; 庆祝; 同事; 醴陵土菜馆,无,冯浩然与同事们在聚餐时合影，桌上摆满了醴陵土菜馆的特色湘菜，大家笑容满面，背景是餐厅的装饰墙,"{'province': '湖南省', 'city': '长沙市', 'district': '芙蓉区', 'streetName': '芙蓉中路', 'streetNumber': '605号', 'poi': '醴陵土菜馆(芙蓉中路店)'}",112.986241,28.197553,"{'province': '湖南省', 'city': '长沙市', 'district': '芙蓉区', 'street': '芙蓉中路', 'formatted_address': '湖南省长沙市芙蓉区芙蓉中路[]'}",87-d
Gallery-1713,a_154,IMG_20251228_091000,2025-12-28 09:10:00,弹力带; 瑜伽垫; 物品收纳; 客厅储物; 康复器材; 整洁,无,冯浩然将康复训练后使用过的弹力带和瑜伽垫整齐地卷起，收纳在客厅电视柜下方的储物格里，背景是整洁的客厅一角。,"{'province': '湖南省', 'city': '长沙市', 'district': '岳麓区', 'streetName': '双塘路', 'streetNumber': '99号', 'poi': '岳麓区机关金星住宅小区（冯浩然家客厅）'}",112.938578,28.221525,"{'province': '湖南省', 'city': '长沙市', 'district': '岳麓区', 'street': '桐梓坡路', 'formatted_address': '湖南省长沙市岳麓区桐梓坡路99号'}",a_154
Gallery-1714,42-2-1,IMG_20251228_091500,2025-12-28 09:15:00,文档扫描; 年度复盘; 提纲; 木质书桌; 钢笔; 手机拍摄,2025年度复盘与2026目标规划要点 - 职业发展：评估李哲项目潜力；财务状况：开设个人养老金账户；家庭健康：推进父母深度体检...,冯浩然用手机扫描一份打印的年度复盘要点提纲，纸张平铺在书房的木质书桌上，旁边放着一支钢笔。,"{'province': '湖南省', 'city': '长沙市', 'district': '岳麓区', 'streetName': '双塘路', 'streetNumber': '99号', 'poi': '岳麓区机关金星住宅小区（冯浩然家书房）'}",112.938578,28.221525,"{'province': '湖南省', 'city': '长沙市', 'district': '岳麓区', 'street': '桐梓坡路', 'formatted_address': '湖南省长沙市岳麓区桐梓坡路99号'}",42-b
Gallery-1715,a_139,IMG_20251228_153000,2025-12-28 15:30:00,潮宗街; 历史建筑; 现代咖啡馆; 石板路; 午后光影; 街拍; 人间烟火,无,冯浩然在潮宗街历史文化街区拍摄一栋老建筑与现代咖啡馆融合的街景，午后阳光洒在石板路上，行人悠闲走过。,"{'province': '湖南省', 'city': '长沙市', 'district': '开福区', 'streetName': '通泰街', 'streetNumber': 'XX号', 'poi': '潮宗街历史文化街区'}",112.972255,28.203177,"{'province': '湖南省', 'city': '长沙市', 'district': '开福区', 'street': '潮宗街', 'formatted_address': '湖南省长沙市开福区潮宗街[]'}",a_139
Gallery-1716,,IMG_20251228_173500,2025-12-28 17:35:00,西红柿鸡蛋面; 晚餐; 美食; 白色瓷碗; 热气; 家常菜,无,冯浩然拍摄刚出锅的西红柿鸡蛋面，面条盛放在白色瓷碗中，红色的西红柿和黄色的鸡蛋覆盖其上，热气腾腾。,"{'province': '湖南省', 'city': '长沙市', 'district': '岳麓区', 'streetName': '双塘路', 'streetNumber': '99号', 'poi': '岳麓区机关金星住宅小区（冯浩然家厨房）'}",112.938578,28.221525,"{'province': '湖南省', 'city': '长沙市', 'district': '岳麓区', 'street': '桐梓坡路', 'formatted_address': '湖南省长沙市岳麓区桐梓坡路99号'}",
Gallery-1717,158-9-1,IMG_20251229_110530,2025-12-29 11:05:30,PPT截图; 笔记本电脑屏幕; 年度复盘; 战略规划; 咖啡厅会议; 商业图表,年度战略复盘与未来增长路径 - 2025年12月29日 - 李哲公司,冯浩然在圣爵菲斯咖啡厅的会议桌上，用手机拍摄了笔记本电脑屏幕上展示的关于‘年度战略复盘与未来增长路径’的PPT页面，背景是咖啡厅的卡座和绿植。,"{'province': '湖南省', 'city': '长沙市', 'district': '开福区', 'streetName': '三一大道', 'streetNumber': 'XX号', 'poi': '圣爵菲斯酒店一楼圣爵菲斯咖啡厅'}",113.016375,28.233632,"{'province': '湖南省', 'city': '长沙市', 'district': '开福区', 'street': '三一大道', 'formatted_address': '湖南省长沙市开福区三一大道[]'}",158-i
Gallery-1718,a_92,IMG_20251229_154520,2025-12-29 15:45:20,文档扫描; 资产配置报告; 办公桌; 金融文件; 工作处理; 签字笔,客户资产结构调整建议 - 冯浩然 - 2025年12月29日 - 核心观点：建议增配稳健型固收类产品...,冯浩然在华泰证券办公室的工位上，用手机扫描了一份关于‘客户资产结构调整建议’的文档，文档平铺在木质桌面上，旁边放着签字笔和咖啡杯。,"{'province': '湖南省', 'city': '长沙市', 'district': '开福区', 'streetName': '芙蓉中路', 'streetNumber': '88号', 'poi': '湖南广电中心写字楼华泰证券办公室'}",113.046548,28.235932,"{'province': '湖南省', 'city': '长沙市', 'district': '开福区', 'street': [], 'formatted_address': '湖南省长沙市开福区[][]'}",a_92
Gallery-1719,117-7,IMG_20251229_181005,2025-12-29 18:10:05,文档扫描; 康复计划手册; 治疗室; 健康管理; 训练动作图解; 筋膜球,家庭维持训练计划 - 恒大雅苑健身中心康复理疗部 - 治疗师：王医生 - 日期：2025-12-29 - 核心训练：平板支撑、鸟狗式...,冯浩然在恒大雅苑健身中心康复理疗部的治疗室内，拍摄了王医生交付的《家庭维持训练计划》手册，手册封面清晰，旁边放着康复治疗用的筋膜球。,"{'province': '湖南省', 'city': '长沙市', 'district': '开福区', 'streetName': '万家丽北路一段', 'streetNumber': 'XX号', 'poi': '恒大雅苑健身中心内设康复理疗部'}",113.045541,28.242708,"{'province': '湖南省', 'city': '长沙市', 'district': '开福区', 'street': '万家丽北路', 'formatted_address': '湖南省长沙市开福区万家丽北路[]'}",117-g
Gallery-1720,158-10,IMG_20251230_100215,2025-12-30 10:02:15,PPT截图; 笔记本电脑屏幕; 数据图表; 金融科技; 用户增长; 汇报材料,"项目X用户增长趋势图
2024Q1 - 2025Q4
月活用户（万）
季度环比增长率",冯浩然在钱总监办公室汇报时，用手机拍摄了笔记本电脑屏幕上展示的PPT关键数据图表，图表清晰展示了金融科技项目的用户增长趋势。,"{'province': '湖南省', 'city': '长沙市', 'district': '开福区', 'streetName': '三一大道', 'streetNumber': 'XX号', 'poi': '湖南广电中心写字楼钱永强总监办公室'}",113.046548,28.235932,"{'province': '湖南省', 'city': '长沙市', 'district': '开福区', 'street': '三一大道', 'formatted_address': '湖南省长沙市开福区三一大道[]'}",158-j
Gallery-1721,158-10,IMG_20251230_113045,2025-12-30 11:30:45,文档扫描; 备忘录; A4纸; 手写批注; 金融项目; 工作文件,"关于外部金融科技项目X的初步观察与内部评估建议
起草人：冯浩然
日期：2025-12-30
待补充：1. 详细合规风险点排查 2. 与现有业务协同的量化分析",冯浩然在工位上，用手机扫描了一份打印出来的《关于外部金融科技项目X的初步观察与内部评估建议》备忘录草稿，纸上写满了批注和待补充点。,"{'province': '湖南省', 'city': '长沙市', 'district': '开福区', 'streetName': '三一大道', 'streetNumber': 'XX号', 'poi': '华泰证券股份有限公司办公区'}",113.016375,28.233632,"{'province': '湖南省', 'city': '长沙市', 'district': '开福区', 'street': '三一大道', 'formatted_address': '湖南省长沙市开福区三一大道[]'}",158-j
Gallery-1722,,IMG_20251230_121520,2025-12-30 12:15:20,小炒黄牛肉; 湘菜; 午餐; 辣椒; 快餐套餐; 同事聚餐,无,冯浩然与同事郑文博在传媒路快餐店午餐，桌上摆着招牌小炒黄牛肉套餐，红绿辣椒与鲜嫩牛肉搭配，令人食欲大开。,"{'province': '湖南省', 'city': '长沙市', 'district': '开福区', 'streetName': '传媒路', 'streetNumber': 'XX号', 'poi': '传媒路快餐店'}",113.044429,28.237237,"{'province': '湖南省', 'city': '长沙市', 'district': '开福区', 'street': '传媒路', 'formatted_address': '湖南省长沙市开福区传媒路[]'}",
Gallery-1723,,IMG_20251230_192205,2025-12-30 19:22:05,血压计; 电子产品; 开箱; 物品收纳; 健康设备; 家庭用品,无,冯浩然在家中客厅沙发上，将新购买的血压计从包装盒中取出，整齐地摆放在茶几上，旁边放着说明书和充电线。,"{'province': '湖南省', 'city': '长沙市', 'district': '岳麓区', 'streetName': '双塘路', 'streetNumber': '99号', 'poi': '岳麓区机关金星住宅小区家中客厅'}",112.938578,28.221525,"{'province': '湖南省', 'city': '长沙市', 'district': '岳麓区', 'street': '桐梓坡路', 'formatted_address': '湖南省长沙市岳麓区桐梓坡路99号'}",
Gallery-1724,117-8,IMG_20251231_113015,2025-12-31 11:30:15,文档扫描; Notion界面; 年度计划; 季度任务; 办公桌; 笔记本电脑; 手机拍摄,2026年度个人发展计划 - 目标：晋升投资总监 - Q1：参与管理培训 - Q2：主导小项目试点 - 设定时间节点：父母体检（2026-06），个人养老金（2026-12）,冯浩然在办公室工位上用手机扫描Notion中的年度计划文档，屏幕上清晰地显示着分解为季度任务的详细列表，背景是整洁的办公桌和笔记本电脑。,"{'province': '湖南省', 'city': '长沙市', 'district': '开福区', 'streetName': '芙蓉中路', 'streetNumber': '88号', 'poi': '华泰证券办公室'}",112.986675,28.223728,"{'province': '湖南省', 'city': '长沙市', 'district': '开福区', 'street': '芙蓉中路', 'formatted_address': '湖南省长沙市开福区芙蓉中路88号'}",117-h
Gallery-1725,284-2,IMG_20251231_174520,2025-12-31 17:45:20,日落延时; 湘江日落; 杜甫江阁; 城市天际线; 三脚架; 相机; 晚霞; 延时摄影,无,冯浩然在杜甫江阁观景平台拍摄日落延时序列中的一帧，天空呈现绚烂的橙紫色渐变，湘江对岸的城市建筑群华灯初上，三脚架上的相机清晰可见。,"{'province': '湖南省', 'city': '长沙市', 'district': '天心区', 'streetName': '湘江中路二段', 'streetNumber': '108号', 'poi': '杜甫江阁西侧观景平台'}",112.968624,28.184442,"{'province': '湖南省', 'city': '长沙市', 'district': '天心区', 'street': '湘江中路二段', 'formatted_address': '湖南省长沙市天心区湘江中路二段108号'}",284-a
Gallery-1726,284-2,IMG_20251231_180810,2025-12-31 18:08:10,人物合影; 摄影爱好者; 相机; 湘江背景; 日落时分; 交流; 跨年夜,无,冯浩然与偶遇的摄影爱好者在观景平台栏杆边合影，两人都手持相机，身后是湘江和橘子洲头的远景，脸上带着专注交流后的笑容。,"{'province': '湖南省', 'city': '长沙市', 'district': '天心区', 'streetName': '湘江中路二段', 'streetNumber': '108号', 'poi': '杜甫江阁西侧观景平台'}",112.968624,28.184442,"{'province': '湖南省', 'city': '长沙市', 'district': '天心区', 'street': '湘江中路二段', 'formatted_address': '湖南省长沙市天心区湘江中路二段108号'}",284-a
Gallery-1727,284-2,IMG_20251231_182205,2025-12-31 18:22:05,细节特写; 保温杯; 热茶; 简易晚餐; 栏杆; 江面灯光; 夜景氛围,无,冯浩然拍摄观景平台上一个装有热茶和简易晚餐的保温杯特写，杯子放在栏杆上，背景是虚化的江面和对岸的点点灯光，氛围宁静。,"{'province': '湖南省', 'city': '长沙市', 'district': '天心区', 'streetName': '湘江中路二段', 'streetNumber': '108号', 'poi': '杜甫江阁西侧观景平台'}",112.968624,28.184442,"{'province': '湖南省', 'city': '长沙市', 'district': '天心区', 'street': '湘江中路二段', 'formatted_address': '湖南省长沙市天心区湘江中路二段108号'}",284-a
Gallery-1728,284-4,IMG_20251231_201530,2025-12-31 20:15:30,夜景; 湘江倒影; 城市灯光; 游船光轨; 长焦镜头; 暗光环境; 跨年夜,无,冯浩然使用长焦镜头拍摄湘江对岸建筑群在江面上的璀璨倒影，光影交织，游船划过水面留下长长的光轨，画面充满动感与静谧的对比。,"{'province': '湖南省', 'city': '长沙市', 'district': '天心区', 'streetName': '湘江中路二段', 'streetNumber': '108号', 'poi': '杜甫江阁西侧观景平台'}",112.968624,28.184442,"{'province': '湖南省', 'city': '长沙市', 'district': '天心区', 'street': '湘江中路二段', 'formatted_address': '湖南省长沙市天心区湘江中路二段108号'}",284-a
Gallery-1729,284-6,IMG_20251231_235945,2025-12-31 23:59:45,街头风景; 跨年时刻; 湘江; 人群剪影; 节日灯光; 烟花光亮; 夜景,无,冯浩然在跨年时刻拍摄湘江边的街头风景，远处天空隐约有烟花的光亮，近处是稀疏但兴奋的人群剪影，江面映照着对岸建筑的节日灯光。,"{'province': '湖南省', 'city': '长沙市', 'district': '天心区', 'streetName': '湘江中路二段', 'streetNumber': '108号', 'poi': '杜甫江阁西侧观景平台'}",112.968624,28.184442,"{'province': '湖南省', 'city': '长沙市', 'district': '天心区', 'street': '湘江中路二段', 'formatted_address': '湖南省长沙市天心区湘江中路二段108号'}",284-a
