id,generation_source,title,content,datetime,source,generation_source_continue
Push-0,159-3,雪球：隔夜美股收盘速递,【雪球】隔夜美股三大指数涨跌不一，道指微跌0.1%，纳指涨0.3%。美联储会议纪要显示通胀担忧持续。点击查看详情>>,2025-01-01 06:35:00,雪球,159-a
Push-1,159-3,同花顺：亚太早盘动态提醒,【同花顺】日经225指数早盘高开0.5%，韩国KOSPI指数平开。国内政策面关注央行流动性操作。,2025-01-01 06:40:00,同花顺,159-a
Push-2,159-1,Keep：跑步数据同步完成,【Keep】您于07:00-07:50在湘江风光带的跑步记录已同步，距离5.2公里，配速9‘30”，消耗热量约380千卡。,2025-01-01 07:52:00,Keep,159-a
Push-3,159-1,小米运动：拉伸目标达成,【小米运动】恭喜完成今日10分钟拉伸训练！有效缓解肌肉紧张，保持运动表现。,2025-01-01 08:05:00,小米运动,159-a
Push-4,159-3,微信：董浩然发来新年祝福,【微信】董浩然：浩然，新年快乐！祝2025投资顺利，早日晋升总监！,2025-01-01 08:25:00,微信,159-a
Push-5,,墨迹天气：长沙今日晴朗,【墨迹天气】长沙市岳麓区，今天全天晴朗，气温5-12℃，东北风2级，空气质量良。适宜户外活动。,2025-01-01 09:02:00,墨迹天气,
Push-6,159-5,Notion：CFA备考计划创建成功,【Notion】您的CFA三级六个月备考甘特图已保存。今日任务：固定收益分析章节学习（2小时）。,2025-01-01 09:25:00,Notion,159-a
Push-7,159-5,高德地图：前往未里餐厅路线规划,【高德地图】为您规划从家到未里创意融合菜餐厅（西湖公园路）的驾车路线，全程约8公里，预计20分钟到达。,2025-01-01 11:55:00,高德地图,159-a
Push-8,,Lightroom：照片备份至iCloud完成,【Lightroom】您从SD卡导入的235张照片已成功备份至iCloud。已标记30张精选照片待处理。,2025-01-01 17:20:00,Lightroom,
Push-9,159-3,华尔街见闻：午后财经快讯,【华尔街见闻】央行开展500亿元逆回购操作。A股三大指数午后震荡走高，消费板块领涨。,2025-01-01 17:25:00,华尔街见闻,159-a
Push-10,,支付宝：步步高超市支付成功,【支付宝】您已成功支付步步高超市（金星路店）订单#2025010117402356，金额287.50元。,2025-01-01 17:43:00,支付宝,
Push-11,159-4,微信：与妈妈视频通话结束,【微信】您与妈妈李秀英的视频通话已结束，时长15分32秒。,2025-01-01 19:26:00,微信,159-a
Push-12,2-4-1,系统：存储空间不足提醒,【系统通知】您的iPhone存储空间已使用超过90%，建议清理照片、视频或卸载不常用的APP以释放空间。,2025-01-01 21:10:00,系统存储管理,2-h
Push-13,,Keep：晨跑运动记录已生成,【Keep】您于06:40开始的3公里晨跑已完成，平均配速6分30秒，心率保持在有氧区间。运动数据已同步，点击查看详细报告。,2025-01-02 07:05:00,Keep,
Push-14,,网易云音乐：私人FM新歌推荐,【网易云音乐】根据您的听歌喜好，今日为您推荐爵士乐歌单“清晨的微光”，包含Norah Jones等歌手作品，点击一键收听。,2025-01-02 07:20:00,网易云音乐,
Push-15,160-1,高德地图：通勤路况提醒,【高德地图】您常走的从岳麓区双塘路到开福区芙蓉中路路线当前畅通，预计08:35到达。已为您避开拥堵路段。,2025-01-02 08:02:00,高德地图,160-a
Push-16,160-1,企业微信：同事发来新消息,【企业微信】郑文博：浩然，上午的会议材料我已经发到共享盘了，科技板块的补充观点在最后一部分，你看一下。,2025-01-02 08:40:00,企业微信,160-a
Push-17,160-1,雪球：您关注的板块有异动,【雪球】您关注的科技板块早盘拉升，相关ETF涨幅超1.5%。分析师认为与政策预期有关，点击查看详情。,2025-01-02 10:15:00,雪球,160-a
Push-18,,美团：订单支付成功,【美团】您在小炒黄牛肉快餐店（金鹰路店）的订单#MT202501021201已支付成功，金额68元。商家已接单，预计12:40前出餐。,2025-01-02 12:03:00,美团,
Push-19,161-1,美年大健康：体检预约成功通知,【美年大健康】您已成功预约2025年1月9日的全面健康体检（空腹项目），预约码：MN20250102001。请携带身份证准时到院。,2025-01-02 12:25:00,美年大健康,161-a
Push-20,160-1,腾讯会议：会议即将开始,【腾讯会议】您预约的与孙晓雅的视频会议将于15分钟后开始。会议主题：客户动态同步，会议号：8845 2211 77。,2025-01-02 14:15:00,腾讯会议,160-a
Push-21,,系统：存储空间不足提醒,【系统通知】您的手机存储空间已使用超过90%，部分应用运行可能受影响。建议及时清理照片、视频等文件。,2025-01-02 16:30:00,系统存储管理,
Push-22,,大众点评：发现附近优质咖啡厅,【大众点评】根据您的口味，为您推荐一丹咖啡厅（浏阳河大道店）的耶加雪菲手冲咖啡，近期有摄影主题沙龙活动，点击查看详情。,2025-01-02 17:25:00,大众点评,
Push-23,,微信：彭雨晴发来消息,【微信】彭雨晴：我已经到咖啡厅了，靠窗的老位置。你拍的那些潮宗街照片我迫不及待想看了！,2025-01-02 18:00:00,微信,
Push-24,,网易云音乐：今日收听报告,【网易云音乐】您今日已收听爵士乐超过60分钟，最常播放歌单“深夜书房”。为您生成专属收听报告，点击查看。,2025-01-02 20:15:00,网易云音乐,
Push-25,,CFA Institute官方APP：学习进度提醒,【CFA Institute】您已连续学习CFA三级道德与专业准则3天，今日完成章节习题正确率达85%。保持节奏，点击继续学习。,2025-01-02 21:45:00,CFA Institute,
Push-26,,知乎：推荐CFA备考经验,【知乎】为您推荐话题“CFA三级道德科目高效复习法”，包含多位持证人的笔记分享和避坑指南，或许对您有帮助。,2025-01-02 22:10:00,知乎,
Push-27,,华尔街见闻：早间财经快讯,【华尔街见闻】央行今日开展1000亿元逆回购操作，净投放500亿元。年初流动性宽松预期升温，关注大金融板块表现。,2025-01-03 07:15:00,华尔街见闻,
Push-28,,高德地图：通勤路况提醒,【高德地图】您常走的岳麓区双塘路至开福区芙蓉中路路段当前拥堵，预计通行时间45分钟，建议您提前出发。,2025-01-03 07:55:00,高德地图,
Push-29,160-2-1,钉钉：会议即将开始提醒,【钉钉】您参与的“部门年初工作会议”将于09:30开始，地点：华泰证券会议室，请准时参加。,2025-01-03 09:00:00,钉钉,160-b
Push-30,160-2-2,大众点评：湘菜馆推荐,【大众点评】根据您的口味，为您推荐金鹰路附近评分4.8的湘菜馆“湘聚楼”，招牌菜小炒黄牛肉。,2025-01-03 12:05:00,大众点评,160-b
Push-31,,企业微信：您有新的邮件,【企业微信】客户黄思琪向您发送了一封紧急邮件，主题：短期资金配置咨询，请及时查收处理。,2025-01-03 14:05:00,企业微信,
Push-32,175-1,周末限定品鉴会更新,沈心怡老板：周末的限定咖啡豆品鉴会确定了，有埃塞俄比亚、哥伦比亚和云南的豆子，记得预留时间哦！,2025-01-03 14:30:22,微信,175-a
Push-33,,QQ音乐：每日推荐歌单,【QQ音乐】为您定制了“下班放松”歌单，包含轻音乐与爵士乐，点击即可播放，伴您轻松通勤。,2025-01-03 17:35:00,QQ音乐,
Push-34,,支付宝：便利店支付成功,【支付宝】您已成功支付新佳宜便利店订单#202501031825，金额38.5元，支付方式：花呗。,2025-01-03 18:25:00,支付宝,
Push-35,,微信：视频通话未接听提醒,【微信】您有1个来自妈妈（李秀英）的未接视频通话，可点击回拨或发送消息。,2025-01-03 19:18:00,微信,
Push-36,,系统：存储空间不足提醒,【系统通知】您的手机存储空间已使用超过90%，建议清理照片、视频或卸载不常用应用以释放空间。,2025-01-03 19:40:00,系统存储管理,
Push-37,1-1,CFA Institute：学习进度提醒,【CFA Institute】根据您的计划，今晚应完成道德与专业准则模块案例学习。登录学习平台获取最新资料。,2025-01-03 20:05:00,CFA Institute,1-a
Push-38,,墨迹天气：明日天气提醒,【墨迹天气】长沙明日（1月4日）晴转多云，气温5-12℃，北风2级，空气质量良。适宜晨跑。,2025-01-03 22:25:00,墨迹天气,
Push-39,,雪球：周末财经要闻速递,【雪球】周末市场动态：美联储最新会议纪要解读、A股年报预告期临近，多家公司业绩预喜。点击查看机构观点与投资机会梳理。,2025-01-04 08:15:00,雪球,
Push-40,,小红书：街拍摄影灵感推荐,【小红书】发现长沙潮宗街同款机位！多位摄影师分享了复古街巷人像调色技巧，快来收藏学习吧。,2025-01-04 09:45:00,小红书,
Push-41,,Adobe Lightroom：照片处理完成提醒,【Adobe Lightroom】您于09:15开始处理的15张照片已完成导出，已保存至云端。点击查看作品。,2025-01-04 10:10:00,Adobe Lightroom,
Push-42,175-4,支付宝：咖啡豆购买支付成功,【支付宝】您已成功向心怡手冲咖啡馆付款168元。订单号#CD202501041505，点击查看账单详情。,2025-01-04 15:05:00,支付宝,175-a
Push-43,,微信支付：晚餐账单支付成功,【微信支付】支付成功。您在壹盏灯(乐和城店)消费286元，账单已生成。感谢使用。,2025-01-04 18:58:00,微信,
Push-44,,Notion：学习计划模板更新提醒,【Notion】您关注的“CFA三级备考与实务结合”模板已由社区专家更新，新增股权激励税务案例模块。立即同步至您的工作区。,2025-01-04 21:20:00,Notion,
Push-45,,系统：存储空间不足提醒,【系统通知】手机存储空间已不足10%，部分应用运行可能受影响。建议及时清理照片、视频或卸载不常用应用。,2025-01-04 22:05:00,系统存储管理,
Push-46,,高德地图：出行路线推荐,【高德地图】为您推荐从云玺潮汇到步步高超市（砂之船奥莱店）的驾车路线，避开晚高峰拥堵，预计16:50到达,2025-01-05 16:05:00,高德地图,
Push-47,,支付宝：超市支付成功提醒,【支付宝】您已成功支付步步高超市订单#202501051725，金额 168.50 元，账单已同步至我的账单,2025-01-05 17:25:30,支付宝,
Push-48,163-1-3,Adobe Lightroom：照片编辑灵感,【Adobe Lightroom】您的街拍作品适合尝试复古胶片滤镜，点击查看预设包【城市记忆】，限时8折,2025-01-05 19:15:00,Adobe Lightroom,163-a
Push-49,163-1-3,系统：存储空间不足提醒,【系统通知】当前手机存储空间已使用超过90%，建议及时清理照片、视频等文件,2025-01-05 19:45:00,系统存储管理,163-a
Push-50,,雪球：ESG投资专题,【雪球】您关注的ESG投资有新的深度分析：科技行业ESG评级方法论与投资机会解读，点击查看,2025-01-05 20:10:00,雪球,
Push-51,,支付宝：课程支付成功提醒,【支付宝】您已成功支付金融在线教育平台订单#ESG20250105，金额 699 元，账单已同步至我的账单,2025-01-05 20:45:30,支付宝,
Push-52,,小睡眠：助眠音乐推荐,【小睡眠】根据您的作息计划，为您推荐【雨夜篝火】白噪音，助您22:10前轻松入睡,2025-01-05 21:30:00,小睡眠,
Push-53,,美团：餐厅预定成功通知,【美团】您已成功预定绿洲碗轻食店，预定码 789456，用餐时间 2025-01-06 12:00，请准时到店。,2025-01-06 11:55:00,美团,
Push-54,163-2,知乎：个性化课程推荐,【知乎】根据你的兴趣，为你推荐科技行业ESG投资评估实战专项课，限时9折优惠，点击查看详情。,2025-01-06 13:05:00,知乎,163-b
Push-55,,网易云音乐：个性化歌单推荐,【网易云音乐】为你推荐下班路上听的歌单《华尔街见闻·财经播客精选》，基于你的收听习惯，点击一键播放。,2025-01-06 20:12:00,网易云音乐,
Push-56,1-1,系统：存储空间不足提醒,【系统通知】当前手机存储空间已使用超过 90%，请及时清理，避免影响应用运行。,2025-01-06 21:45:00,系统存储管理,1-a
Push-57,,系统：电量低提醒,【系统通知】当前手机电量已低于 20%，请及时充电，避免影响使用,2025-01-07 06:35:00,系统电池管理,
Push-58,,雪球：早盘市场动态,【雪球】隔夜美债收益率下行，10年期国债期货主力合约高开0.12%。早盘关注银行间资金面及现券交投情绪。,2025-01-07 09:05:00,雪球,
Push-59,,华泰证券：研究报告提交成功,【华泰证券】您撰写的《债券市场波动对固收类产品影响分析》报告已成功提交至内部系统，编号为 RPT-20250107-078。,2025-01-07 12:02:00,华泰证券,
Push-60,,得到：ESG投资课程更新,【得到】您关注的ESG投资评估专项课已更新第3讲：绿色债券的识别与估值。点击开始学习。,2025-01-07 13:05:00,得到,
Push-61,,雪球：高股息板块异动提醒,【雪球】您关注的高股息板块午后出现资金流入迹象，中国神华、长江电力等龙头股涨幅居前。,2025-01-07 14:45:00,雪球,
Push-62,,下厨房：空气炸锅鸡胸肉食谱,【下厨房】您收藏的“低脂空气炸锅鸡胸肉”食谱有厨友分享了新技巧：腌制时加入少量酸奶肉质更嫩。,2025-01-07 18:30:00,下厨房,
Push-63,,Keep：拉伸课程完成提醒,【Keep】恭喜您完成“跑后下肢深度拉伸”课程（15分钟），有效缓解肌肉酸痛。坚持运动，明天继续！,2025-01-07 19:16:00,Keep,
Push-64,1-2-1,高顿教育：CFA学习提醒,【高顿教育】您今日的CFA三级固定收益学习任务（2小时）已完成80%。久期匹配策略练习题已保存，记得周末复习错题。,2025-01-07 21:55:00,高顿教育,1-b
Push-65,,淘宝：露营装备降价提醒,【淘宝】您购物车中的牧高笛轻量化帐篷（型号：冷山3）直降150元，现价899元。便携手冲咖啡器具套装同步优惠。,2025-01-07 22:15:00,淘宝,
Push-66,,慧择保险：您收藏的产品有更新,【慧择保险】您收藏的中老年医疗险产品保障细则已更新，新增了特定药品目录，请及时查看以获取最新信息。,2025-01-08 09:05:00,慧择保险,
Push-67,,雪球：今日A股市场热点速递,【雪球】早盘科技板块表现活跃，您关注的半导体ETF（512480）上涨1.5%。点击查看机构最新解读与投资策略。,2025-01-08 10:30:00,雪球,
Push-68,,支付宝：支付成功提醒,【支付宝】您已成功支付罗比零食专卖店订单#RB202501081730，金额 68.5 元，账单已同步至我的账单。,2025-01-08 17:33:00,支付宝,
Push-69,,下厨房：健康沙拉食谱推荐,【下厨房】根据您的浏览记录，为您推荐低脂高蛋白的鸡胸肉沙拉食谱，附详细步骤与热量计算，助力健康饮食。,2025-01-08 17:50:00,下厨房,
Push-70,,系统：存储空间不足提醒,【系统通知】当前手机存储空间已低于10%，建议及时清理照片、视频或卸载不常用应用，以确保系统流畅运行。,2025-01-08 20:15:00,系统存储管理,
Push-71,,Keep：您的训练日志已保存,【Keep】恭喜完成核心激活训练！本次训练时长15分钟，消耗约85千卡。坚持记录，见证改变。,2025-01-08 22:12:00,Keep,
Push-72,,微信读书：您关注的书籍有更新,【微信读书】您正在阅读的《周期》作者霍华德·马克斯发布了新的投资备忘录，已同步至书架，点击即可阅读。,2025-01-08 22:25:00,微信读书,
Push-73,161-2-1,高德地图：驾车路线推荐,【高德地图】为您规划前往美年大健康体检中心(鸥波港湾)的驾车路线，早高峰预计35分钟，途经西二环、芙蓉中路。点击查看实时路况。,2025-01-09 07:15:00,高德地图,161-b
Push-74,161-2-2,Keep：核心力量训练推荐,【Keep】根据您的健康数据，推荐一套15分钟核心与背部训练组合，包含平板支撑、臀桥等动作，助您预防腰背劳损。,2025-01-09 11:20:00,Keep,161-b
Push-75,,支付宝：便利店支付成功,【支付宝】您已成功支付便利店订单，金额18.5元。支付方式：花呗。,2025-01-09 11:42:00,支付宝,
Push-76,,大众点评：健康零食推荐,【大众点评】检测到您近期关注健康饮食，为您推荐附近评分4.8+的轻食餐厅和健康零食店铺。,2025-01-09 11:45:00,大众点评,
Push-77,,支付宝：轻食餐厅支付成功,【支付宝】您在山轻食(广电店)的消费45元支付成功。账单已同步至我的账单。,2025-01-09 12:02:00,支付宝,
Push-78,162-1,大众点评：餐厅预订成功,【大众点评】您已成功预订【麓山小院】周六晚18:30的4人位，预订码#LY20250109。请准时到店。,2025-01-09 15:35:00,大众点评,162-a
Push-79,,雪球：科技股行情速递,【雪球】您关注的科技板块午后震荡上行，多只ESG评级A+个股涨幅超3%。点击查看详细分析。,2025-01-09 16:30:00,雪球,
Push-80,,支付宝：零食专卖店支付成功,【支付宝】您在罗比零食专卖店的消费68元支付成功，已使用花呗。,2025-01-09 17:35:00,支付宝,
Push-81,161-2-2,Keep：背部训练课程提醒,【Keep】您收藏的【办公室人群背部放松】课程已更新，新增预防腰肌劳损动作讲解，今晚一起练起来吧！,2025-01-09 19:05:00,Keep,161-b
Push-82,,系统：存储空间不足,【系统通知】手机存储空间已使用超过90%，建议清理照片、视频或卸载不常用应用以释放空间。,2025-01-09 21:20:00,系统存储管理,
Push-83,,系统：存储空间不足提醒,【系统通知】您的手机存储空间已使用超过90%，建议及时清理照片、视频等文件，以保证系统流畅运行。,2025-01-10 07:45:00,系统存储管理,
Push-84,50-1,支付宝：摄影工作坊报名成功,【支付宝】您已成功报名“城市光影人像摄影工作坊”，课程费用198元已支付，订单号#P202501100812345，开课时间：2025-01-18 14:00，请准时参加。,2025-01-10 08:13:00,支付宝,50-a
Push-85,,雪球：A股开盘前瞻,【雪球】隔夜美股科技股普涨，或提振A股相关板块情绪。今日关注央行公开市场操作及12月CPI数据公布。您的自选股“宁德时代”将于9:30开盘。,2025-01-10 09:05:00,雪球,
Push-86,16-3,CFA协会：三级衍生品备考提醒,【CFA Institute App】距离2025年5月CFA三级考试还有约120天。今日推荐学习任务：完成衍生品章节“互换定价”课后习题，巩固利率互换与货币互换的核心计算。,2025-01-10 12:15:00,CFA Institute App,16-c
Push-87,,招商银行：年度账单整理提醒,【招商银行】2024年度电子账单已全部生成。您可通过“我的→年度账单”一键查看全年收支、投资及信用卡消费全景报告，助力您的财务规划。,2025-01-10 13:20:00,招商银行,
Push-88,,Wind：A股收盘快报,【Wind金融终端】今日A股三大指数涨跌不一，沪指微涨0.12%。您关注的ESG主题板块中，新能源表现活跃。点击查看详细复盘数据与机构观点。,2025-01-10 15:05:00,Wind,
Push-89,,高德地图：晚高峰路况提醒,【高德地图】当前岳麓区至开福区主干道拥堵，预计通行时间45分钟。为您推荐一条避开拥堵的备选路线，预计节省15分钟，是否切换导航？,2025-01-10 17:05:00,高德地图,
Push-90,162-2-1,美团：餐厅预定成功通知,【美团】您已成功预定“笨罗卜浏阳菜馆(太平街店)”，时间：2025-01-10 18:30，2人位。预定码#MT202501101830567，请凭码到店就餐。,2025-01-10 18:15:00,美团,162-b
Push-91,,网易云音乐：驾驶模式推荐,【网易云音乐】晚间驾车，为您推荐“专注驾驶·纯音乐”歌单，舒缓节奏助您放松返程。已为您切换至驾驶模式，语音点歌更安全。,2025-01-10 20:35:00,网易云音乐,
Push-92,16-3,Forest：专注学习提醒,【Forest专注森林】您设定的“CFA衍生品习题”专注时间将于22:00开始。种下一棵树，专注90分钟，解锁新树种“知识之杉”。,2025-01-10 21:50:00,Forest,16-c
Push-93,161-4-2,支付宝：支付成功提醒,【支付宝】您已成功支付步步高超市鲜奶站订单，金额 18.5 元，账单已同步至我的账单,2025-01-11 09:02:00,支付宝,161-d
Push-94,161-4-1,京东：为你推荐,【京东】根据您的浏览，为您推荐这款专业瑜伽垫和弹力带组合，满足居家力量训练需求，限时优惠中,2025-01-11 10:02:00,京东,161-d
Push-95,,支付宝：支付成功提醒,【支付宝】您已成功支付LAVAZZA拉瓦萨咖啡订单#LK202501111315，金额 38 元，账单已同步至我的账单,2025-01-11 13:18:00,支付宝,
Push-96,,雪球：内容更新提醒,【雪球】您关注的科技股板块有最新动态，多家公司发布ESG报告，点击查看详情,2025-01-11 13:40:00,雪球,
Push-97,,平安好车主：内容更新提醒,【平安好车主】您关注的父母医疗险产品对比表已更新，新增泰康乐享健康保障详情,2025-01-11 14:30:00,平安好车主,
Push-98,,支付宝：为你推荐,【支付宝】根据您的浏览记录，为您推荐泰康在线、友邦保险等适合父母的医疗险产品，可一键对比,2025-01-11 15:00:00,支付宝,
Push-99,,美团：餐厅预定成功通知,【美团】您已成功预定麓隐小院（18:30，2人），预定码 889456，请按时到店,2025-01-11 17:50:00,美团,
Push-100,,小红书：为你推荐,【小红书】发现长沙周边露营好去处，三月露营装备清单与地点攻略已备好，点击查看,2025-01-11 18:05:00,小红书,
Push-101,,微信支付：支付成功提醒,【微信支付】支付成功 42.8 元（罗比零食专卖店），可在支付凭证中查看详情,2025-01-11 20:45:00,微信,
Push-102,,系统：存储空间不足提醒,【系统通知】手机存储空间已不足 10%，建议清理照片、视频或卸载不常用应用,2025-01-11 22:15:00,系统存储管理,
Push-103,,雪球：早盘市场动态提醒,【雪球】周末财经要闻速递：美股科技股财报季开启，A股结构性机会显现。点击查看机构最新观点。,2025-01-12 08:45:00,雪球,
Push-104,162-3,支付宝：咖啡消费支付成功,【支付宝】您已成功支付一丹咖啡厅订单#CD20250112001，金额38元。账单已同步至我的账单。,2025-01-12 13:05:00,支付宝,162-c
Push-105,165-1-2,同花顺：开盘提醒,【同花顺】您关注的股票（代码：000001）将于明日（1月13日）09:30开盘。您设置的卖出提醒已生效。,2025-01-12 14:50:00,同花顺,165-a
Push-106,,支付宝：超市购物支付成功,【支付宝】您已成功支付罗比零食专卖店订单#LS20250112001，金额56.8元。账单已同步至我的账单。,2025-01-12 15:55:00,支付宝,
Push-107,172-2-2,平安好车主：保险产品对比提醒,【平安好车主】您关注的父母医疗险产品对比已完成。保障范围、续保条件等核心差异已清晰列出，点击查看详情。,2025-01-12 21:15:00,平安好车主,172-b
Push-108,,系统：存储空间不足提醒,【系统通知】手机存储空间已使用超过90%，部分应用运行可能变慢。建议及时清理照片、视频等文件。,2025-01-12 22:15:00,系统存储管理,
Push-109,,Keep：晨跑记录已生成,【Keep】您于06:50开始的晨跑已完成，距离7.2公里，时长45分钟，平均配速6‘15”，消耗热量约520千卡。,2025-01-13 07:35:00,Keep,
Push-110,,美团：订单支付成功,【美团】您在“沙拉补给站”的订单#202501131234已支付成功，实付金额68元，预计12:15送达。,2025-01-13 11:58:00,美团,
Push-111,164-1-2,腾讯会议：会议即将开始,【腾讯会议】您预约的会议“黄思琪客户方案沟通”将于14:00开始，会议号：123 456 789，点击即可加入。,2025-01-13 13:30:00,腾讯会议,164-a
Push-112,3-4,招商银行：理财申购成功,"【招商银行】您已成功申购招商招钱宝货币A，金额50,000.00元，预计年化收益率2.15%，详情可查看持仓。",2025-01-13 13:35:00,招商银行,3-l
Push-113,3-4,华泰证券：定投计划确认,"【华泰证券】您设置的沪深300指数基金（代码：510300）月定投计划已生效，下次扣款日期2025-02-13，扣款金额1,000.00元。",2025-01-13 13:38:00,华泰证券,3-l
Push-114,,菜鸟：包裹已送达,【菜鸟】您的包裹（尾号1234）已放入丰巢快递柜，地址：岳麓区双塘路99号金星住宅小区，取件码：6A8B9C，请及时领取。,2025-01-13 18:05:00,菜鸟,
Push-115,,CFA Institute：学习提醒,【CFA Institute】您今日有“道德与专业准则”学习计划待完成，预计用时95分钟，点击开始学习。,2025-01-13 19:10:00,CFA Institute,
Push-116,,系统：存储空间不足,【系统通知】手机存储空间已使用超过90%，部分功能可能受限，建议及时清理。,2025-01-13 20:30:00,系统存储管理,
Push-117,,雪球：今日财经早报,【雪球】早盘前瞻：宏观数据解读及市场情绪分析已更新，重点关注科技板块及行业ETF动向。,2025-01-14 07:15:00,雪球,
Push-118,165-2,华泰证券：委托成交提醒,【华泰证券】您的委托已全部成交。卖出成交均价 25.36元，买入成交均价 12.78元。详情请查看交割单。,2025-01-14 10:22:00,华泰证券,165-b
Push-119,,LinkedIn领英：人脉动态更新,【LinkedIn领英】您的联系人钱永强（投资总监）近期分享了关于股权激励税务筹划的文章，可能与您相关。,2025-01-14 10:55:00,LinkedIn领英,
Push-120,,支付宝：支付成功提醒,【支付宝】您已成功支付中国兰州拉面(广电店)订单#202501141201，金额 38元，账单已同步至我的账单。,2025-01-14 12:02:00,支付宝,
Push-121,171-2,微信读书：您订阅的专栏已更新,【微信读书】您关注的专栏《股权激励实务》发布了新文章：《员工持股计划与公司长期绩效的实证研究》。,2025-01-14 13:20:00,微信读书,171-b
Push-122,171-2,Wind金融终端：研报更新提醒,【Wind金融终端】您关注的腾讯控股（00700.HK）最新ESG报告及股权激励公告摘要已生成，请查收。,2025-01-14 14:30:00,Wind金融终端,171-b
Push-123,,雪球：您关注的组合调仓,【雪球】您关注的组合“科技龙头观察”今日有调仓操作，新增行业ETF持仓，点击查看详情。,2025-01-14 15:00:00,雪球,
Push-124,,系统：存储空间不足,【系统通知】当前手机存储空间已使用超过90%，建议及时清理照片、视频等文件。,2025-01-14 16:40:00,系统存储管理,
Push-125,,滴答清单：今日总结提醒,【滴答清单】您设定的“下班前梳理待办”提醒已触发。今日所有项目均已完成或取得进展，棒棒的！,2025-01-14 17:50:00,滴答清单,
Push-126,,Keep：步行挑战提醒,【Keep】今日步行目标尚未完成，距离10000步还差3500步，现在动起来吧！,2025-01-14 18:05:00,Keep,
Push-127,,美团外卖：订单确认通知,【美团外卖】您的轻食沙拉订单#MT202501141926已确认，商家“轻食主义”已接单，预计19:45送达。,2025-01-14 19:27:00,美团外卖,
Push-128,,Adobe Lightroom：云备份完成,【Adobe Lightroom】您于21:15导入的35张照片已完成云备份。所有调整已同步至云端。,2025-01-14 21:20:00,Adobe Lightroom,
Push-129,,知乎：推荐内容更新,【知乎】根据您的浏览，为您推荐话题“CFA三级私人财富管理核心考点解析”。,2025-01-14 22:10:00,知乎,
Push-130,,网易云音乐：每日推荐歌单,【网易云音乐】今日为您推荐【雨天通勤】专属歌单，包含5首轻音乐与财经播客，助您开启高效一天。,2025-01-15 08:05:00,网易云音乐,
Push-131,165-3,雪球：A股开盘快讯,【雪球】A股三大指数开盘涨跌不一，您关注的券商板块表现活跃。点击查看最新行情与机构观点。,2025-01-15 09:15:00,雪球,165-c
Push-132,,财联社：午间要闻速递,【财联社】午间快讯：客户行业相关政策解读发布，或对您下午工作有参考价值。,2025-01-15 12:30:00,财联社,
Push-133,171-3,Notion：学习资料更新,【Notion】您关注的IFRS 2股权激励专题笔记已更新，新增了权益与现金结算差异的案例分析。,2025-01-15 14:20:00,Notion,171-c
Push-134,162-4,携程旅行：露营预订成功,【携程旅行】您已成功预订松雅湖生态营地临湖帐篷位（3月），订单号CT20250115001，预定码SLH123456。含早餐套餐，定金已支付。,2025-01-15 19:03:00,携程旅行,162-d
Push-135,,Keep：核心训练课程提醒,【Keep】您收藏的【25分钟弹力带核心强化】课程已就绪，今日训练重点：平板支撑与臀桥，助您缓解腰背紧张。,2025-01-15 20:40:00,Keep,
Push-136,,系统：存储空间不足,【系统通知】当前手机存储空间已低于10%，建议清理照片、视频或卸载不常用应用以释放空间。,2025-01-15 21:25:00,系统存储管理,
Push-137,,Keep：晨跑记录已生成,【Keep】您今日在岳麓山风景名胜区的晨跑已完成，距离 4.0 公里，配速 6‘30“/公里，消耗约 320 千卡。点击查看详细数据与历史对比。,2025-01-16 07:50:00,Keep,
Push-138,166-2,雪球：沪深300指数异动提醒,【雪球】您关注的沪深300指数(000300)盘中波动超1.5%，当前报 3502.15 点，下跌 1.8%。科技板块领跌，点击查看成分股详情与机构观点。,2025-01-16 10:15:00,雪球,166-a
Push-139,,平安好车主：车险续保提醒,【平安好车主】您的车辆（湘A·12345）商业险即将于2025-02-28到期。一键续保享专属折扣，预估优惠金额 580 元。立即报价，保障不中断。,2025-01-16 14:30:00,平安好车主,
Push-140,171-4,税务研究提醒,已为您找到关于股权激励税务筹划的相关税法条文和案例，点击查看详情。,2025-01-16 14:30:00,税务研究,171-d
Push-141,1-5,企业微信：明日日程提醒,【企业微信】您明日（1月17日）09:30 有【投资总监汇报会】，地点：华泰证券8楼会议室。请提前准备ESG投资方案框架与客户咨询复盘材料。,2025-01-16 17:05:00,企业微信,1-f
Push-142,,悦跑圈：核心训练打卡提醒,【悦跑圈】您设定的【核心力量训练】计划提醒时间到啦！今日推荐动作：鸟狗式、平板支撑。坚持训练，有效缓解腰部压力，提升运动表现。,2025-01-16 17:10:00,悦跑圈,
Push-143,16-5,CFA Institute：三级备考资料更新,【CFA Institute】CFA三级2025年考纲微调解读及重点科目（如行为金融、组合管理）最新模拟题已上线。登录您的学习账户即可下载，助您高效备考。,2025-01-16 20:45:00,CFA Institute,16-e
Push-144,,系统：存储空间不足,【系统通知】您的手机存储空间已使用超过90%，部分应用运行可能变慢。建议及时清理照片、视频或卸载不常用应用。,2025-01-16 21:50:00,系统存储管理,
Push-145,,高德地图：个性化通勤路线推荐,【高德地图】为您推荐最优通勤路线：从岳麓区双塘路至开福区芙蓉中路，避开西二环拥堵，预计节省15分钟。点击查看详情。,2025-01-17 08:05:00,高德地图,
Push-146,171-5,雪球：今日市场早报,【雪球】早盘速递：隔夜美股科技股普涨，中概股表现分化。重点关注今日A股开盘后科创板动向及您关注的科技板块。,2025-01-17 09:15:00,雪球,171-e
Push-147,,系统：存储空间不足提醒,【系统通知】您的手机存储空间已使用超过90%，部分应用运行可能受影响。建议及时清理照片、视频或卸载不常用应用。,2025-01-17 16:50:00,系统存储管理,
Push-148,,美团外卖：订单预定成功通知,【美团外卖】您的豚骨拉面套餐预定成功！订单号#MT202501171920，预计20:15送达。预定码：123456，请凭码取餐。,2025-01-17 19:25:00,美团外卖,
Push-149,,美团外卖：骑手已接单,【美团外卖】您的订单#MT202501171920 骑手张师傅已接单，正在火速赶往商家，预计20:15送达。联系电话：138****5678,2025-01-17 19:35:00,美团外卖,
Push-150,,Keep：今日晨跑记录已生成,【Keep】今日雨中晨跑已完成，用时35分钟，消耗热量285大卡。感冒期间坚持运动，为你点赞！,2025-01-18 07:40:00,Keep,
Push-151,2-12,雪球：早盘财经资讯速递,【雪球】早盘必读：隔夜美股三大指数收涨，A股今日关注金融、科技板块。您关注的沪深300ETF现报3.852元。,2025-01-18 08:15:00,雪球,2-p
Push-152,,京东：摄影配件订单发货通知,【京东】您购买的相机清洁套装（订单号JD202501180845123）已由京东物流揽收，预计明日送达。,2025-01-18 09:05:00,京东,
Push-153,,下厨房：番茄鸡蛋面食谱推荐,【下厨房】感冒没胃口？试试这碗暖心番茄鸡蛋面，简单快手，营养开胃。点击查看详细步骤。,2025-01-18 11:55:00,下厨房,
Push-154,46-2,高德地图：打车订单已完成,【高德地图】您的快车订单（订单号GD202501181300456）已完成支付，金额28.5元。司机李师傅评分4.9。,2025-01-18 13:38:00,高德地图,46-a
Push-155,46-1,小红书：谢子龙影像艺术馆最新展讯,【小红书】谢子龙影像艺术馆“边界与对话”当代艺术展正在热展中，多位青年艺术家作品亮相，攻略已备好。,2025-01-18 14:20:00,小红书,46-a
Push-156,,系统：存储空间不足提醒,【系统通知】手机存储空间已不足10%，建议及时清理照片、视频或卸载不常用应用，以确保手机流畅运行。,2025-01-18 16:30:00,系统存储管理,
Push-157,46-5,滴滴出行：预约用车成功,【滴滴出行】您已成功预约17:00的快车服务（预约单号DD202501181645789），司机王师傅将准时到达谢子龙影像艺术馆上车点。,2025-01-18 16:48:00,滴滴出行,46-a
Push-158,46-5,微信：朋友圈新互动提醒,【微信】彭雨晴等3位朋友赞了您发布的观展照片。点击查看详情。,2025-01-18 18:15:00,微信,46-a
Push-159,,500px：您关注的摄影师发布了新作品,【500px】您关注的摄影师徐佳宁刚刚上传了一组城市夜景主题作品《霓虹与静谧》，快去欣赏吧。,2025-01-18 19:05:00,500px,
Push-160,,微信读书：本周阅读报告,【微信读书】您本周已阅读5小时，读完《价值投资实战手册》第二章。连续阅读7天，获得3天无限卡奖励。,2025-01-18 21:30:00,微信读书,
Push-161,,菜鸟：生鲜包裹取件提醒,【菜鸟】您有一个生鲜冷链包裹已到达岳麓区机关金星住宅小区快递柜，取件码为456789，请及时领取避免变质。,2025-01-19 13:25:00,菜鸟,
Push-162,,Keep：每日拉伸计划提醒,【Keep】您的今日腰背拉伸计划已准备就绪，包含5个针对性动作，预计耗时15分钟，现在开始吗？,2025-01-19 14:05:00,Keep,
Push-163,,系统：存储空间不足提醒,【系统通知】当前手机存储空间已使用超过90%，建议及时清理照片、视频等文件以释放空间。,2025-01-19 14:15:00,系统存储管理,
Push-164,168-1,一尘邮票网：邮票市场行情更新,【一尘邮票网】今日JT票板块小幅上涨，T46猴票最新成交价12500元，点击查看您关注的编年票行情。,2025-01-19 15:20:00,一尘邮票网,168-a
Push-165,,小红书：松雅湖露营装备清单推荐,【小红书】根据您的收藏，为您推荐松雅湖春季露营必备装备清单，包含帐篷、睡袋等，预算参考约2000元。,2025-01-19 16:10:00,小红书,
Push-166,16-6,雪球：CFA衍生品相关概念股异动,【雪球】您关注的CFA三级衍生品课程相关概念股【中信证券】、【华泰证券】午后异动，点击查看最新分析与讨论。,2025-01-19 20:45:00,雪球,16-f
Push-167,,Keep：个性化跑步计划更新,【Keep】根据您近期的晨跑数据，为您生成了新的5公里岳麓山跑步路线，包含坡度分析和配速建议，点击查看详情。,2025-01-20 06:28:00,Keep,
Push-168,168-2-1,邮票收藏论坛：您关注的帖子有更新,【邮票收藏论坛】您收藏的帖子【1980年猴票市场行情深度分析】有了新的回复，来自藏友老罗，快去看看吧！,2025-01-20 13:15:00,邮票收藏论坛,168-b
Push-169,169-1,铁路12306：车票预订成功通知,【铁路12306】您已成功预订1月25日 G1001次 长沙南-武汉 08:00开，02车05A号，票价164.5元。订单号E202501201430123456，请及时支付。,2025-01-20 14:32:00,铁路12306,169-a
Push-170,,盒马：您的食材已备妥,【盒马】您预订的食材（包含三文鱼、西兰花、牛油果等）已打包完成，取货码为778899，请在今日18:30前至岳麓区机关金星住宅小区自提点领取。,2025-01-20 17:35:00,盒马,
Push-171,,系统：存储空间不足提醒,【系统通知】您的手机存储空间已使用超过90%，建议及时清理照片、视频或卸载不常用应用以释放空间。,2025-01-20 21:45:00,系统存储管理,
Push-172,2-1,Keep：今日晨跑数据已生成,【Keep】恭喜你完成今日5公里晨跑，用时30分30秒，平均配速6分06秒。本月累计跑量已达52公里，距离80公里目标还剩28公里。,2025-01-21 06:50:00,Keep,2-c
Push-173,,美团：餐厅预定成功通知,【美团】您已成功预定【轻食拌健康餐吧】12:00的2人位，预定码#LSB202501211200。请准时到店用餐。,2025-01-21 11:30:00,美团,
Push-174,2-1,雪球：沪深300指数增强策略精选,【雪球】根据您的关注，为您精选了3只近期表现稳健的沪深300指数增强基金，适合作为长期定投核心资产。点击查看详情。,2025-01-21 13:05:00,雪球,2-c
Push-175,,同花顺：新能源板块异动提醒,【同花顺】您关注的新能源板块午后出现震荡，宁德时代、比亚迪等龙头股波动加剧。点击查看实时行情与机构解读。,2025-01-21 14:15:00,同花顺,
Push-176,,系统：存储空间不足提醒,【系统通知】您的手机存储空间已使用超过90%，部分应用运行可能受影响。建议及时清理照片、视频或卸载不常用应用。,2025-01-21 16:20:00,系统存储管理,
Push-177,,滴答清单：明日待办事项提醒,【滴答清单】您设置的明日第一优先级任务【团队徒步提案撰写】将于明天上午9:00开始。请提前准备相关资料。,2025-01-21 17:45:00,滴答清单,
Push-178,,支付宝：咖啡豆支付成功提醒,【支付宝】您已成功向【一丹咖啡厅】支付128.00元，购买埃塞俄比亚日晒G1咖啡豆半磅。账单已同步至我的账单。,2025-01-21 18:55:00,支付宝,
Push-179,,下厨房：低卡鸡胸肉食谱推荐,【下厨房】为您推荐【香煎鸡胸肉配油醋汁蔬菜沙拉】食谱，热量约350大卡，适合健身后的简易晚餐。,2025-01-21 19:20:00,下厨房,
Push-180,16-6,微信读书：CFA备考书籍更新提醒,【微信读书】您正在阅读的《CFA三级固定收益精要》已根据最新考纲更新了信用利差模型章节。点击立即查看。,2025-01-21 20:10:00,微信读书,16-f
Push-181,,网易云音乐：每日早安推荐,【网易云音乐】早安，浩然。今日为你推荐私人雷达歌单，内含你常听的古典乐与轻音乐，开启活力清晨。,2025-01-22 06:35:00,网易云音乐,
Push-182,,雪球：早盘行情速递,【雪球】隔夜美股三大指数涨跌不一，中概股表现活跃。今日A股关注地产、金融板块，你的自选股华泰证券现价18.65元，微涨0.5%。,2025-01-22 09:35:00,雪球,
Push-183,,系统：存储空间不足提醒,【系统通知】您的手机存储空间已使用超过90%，建议及时清理照片、视频或卸载不常用应用，以保证系统流畅运行。,2025-01-22 10:15:00,系统存储管理,
Push-184,,集邮者之家：您发布的帖子有新回复,【集邮者之家】您发布的帖子《理性审视JT票中后期：设计美学疲劳下的价值锚点再寻找》收到藏友罗振宇的详细回复，从印刷工艺角度进行了补充分析。,2025-01-22 12:05:00,集邮者之家,
Push-185,,美团：订单支付成功,【美团】您已成功支付轻食拌（金鹰路店）订单#LS20250122001，金额48元。商家已接单，预计12:40前送达。,2025-01-22 12:18:00,美团,
Push-186,,集邮者之家：您的评论收到回复,【集邮者之家】您在帖子《理性审视JT票中后期...》中对罗振宇的评论已收到其进一步探讨，涉及工艺差异对品相定价的影响。,2025-01-22 15:05:00,集邮者之家,
Push-187,,东方财富：尾盘异动提醒,【东方财富】您关注的房地产板块尾盘拉升，多只个股涨幅超3%。您设置的智能家居ETF（代码：XXXXXX）价格预警已触发。,2025-01-22 17:30:00,东方财富,
Push-188,,支付宝：到店支付成功,【支付宝】您已成功支付金鹰路兰州拉面馆消费，金额32元。账单已同步至我的账单。,2025-01-22 18:08:00,支付宝,
Push-189,,500px：您关注的摄影师发布了新作品,【500px】您关注的都市景观摄影师David Chen刚刚发布了新作《玻璃丛林》，探索现代建筑与光影的对话，快去看看吧！,2025-01-22 21:00:00,500px,
Push-190,,系统：电量低提醒,【系统通知】当前手机电量已低于20%，建议连接充电器。预计剩余使用时间约1小时。,2025-01-22 22:05:00,系统电池管理,
Push-191,,Keep：今日运动提醒,【Keep】今日小雨，室内核心训练计划已为您准备好。久坐族肩颈放松与核心强化组合，助您高效开启新一天。,2025-01-23 06:55:00,Keep,
Push-192,,得到：财经早餐已更新,【得到】您订阅的《徐远的投资课》已更新今日市场动态解读，包含美股收盘及A股前瞻，助您把握晨间资讯。,2025-01-23 07:10:00,得到,
Push-193,,高德地图：通勤路况提醒,【高德地图】您常走的西二环、三一大道路段当前畅通，预计09:10到达华泰证券。点击查看实时路况。,2025-01-23 08:20:00,高德地图,
Push-194,,腾讯会议：会议即将开始,【腾讯会议】您预约的与黄思琪的会议将于10:00开始。会议号：8845 2312 77，点击一键入会。,2025-01-23 09:55:00,腾讯会议,
Push-195,,雪球：您关注的板块有异动,【雪球】早盘科技股小幅拉升，您关注的股权激励概念股【300750宁德时代】现涨1.5%，点击查看详情。,2025-01-23 10:05:00,雪球,
Push-196,1-7,大众点评：餐厅推荐,【大众点评】您收藏的老长沙湘菜馆（五一大道店）今日有午市特惠套餐，2-3人餐仅需158元，点击查看。,2025-01-23 12:05:00,大众点评,1-i
Push-197,,微信：文件传输助手,【微信】文件传输助手：林志豪项目最新数据模拟V2.1.xlsx 已发送成功。,2025-01-23 15:30:00,微信,
Push-198,,系统：存储空间不足,【系统通知】您的手机存储空间已使用超过90%，建议清理照片、视频或卸载不常用应用以释放空间。,2025-01-23 19:40:00,系统存储管理,
Push-199,,下厨房：日式拉面食谱,【下厨房】根据您的喜好，为您推荐【正宗日式豚骨拉面】家庭简化版食谱，包含汤料调配和溏心蛋制作技巧。,2025-01-23 19:50:00,下厨房,
Push-200,16-6,喜马拉雅：CFA学习音频更新,【喜马拉雅】您关注的《CFA三级通关宝典》已更新风险管理章节：压力测试与情景分析实战案例精讲。,2025-01-23 20:35:00,喜马拉雅,16-f
Push-201,,墨迹天气：明日天气预报,【墨迹天气】长沙明日（01-24）多云转晴，6℃~12℃，空气质量良。适宜恢复户外晨跑，建议07:00后出行。,2025-01-23 21:05:00,墨迹天气,
Push-202,,小宇宙：个性化播客推荐,【小宇宙】根据您的收听习惯，为您推荐《摄影之友》最新一期：街头摄影的光影魔法，适合通勤路上收听。,2025-01-24 08:28:00,小宇宙,
Push-203,,雪球：市场早报与自选股提醒,【雪球】早盘速递：A股三大指数小幅高开，您关注的新能源板块表现活跃。您的自选股宁德时代上涨1.2%。,2025-01-24 09:20:00,雪球,
Push-204,,Keep：久坐健康提醒,【Keep】您已连续工作超过1小时，是时候起身活动一下了！为您推荐一组5分钟办公室拉伸，缓解肩颈疲劳。,2025-01-24 10:30:00,Keep,
Push-205,178-1-2,研报下载完成,您订阅的关于宏观经济的研究报告已下载完成,2025-01-24 15:30:22,研报平台,178-a
Push-206,,系统：存储空间不足提醒,【系统通知】手机存储空间已使用超过90%，建议及时清理照片、视频或卸载不常用应用，以保证系统流畅运行。,2025-01-24 16:20:00,系统存储管理,
Push-207,,支付宝：超市购物支付成功,【支付宝】您已成功支付湘腾城市广场超市订单，金额128.50元。支付方式：花呗。,2025-01-24 19:05:00,支付宝,
Push-208,,大众点评：咖啡豆购买后推荐,【大众点评】您刚购买了埃塞俄比亚瑰夏咖啡豆，为您推荐附近评分4.8的手冲咖啡课程，提升冲泡技巧。,2025-01-24 19:10:00,大众点评,
Push-209,2-2,Keep：月度跑量目标达成庆祝,【Keep】恭喜你！本月跑量已达82公里，超额完成月度目标。坚持就是胜利，下个月继续加油！,2025-01-25 08:46:00,Keep,2-d
Push-210,,系统：存储空间不足提醒,【系统通知】手机存储空间已使用超过90%，建议清理照片、视频或卸载不常用应用以释放空间。,2025-01-25 16:50:00,系统存储管理,
Push-211,,雪球：今日A股市场复盘,【雪球】今日A股三大指数震荡收涨，科技板块表现活跃。你的自选股中，腾讯控股、宁德时代等均有不同幅度上涨。点击查看详情>>,2025-01-25 22:00:00,雪球,
Push-212,,系统：电池电量低提醒,【系统通知】当前手机电量仅剩18%，建议连接充电器，避免自动关机。,2025-01-25 22:35:00,系统电池管理,
Push-213,,雪球：早盘财经要闻速递,【雪球】早盘必读：A股三大指数集体高开，科技板块领涨。您关注的【贵州茅台】股价上涨1.2%。点击查看最新市场解读与投资策略。,2025-01-26 07:15:00,雪球,
Push-214,,下厨房：早餐灵感推荐,【下厨房】今日早餐推荐：低卡高蛋白的燕麦煎蛋杯，10分钟搞定，适合健身后的营养补充。查看详细食谱。,2025-01-26 08:15:00,下厨房,
Push-215,50-4,Lightroom：作品同步完成提醒,【Adobe Lightroom】您于昨日导入的35张人像摄影作品已完成云端同步。最新编辑的【室内人像布光】专辑已备份，可在所有设备访问。,2025-01-26 09:05:00,Adobe Lightroom,50-d
Push-216,169-2-1,小米智能家居：离家模式提醒,【米家】检测到您即将离家，已为您自动关闭客厅灯光及空调。阳台绿植浇水提醒已设置：下次浇水时间1月28日。,2025-01-26 11:00:00,米家,169-b
Push-217,170-2,支付宝：小米之家支付成功,【支付宝】您已成功支付小米之家订单#XMD202501261405，金额298元。支付方式：花呗。账单已同步。,2025-01-26 14:07:00,支付宝,170-b
Push-218,170-2,微信支付：女装专柜消费提醒,【微信支付】付款成功，向【IFS某女装专柜】支付568元。付款时间：14:35。,2025-01-26 14:36:00,微信,170-b
Push-219,170-2,微信支付：湘菜餐厅消费提醒,【微信支付】付款成功，向【IFS湘遇餐厅】支付126元。付款时间：16:55。,2025-01-26 16:56:00,微信,170-b
Push-220,170-2,大众点评：餐厅收藏更新,【大众点评】根据您的口味（湘菜爱好者），为您推荐IFS附近评分4.8的【炊烟小炒黄牛肉】，人均约90元。,2025-01-26 17:05:00,大众点评,170-b
Push-221,,铁路12306：明日行程提醒,【铁路12306】温馨提示：您购买的G1002次列车（长沙南-武汉）将于1月27日08:55发车，建议您提前1小时到达车站安检。,2025-01-26 18:30:00,铁路12306,
Push-222,,得到：金融纪录片更新,【得到】您关注的《世界金融中心变迁》纪录片全集已更新完毕，共5集。可离线下载，睡前充电。,2025-01-26 19:45:00,得到,
Push-223,,系统：电量低提醒,【系统通知】当前手机电量已低于 20%，请及时充电，避免影响使用,2025-01-27 07:45:00,系统电池管理,
Push-224,,支付宝：支付成功提醒,【支付宝】您已成功支付传媒路快餐店订单#CT202501271201，金额 38 元，账单已同步至我的账单,2025-01-27 12:02:00,支付宝,
Push-225,169-3-1,雪球：行情异动提醒,【雪球】您关注的【沪深300ETF】盘中涨幅超 1.5%，当前报 3.65 元。春节假期临近，关注市场流动性变化。,2025-01-27 14:30:00,雪球,169-c
Push-226,,支付宝：支付成功提醒,【支付宝】您已成功支付罗比零食店订单#LS202501271705，金额 25 元，账单已同步至我的账单,2025-01-27 17:06:00,支付宝,
Push-227,169-3-2,米家：安防模式启动成功,【米家】春节离家模式已成功启动。所有门窗传感器、摄像头、烟雾报警器已在线并进入警戒状态。灯光将随机开启以模拟在家。,2025-01-27 19:02:00,米家,169-c
Push-228,,Keep：今日运动数据,【Keep】今日运动已完成：晨跑 5 公里，配速 6‘00“，小区散步 20 分钟。继续保持，春节假期也别忘动起来！,2025-01-27 22:05:00,Keep,
Push-229,,网易云音乐：晚安电台推荐,【网易云音乐】夜深了，为你推荐【私人漫游】晚安歌单，伴你入眠。今日已听歌45分钟，点击继续播放。,2025-01-28 00:35:00,网易云音乐,
Push-230,169-4,铁路12306：检票口即将开始检票提醒,【铁路12306】您乘坐的G1002次列车（长沙南-武汉）将于09:20开始检票，请前往A12-A13检票口准备。,2025-01-28 09:20:00,铁路12306,169-d
Push-231,,雪球：A股早盘行情速递,【雪球】早盘速递：沪指小幅高开，金融、科技板块活跃。您关注的【华泰证券】涨1.2%。点击查看深度分析。,2025-01-28 10:30:00,雪球,
Push-232,170-4-1,支付宝：出租车行程支付成功,【支付宝】您已成功支付出租车行程费用，金额38.5元。支付方式：花呗。行程：武汉站至解放大道368号。,2025-01-28 14:05:00,支付宝,170-d
Push-233,170-4-1,高德地图：行程结束，感谢使用,【高德地图】您的行程已结束，从武汉站到解放大道368号，全程约40分钟。点击查看行程回顾和费用明细。,2025-01-28 14:08:00,高德地图,170-d
Push-234,170-4-1,小红书：武汉年味摄影灵感,【小红书】武汉解放大道年味正浓！为你推荐【城市烟火气】摄影合集，学习如何拍出有故事感的春节街景。,2025-01-28 16:35:00,小红书,170-d
Push-235,170-4-1,下厨房：年夜饭菜谱推荐,【下厨房】年夜饭灵感：经典湖北菜【排骨藕汤】做法已更新，附高清步骤图。还有【清蒸武昌鱼】技巧分享，点击查看。,2025-01-28 17:30:00,下厨房,170-d
Push-236,,系统：存储空间不足提醒,【系统通知】手机存储空间已使用超过90%，建议清理照片、视频或卸载不常用应用以释放空间。,2025-01-28 19:05:00,系统存储管理,
Push-237,170-4-1,央视影音：春晚倒计时提醒,【央视影音】2025年春节联欢晚会将于20:00准时开始，现已开启直播预热。点击预约观看，不错过精彩开场。,2025-01-28 19:50:00,央视影音,170-d
Push-238,170-4-1,微信视频号：春晚明星节目预告,【微信】视频号直播：春晚节目单抢先看！你最期待的歌手和语言类节目即将登场，点击预约直播提醒。,2025-01-28 21:15:00,微信,170-d
Push-239,,高德地图：通勤路线规划提醒,【高德地图】为您规划了从江岸新村到汉口江滩的步行+地铁路线，全程约5.2公里，预计用时45分钟。点击查看实时路况。,2025-01-29 07:55:00,高德地图,
Push-240,,VSCO：照片编辑完成提醒,【VSCO】您于09:15编辑的街拍照片（主题：新旧交替的静默时刻）已处理完成，滤镜A6已应用，点击查看效果。,2025-01-29 09:20:00,VSCO,
Push-241,,Keep：运动记录已生成,【Keep】恭喜您完成今日5公里跑步，用时32分钟，平均配速6分24秒。消耗约380千卡，继续保持！,2025-01-29 09:35:00,Keep,
Push-242,170-4-2,微信：红包到账通知,【微信】您收到来自“妈妈”的新年红包，金额888元，已存入零钱。祝您新年快乐，万事如意！,2025-01-29 10:42:00,微信,170-d
Push-243,170-4-2,下厨房：饺子馅料食谱推荐,【下厨房】根据您的浏览记录，为您推荐“三鲜饺子馅”做法，包含猪肉、虾仁、韭菜，鲜嫩多汁，适合家庭聚餐。,2025-01-29 11:00:00,下厨房,170-d
Push-244,,支付宝：便利店支付成功,【支付宝】支付成功！您在沃客便利店消费128.5元，订单号#WC202501291345，可用余额已更新。,2025-01-29 13:35:00,支付宝,
Push-245,,百度地图：驾车导航开始,【百度地图】开始导航前往武昌区徐东大街，全程约18公里，预计用时40分钟。途经武汉长江二桥，路况畅通。,2025-01-29 14:00:00,百度地图,
Push-246,170-4-2,雪球：中特估板块行情异动,【雪球】您关注的“中特估”板块午后拉升，中国交建+3.2%，中国中铁+2.8%。点击查看最新研报。,2025-01-29 15:30:00,雪球,170-d
Push-247,,系统：存储空间不足提醒,【系统通知】手机存储空间已不足10%，建议清理相册、应用缓存或大文件，以确保系统流畅运行。,2025-01-29 16:20:00,系统存储管理,
Push-248,170-4-2,招商银行：理财配置方案更新,【招商银行】尊敬的客户，根据市场变化，您关注的“稳健增长”股债平衡组合（代码：ZG001）年化收益率预估更新为4.2%。,2025-01-29 19:15:00,招商银行,170-d
Push-249,,墨迹天气：明日天气提醒,【墨迹天气】武汉明日（1月30日）天气：晴转多云，2℃~10℃，北风3-4级。空气质量良，适宜户外活动。,2025-01-29 21:00:00,墨迹天气,
Push-250,16-6,微信读书：《原则》阅读进度,【微信读书】您正在阅读的《原则》已读至第45章“打造允许犯错的文化”，本周阅读时长2小时，超越85%的书友。,2025-01-29 21:45:00,微信读书,16-f
Push-251,,Keep：晨间拉伸计划提醒,【Keep】您今日的晨间拉伸计划已准备就绪，包含肩颈与腿部放松，建议时长10分钟，开启活力一天。,2025-01-30 07:25:00,Keep,
Push-252,177-2-2,华为运动健康：徒步装备检查提醒,【华为运动健康】您计划的东湖绿道徒步即将开始，请检查运动鞋、相机、备用电池、离线地图及补给品。,2025-01-30 08:45:00,华为运动健康,177-b
Push-253,177-2-3,高德地图：目的地停车场推荐,【高德地图】为您推荐东湖梨园广场附近停车场，当前车位较紧张，预计寻找车位需15分钟。,2025-01-30 08:50:00,高德地图,177-b
Push-254,,大众点评：餐厅推荐,【大众点评】东湖绿道梨园附近好评餐厅推荐：湖景农家菜，人均约60元，主打清炒时蔬、粉蒸肉。,2025-01-30 12:05:00,大众点评,
Push-255,,系统：存储空间不足提醒,【系统通知】您的手机存储空间已使用超过90%，建议清理照片、视频或卸载不常用应用以释放空间。,2025-01-30 15:20:00,系统存储管理,
Push-256,177-2-4,下厨房：清蒸鲈鱼菜谱推荐,【下厨房】为您推荐健康食谱：清蒸鲈鱼，保留营养，搭配芦笋和番茄鸡蛋汤，适合家庭晚餐。,2025-01-30 17:15:00,下厨房,177-b
Push-257,,雪球：理财知识推送,【雪球】理财规划三步走：建立应急资金、坚持指数基金定投、小额尝试学习。市场有风险，投资需谨慎。,2025-01-30 19:25:00,雪球,
Push-258,,央视频：纪录片更新提醒,【央视频】您关注的《中国航天》系列纪录片已更新最新一集，可在线观看，了解航天科技最新进展。,2025-01-30 20:25:00,央视频,
Push-259,,墨迹天气：明日天气预报,【墨迹天气】武汉市明日（01-31）天气：晴转多云，气温 2℃ ~ 10℃，北风2-3级，空气质量良。,2025-01-30 21:35:00,墨迹天气,
Push-260,170-5,支付宝：午餐支付成功提醒,【支付宝】您已成功支付湖景渔村订单#202501311230，金额 328 元，账单已同步至我的账单,2025-01-31 12:33:00,支付宝,170-e
Push-261,2-3,Keep：月度跑步报告已生成,【Keep】你的1月跑步报告已出炉！本月总里程68.5公里，平均配速5分32秒，快来看看你的进步吧！,2025-01-31 14:35:00,Keep,2-e
Push-262,2-3,雪球：节后市场展望专题,【雪球】春节假期结束，市场如何开局？多位分析师解读节后A股投资机会，点击查看,2025-01-31 15:10:00,雪球,2-e
Push-263,,系统：存储空间不足提醒,【系统通知】当前手机存储空间已不足10%，建议清理照片、视频等文件以释放空间,2025-01-31 16:50:00,系统存储管理,
Push-264,,微信读书：为你推荐《周期》,【微信读书】根据你的阅读兴趣，为你推荐霍华德·马克斯的《周期》，深入解读市场波动规律,2025-01-31 20:15:00,微信读书,
Push-265,,雪球：早间财经要闻速递,【雪球】A股三大指数早盘震荡，科技板块领涨。您关注的半导体ETF（512480）当前涨幅1.5%，建议关注相关研报。,2025-02-01 07:35:00,雪球,
Push-266,170-6-1,滴答清单：家庭大扫除提醒,【滴答清单】您设定的家庭大扫除协作任务将于08:30开始，请提前准备清洁工具。,2025-02-01 08:00:00,滴答清单,170-f
Push-267,170-6-1,小红书：家庭清洁好物推荐,【小红书】根据您的浏览，为您推荐高效清洁空调滤网的工具和技巧，点击查看达人分享。,2025-02-01 08:45:00,小红书,170-f
Push-268,,下厨房：湘菜家常菜谱推荐,【下厨房】为您推荐几道适合家庭午餐的经典湘菜，如小炒黄牛肉、剁椒鱼头，附详细步骤。,2025-02-01 11:25:00,下厨房,
Push-269,,Keep：午间自重训练提醒,【Keep】您设定的20分钟午间自重训练（深蹲/俯卧撑/平板支撑）时间到啦，起身活动一下吧！,2025-02-01 12:50:00,Keep,
Push-270,170-6-1,航旅纵横：明日行程提醒,【航旅纵横】您明日有高铁行程（G1031次，武汉-长沙），建议提前整理行李并检查证件。,2025-02-01 13:35:00,航旅纵横,170-f
Push-271,,系统：存储空间不足提醒,【系统通知】当前设备存储空间已使用超过90%，建议清理照片、视频或卸载不常用应用以释放空间。,2025-02-01 16:10:00,系统存储管理,
Push-272,,盒马：晚餐食材推荐,【盒马】新鲜鲈鱼、精品蒜头已到货，今晚为家人做一顿丰盛晚餐吧！会员享95折。,2025-02-01 17:50:00,盒马,
Push-273,,网易云音乐：晚间放松歌单,【网易云音乐】根据您的喜好，为您推荐【家庭温馨时光】歌单，适合餐后与家人共听。,2025-02-01 19:15:00,网易云音乐,
Push-274,,系统：应用更新完成,【系统通知】您设备上的微信、支付宝等5个应用已在后台更新至最新版本，优化了使用体验。,2025-02-01 19:25:00,系统应用商店,
Push-275,,微信读书：今日阅读推荐,【微信读书】您正在阅读的《周期》更新了书友笔记，点击查看投资大佬们的独家见解。,2025-02-01 21:10:00,微信读书,
Push-276,,系统：夜间免打扰开启,【系统通知】夜间免打扰模式已自动开启（22:00-07:00），来电和通知将静音，紧急联系人和重复来电除外。,2025-02-01 22:05:00,系统设置,
Push-277,,小睡眠：助眠白噪音,【小睡眠】为您定制了【雨夜篝火】助眠场景，伴随舒缓音乐，助您快速入眠，明日精力充沛。,2025-02-01 22:15:00,小睡眠,
Push-278,,雪球：隔夜美股收盘快讯,【雪球】隔夜美股三大指数涨跌不一，道指微涨0.12%，纳指下跌0.35%。美联储官员最新讲话暗示降息路径或存变数，市场关注今晚非农数据。,2025-02-02 08:35:00,雪球,
Push-279,,系统：存储空间不足提醒,【系统通知】您的手机存储空间已不足10%，建议及时清理照片、视频或卸载不常用应用，以保证手机流畅运行。,2025-02-02 09:45:00,系统存储管理,
Push-280,170-6-4,航旅纵横：行程提醒,【航旅纵横】您已成功在线值机，明日（2月3日）G1005次列车，座位号06车12F，请提前1小时到达武汉站。,2025-02-02 10:35:00,航旅纵横,170-f
Push-281,,下厨房：排骨藕汤食谱推荐,【下厨房】想念妈妈的味道？这里有最正宗的湖北排骨藕汤做法，汤鲜味美，暖心暖胃，点击查看详细步骤。,2025-02-02 12:15:00,下厨房,
Push-282,,大众点评：老通城豆皮探店笔记,【大众点评】您关注的武汉老字号【老通城豆皮】有最新探店笔记，三鲜豆皮获食客高分推荐，点击查看详情与排队攻略。,2025-02-02 14:05:00,大众点评,
Push-283,,微信：照片发送成功提醒,【微信】您分享到【幸福一家人】群聊的15张照片已成功发送。,2025-02-02 16:10:00,微信,
Push-284,,滴答清单：周计划提醒,【滴答清单】您设定的【节后工作预热】任务即将开始，请查看备忘录中的待办事项：回复关键邮件、准备客户材料、团队例会。,2025-02-02 20:05:00,滴答清单,
Push-285,,微信读书：阅读进度同步,【微信读书】您在《行为投资学》的阅读进度已同步至第5章，今日阅读时长30分钟，继续保持哦！,2025-02-02 21:45:00,微信读书,
Push-286,170-6-4,系统：闹钟设置提醒,【系统通知】您设置的【明早赶高铁】闹钟（06:30）已生效，请保证充足睡眠。,2025-02-02 22:35:00,系统时钟,170-f
Push-287,170-6-5,雪球：早盘市场动态提醒,【雪球】早盘观察：A股三大指数小幅高开，金融、科技板块表现活跃。您关注的沪深300ETF（510300）现报3.852元，涨0.52%。点击查看详情。,2025-02-03 09:05:00,雪球,170-f
Push-288,170-6-5,高德地图：驾车路线规划完成,【高德地图】为您规划从解放大道368号到武汉火车站的驾车路线，全程约12公里，预计行驶时间40分钟，路况畅通。,2025-02-03 10:21:00,高德地图,170-f
Push-289,,星巴克：啡快订单准备完成,【星巴克】您的啡快订单#SB202502031145已准备完成，取餐码：A258，请至武汉火车站出发层星巴克门店取餐。,2025-02-03 11:47:00,星巴克,
Push-290,170-6-5,铁路12306：列车检票提醒,【铁路12306】您乘坐的G1005次列车（武汉-长沙南）正在检票，请至12号检票口检票上车。座位号：12车08F。,2025-02-03 12:15:00,铁路12306,170-f
Push-291,170-6-5,得到：您订阅的播客已更新,【得到】商业参考：2025年AI投资新趋势分析（主讲人：李翔）已更新，时长45分钟，适合旅途收听。,2025-02-03 13:05:00,得到,170-f
Push-292,170-6-5,滴滴出行：行程结束，感谢使用,【滴滴出行】您从长沙南站到双塘路99号的快车行程已结束，费用28.5元，支付成功。司机王师傅（湘A·D1234）感谢您的乘坐。,2025-02-03 15:20:00,滴滴出行,170-f
Push-293,,米家：洗衣机洗涤完成,【米家】您的小米洗衣机（阳台）已完成“快洗15分钟”程序，请及时晾晒衣物。,2025-02-03 16:15:00,米家,
Push-294,,盒马：您常买的商品有优惠,【盒马】为您推荐：澳洲谷饲牛腩500g，会员价39.9元（原价48元）；阳光玫瑰青提1kg，特价29.9元。点击一键加购。,2025-02-03 16:50:00,盒马,
Push-295,,支付宝：焕熊真选超市支付成功,【支付宝】您已成功支付焕熊真选超市(岳麓王府井店)订单，金额86.5元。支付方式：花呗。电子小票已保存。,2025-02-03 17:33:00,支付宝,
Push-296,,系统：存储空间不足提醒,【系统通知】手机存储空间已不足10%，建议清理照片、视频或卸载不常用应用以释放空间。,2025-02-03 19:20:00,系统存储管理,
Push-297,,小红书：您发布的笔记收到新互动,【小红书】您发布的笔记“武汉年味·街头摄影”收到10个新赞和3条评论，快来看看吧！,2025-02-03 19:45:00,小红书,
Push-298,,微信：吴俊杰发起视频通话,【微信】好友吴俊杰邀请您进行视频通话，点击接听。,2025-02-03 20:01:00,微信,
Push-299,170-6-5,Outlook：明日日程提醒,【Outlook】明日（2月4日）日程提醒：09:30 部门周会（会议室A）；14:00 客户林总投资方案讨论（线上）。,2025-02-03 21:05:00,Outlook,170-f
Push-300,,Keep：今日运动记录已生成,【Keep】今日您完成了15分钟全身拉伸，消耗85千卡。坚持运动，为明日晨跑做好准备！,2025-02-03 21:50:00,Keep,
Push-301,,系统：存储空间提醒,【系统通知】当前手机存储空间已低于10%，建议及时清理照片、视频或卸载不常用应用以释放空间。,2025-02-04 08:20:00,系统存储管理,
Push-302,,京东到家：订单确认通知,【京东到家】您的生活补给订单#JD202502041305已确认，包含西兰花、鸡胸肉、咖啡胶囊等商品，预计今日16:00前送达。,2025-02-04 13:05:00,京东到家,
Push-303,,微信：摄影群消息提醒,【微信】您的摄影交流群有9条新消息，群友对您分享的武汉春节摄影作品发表了评论。,2025-02-04 15:10:00,微信,
Push-304,,大众点评：餐厅预定成功通知,【大众点评】您已成功预定银双路湘菜馆，预定码：YX20250204，时间：2月4日 18:30，人数：2位。,2025-02-04 17:05:00,大众点评,
Push-305,,系统：电量低提醒,【系统通知】当前手机电量已低于20%，请及时连接充电器，避免影响明日使用。,2025-02-04 22:10:00,系统电池管理,
Push-306,,支付宝：早餐支付成功提醒,【支付宝】您已成功支付十足便利店订单#CS202502050812，金额 28.5 元，账单已同步至我的账单,2025-02-05 08:12:00,支付宝,
Push-307,,微信支付：午餐支付成功提醒,【微信支付】支付成功，金额 96 元。收款方：双鲜小炒黄牛肉(马栏山小区店)。备注：午餐AA,2025-02-05 12:35:00,微信,
Push-308,182-1,雪球：市场动态与家庭理财专题,【雪球】家庭资产配置专题：稳健型组合如何应对市场波动？内含子女教育金、父母养老规划案例，点击查看>>,2025-02-05 16:00:00,雪球,182-a
Push-309,,微信支付：超市采购支付成功提醒,【微信支付】支付成功，金额 158.7 元。收款方：焕熊真选超市(岳麓王府井店)。备注：水果坚果饮品,2025-02-05 18:35:00,微信,
Push-310,,系统：存储空间不足提醒,【系统通知】您的手机存储空间已不足 10%，部分应用可能运行缓慢，建议及时清理,2025-02-05 19:50:00,系统存储管理,
Push-311,,系统：电量低提醒,【系统通知】当前手机电量已低于 20%，请及时充电，避免影响使用,2025-02-06 07:25:00,系统电池管理,
Push-312,,美团：餐厅预定成功通知,【美团】您已成功预定湘聚缘餐厅（开福区芙蓉中路店）2月7日18:30的6人包厢，预定码#789012，请准时到店。,2025-02-06 17:18:00,美团,
Push-313,,日历：明日聚餐提醒,【日历】提醒：明天（2月7日）18:30 在湘聚缘餐厅（开福区芙蓉中路店）有团队聚餐，包厢预定码#789012，请提前规划时间。,2025-02-06 17:25:00,日历,
Push-314,,雪球：今日行情速览,【雪球】今日A股三大指数收涨，科技板块表现活跃。您关注的半导体ETF（512480）今日上涨2.3%，建议关注相关行业周报。,2025-02-06 20:55:00,雪球,
Push-315,,滴滴代驾：预约成功通知,【滴滴代驾】您已成功预约22:30从一丹咖啡厅（浏阳河大道）出发的代驾服务，司机王师傅（评分4.9）将在约定时间到达，车牌号湘A·8D123，请注意接听电话。,2025-02-06 22:12:00,滴滴出行,
Push-316,,Keep：晨跑打卡提醒,【Keep】您已连续晨跑打卡7天，今日天气晴，气温8℃，适合户外跑步。点击开始记录今日运动。,2025-02-07 06:30:00,Keep,
Push-317,,高德地图：通勤路况提醒,【高德地图】您常走的芙蓉中路（开福区段）当前拥堵，预计通行时间增加15分钟，建议提前出发。,2025-02-07 08:20:00,高德地图,
Push-318,,系统：存储空间不足提醒,【系统通知】手机存储空间已使用超过90%，建议清理不必要的文件和应用以释放空间。,2025-02-07 09:15:00,系统存储管理,
Push-319,178-3-1,雪球：沪深300指数异动提醒,【雪球】您关注的沪深300指数盘中上涨1.5%，突破3800点。点击查看实时行情与机构解读。,2025-02-07 10:05:00,雪球,178-c
Push-320,178-3-1,微信：订阅号更新提醒,【微信】您订阅的券商中国、华尔街见闻等公众号有更新，点击查看最新市场分析与投资策略。,2025-02-07 12:15:00,微信,178-c
Push-321,,支付宝：基金定投扣款成功,【支付宝】您设置的华泰柏瑞沪深300ETF联接A(460300)定投扣款500元已成功，最新持仓收益可查看。,2025-02-07 14:02:00,支付宝,
Push-322,178-3-1,华泰证券：客户专属研报,【涨乐财富通】尊敬的冯先生，为您推送《2025年一季度科技板块投资策略》专属研报，请查收。,2025-02-07 15:00:00,涨乐财富通,178-c
Push-323,,招商银行：信用卡还款提醒,【招商银行】您尾号8899的信用卡本期账单应还12，458.50元，最后还款日为2月10日。支持一键还款。,2025-02-07 16:30:00,招商银行,
Push-324,,系统：电量低提醒,【系统通知】当前手机电量已低于20%，请及时连接充电器。,2025-02-07 18:30:00,系统电池管理,
Push-325,,美团：外卖订单送达提醒,【美团外卖】您购买的湘菜外卖订单#202502071234 已由骑手张师傅送达至岳麓区麓山南路156号，请及时取餐。,2025-02-07 19:05:00,美团外卖,
Push-326,195-1,支付宝：高铁票支付成功提醒,【支付宝】您已成功支付G1005次列车（长沙南-武汉）车票，订单号#CT202502081234，金额128.5元，座位号06车12F。,2025-02-08 10:05:00,支付宝,195-a
Push-327,179-2-1,美团：餐厅预定成功通知,【美团】您已成功预定湘菜馆（西湖建新安置小区店）包厢，预定码#A8B9C7，用餐时间14:00，请准时到店。,2025-02-08 13:58:00,美团,179-b
Push-328,179-2-1,小红书：春季露营装备灵感推荐,【小红书】根据你的兴趣，为你推荐春季露营摄影主题装备清单和轻度越野路线攻略，点击查看详情。,2025-02-08 15:30:00,小红书,179-b
Push-329,,系统：存储空间不足提醒,【系统通知】当前手机存储空间已使用超过90%，部分功能可能受限，建议及时清理。,2025-02-08 16:15:00,系统存储管理,
Push-330,195-1,铁路12306：发车时间提醒,【铁路12306】您乘坐的G1005次列车（长沙南-武汉）将于今日18:20发车，请提前1小时到达车站完成安检。,2025-02-08 17:20:00,铁路12306,195-a
Push-331,4-8,会议提醒,视频会议“与黄思琪”即将开始,2025-02-09 09:45:00,Zoom,4-i
Push-332,4-1,Notion：学习计划更新提醒,【Notion】您创建的“春节假期学习微计划”已成功保存。今日任务：CFA三级“资产配置”模块学习90分钟，请合理安排时间。,2025-02-09 09:55:00,Notion,4-a
Push-333,,雪球：个性化行情推荐,【雪球】根据您的关注，为您推荐：节前资金流向分析及节后市场展望专题，内含多位大V对科技、消费板块的深度解读。,2025-02-09 12:45:00,雪球,
Push-334,,财新：财经资讯更新提醒,【财新】全球市场速递：关注假期期间美国非农数据发布及主要央行官员讲话对节后A股开盘的潜在影响。,2025-02-09 13:05:00,财新,
Push-335,180-2-2,小宇宙：播客更新提醒,【小宇宙】您订阅的播客《节后市场十大关键变量》已更新文字摘要和关键时间点标记，便于您回顾与分享。,2025-02-09 14:50:00,小宇宙,180-b
Push-336,,高德地图：个性化路线推荐,【高德地图】为您推荐前往武汉站的最优路线：经二环线、欢乐大道，当前路况畅通，预计16:25到达，已为您避开施工路段。,2025-02-09 15:35:00,高德地图,
Push-337,181-2,央视文艺：春晚节目单提醒,【央视文艺】2025春晚节目单及互动指南已发布！提前查看节目详情，参与“节目预测评分”赢取积分好礼。,2025-02-09 19:30:00,央视文艺,181-b
Push-338,,系统：午间休息提醒,【系统通知】您已连续使用手机超过2小时，建议适当休息，放松眼睛。,2025-02-10 12:35:00,系统健康管理,
Push-339,,雪球：热门板块行情速递,【雪球】今日午盘，消费、旅游板块受春节假期提振表现活跃。您关注的【中国中免】上涨2.3%，点击查看详情。,2025-02-10 13:05:00,雪球,
Push-340,,高德地图：东湖听涛景区信息,【高德地图】东湖听涛景区今日天气晴，气温5-10℃，适宜出游。景区内绿道漫步、湖景摄影是热门活动。,2025-02-10 13:45:00,高德地图,
Push-341,,支付宝：水果采购支付成功,【支付宝】您已成功向天香果园(汉口怡和店)支付68.5元，账单已同步至我的账单。,2025-02-10 16:35:00,支付宝,
Push-342,,微信读书：为您推荐金融书单,【微信读书】根据您的阅读兴趣，为您推荐《价值投资实战手册》和《周期》，助您深化投资认知。,2025-02-10 19:45:00,微信读书,
Push-343,,系统：睡前健康提醒,【系统通知】您设定的就寝时间（23:00）即将到来，请放下手机，准备休息，祝您晚安。,2025-02-10 22:55:00,系统健康管理,
Push-344,,知乎：为你推荐金融科技深度分析,【知乎】你关注的金融科技领域有3篇新深度分析，探讨AI如何重塑投资顾问行业，点击查看专业解读,2025-02-11 13:45:00,知乎,
Push-345,4-3-3,雪球：高股息保险股分析推荐,【雪球】基于你的研究兴趣，为你推荐中国平安、中国人寿最新股息率分析与投资价值深度报告,2025-02-11 14:50:00,雪球,4-c
Push-346,4-3-3,支付宝：医疗险内容更新提醒,【支付宝】你关注的老年医疗补充保险产品【安康无忧】条款有重要更新，涉及续保条件优化，点击查看详情,2025-02-11 15:05:00,支付宝,4-c
Push-347,,支付宝：水果采购支付成功,【支付宝】你已成功向天香果园（二七路店）支付68.5元，订单号#202502111600235，账单已同步,2025-02-11 16:02:00,支付宝,
Push-348,,系统：存储空间不足提醒,【系统通知】手机存储空间已使用超过90%，建议清理照片、视频或卸载不常用应用以释放空间,2025-02-11 17:30:00,系统存储管理,
Push-349,,Keep：HIIT训练课程推荐,【Keep】根据你的运动习惯，为你推荐春节燃脂HIIT特训课程，30分钟高效消耗500大卡，点击开始,2025-02-11 18:05:00,Keep,
Push-350,,备忘录：明日事项预览提醒,【备忘录】你设置的明日预览提醒：上午复习CFA模块，下午与张明轩江汉路聚会。点击查看或编辑,2025-02-11 22:20:00,系统备忘录,
Push-351,,网易云音乐：睡前爵士乐单推荐,【网易云音乐】根据你的收听历史，为你定制晚安爵士乐单《深夜咖啡馆》，包含10首舒缓曲目，点击播放,2025-02-11 22:55:00,网易云音乐,
Push-352,,Keep：今日运动提醒,【Keep】早上好！今日天气晴，气温-1~7℃，空气质量良。记得完成晨间拉伸，开启活力一天。,2025-02-12 07:22:00,Keep,
Push-353,,下厨房：早餐灵感推荐,【下厨房】今日早餐推荐：武汉热干面。查看详细做法，在家轻松复刻家乡味道。,2025-02-12 08:35:00,下厨房,
Push-354,197-3,雪球：保险板块动态,【雪球】您关注的保险板块早盘活跃。平安、太保等头部险企领涨，市场关注养老险产品新规。,2025-02-12 09:15:00,雪球,197-c
Push-355,182-2,支付宝理财：稳健理财推荐,【支付宝理财】根据您的风险偏好，为您推荐一款稳健型理财产品，历史年化收益约3.5%，适合资产配置。,2025-02-12 10:30:00,支付宝,182-b
Push-356,,系统：存储空间不足,【系统通知】您的手机存储空间已使用超过90%，建议及时清理照片、视频和应用缓存，确保系统流畅运行。,2025-02-12 12:30:00,系统存储管理,
Push-357,198-2,印象笔记：工作灵感提醒,【印象笔记】您有一条关于客户案例的待办事项。点击查看详情，梳理关键节点与量化成果。,2025-02-12 13:05:00,印象笔记,198-b
Push-358,,小红书：武汉江汉路街拍攻略,【小红书】江汉路步行街及周边老建筑是绝佳街拍地。查看最新拍照机位和调色教程，捕捉城市烟火气。,2025-02-12 15:15:00,小红书,
Push-359,,大众点评：融厨餐厅等位提醒,【大众点评】您关注的融厨湖北菜非遗技艺传承武昌鱼(江汉路二店)当前等位约15桌。建议您提前在线取号，节省等待时间。,2025-02-12 17:25:00,大众点评,
Push-360,,Keep：晚间放松跟练,【Keep】久坐一天腰背酸痛？推荐您跟练10分钟筋膜放松课程，缓解肌肉紧张，助您更好入眠。,2025-02-12 19:35:00,Keep,
Push-361,16-6,微信读书：CFA行为金融学书单,【微信读书】根据您的阅读兴趣，为您推荐CFA备考书单：行为金融学经典著作《思考，快与慢》精读版已上架。,2025-02-12 21:35:00,微信读书,16-f
Push-362,,Keep：今日运动提醒,【Keep】早上好！今天是2月13日，别忘了完成今日的拉伸与激活训练，开启活力满满的一天。,2025-02-13 08:10:00,Keep,
Push-363,183-2,QQ音乐：歌单创建成功,【QQ音乐】您创建的Valentine's Night - Smooth Jazz歌单已保存成功，快去分享给你的好友吧！,2025-02-13 15:35:00,QQ音乐,183-b
Push-364,,支付宝：滴滴出行支付成功,【支付宝】您已成功支付滴滴出行订单#2025021316324587，金额18.5元，账单已同步至我的账单。,2025-02-13 16:35:00,支付宝,
Push-365,,微信支付：永旺超市支付成功,【微信支付】支付成功。您向永旺超市（金桥大道店）支付了86.3元。,2025-02-13 17:28:00,微信,
Push-366,,系统：存储空间不足提醒,【系统通知】手机存储空间已使用超过90%，建议及时清理照片、视频或卸载不常用应用。,2025-02-13 17:50:00,系统存储管理,
Push-367,,Keep：个性化拉伸课程推荐,【Keep】根据您的运动习惯，为您推荐【久坐族全身深度拉伸】课程，时长30分钟，有效缓解肩颈与下背部紧张。,2025-02-13 20:10:00,Keep,
Push-368,,铁路12306：购票成功通知,【铁路12306】订单E202502132045123456购票成功！2月15日 G1103次 武汉站09:24开，长沙南站11:42到，02车12F号，二等座。,2025-02-13 20:48:00,铁路12306,
Push-369,183-3-4,Keep：今日健身计划提醒,【Keep】你的今日核心训练计划已就绪，目标20分钟，燃烧约150卡路里。点击开始，激活你的晨间能量！,2025-02-14 07:02:00,Keep,183-c
Push-370,183-3-4,雪球：早盘市场快讯,【雪球】早盘速递：A股三大指数小幅高开，金融板块表现活跃。点击查看华泰证券最新研报《节后市场展望》。,2025-02-14 08:15:00,雪球,183-c
Push-371,183-3-4,支付宝：保险支付成功通知,【支付宝】您已成功支付家庭补充医疗保险B产品，金额1280元。电子保单已生成，可在支付宝-我的保单查看。,2025-02-14 08:35:00,支付宝,183-c
Push-372,,微信支付：超市消费提醒,【微信支付】付款成功。罗比零食专卖店消费86.5元。开启支付有礼，笔笔返现。,2025-02-14 16:55:00,微信,
Push-373,183-3-2,网易云音乐：私人雷达更新,【网易云音乐】你的私人雷达已更新，根据你常听的Smooth Jazz，为你推荐新歌单《深夜咖啡馆·钢琴爵士》。,2025-02-14 18:35:00,网易云音乐,183-c
Push-374,,系统：存储空间不足,【系统通知】手机存储空间已不足10%，部分应用运行可能受影响。建议及时清理照片、视频等文件。,2025-02-14 21:15:00,系统存储管理,
Push-375,,Keep：跑步数据同步完成,【Keep】您的晨跑数据已同步，本次跑步 5.2 公里，用时 40 分钟，平均配速 7‘40”，消耗热量 320 大卡。,2025-02-15 07:45:00,Keep,
Push-376,,雪球：早盘市场快讯,【雪球】早盘速递：A股三大指数小幅高开，金融、消费板块领涨。您关注的沪深300ETF（510300）上涨0.8%。,2025-02-15 08:15:00,雪球,
Push-377,197-5-1,支付宝：保险支付成功提醒,【支付宝】您已成功支付家庭保险保费，金额 2860 元，电子保单已生成，保单号：BX202502150915123456,2025-02-15 09:02:00,支付宝,197-e
Push-378,4-5,CFA Institute：学习提醒,【CFA Institute】距离2025年5月CFA三级考试还有约80天。今日推荐复习：行为金融学中的认知偏差与投资组合构建。,2025-02-15 10:20:00,CFA Institute,4-e
Push-379,,下厨房：健康食谱推荐,【下厨房】为您推荐低脂高蛋白午餐：香煎鸡胸肉配西兰花，热量约450大卡，附详细步骤和营养分析。,2025-02-15 11:45:00,下厨房,
Push-380,193-1,系统：存储空间不足提醒,【系统通知】当前手机存储空间已使用超过90%，建议及时清理照片、视频或卸载不常用应用以释放空间。,2025-02-15 16:50:00,系统存储管理,193-a
Push-381,,Lightroom：照片导入完成,【Adobe Lightroom】今日从 iPhone 导入的 42 张照片已就绪，包含晨跑江景等主题，可开始编辑。,2025-02-15 17:15:00,Adobe Lightroom,
Push-382,,微信读书：睡前阅读推荐,【微信读书】根据您的兴趣，为您推荐《摄影之友》电子刊最新一期：城市夜景长曝光实战技巧详解。,2025-02-15 21:40:00,微信读书,
Push-383,,Keep：今日运动计划提醒,【Keep】早上好！您今日的20分钟动态拉伸与核心训练计划已就绪。坚持晨练，保持77.2公斤的健康体重，开启活力一天！,2025-02-16 07:55:00,Keep,
Push-384,,支付宝：打车支付成功提醒,【支付宝】您已成功支付滴滴出行订单#WH20250216130001，金额28.5元，账单已同步至我的账单。,2025-02-16 13:03:00,支付宝,
Push-385,,支付宝：餐饮支付成功提醒,【支付宝】您已成功支付超吉卷烤肉卷饼(群星城店)订单#CJ202502161450，金额56元，使用花呗支付。,2025-02-16 14:52:00,支付宝,
Push-386,184-1,铁路12306：行程提醒,【铁路12306】您购买的2025年2月17日G1031次列车（武汉站-长沙南站，07:55开）距发车还有1天，请提前规划出行。,2025-02-16 16:05:00,铁路12306,184-a
Push-387,,京东到家：生鲜食材推荐,【京东到家】为您推荐红烧武昌鱼食材包，包含新鲜武昌鱼、秘制酱料，搭配排骨藕汤套餐更优惠，点击查看。,2025-02-16 16:45:00,京东到家,
Push-388,,支付宝：超市支付成功提醒,【支付宝】您已成功支付芙蓉兴盛便利超市订单#FRXS202502161830，金额18.5元（矿泉水、纸巾、第一财经日报），账单已生成。,2025-02-16 18:32:00,支付宝,
Push-389,,雪球：热门财经内容更新,【雪球】您关注的CFA考点分析专栏已更新：三级资产配置实务难点解析。投资顾问冯浩然，快来查看吧！,2025-02-16 20:15:00,雪球,
Push-390,184-1,系统：闹钟提醒,【系统时钟】您设定的明日闹钟“返程高铁”将于06:30响起，请确保充足睡眠。,2025-02-16 21:25:00,系统时钟,184-a
Push-391,,Keep：您的体重周报已生成,【Keep】冯浩然，您本周平均体重77.1公斤，较上周变化+0.3公斤。坚持晨跑，一起向75公斤目标迈进！点击查看详细数据与运动建议。,2025-02-17 08:32:00,Keep,
Push-392,,系统：存储空间不足提醒,【系统通知】您的手机存储空间已使用超过90%，部分应用运行可能受影响。建议及时清理照片、视频或卸载不常用应用。,2025-02-17 13:45:00,系统存储管理,
Push-393,4-7-1,得到：节后充电，CFA备考攻略上新,【得到】金融人节后充电指南已上线！内含CFA二级核心考点精讲与高效复习计划模板，助你快速进入学习状态。点击立即查看。,2025-02-17 14:15:00,得到,4-g
Push-394,,大众点评：发现长沙新派湘菜馆,【大众点评】冯先生，根据您的口味偏好，为您推荐几家评分4.8以上的新派湘菜馆，包括侯师傅热炒、笨萝卜浏阳菜馆等，点击查看详情与优惠。,2025-02-17 19:05:00,大众点评,
Push-395,,支付宝：餐饮支付成功,【支付宝】您已成功支付冇味湘潭菜(观沙岭店)订单#202502171928，金额268元。账单已同步至我的账单。,2025-02-17 20:32:00,支付宝,
Push-396,,京东到家：鲜奶面包限时折扣,【京东到家】您常买的蒙牛鲜牛奶、桃李全麦面包正在参与满减活动，今晚23点前下单，最快30分钟送达。点击立即选购。,2025-02-17 20:35:00,京东到家,
Push-397,,潮汐：助眠白噪音与明日天气,【潮汐】明日长沙晴，气温8-15°C，适宜晨跑。为您准备了【雨夜篝火】白噪音，助您舒缓入眠，为明日晨跑积蓄能量。,2025-02-17 22:25:00,潮汐,
Push-398,,Keep：今日运动打卡提醒,【Keep】您已连续运动7天，今日核心力量训练已完成30分钟，消耗约180千卡，继续保持哦！,2025-02-18 07:25:00,Keep,
Push-399,185-1,雪球：早盘财经资讯速递,【雪球】早盘必读：科技板块估值修复引热议，多家券商发布看多报告。点击查看最新市场观点。,2025-02-18 08:05:00,雪球,185-a
Push-400,,长沙地铁：乘车码支付成功,【长沙地铁】您已成功使用乘车码支付地铁4号线行程，扣费2.7元。祝您出行愉快！,2025-02-18 08:48:00,长沙地铁,
Push-401,185-1,企业微信：会议即将开始提醒,【企业微信】您参与的“部门季度工作会议”将于09:30开始，地点：华泰证券3号会议室，请准时参加。,2025-02-18 09:25:00,企业微信,185-a
Push-402,,大众点评：盖码饭王到店支付提醒,【大众点评】您在盖码饭王（传媒路店）的订单已支付成功，金额38元。订单号#C202502181201，欢迎再次光临！,2025-02-18 12:03:00,大众点评,
Push-403,179-3,微信：群聊消息提醒,【微信】长沙老友群：彭雨晴、吴俊杰已回复，约定明晚20:00线上讨论露营计划。,2025-02-18 13:05:00,微信,179-c
Push-404,,Outlook：邮件发送成功通知,【Outlook】您发送给客户黄思琪的问候邮件已成功送达。,2025-02-18 14:05:00,Outlook,
Push-405,,京东到家：生活采购推荐,【京东到家】根据您的购物习惯，为您推荐新鲜鸡胸肉、沙拉蔬菜组合和希腊酸奶，满59元免配送费。,2025-02-18 17:35:00,京东到家,
Push-406,,支付宝：便利店扫码支付成功,【支付宝】您已在罗比零食专卖店扫码支付成功，金额42.5元。支付方式：花呗。,2025-02-18 18:05:00,支付宝,
Push-407,,得到：财经讲座更新提醒,【得到】您订阅的《宏观投资策略》讲座已有新回放片段更新：当前市场下的资产配置逻辑。,2025-02-18 18:35:00,得到,
Push-408,184-3-1,米家：居家安全检查完成,【米家】全屋安全检测已完成。燃气阀门已关闭，门窗已锁好，水龙头无异常。祝您晚安。,2025-02-18 19:35:00,米家,184-c
Push-409,16-6,CFA Institute：学习计划提醒,【CFA Institute】距离2025年5月CFA三级考试还有约80天。您今日的复习任务：固定收益与衍生品模块。,2025-02-18 19:45:00,CFA Institute,16-f
Push-410,,Adobe Lightroom：素材库更新,【Adobe Lightroom】检测到您新导入的武汉春节摄影素材，已为您智能筛选出25张高潜力照片并打上标记。,2025-02-18 21:35:00,Adobe Lightroom,
Push-411,,系统：存储空间不足提醒,【系统通知】您的手机存储空间已使用超过90%，建议清理照片、视频或卸载不常用应用以释放空间。,2025-02-18 22:05:00,系统存储管理,
Push-412,186-1,雪球：今日市场热点,【雪球】硬科技板块早盘活跃，关注传感器与自动驾驶产业链动态。您关注的科技初创公司相关讨论热度上升。,2025-02-19 09:55:00,雪球,186-a
Push-413,185-2-1,华泰证券涨乐财富通：新季度策略解读,【涨乐财富通】新季度投资策略已发布，聚焦互联网、硬科技等新兴领域，点击查看详细解读与潜力标的。,2025-02-19 11:00:00,华泰证券涨乐财富通,185-b
Push-414,103-1-2,微信读书：购买成功通知,【微信读书】您已成功购买电子书《周期、价值与人性》，金额 39.9 元，已自动下载至您的书架，可随时阅读。,2025-02-19 12:22:00,微信读书,103-a
Push-415,103-1-1,微信读书：您的专属书单,【微信读书】根据您的阅读兴趣，为您推荐《投资最重要的事》《漫步华尔街》等经典投资著作，助您深化周期理解。,2025-02-19 15:15:00,微信读书,103-a
Push-416,,小红书：露营装备清单攻略,【小红书】周末轻量化露营？收藏这份超全装备清单与宁乡香山冲水库营地实拍攻略，助你轻松出行。,2025-02-19 20:05:00,小红书,
Push-417,,携程旅行：营地预定成功,【携程旅行】您已成功预定宁乡香山冲水库营地（2025-02-22入住），预定码 CT123456，请于当日14:00后办理入住。,2025-02-19 20:55:00,携程旅行,
Push-418,,Adobe Lightroom：新功能探索,【Adobe Lightroom】试试全新的人像AI增强功能，一键优化肤色与细节，让您的春节人像照片更出彩。立即体验>>,2025-02-19 21:05:00,Adobe Lightroom,
Push-419,,系统：存储空间不足,【系统通知】手机存储空间已低于10%，建议清理相册、应用缓存或大文件以释放空间。,2025-02-19 21:15:00,系统存储管理,
Push-420,186-2-1,腾讯会议：会议即将开始提醒,【腾讯会议】您预约的视频会议“与黄思琪投资汇报”将于10:00开始，请提前进入会议室。会议号：87654321，点击链接快速加入。,2025-02-20 09:30:00,腾讯会议,186-b
Push-421,,支付宝：午餐支付成功提醒,【支付宝】您已成功支付沙拉盒子订单#S202502201130，金额48元，账单已同步至我的账单。,2025-02-20 11:33:00,支付宝,
Push-422,,微信支付：咖啡支付成功提醒,【微信支付】您已成功向圣爵菲斯咖啡厅支付35元，购买埃塞俄比亚耶加雪菲手冲咖啡一杯。,2025-02-20 13:38:00,微信,
Push-423,,雪球：科技股行情异动提醒,【雪球】您关注的科技板块出现异动，多只龙头股午后拉升，建议关注相关ETF及投资组合调整机会。,2025-02-20 14:10:00,雪球,
Push-424,,高德地图：聚餐出行提醒,【高德地图】您设置的“前往秦皇食府(市府店)”出行提醒：当前路况良好，预计18:45到达，建议17:30出发。,2025-02-20 17:00:00,高德地图,
Push-425,,系统：存储空间不足提醒,【系统通知】当前手机存储空间已使用超过90%，建议清理照片、视频或卸载不常用应用以释放空间。,2025-02-20 20:50:00,系统存储管理,
Push-426,47-1,大众点评：餐厅预订成功通知,【大众点评】您已成功预订武汉“楚韵楼”包间，用于3月12日父亲生日宴。预订码：WH20250312，请提前到店确认。,2025-02-20 21:50:00,大众点评,47-a
Push-427,,得到：投资书籍更新提醒,【得到】您书架上的《周期、价值与人性》作者发布了新的解读文章，探讨当前市场下的价值投资策略，点击阅读。,2025-02-20 22:15:00,得到,
Push-428,186-3,雪球：科技股行情速递,【雪球】您关注的科技板块早盘震荡上行，A股半导体指数涨1.5%，建议关注相关ETF及龙头公司动态。,2025-02-21 11:30:00,雪球,186-c
Push-429,,支付宝：午餐支付成功提醒,【支付宝】您已成功支付谷物食堂订单#C202502211201，金额 48.5 元，账单已同步至我的账单。,2025-02-21 12:02:00,支付宝,
Push-430,187-3,Keep：运动后恢复提醒,【Keep】根据您的运动记录，今日晨跑后建议进行小腿肌肉放松，点击查看专属拉伸课程，预防运动损伤。,2025-02-21 20:45:00,Keep,187-a
Push-431,,系统：存储空间不足提醒,【系统通知】当前手机存储空间已使用超过90%，建议及时清理照片、视频等文件，确保系统流畅运行。,2025-02-21 21:05:00,系统存储管理,
Push-432,,同花顺：市场复盘与明日策略,【同花顺】今日A股三大指数收涨，北向资金净流入超50亿。为您梳理明日值得关注的板块与个股。,2025-02-21 21:15:00,同花顺,
Push-433,162-5,支付宝：迪卡侬支付成功提醒,【支付宝】您已成功支付迪卡侬订单#DC202502220941，金额 278.50 元，账单已同步至我的账单,2025-02-22 09:41:00,支付宝,162-e
Push-434,162-5,小红书：露营装备好物推荐,【小红书】根据你的露营兴趣，为你推荐轻量化徒步帐篷和便携咖啡器具，点击查看达人测评,2025-02-22 10:15:00,小红书,162-e
Push-435,,雪球：半导体板块异动提醒,【雪球】你关注的半导体板块盘中拉升，中芯国际涨超3%，查看最新行情与机构解读,2025-02-22 13:30:00,雪球,
Push-436,189-1,500px：你关注的摄影师更新了作品,【500px】街拍摄影师@城市漫游者 发布了新作品《老街晨光》，快来欣赏并获取灵感吧,2025-02-22 15:20:00,500px,189-a
Push-437,,邮票互动网：新邮发行预告,【邮票互动网】2025年特种邮票《中国古桥》将于3月1日发行，现已开启预约通道,2025-02-22 17:05:00,邮票互动网,
Push-438,,系统：存储空间不足提醒,【系统通知】当前手机存储空间已使用超过90%，建议清理照片、视频或卸载不常用应用,2025-02-22 19:50:00,系统存储管理,
Push-439,4-4-1,微信读书：CFA备考书单更新,【微信读书】你的书单《CFA三级备考》中，《另类投资深度解析》已更新至最新版，点击阅读,2025-02-22 20:05:00,微信读书,4-d
Push-440,,航旅纵横：深圳出差行程建议,【航旅纵横】检测到你近期有深圳出行计划，为你推荐3月中旬往返特价机票及高性价比酒店,2025-02-22 20:25:00,航旅纵横,
Push-441,,Keep：今日跑步计划推荐,【Keep】根据您的晨跑习惯，为您推荐今日5公里环湖跑计划，包含热身和拉伸指导，点击开始今日训练。,2025-02-23 08:40:00,Keep,
Push-442,,支付宝：早餐支付成功提醒,【支付宝】您已成功支付刘记手工米粉店订单#20250223093001，金额28元，账单已同步至我的账单。,2025-02-23 09:32:00,支付宝,
Push-443,,雪球：亚太科技股早盘速递,【雪球】早盘速递：您关注的亚太科技股板块开盘表现活跃，日经225指数相关科技股上涨1.2%，点击查看详细分析。,2025-02-23 09:35:00,雪球,
Push-444,,系统：存储空间不足提醒,【系统通知】您的手机存储空间已使用超过90%，建议及时清理照片、视频等文件，释放空间。,2025-02-23 10:15:00,系统存储管理,
Push-445,,华尔街日报：深度分析推送,【华尔街日报】您正在阅读的《亚太科技股深度分析》已更新至第三部分：供应链风险与机遇，点击继续阅读。,2025-02-23 11:00:00,华尔街日报,
Push-446,,系统：电量低提醒,【系统通知】当前手机电量已低于20%，请及时充电，避免影响使用。,2025-02-23 17:30:00,系统电池管理,
Push-447,,下厨房：香煎鸡胸肉菜谱推荐,【下厨房】根据您的健康饮食偏好，为您推荐低脂高蛋白的香煎鸡胸肉配蒜蓉西兰花菜谱，附详细步骤。,2025-02-23 17:45:00,下厨房,
Push-448,,日历：明日会议提醒,【日历】提醒：明天（2月24日，周一）上午10:00有客户会议，地点：公司A302会议室，请提前准备材料。,2025-02-23 20:50:00,系统日历,
Push-449,,得到：睡前知识音频推荐,【得到】睡前听本书：《思考，快与慢》精讲音频已为您准备好，助您放松入眠，点击播放。,2025-02-23 21:40:00,得到,
Push-450,,Keep：今日跑步计划提醒,【Keep】根据您的晨跑习惯，今日推荐5公里慢跑课程，配速7分钟/公里，适合阴天户外运动。点击开始今日训练。,2025-02-24 06:35:00,Keep,
Push-451,4-4-1,学习提醒,提醒：今天需要复习投资组合管理的核心公式与模型,2025-02-24 09:00:00,学习计划,4-d
Push-452,,支付宝：加油支付成功,【支付宝】您已成功支付中国石化河西加油站订单，金额380元，支付方式：花呗。电子发票已开具。,2025-02-24 09:03:00,支付宝,
Push-453,,系统：存储空间不足提醒,【系统通知】您的手机存储空间已使用超过90%，建议及时清理照片、视频或卸载不常用应用以释放空间。,2025-02-24 11:45:00,系统存储管理,
Push-454,103-1-3,购买成功,您已成功购买电子书《周期、价值与人性》，支付金额 39.90 元。书籍已加入您的图书馆，可随时下载阅读。,2025-02-24 12:05:00,微信读书,103-a
Push-455,190-1,大众点评：订单用餐提醒,【大众点评】您收藏的湘聚缘（金鹰路店）已有新评价，人均消费约85元。点击查看最新菜品推荐与优惠。,2025-02-24 12:15:00,大众点评,190-a
Push-456,,雪球：自选股异动提醒,【雪球】您关注的云计算板块个股【XX科技】午后涨幅扩大至5.2%，成交额显著放大。点击查看实时行情与机构观点。,2025-02-24 14:30:00,雪球,
Push-457,189-3,Adobe Lightroom：作品导出完成,【Adobe Lightroom】您的15张照片已成功导出至文件夹【2025-02-23太平街】。所有调整已保存至云端。,2025-02-24 21:52:00,Adobe Lightroom,189-c
Push-458,103-2,阅读提醒,您已连续阅读《周期、价值与人性》超过2小时，请注意休息,2025-02-24 23:30:00,阅读App,103-b
Push-459,,支付宝：加油支付成功提醒,【支付宝】您已成功支付中国石化河西加油站订单#CT202502250839，金额 280.00 元，账单已同步至我的账单,2025-02-25 08:42:00,支付宝,
Push-460,,雪球：您关注的科技板块有异动,【雪球】您关注的科技ETF（515000）盘中涨幅超2%，半导体板块资金流入明显。点击查看深度分析>>,2025-02-25 10:45:00,雪球,
Push-461,189-4,图虫：您关注的摄影师更新了作品,【图虫】您关注的摄影师徐佳宁刚刚发布了新作品《城市光影》，快去看看吧！,2025-02-25 12:50:00,图虫,189-d
Push-462,,网易云音乐：您可能喜欢的新专辑,【网易云音乐】根据您的听歌喜好，为您推荐新专辑《白噪音与自然疗愈》，助您高效休息。,2025-02-25 13:10:00,网易云音乐,
Push-463,,系统：存储空间不足提醒,【系统通知】当前手机存储空间已使用超过90%，建议及时清理，避免影响应用运行。,2025-02-25 13:55:00,系统存储管理,
Push-464,,微信支付：咖啡支付成功通知,【微信支付】您已在圣爵菲斯咖啡厅（广电店）消费 38.00 元，支付成功。,2025-02-25 14:28:00,微信,
Push-465,,日历：与客户林志豪的会议提醒,【日历】您与客户林志豪的季度电话回顾会议将于明天（2月26日）上午10:00开始，请提前准备资料。,2025-02-25 16:30:00,系统日历,
Push-466,,美团外卖：订单确认通知,【美团外卖】您已成功下单健康轻食套餐，订单号#MT202502251925，预计19:55送达，商家已接单。,2025-02-25 19:23:00,美团外卖,
Push-467,,雪球：数字经济板块异动提醒,【雪球】您关注的数字经济板块出现异动，云计算、人工智能相关标的早盘表现活跃，建议关注相关ETF及龙头个股。,2025-02-26 11:45:00,雪球,
Push-468,,华尔街见闻：市场深度分析更新,【华尔街见闻】午盘深度分析已更新：今日市场震荡，结构性机会凸显，为您梳理了科技、消费板块的潜在逻辑与风险。,2025-02-26 14:15:00,华尔街见闻,
Push-469,,支付宝：咖啡支付成功提醒,【支付宝】您已成功支付圣爵菲斯咖啡厅订单#SJFS202502261500，金额 38 元，账单已同步至我的账单。,2025-02-26 15:02:00,支付宝,
Push-470,,系统：存储空间不足提醒,【系统通知】手机存储空间已低于 10%，建议清理照片、视频或卸载不常用应用以释放空间。,2025-02-26 19:15:00,系统存储管理,
Push-471,192-1,Lightroom：照片同步完成提醒,【Adobe Lightroom】您从相机导入的 128 张照片已完成同步至云端，5 张已标记为待精修。,2025-02-26 20:05:00,Adobe Lightroom,192-a
Push-472,,微信读书：个性化书籍推荐,【微信读书】根据您的阅读历史，为您推荐《投资最重要的事》与《原则》，助您深化周期与人性理解。,2025-02-26 21:25:00,微信读书,
Push-473,,支付宝：午餐支付成功提醒,【支付宝】您已成功支付明记烧腊订单，金额 38.5 元，账单已同步至我的账单,2025-02-27 12:11:00,支付宝,
Push-474,,系统：存储空间不足提醒,【系统通知】手机存储空间已不足 10%，建议清理照片、视频或卸载不常用应用以释放空间,2025-02-27 13:55:00,系统存储管理,
Push-475,192-2-3,500px：发现街头摄影精选,【500px】发现一组长沙街头烟火气摄影作品，与你上周拍摄的风格相似，快来欣赏并获取灵感吧！,2025-02-27 18:45:00,500px,192-b
Push-476,,微信支付：超市支付成功通知,【微信支付】支付成功 168.9 元，收款方：家乐福（金星中路店）。点击查看账单详情,2025-02-27 20:05:00,微信,
Push-477,,雪球：A股科技板块复盘,【雪球】今日A股科技板块震荡收涨，你的关注股【中兴通讯】上涨2.3%，查看最新机构观点与明日策略,2025-02-27 22:55:00,雪球,
Push-478,,网易云音乐：新歌推荐,【网易云音乐】根据您的收听习惯，为您推荐新专辑《晨跑节奏》中的单曲《破晓》，点击一键收听。,2025-02-28 07:05:00,网易云音乐,
Push-479,,Keep：运动成就提醒,【Keep】恭喜您！本周晨跑累计里程已达15公里，连续打卡7天，获得“坚持之星”徽章。,2025-02-28 08:05:00,Keep,
Push-480,,高德地图：通勤路况提醒,【高德地图】您常走的芙蓉中路（开福区段）当前拥堵，预计通行时间较平时增加15分钟，建议提前出发。,2025-02-28 08:20:00,高德地图,
Push-481,,华泰证券：市场早报推送,【华泰证券】早盘速递：A股三大指数高开，科技板块领涨。您关注的ETF基金（代码：510300）净值更新为3.856元。,2025-02-28 09:01:00,华泰证券,
Push-482,,系统：存储空间不足提醒,【系统通知】您的手机存储空间已不足10%，部分应用可能运行缓慢，建议及时清理。,2025-02-28 09:15:00,系统存储管理,
Push-483,,支付宝：信用卡还款提醒,【支付宝】您的招商银行信用卡本期账单5000元将于3月1日到期，请及时还款。,2025-02-28 10:05:00,支付宝,
Push-484,196-3-1,微信：订阅号更新提醒,【微信】您订阅的“华尔街见闻”发布了新文章《2025年一季度资产配置展望》，点击查看。,2025-02-28 12:30:00,微信,196-c
Push-485,194-1-1,京东：包裹派送提醒,【京东】您的订单JD202502280987（露营帐篷）正在派送中，快递员李师傅（电话138****5678）预计今天14:00-16:00送达。,2025-02-28 13:30:00,京东,194-a
Push-486,,雪球：自选股异动提醒,【雪球】您关注的贵州茅台(SH600519)当前涨幅超过3%，最新价1850.50元，建议关注。,2025-02-28 14:22:00,雪球,
Push-487,,招商银行：理财收益到账提醒,【招商银行】您购买的“月月盈”理财产品（产品代码：CMB001）本期收益125.80元已到账，登录手机银行查看详情。,2025-02-28 15:10:00,招商银行,
Push-488,,系统：电量低提醒,【系统通知】当前手机电量已低于20%，请及时连接充电器。,2025-02-28 17:30:00,系统电池管理,
Push-489,,美团：外卖订单配送提醒,【美团外卖】您订购的湘菜馆（麓山南路店）订单#202502281234 骑手已取餐，预计18:15送达。,2025-02-28 17:50:00,美团外卖,
Push-490,88-1,个人所得税：汇算清缴申报成功通知,【个人所得税】您提交的2024年度综合所得年度汇算申报已完成，税务审核中。您可通过APP查看办理进度。,2025-03-01 12:05:00,个人所得税,88-a
Push-491,102-1-1,Keep：跑步挑战赛报名成功,【Keep】恭喜您已成功报名【春日焕新】100公里挑战赛，队伍【岳麓跑者】已创建，快邀请好友一起参与吧！,2025-03-01 13:45:00,Keep,102-a
Push-492,,系统：存储空间不足提醒,【系统通知】手机存储空间已使用超过90%，建议及时清理照片、视频等文件，以保证系统流畅运行。,2025-03-01 16:50:00,系统存储管理,
Push-493,,高德地图：湘菜馆推荐,【高德地图】根据您的口味偏好，为您推荐西湖建新安置小区附近的湘菜馆【老长沙味道】，评分4.7，人均约80元。,2025-03-01 18:45:00,高德地图,
Push-494,194-2,携程旅行：露营地点收藏成功,【携程旅行】您已成功收藏【湖南大围山国家森林公园露营地】，可随时查看详情并预订。,2025-03-01 21:30:00,携程旅行,194-b
Push-495,,下厨房：健康沙拉食谱推荐,【下厨房】根据您的健康饮食偏好，为您推荐低脂鸡胸肉沙拉食谱，包含详细步骤和营养分析，点击查看。,2025-03-02 11:55:00,下厨房,
Push-496,103-1-3,购买成功,您已成功购买电子书《周期、价值与人性》。书籍已加入您的图书馆，可随时下载阅读。,2025-03-02 12:45:00,微信读书,103-a
Push-497,,图虫：作品收到新评论,【图虫】您上传的街拍作品《岳麓晨光》收到摄友徐佳宁的评论：构图很有张力，光影捕捉得真好！快去看看吧。,2025-03-02 13:05:00,图虫,
Push-498,198-5,美团：餐厅预定成功通知,【美团】您已成功预订金茂览秀城湖畔餐厅，预定码：LHT202503021320，就餐时间：2025-03-02 13:30，请准时到店。,2025-03-02 13:22:00,美团,198-e
Push-499,,雪球：您关注的板块有异动,【雪球】您关注的科技板块午后出现拉升，多只龙头股涨幅超3%，相关快讯与分析已更新。,2025-03-02 18:25:00,雪球,
Push-500,,Keep：健康晚餐搭配指南,【Keep】为您推荐香煎鸡胸肉配蒜蓉西兰花的运动后营养餐搭配，热量约450大卡，助力增肌减脂。,2025-03-02 18:55:00,Keep,
Push-501,,系统：存储空间不足提醒,【系统通知】您的手机存储空间已不足10%，部分应用运行可能受影响，建议及时清理。,2025-03-02 21:45:00,系统存储管理,
Push-502,103-2,阅读时长提醒,您已连续阅读《周期、价值与人性》超过1小时，请注意休息,2025-03-02 23:30:00,阅读App,103-b
Push-503,104-4,支付宝：停车费支付成功提醒,【支付宝】您已成功支付停车费用，金额 15 元，账单已同步至我的账单。,2025-03-03 09:08:00,支付宝,104-d
Push-504,104-4,雪球：您关注的股票有异动,【雪球】您关注的【宁德时代】盘中涨幅超 3%，最新股价 198.5 元，建议关注相关产业链动态。,2025-03-03 10:30:00,雪球,104-d
Push-505,104-4,支付宝：午餐支付成功提醒,【支付宝】您已成功支付明记烧腊快餐店订单#M202503031210，金额 38 元，账单已同步至我的账单。,2025-03-03 12:13:00,支付宝,104-d
Push-506,,系统：存储空间不足提醒,【系统通知】当前手机存储空间已使用超过 90%，建议及时清理照片、视频或应用缓存。,2025-03-03 20:20:00,系统存储管理,
Push-507,,美团：便利店商品推荐,【美团】根据您的购买习惯，为您推荐蒙牛特仑苏纯牛奶和佳农进口香蕉组合优惠，券后价 25.9 元，点击查看。,2025-03-03 22:35:00,美团,
Push-508,,得到：CFA备考资料上新,【得到】您关注的CFA三级资产配置专题精讲已更新，讲师结合最新考纲解析，助力高效备考。,2025-03-03 23:15:00,得到,
Push-509,,Keep：个性化跑步路线推荐,【Keep】根据您的晨跑习惯，为您推荐岳麓山6公里进阶路线，包含坡度变化与最佳观景点，助您提升心肺耐力。,2025-03-04 06:25:00,Keep,
Push-510,,支付宝：超市支付成功提醒,【支付宝】您已成功支付步步高超市订单#CS20250304080012，金额 48.60 元，账单已同步至我的账单。,2025-03-04 08:05:00,支付宝,
Push-511,,雪球：新能源板块异动提醒,【雪球】您关注的新能源板块早盘异动，龙头股涨幅超5%，市场传闻政策利好，点击查看机构解读。,2025-03-04 10:15:00,雪球,
Push-512,,微信支付：午餐支付成功通知,【微信支付】支付成功 38.00 元。收款方：煲仔皇（金鹰路店）。订单号：WX20250304120001。,2025-03-04 12:05:00,微信,
Push-513,207-1,Wind：宏观数据报告更新,【Wind金融终端】1-2月宏观经济数据快报已更新，包含PMI、社融等关键指标，请及时查阅用于季度报告。,2025-03-04 14:30:00,Wind金融终端,207-a
Push-514,,系统：存储空间不足提醒,【系统通知】您的手机存储空间已不足10%，部分应用运行可能受影响，建议及时清理。,2025-03-04 16:20:00,系统存储管理,
Push-515,198-6-3,企业微信：日程预定成功提醒,【企业微信】您与钱永强的日程“晋升述职面谈”已预定成功，时间：周五 14:00-15:00，地点：总监办公室。,2025-03-04 17:12:00,企业微信,198-f
Push-516,,下厨房：健康晚餐食谱推荐,【下厨房】为您推荐香煎鸡胸肉配蒜蓉菠菜的减脂餐做法，热量约450大卡，附详细步骤与营养分析。,2025-03-04 18:25:00,下厨房,
Push-517,,500px：您关注的摄影师更新了作品,【500px】您关注的摄影师【山野行者】发布了新作品《雾锁岳麓》，快来欣赏并为他点赞吧！,2025-03-04 20:45:00,500px,
Push-518,101-3-1,Keep：晨跑运动记录已生成,【Keep】恭喜你完成今日晨跑！本次在岳麓山跑步6.5公里，平均配速5‘30”，消耗约520大卡。继续坚持，每周合练是释放压力的好方式！,2025-03-05 08:08:00,Keep,101-c
Push-519,,大众点评：健康早餐订单提醒,【大众点评】您在【谷物觉醒健康轻食店】的订单#GD202503050805已支付成功，消费金额58元。牛油果鸡蛋全麦三明治和黑咖啡已为您备好，期待您的光临！,2025-03-05 08:08:00,大众点评,
Push-520,,雪球：时间管理相关文章推荐,【雪球】投资顾问如何利用碎片时间提升自我？这篇关于CFA备考与工作平衡的干货文章，或许对你有启发。点击查看>>,2025-03-05 08:50:00,雪球,
Push-521,,喜马拉雅：财经资讯更新提醒,【喜马拉雅】您订阅的《财经早报》已更新：A股开盘前瞻，科技股异动信号解读。通勤路上，快来收听吧！,2025-03-05 09:00:00,喜马拉雅,
Push-522,,同花顺：A股开盘异动提醒,【同花顺】快讯：今日A股开盘，您关注的半导体板块出现资金异动，多只个股涨幅超3%。点击查看详情>>,2025-03-05 09:31:00,同花顺,
Push-523,16-6,Forest：专注学习计时提醒,【Forest】您设定的CFA第三章冲刺专注时间（45分钟）即将开始。放下手机，种下一棵树，为你的晋升和备考加油！,2025-03-05 11:35:00,Forest,16-f
Push-524,,大众点评：午餐餐厅推荐,【大众点评】根据您的口味，为您推荐公司附近的【浅草屋日式定食】，评分4.8，人均约65元。郑文博等3位同事曾打卡。,2025-03-05 11:55:00,大众点评,
Push-525,103-1-3,购买成功,您购买的电子书《周期、价值与人性》已成功支付。您可以选择立即下载到设备，或稍后在图书馆中查看。,2025-03-05 12:15:00,微信读书,103-a
Push-526,,WPS Office：文档自动保存提醒,【WPS Office】您正在编辑的文档【科技行业投资周报_20250305】已成功自动保存至云端。当前字数约650字，继续加油！,2025-03-05 14:45:00,WPS Office,
Push-527,,星巴克：咖啡订单取餐提醒,【星巴克】您的订单#SB2503051502（大杯美式咖啡）已在【圣爵菲斯咖啡厅】制作完成，取餐码A12。感谢您的光临！,2025-03-05 15:05:00,星巴克,
Push-528,,系统：存储空间不足提醒,【系统通知】手机存储空间已不足10%，部分应用运行可能受影响。建议及时清理照片、视频或卸载不常用应用。,2025-03-05 16:20:00,系统存储管理,
Push-529,,Outlook：明日日程提醒,【Outlook】明日（3月6日）日程提醒：上午深化季度报告，下午定稿发送黄思琪方案，晚间为晋升面谈进行模拟问答准备。,2025-03-05 17:25:00,Outlook,
Push-530,,高德地图：通勤路况播报,【高德地图】当前从公司返回岳麓区家中，途径芙蓉中路、西二环，预计通行时间35分钟，路况畅通。已为您避开一处缓行路段。,2025-03-05 17:33:00,高德地图,
Push-531,,下厨房：健康晚餐菜谱推荐,【下厨房】您常看的【香煎鸡胸肉配蒜蓉西兰花】菜谱有厨友分享了新技巧，让鸡胸肉更鲜嫩多汁。点击查看更新>>,2025-03-05 18:15:00,下厨房,
Push-532,194-3-1,微信：视频通话预约提醒,【微信】您与【谢雨桐】约定的视频通话将于18:40开始。点击即可发起通话，共享屏幕筛选露营地。,2025-03-05 18:35:00,微信,194-c
Push-533,104-5-1,知乎：投资心理学话题更新,【知乎】您关注的话题【市场情绪与风险认知】有新的高赞回答，探讨《周期、价值与人性》中的‘情绪钟摆’理论在实际投资中的应用。,2025-03-05 20:45:00,知乎,104-e
Push-534,,微信读书：睡前阅读提醒,【微信读书】您正在阅读的《人类群星闪耀时》已为您保存阅读进度。睡前阅读20分钟，切换思维，放松入眠。,2025-03-05 22:05:00,微信读书,
Push-535,,支付宝：午餐支付成功提醒,【支付宝】您已成功支付湘聚缘湘菜馆订单#202503061201，金额 128 元，账单已同步至我的账单,2025-03-06 12:03:00,支付宝,
Push-536,207-2,雪球：市场热点速递,【雪球】今日消费板块异动，多家机构看好服务性消费复苏，相关ETF获资金流入。点击查看最新研报与投资机会。,2025-03-06 17:30:00,雪球,207-b
Push-537,,系统：存储空间不足提醒,【系统通知】当前手机存储空间已低于 10%，建议清理照片、视频或卸载不常用应用以释放空间。,2025-03-06 20:05:00,系统存储管理,
Push-538,137-1-1,500px：夜景摄影精选更新,【500px】您关注的夜景摄影精选集已更新，新增城市光轨与星空延时作品，快来探索大师们的构图与曝光技巧吧！,2025-03-06 21:15:00,500px,137-a
Push-539,16-6,微信读书：个性化书单推荐,【微信读书】根据您的阅读历史，为您推荐《投资最重要的事》与《周期》，深度解读市场周期与价值投资。,2025-03-06 22:20:00,微信读书,16-f
Push-540,194-4,微信：张家界露营计划确认提醒,【微信】您与谢雨桐约定的4月12-13日张家界露营计划，请记得周日视频通话敲定最终细节。,2025-03-07 12:55:00,微信,194-d
Push-541,207-3,雪球：新能源板块异动快讯,【雪球】您关注的新能源板块午后出现异动，多只龙头股涨幅超3%，建议关注相关ETF及行业报告。,2025-03-07 14:30:00,雪球,207-c
Push-542,,系统：存储空间不足提醒,【系统通知】当前手机存储空间已使用超过90%，建议及时清理照片、视频或卸载不常用应用。,2025-03-07 16:20:00,系统存储管理,
Push-543,,支付宝：药店支付成功提醒,【支付宝】您已成功支付老百姓大药房订单#202503071735，金额 286.50 元，账单已同步至我的账单。,2025-03-07 17:36:00,支付宝,
Push-544,,微信支付：湘菜馆聚餐支付成功,【微信支付】您已成功支付银双路湘菜馆订单#WX202503071925，金额 198.00 元，收款方：银双路湘菜馆。,2025-03-07 20:28:00,微信支付,
Push-545,88-2,知乎：智能家居选购指南更新,【知乎】您关注的智能家居话题有更新：2025年空气净化器与智能灯泡横评指南已发布，内含多品牌实测数据。,2025-03-07 21:15:00,知乎,88-b
Push-546,,Kindle：城市摄影书籍推荐,【Kindle】根据您的阅读历史，为您推荐《街头光影：城市摄影的构图与叙事》，现会员可免费借阅。,2025-03-07 22:45:00,Kindle,
Push-547,88-3-1,个人所得税：退税到账提醒,【个人所得税】您提交的2024年度综合所得年度汇算退税申请已完成审核，退税金额已成功退还至您指定的银行卡，请注意查收。,2025-03-08 10:08:00,个人所得税,88-c
Push-548,,顺丰速运：寄件成功提醒,【顺丰速运】您的包裹已成功揽收，运单号 SF123456789012，从长沙发往武汉，预计明天送达。您可通过顺丰速运APP实时追踪物流信息。,2025-03-08 10:15:00,顺丰速运,
Push-549,,支付宝：餐饮支付成功,【支付宝】您已成功支付湘菜馆订单#202503081130，金额 68 元。账单已同步至我的账单。,2025-03-08 12:02:00,支付宝,
Push-550,204-2,京东：您关注的商品降价了,【京东】您关注的智能家居好物小米空气净化器4 Pro限时特惠，到手价仅需 899 元，点击查看。,2025-03-08 13:45:00,京东,204-b
Push-551,204-2,京东：订单支付成功,【京东】您已成功支付订单 JD202503081345，包含小米空气净化器4 Pro、Yeelight智能彩光灯带，合计金额 1128 元。预计3月10日送达。,2025-03-08 14:28:00,京东,204-b
Push-552,,支付宝：咖啡厅消费提醒,【支付宝】您已成功支付一丹咖啡厅消费，金额 156 元。其中包含巴拿马瑰夏咖啡豆一包。,2025-03-08 17:08:00,支付宝,
Push-553,136-3,小红书：夜景摄影技巧推荐,【小红书】您关注的摄影达人发布了湘江风光带夜景拍摄全攻略，分享长曝光参数设置与机位选择，快来学习吧！,2025-03-08 17:50:00,小红书,136-c
Push-554,,支付宝：味千拉面支付成功,【支付宝】您已成功支付味千拉面(平和堂店)订单#202503081735，金额 42 元。,2025-03-08 18:18:00,支付宝,
Push-555,,系统：存储空间不足,【系统通知】您的手机存储空间已使用超过90%，部分功能可能受限。建议及时清理照片、视频或卸载不常用应用。,2025-03-08 20:50:00,系统存储管理,
Push-556,,得到：睡前听书推荐,【得到】为您推荐《周期》作者霍华德·马克斯最新解读：如何在不确定的市场中寻找确定性。睡前听一段，助您深度思考。,2025-03-08 22:45:00,得到,
Push-557,136-4-1,微信：照片分享成功通知,【微信】您分享给徐佳宁的 5 张湘江夜景照片已发送成功，对方已收到并回复,2025-03-09 09:05:00,微信,136-d
Push-558,,系统：存储空间不足提醒,【系统通知】您的手机存储空间已使用超过 90%，建议及时清理照片、视频或卸载不常用应用,2025-03-09 10:15:00,系统存储管理,
Push-559,208-1,飞书：季度投资策略研讨会PPT协作提醒,【飞书】您的文档《风起于青萍之末——2025Q2市场展望与配置策略》已保存至云端，可随时通过飞书继续编辑,2025-03-09 12:01:00,飞书,208-a
Push-560,119-1-1,支付宝：外出午餐支付成功提醒,【支付宝】您已成功支付日式拉面餐厅订单#L202503091201，金额 68 元，账单已同步至我的账单,2025-03-09 12:02:00,支付宝,119-a
Push-561,119-1-1,美团：文具采购支付成功提醒,【美团】您已成功支付文具店订单#WJ202503091315，金额 42.5 元，包含笔记本、铅笔等，订单详情可在我的订单查看,2025-03-09 13:16:00,美团,119-a
Push-562,119-1-1,京东到家：园艺用品与食材采购提醒,【京东到家】您的订单#JD202503091405 已支付成功，包含草莓盆栽苗、园艺土、澳洲牛排等商品，总计 186 元，预计 1 小时内送达,2025-03-09 14:06:00,京东到家,119-a
Push-563,,飞书：露营装备清单协作更新提醒,【飞书】您与谢雨桐协作的《4月张家界露营装备清单》已有更新，您负责的影像与照明系统部分已完成,2025-03-09 16:05:00,飞书,
Push-564,201-1,微信：家庭视频茶话会提醒,【微信】您与父母（冯建国、李秀英）的每周视频通话将于 16:40 开始，请提前做好准备,2025-03-09 16:10:00,微信,201-a
Push-565,204-3-1,米家：智能设备连接成功通知,【米家】小米空气净化器 Pro 和 Yeelight 彩光灯带已成功连接至您的家庭网络，可在APP中设置晨起、阅读等场景模式,2025-03-09 19:05:00,米家,204-c
Push-566,,微信：邮票收藏交流通知,【微信】您分享给藏友罗振宇的《中国古镇》特种邮票照片已发送，对方已回复并约定后续线上交流活动,2025-03-09 21:15:00,微信,
Push-567,101-5,雪球：隔夜欧美市场行情速递,【雪球】隔夜美股三大指数涨跌不一，道指微涨0.12%，纳指下跌0.41%。欧洲主要股指普遍收跌。美国2月核心PCE物价指数环比上升0.3%，符合预期。点击查看详情。,2025-03-10 07:45:00,雪球,101-e
Push-568,,喜马拉雅：财经播客更新提醒,【喜马拉雅】您订阅的《财经有深度》已更新：季度末资金面紧张对A股市场的影响与应对策略。主播特邀资深分析师解读。,2025-03-10 08:30:00,喜马拉雅,
Push-569,6-1,华泰证券：客户咨询热点提醒,【华泰证券】尊敬的客户，近期科技股税务筹划、债券基金赎回流程咨询量显著增加。您可登录APP查看相关专题报告与操作指南。,2025-03-10 10:30:00,华泰证券,6-a
Push-570,,支付宝：午餐支付成功提醒,【支付宝】您已成功支付兰州拉面馆订单#LZ202503101210，金额 36 元。账单已同步至我的账单。,2025-03-10 12:12:00,支付宝,
Push-571,,企业微信：会议提醒,【企业微信】您参与的会议“部门周会”将于13:20开始，地点：华泰证券会议室。请准时参加。,2025-03-10 13:00:00,企业微信,
Push-572,,网易邮箱大师：新邮件到达提醒,【网易邮箱大师】您收到1封新邮件，发件人：郑文博，主题：关于下午周会汇报要点的补充。,2025-03-10 13:08:00,网易邮箱大师,
Push-573,,微信支付：咖啡支付成功提醒,【微信支付】支付成功 18.00 元。收款方：圣爵菲斯咖啡厅。时间：2025-03-10 15:33。,2025-03-10 15:33:00,微信,
Push-574,,系统：存储空间不足提醒,【系统通知】手机存储空间已不足10%，建议清理照片、视频或卸载不常用应用以释放空间。,2025-03-10 16:50:00,系统存储管理,
Push-575,6-1,高顿财经：CFA备考知识点推送,【高顿财经】今日CFA三级知识点：资产配置中的行为金融学偏差。利用碎片时间巩固一下吧！,2025-03-10 17:15:00,高顿财经,6-a
Push-576,6-1,美团外卖：订单确认通知,【美团外卖】您的小炒黄牛肉+米饭订单#MT202503101730已确认，商家“湘味小厨”已接单，预计18:40送达。,2025-03-10 17:32:00,美团外卖,6-a
Push-577,6-1,网易云音乐：晚间放松歌单推荐,【网易云音乐】根据您的收听习惯，为您推荐“下班路上·舒缓轻音乐”歌单，伴您放松归途。,2025-03-10 20:15:00,网易云音乐,6-a
Push-578,199-1,Forest：专注学习提醒,【Forest】您设定的CFA备考专注时间（22:00-22:30）即将开始，种下一棵树，开始高效学习吧！,2025-03-10 21:55:00,Forest,199-a
Push-579,6-2,雪球：科技股行情异动提醒,【雪球】您关注的科技板块出现异动，多只龙头股早盘拉升，建议关注最新业绩前瞻分析。,2025-03-11 09:15:00,雪球,6-b
Push-580,104-5-2,支付宝：午餐支付成功提醒,【支付宝】您已成功支付兰州拉面订单#LA202503111201，金额 38 元，账单已同步至我的账单,2025-03-11 12:02:00,支付宝,104-e
Push-581,104-5-2,得到：行为金融学课程更新,【得到】您订阅的《行为金融学》课程已更新第8讲：处置效应与羊群效应的实战应用，点击收听,2025-03-11 12:45:00,得到,104-e
Push-582,,系统：存储空间不足提醒,【系统通知】手机存储空间已使用超过90%，建议及时清理照片、视频或卸载不常用应用。,2025-03-11 16:20:00,系统存储管理,
Push-583,,微信支付：晚餐支付成功提醒,【微信支付】您已成功支付湘菜馆订单#XC202503111826，金额 96 元，支付方式：零钱,2025-03-11 18:27:00,微信,
Push-584,202-2-2,Keep：核心力量训练完成提醒,【Keep】恭喜您！今日核心力量训练（20分钟）已完成，消耗约120千卡，坚持就是胜利！,2025-03-11 20:26:00,Keep,202-b
Push-585,,小红书：手冲咖啡豆上新推荐,【小红书】您关注的咖啡博主分享了埃塞俄比亚耶加雪菲G1新豆测评，风味描述：柑橘、茉莉花、红茶感。,2025-03-11 21:25:00,小红书,
Push-586,,WPS Office：文档协作更新提醒,【WPS Office】您参与的文档【Q1投资策略研讨会材料.pptx】已被同事更新，建议您预览最新版本。,2025-03-11 21:45:00,WPS Office,
Push-587,,潮汐：睡前冥想引导,【潮汐】今日复盘时刻，为您推荐10分钟“深度放松”冥想，助您清空思绪，提升睡眠质量。,2025-03-11 22:05:00,潮汐,
Push-588,100-5,墨迹天气：长沙今日中雨持续,【墨迹天气】长沙今日中雨，气温12-16°C，空气质量良。雨天路滑，出行请注意安全。,2025-03-12 06:45:00,墨迹天气,100-e
Push-589,100-5,Keep：今日跑步记录已生成,【Keep】今日雨中慢跑4公里已完成，用时约30分钟。坚持就是胜利，查看详细数据。,2025-03-12 07:15:00,Keep,100-e
Push-590,,高德地图：通勤路况提醒,【高德地图】当前岳麓区至开福区因中雨路滑，部分路段拥堵，预计通勤时间50分钟，建议您提前出发。,2025-03-12 08:35:00,高德地图,
Push-591,207-6-2,雪球：科技股早盘异动提醒,【雪球】您关注的科技板块早盘出现异动，半导体指数上涨1.5%，相关资讯已更新。,2025-03-12 09:45:00,雪球,207-f
Push-592,,大众点评：湘菜馆推荐,【大众点评】根据您的口味，为您推荐公司附近评分4.8的湘菜馆“传媒路小炒王”，人均约45元。,2025-03-12 11:55:00,大众点评,
Push-593,,系统：存储空间不足提醒,【系统通知】您的手机存储空间已使用超过90%，部分应用运行可能受影响，建议及时清理。,2025-03-12 14:00:00,系统存储管理,
Push-594,6-3,滴答清单：待办事项提醒,【滴答清单】您有一条待办事项：发送客户沟通纪要给黄思琪并设置后续跟进提醒。,2025-03-12 15:35:00,滴答清单,6-c
Push-595,,企业微信：杭州同事孙晓雅来电,【企业微信】您有来自杭州同事孙晓雅的1个未接语音通话，请及时查看并回复。,2025-03-12 16:20:00,企业微信,
Push-596,,网易云音乐：私人FM推荐,【网易云音乐】根据您的收听习惯，为您推荐“钢琴与自然白噪音”歌单，适合通勤放松。,2025-03-12 17:35:00,网易云音乐,
Push-597,,美团外卖：订单确认通知,【美团外卖】您已成功下单西湖建新安置小区湘菜馆，订单号#202503121825，金额68元，预计19:10前送达。,2025-03-12 18:28:00,美团外卖,
Push-598,194-5,高德地图：露营路线规划保存成功,【高德地图】您规划的“长沙至张家界露营自驾路线”已保存至我的收藏，可随时查看和分享。,2025-03-12 20:05:00,高德地图,194-e
Push-599,16-6,微信读书：今日阅读时长报告,【微信读书】您今日阅读《周期》30分钟，连续阅读7天，继续保持哦！,2025-03-12 22:15:00,微信读书,16-f
Push-600,,系统：电量低提醒,【系统通知】当前手机电量已低于20%，请及时充电，避免影响使用。,2025-03-12 22:50:00,系统电池管理,
Push-601,,雪球：早盘行情速递,【雪球】早盘观察：消费板块开盘活跃，多只个股涨幅超3%。您关注的几只股票集合竞价表现平稳。点击查看详情。,2025-03-13 07:15:00,雪球,
Push-602,,支付宝：支付成功提醒,【支付宝】您已成功支付兰州拉面馆订单，金额 38 元。账单已同步至我的账单。,2025-03-13 12:02:00,支付宝,
Push-603,194-6-1,系统：存储空间不足提醒,【系统通知】当前手机存储空间已使用超过 90%，部分功能可能受限，建议及时清理。,2025-03-13 15:20:00,系统存储管理,194-f
Push-604,,美团外卖：支付成功提醒,【美团外卖】您的香煎鸡胸肉健康餐订单#202503131845 支付成功，金额 42 元，预计 18:45 送达。,2025-03-13 18:16:00,美团外卖,
Push-605,194-6-2,京东：商品已发货提醒,【京东】您购买的分体炉头（订单号：JD202503131850）已由京东物流揽收，预计明日 18:00 前送达。,2025-03-13 19:05:00,京东,194-f
Push-606,,Keep：训练完成提醒,【Keep】恭喜您！今日核心力量训练已完成，消耗约 180 千卡。坚持就是胜利，明天继续加油！,2025-03-13 20:11:00,Keep,
Push-607,,淘宝：订单确认提醒,【淘宝】您的草莓盆栽营养液订单#TB202503132140 已确认，商家将在 24 小时内发货。,2025-03-13 21:38:00,淘宝,
Push-608,,小红书：夜景摄影技巧推荐,【小红书】您关注的摄影博主发布了湘江风光带夜景拍摄全攻略，包含机位、参数和后期思路，快来看看吧！,2025-03-13 21:45:00,小红书,
Push-609,,雪球：今日市场早报,【雪球】隔夜美股三大指数涨跌不一，中概股表现活跃。今日关注A股金融、科技板块开盘表现及一季度经济数据预期。点击查看深度解读>>,2025-03-14 07:15:00,雪球,
Push-610,,网易云音乐：每日推荐,【网易云音乐】根据您的收听习惯，今日为您推荐：舒缓钢琴曲精选集，助您开启专注通勤时光。点击立即播放>>,2025-03-14 08:25:00,网易云音乐,
Push-611,6-5,支付宝：咖啡支付成功,【支付宝】您已成功支付圣爵菲斯咖啡厅订单#CS202503141445，金额28元。账单已同步至我的账单。,2025-03-14 14:48:00,支付宝,6-e
Push-612,137-4,滴滴出行：预约用车成功,【滴滴出行】您已成功预约18:15从岳麓区机关金星住宅小区前往杜甫江阁的网约车（舒适型），司机将提前5-10分钟到达，请留意车牌湘A·D5T8X。,2025-03-14 18:05:00,滴滴出行,137-d
Push-613,,系统：存储空间不足,【系统通知】手机存储空间已使用超过90%，部分应用运行可能受影响。建议及时清理照片、视频等文件。,2025-03-14 19:50:00,系统存储管理,
Push-614,47-3-1,大众点评：餐厅预订确认,【大众点评】您预订的武汉【楚韵楼】生日宴包厢（3月15日18:30，8人）已确认成功！预订码：WH20250315CYL。请准时到店，祝用餐愉快！,2025-03-14 20:05:00,大众点评,47-c
Push-615,47-3-1,铁路12306：列车即将发车提醒,【铁路12306】您乘坐的G1114次列车（长沙南-武汉）将于21:30发车，请提前至6A检票口检票进站。祝您旅途愉快！,2025-03-14 21:00:00,铁路12306,47-c
Push-616,,Keep：晨跑打卡提醒,【Keep】晨跑计划提醒：您设定的 周三晨跑 任务待完成。今日天气晴，气温 18℃，空气质量良，适合户外运动。点击开始记录,2025-03-15 06:30:00,Keep,
Push-617,,高德地图：通勤路况提醒,【高德地图】早高峰提醒：您常走的 岳麓区麓山南路→开福区芙蓉中路 路线当前拥堵，预计通行时间 55 分钟，建议提前出发或选择备选路线。,2025-03-15 07:45:00,高德地图,
Push-618,,微信：好友生日提醒,【微信】今天是 彭雨晴 的生日，别忘了送上祝福哦！,2025-03-15 08:00:00,微信,
Push-619,,支付宝：信用卡还款提醒,【支付宝】您尾号 8899 的信用卡本期账单 3567.89 元已自动还款成功，还款账户为您的储蓄卡尾号 1234,2025-03-15 08:30:00,支付宝,
Push-620,,招商银行：理财到期提醒,【招商银行】尊敬的客户，您购买的 招银理财季季开3号 理财产品（产品代码：CMB202412A）将于 2025-03-17 到期，预计到账本金 50000.00 元及收益约 750.00 元。,2025-03-15 09:00:00,招商银行,
Push-621,,钉钉：日程会议提醒,【钉钉】您有日程即将开始：10:00 与客户林总（上海金茂集团）的投资方案线上会议，请提前准备。点击进入会议,2025-03-15 09:30:00,钉钉,
Push-622,,支付宝：转账成功通知,【支付宝】您已成功向 彭雨晴 转账 2000.00 元，备注：生日礼物。点击查看账单详情,2025-03-15 10:05:00,支付宝,
Push-623,,雪球：A股市场异动提醒,【雪球】您关注的 贵州茅台(SH600519) 盘中涨幅超 3%，当前股价 1688.00 元。点击查看实时行情与深度分析,2025-03-15 10:15:00,雪球,
Push-624,,支付宝：外卖支付成功提醒,【支付宝】您已成功支付美团外卖订单#A202503151234，金额 48.5 元，账单已同步至我的账单,2025-03-15 12:03:00,支付宝,
Push-625,,美团外卖：订单备餐提醒,【美团外卖】您的订单#A202503151234 正在备餐中，预计 12:45 送达，骑手已接单（姓名：李师傅，电话：139****5678）,2025-03-15 12:10:00,美团外卖,
Push-626,,BOSS直聘：新职位推荐,【BOSS直聘】根据您的履历，为您推荐 长沙某头部券商投资总监 职位，年薪范围 60-80W，匹配度 92%。点击查看详情,2025-03-15 14:20:00,BOSS直聘,
Push-627,,系统：存储空间不足提醒,【系统通知】手机存储空间已使用超过 90%，建议及时清理照片、视频等文件，释放空间。,2025-03-15 16:20:00,系统存储管理,
Push-628,101-7,Keep：今日跑步数据已生成,【Keep】您今日在岳麓山的晨跑数据已生成，总里程5.2公里，平均配速6分30秒，消耗热量约380大卡。查看详细数据报告，为下一次奔跑做好准备吧！,2025-03-16 08:45:00,Keep,101-g
Push-629,,系统：存储空间不足提醒,【系统通知】您的手机存储空间已使用超过90%，部分应用可能运行缓慢。建议及时清理照片、视频等文件以释放空间。,2025-03-16 09:05:00,系统存储管理,
Push-630,138-1,小宇宙：您订阅的播客已更新,【小宇宙】您订阅的播客《摄影修行笔记》已更新最新一期：夜景拍摄的黄金一小时。点击立即收听，探索城市光影的奥秘。,2025-03-16 10:25:00,小宇宙,138-a
Push-631,,色影无忌：您关注的版块有更新,【色影无忌】您常逛的【城市风光】版块有新的精华帖：湘江两岸夜景机位全攻略（附后期思路）。快来学习交流吧！,2025-03-16 15:20:00,色影无忌,
Push-632,,支付宝：支付成功,【支付宝】您已成功向罗比零食专卖店支付68.50元。付款方式：花呗。点击查看账单详情。,2025-03-16 16:35:00,支付宝,
Push-633,,系统：电量低提醒,【系统通知】当前手机电量已低于20%，建议连接充电器，以保障后续正常使用。,2025-03-16 17:20:00,系统电池管理,
Push-634,,支付宝：晚餐支付成功,【支付宝】您在麓山小院（韶山南路店）的消费298元支付成功。账单已同步，可领取支付宝积分。,2025-03-16 20:03:00,支付宝,
Push-635,138-1,小宇宙：新节目推荐,【小宇宙】根据您的收听历史，为您推荐新节目《街头摄影的瞬间捕捉》。主讲人分享实战技巧与心法，适合通勤路上收听。,2025-03-16 21:15:00,小宇宙,138-a
Push-636,,系统：电量低提醒,【系统通知】当前手机电量已低于 20%，请及时充电，避免影响使用,2025-03-17 06:35:00,系统电池管理,
Push-637,105-1,雪球：热门话题推荐,【雪球】热门讨论：中小盘科技股异动，二季度市场风格切换信号？点击查看机构最新解读,2025-03-17 09:45:00,雪球,105-a
Push-638,,雪球：自选股异动提醒,【雪球】您关注的【腾讯控股】盘中涨幅超过 2%，最新报价 380.5 港元，点击查看详情,2025-03-17 11:05:00,雪球,
Push-639,,小红书：绿植养护技巧,【小红书】草莓盆栽养护小贴士：春季浇水频率与光照管理，助你收获甜美果实,2025-03-17 19:20:00,小红书,
Push-640,,小宇宙：新节目更新提醒,【小宇宙】你订阅的播客【摄影修行笔记】已更新：城市夜景实战指南，教你捕捉光影层次,2025-03-17 20:10:00,小宇宙,
Push-641,,Keep：晨跑记录已生成,【Keep】恭喜完成今日晨跑！本次跑步4.0公里，平均配速6分30秒，消耗热量约320千卡。点击查看详细数据图表。,2025-03-18 08:22:00,Keep,
Push-642,138-2-3,小宇宙：播客更新提醒,【小宇宙】您关注的播客《摄影修行笔记》已更新新一期：城市夜景构图实战技巧。可在通勤路上收听。,2025-03-18 08:25:00,小宇宙,138-b
Push-643,,雪球：A股开盘快讯,【雪球】A股集合竞价结束，上证指数高开0.15%。新能源、半导体板块表现活跃。点击查看实时行情与解读。,2025-03-18 09:25:00,雪球,
Push-644,105-2-1,大众点评：午餐餐厅推荐,【大众点评】根据您的口味偏好，为您推荐老长沙湘菜馆附近评分4.8的剁椒鱼头专门店【渔火人家】，人均消费约85元。,2025-03-18 11:45:00,大众点评,105-b
Push-645,,系统：存储空间不足提醒,【系统通知】您的手机存储空间已使用超过90%，建议清理照片、视频或卸载不常用应用以释放空间。,2025-03-18 15:30:00,系统存储管理,
Push-646,138-2-1,Bilibili：摄影教程更新,【Bilibili】您关注的UP主【Thomas看看世界】发布了新视频：夜景摄影进阶：堆栈降噪全攻略。已加入您的稍后观看列表。,2025-03-18 16:15:00,Bilibili,138-b
Push-647,105-2-3,企业微信：客户报告发送成功,【企业微信】您发送给客户黄思琪的数据分析报告（文件：客户数据分析_20250318.pdf）已成功送达。,2025-03-18 17:02:00,企业微信,105-b
Push-648,101-8-1,高德地图：下班路况提醒,【高德地图】为您规划下班路线：从湖南广电中心至风帆广场，全程约8公里，预计行驶时间20分钟，当前路况畅通。,2025-03-18 17:28:00,高德地图,101-h
Push-649,101-8-1,微信运动：好友点赞提醒,【微信运动】您的好友高云飞赞了您今天的运动步数（当前步数：12580步）。继续保持活力！,2025-03-18 17:55:00,微信,101-h
Push-650,101-8-1,Apple Watch：跑步目标达成,【健身记录】今日跑步圆环已合上！您完成了4公里跑步，消耗了420千卡活动热量。本周目标进度3/5。,2025-03-18 19:03:00,Apple Watch,101-h
Push-651,,下厨房：健康食谱推荐,【下厨房】根据您的浏览记录，为您推荐低脂高蛋白食谱【香煎鸡胸肉配西兰花】，已收藏15万次，准备时间仅需20分钟。,2025-03-18 19:25:00,下厨房,
Push-652,,小红书：摄影机位分享,【小红书】您关注的摄影师【长沙夜景猎人】分享了杜甫江阁绝佳夜景机位与参数设置（光圈f/8，快门15秒，ISO 200）。,2025-03-18 20:15:00,小红书,
Push-653,,网易云阅读：睡前书籍推荐,【网易云阅读】您正在阅读的《周期》更新了书友笔记，关于风险态度周期的讨论热度很高。点击查看精华解读。,2025-03-18 21:20:00,网易云阅读,
Push-654,,雪球：科技股行情速递,【雪球】您关注的科技板块早盘活跃，AI算力、半导体设备领涨。隔夜美股科技股表现分化，建议关注宏观韧性下的结构性机会。,2025-03-19 09:20:00,雪球,
Push-655,208-7-1,Wind：房地产行业数据更新,【Wind】最新商业地产空置率及租金回报率数据已更新，可为您正在起草的客户报告提供数据支持。,2025-03-19 11:05:00,Wind,208-g
Push-656,205-1,大众点评：湘菜馆推荐,【大众点评】根据您的口味偏好，为您推荐金鹰路附近评分4.8以上的湘菜馆，部分支持在线取号，避免等位。,2025-03-19 12:05:00,大众点评,205-a
Push-657,208-7-2,支付宝：咖啡支付成功,【支付宝】您已成功支付圣爵菲斯咖啡厅订单#CS202503191545，金额28元，账单已同步至我的账单。,2025-03-19 15:46:00,支付宝,208-g
Push-658,,小宇宙：新播客更新,【小宇宙】您订阅的播客《宏观视角》已更新最新一期：财政政策如何影响科技投资估值？,2025-03-19 17:35:00,小宇宙,
Push-659,205-1,丁香医生：父母体检指南,【丁香医生】为父母挑选体检套餐？这份包含肿瘤筛查、心脑血管评估的指南，助您做出更合适的选择。,2025-03-19 20:25:00,丁香医生,205-a
Push-660,,小红书：夜景摄影技巧,【小红书】您关注的摄影博主更新了城市夜景人像拍摄全攻略，包含慢门、补光等实用技巧，快来学习吧！,2025-03-19 21:05:00,小红书,
Push-661,,Keep：晨跑数据同步提醒,【Keep】您的晨跑数据已同步完成！今日在岳麓山完成恢复性训练4.0公里，平均配速6分15秒，消耗热量约320大卡。点击查看详细报告。,2025-03-20 08:35:00,Keep,
Push-662,7-1,雪球：隔夜美股科技板块动态,【雪球】隔夜美股科技股涨跌不一，英伟达财报前瞻引关注。半导体设备板块受政策预期提振，相关中概股表现活跃。点击查看详细解读。,2025-03-20 09:05:00,雪球,7-c
Push-663,7-8-2,钉钉：会议纪要已发送提醒,【钉钉】您发送的会议纪要【虚拟小组首次会议】已成功送达郑文博、孙晓雅等人。包含3项行动项，请相关成员及时跟进。,2025-03-20 10:55:00,钉钉,7-l
Push-664,,支付宝：午餐支付成功提醒,【支付宝】您已成功支付兰州拉面馆订单#LS202503200012，金额38元。支付方式：花呗。账单已同步至我的账单。,2025-03-20 12:03:00,支付宝,
Push-665,,大众点评：酸菜牛肉拉面评价邀请,【大众点评】您刚在兰州拉面馆（金鹰路店）消费了酸菜牛肉拉面，快来分享您的用餐体验，帮助更多食友做决定吧！,2025-03-20 13:05:00,大众点评,
Push-666,205-2,协和医院APP：体检预约成功通知,【协和医院APP】您已成功为家人预约4月12日（周六）上午体检套餐（尊享版），预约码：XH202503201340。请携带身份证按时到院。,2025-03-20 13:45:00,协和医院APP,205-b
Push-667,7-1,腾讯会议：与孙晓雅的会议即将开始,【腾讯会议】您与孙晓雅的会议【客户反馈同步】将于14:30开始，点击即可加入会议。会议号：884 556 332。,2025-03-20 14:25:00,腾讯会议,7-c
Push-668,7-1,同花顺：A股半导体设备板块异动,【同花顺】半导体设备板块午后拉升，北方华创涨超5%。消息面，产业扶持政策预期升温。您关注的标的已加入自选。,2025-03-20 15:45:00,同花顺,7-c
Push-669,,微信支付：轻食晚餐支付成功,【微信支付】支付成功！向你好适绿美式铁板轻食（运达汇店）支付56元。备注：香煎鸡胸肉牛油果能量碗。,2025-03-20 18:52:00,微信,
Push-670,16-6,网易云课堂：CFA备考学习提醒,【网易云课堂】您订阅的CFA三级【固定收益分析】模块有新的习题精讲已更新，今日学习任务待完成，巩固利率期限结构模型应用。,2025-03-20 20:15:00,网易云课堂,16-f
Push-671,,系统：存储空间不足提醒,【系统通知】手机存储空间已不足10%，主要被照片和视频占用。建议及时清理或备份，以保证手机流畅运行。,2025-03-20 21:10:00,系统存储管理,
Push-672,,雪球：A股开盘行情速递,【雪球】A股三大指数开盘涨跌不一，上证指数微涨0.1%，深成指平开。您关注的科技板块表现活跃，半导体ETF（512480）上涨1.5%。,2025-03-21 09:01:00,雪球,
Push-673,7-2,Keep：午间健身提醒,【Keep】午间是进行HIIT训练的好时机！高效燃脂，提升心肺功能。为您推荐一组15分钟高强度间歇跑课程，点击立即开始。,2025-03-21 12:15:00,Keep,7-e
Push-674,102-6,Keep：跑步训练完成,【Keep】恭喜您完成高强度间歇跑训练！本次训练时长50分钟，消耗约580大卡，配速稳定。已为您同步至公司跑步挑战赛里程。,2025-03-21 13:31:00,Keep,102-f
Push-675,206-2,大众点评：好友聚餐餐厅推荐,【大众点评】发现您常去的日式拉面馆附近新开了一家评分4.8的居酒屋【深夜食堂】，主打烧鸟和清酒，适合好友小聚。,2025-03-21 17:30:00,大众点评,206-a
Push-676,205-3,高德地图：下班路况提醒,【高德地图】当前芙蓉中路至岳麓大道车流量较大，预计拥堵10分钟。为您推荐绕行方案：经三一大道，预计节省5分钟。,2025-03-21 18:05:00,高德地图,205-c
Push-677,206-2,支付宝：一風堂拉面支付成功,【支付宝】您已成功支付一風堂（乐和城店）订单#202503211950，金额128元。支付方式：花呗。,2025-03-21 19:52:00,支付宝,206-a
Push-678,,系统：存储空间不足提醒,【系统通知】您的手机存储空间已使用超过90%，部分应用运行可能受影响。建议及时清理照片、视频或卸载不常用应用。,2025-03-21 22:15:00,系统存储管理,
Push-679,,网易云音乐：每日推荐歌单,【网易云音乐】今日为您推荐【晨间唤醒】歌单，包含《Sunrise》等5首新歌，开启活力一天。,2025-03-22 07:35:00,网易云音乐,
Push-680,,雪球：周末全球市场要闻,【雪球】周末全球市场速览：美股三大指数涨跌不一，美联储官员释放鹰派信号，原油价格小幅回落。点击查看详情>>,2025-03-22 08:05:00,雪球,
Push-681,122-2-1,微信：郑文博发来新消息,【微信】郑文博：浩然，我快到了，广场见！,2025-03-22 08:50:00,微信,122-b
Push-682,122-2-1,高德地图：行程结束提醒,【高德地图】您从湖南广电中心到宁乡金太阳温泉度假村的行程已结束，全程约85公里，用时1小时25分钟。,2025-03-22 11:02:00,高德地图,122-b
Push-683,,系统：存储空间不足提醒,【系统通知】手机存储空间已使用超过90%，建议及时清理照片、视频或卸载不常用应用。,2025-03-22 11:15:00,系统存储管理,
Push-684,,大众点评：宁乡美食推荐,【大众点评】宁乡灰汤镇地道美食推荐：宁乡口味蛇、灰汤贡鸭等特色菜，点击查看附近高分餐厅。,2025-03-22 11:35:00,大众点评,
Push-685,,小红书：温泉摄影构图技巧,【小红书】温泉夜景怎么拍？3个构图技巧让照片氛围感拉满，点击学习>>,2025-03-22 17:10:00,小红书,
Push-686,122-2-3,美团：烧烤食材选购指南,【美团】户外烧烤食材清单与选购技巧：如何挑选新鲜肉串和蔬菜？点击查看攻略>>,2025-03-22 18:20:00,美团,122-b
Push-687,,印象笔记：今日回顾模板推荐,【印象笔记】高效人士的每日回顾模板已更新，助您梳理团队协作与个人洞察，点击使用>>,2025-03-22 22:05:00,印象笔记,
Push-688,,墨迹天气：长沙宁乡今日天气提醒,【墨迹天气】宁乡市今日（3月23日）天气晴，气温15-22℃，微风，空气质量良。晨间体感舒适，适宜户外活动。,2025-03-23 07:00:00,墨迹天气,
Push-689,122-3-1,Keep：今日挑战提醒,【Keep】今日挑战任务已更新：户外拓展训练。突破自我，挑战高空断桥，记录你的勇气时刻！,2025-03-23 08:45:00,Keep,122-c
Push-690,,大众点评：宁乡特色美食推荐,【大众点评】宁乡花猪肉、贡鸭等特色菜馆推荐给您，距离您1公里内的【金太阳度假村中餐厅】评分4.8分，快来品尝吧！,2025-03-23 11:30:00,大众点评,
Push-691,122-3-2,小红书：温泉拍照技巧与放松指南,【小红书】温泉季必看！如何在温泉池拍出氛围感大片？灵芝池、茶汤池的放松功效与拍照点位全攻略。,2025-03-23 13:00:00,小红书,122-c
Push-692,,Snapseed：新滤镜上线，优化您的园林摄影,【Snapseed】新上架【古典园林】系列滤镜，专为优化建筑与植物细节设计，助您拍出更具质感的静物作品。,2025-03-23 16:10:00,Snapseed,
Push-693,122-3-3,印象笔记：灵感速记,【印象笔记】灵感稍纵即逝！您在返程大巴上的团建感悟，现在记录最清晰。点击快速创建笔记。,2025-03-23 17:30:00,印象笔记,122-c
Push-694,,高德地图：回家路况提醒,【高德地图】为您规划从骏豪花园至金星住宅小区的路线，当前路况畅通，预计行驶时间40分钟。,2025-03-23 18:35:00,高德地图,
Push-695,,系统：存储空间不足提醒,【系统通知】您的手机存储空间已使用超过90%，部分功能可能受限。建议及时清理照片、视频或卸载不常用应用。,2025-03-23 20:05:00,系统存储管理,
Push-696,,微信：母亲发来视频通话邀请,【微信】“妈妈”邀请您进行视频通话，点击接听。,2025-03-23 21:15:00,微信,
Push-697,,小睡眠：助眠白噪音与睡前故事,【小睡眠】疲惫一天后，让【溪流细雨】白噪音伴您入眠。今日推荐睡前读物《高效能人士的七个习惯》音频版。,2025-03-23 21:50:00,小睡眠,
Push-698,205-4-1,雪球：今日市场早报,【雪球】早盘前瞻：隔夜美股科技股震荡，A股AI应用端或迎结构性机会。您关注的半导体ETF（512480）昨日净流入1.2亿。点击查看详情>>,2025-03-24 07:50:00,雪球,205-d
Push-699,208-10,支付宝：咖啡支付成功提醒,【支付宝】您已成功支付圣爵菲斯咖啡订单#CS202503241030，金额28元，账单已同步至我的账单,2025-03-24 10:32:00,支付宝,208-j
Push-700,205-4-2,武汉协和医院：体检预约成功通知,【武汉协和医院】您已成功预约4月12日08:30-10:30的全面体检套餐（2人），预约码WHXH202503241047，请携带身份证准时到体检中心前台报到。,2025-03-24 10:48:00,武汉协和医院,205-d
Push-701,,微信读书：您关注的《原则》更新了笔记,【微信读书】您正在阅读的《原则》有3条热门笔记更新，点击查看其他读者的深度解读。,2025-03-24 11:30:00,微信读书,
Push-702,7-3,企业微信：团队会议即将开始,【企业微信】提醒：您参与的“科技数据收集项目讨论会”将于15:00开始，会议链接已就绪，请准时参加。,2025-03-24 14:30:00,企业微信,7-f
Push-703,,Keep：您的肩颈放松课程已准备好,【Keep】检测到您久坐时长超标，为您推荐10分钟办公室肩颈放松课程，即刻起身活动一下吧！,2025-03-24 16:15:00,Keep,
Push-704,,微信支付：晚餐支付成功提醒,【微信支付】支付成功。您向你好适绿轻食店支付85元。订单号：100202503241726。,2025-03-24 17:27:00,微信,
Push-705,,系统：存储空间不足提醒,【系统通知】手机存储空间已不足10%，建议清理照片、视频或卸载不常用应用以释放空间。,2025-03-24 18:40:00,系统存储管理,
Push-706,219-1,雪球：隔夜美股及亚太市场早盘动态,【雪球】隔夜美股三大指数涨跌不一，科技股财报受关注。亚太市场早盘普遍高开，日经225指数上涨0.8%。点击查看详细解读及对A股影响分析。,2025-03-25 08:05:00,雪球,219-a
Push-707,212-1,得到：投资总监晋升述职报告撰写技巧,【得到】如何撰写一份让管理层眼前一亮的述职报告？资深HR分享结构化表达、关键业绩量化、未来规划三大核心模块的撰写技巧，助你顺利晋升。,2025-03-25 10:30:00,得到,212-a
Push-708,,美团：订单确认提醒,【美团】您预订的金鹰路兰州拉面馆招牌牛肉拉面已确认，订单号#20250325120001，请于12:00后到店取餐。,2025-03-25 11:55:00,美团,
Push-709,,支付宝：咖啡豆支付成功提醒,【支付宝】您已成功支付一丹咖啡厅订单#CD202503251300，金额128元，购买哥伦比亚蕙兰咖啡豆250g。账单已同步至我的账单。,2025-03-25 13:02:00,支付宝,
Push-710,,Keep：下班后高效健身计划推荐,【Keep】检测到您近期有规律运动记录。为您推荐一套20分钟办公室肩颈放松+核心激活训练，利用碎片时间缓解久坐疲劳。,2025-03-25 17:30:00,Keep,
Push-711,,麦当劳：轻食沙拉预定成功通知,【麦当劳】您的轻食沙拉（凯撒鸡肉沙拉）预定成功！预定码#MCD123456，请于18:10后至长沙银双路餐厅取餐。,2025-03-25 17:55:00,麦当劳,
Push-712,,系统：存储空间不足提醒,【系统通知】当前手机存储空间已使用超过90%，部分应用运行可能变慢。建议及时清理照片、视频或卸载不常用应用。,2025-03-25 21:15:00,系统存储管理,
Push-713,,支付宝：午餐支付成功提醒,【支付宝】您已成功向沙拉拉轻食(长沙开福寺店)支付 68.50 元，账单已同步至我的账单,2025-03-26 12:05:00,支付宝,
Push-714,,系统：存储空间不足提醒,【系统通知】当前手机存储空间已使用超过 90%，建议及时清理，释放更多空间,2025-03-26 13:15:00,系统存储管理,
Push-715,,雪球：市场异动提醒,【雪球】您关注的沪深300指数出现快速拉升，涨幅1.2%，建议关注金融板块相关个股,2025-03-26 14:30:00,雪球,
Push-716,,支付宝：咖啡支付成功提醒,【支付宝】您已成功向圣爵菲斯咖啡厅支付 32.00 元，账单已同步至我的账单,2025-03-26 15:53:00,支付宝,
Push-717,,华泰证券涨乐财富通：投资组合建议,【华泰证券涨乐财富通】根据当前市场波动，为您生成一份稳健型投资组合优化建议，请及时查看,2025-03-26 15:55:00,华泰证券涨乐财富通,
Push-718,,支付宝：晚餐支付成功提醒,【支付宝】您已成功向麦当劳(长沙银双路餐厅)支付 45.80 元，账单已同步至我的账单,2025-03-26 19:35:00,支付宝,
Push-719,,Keep：晨跑运动记录,【Keep】恭喜你完成今日晨跑！本次跑步距离4.0公里，平均配速6分30秒，消耗热量约320大卡。坚持运动，遇见更好的自己！,2025-03-27 07:05:00,Keep,
Push-720,,系统：存储空间提醒,【系统通知】您的手机存储空间已使用超过90%，建议及时清理照片、视频或卸载不常用应用以释放空间。,2025-03-27 07:50:00,系统存储管理,
Push-721,,雪球：自动驾驶板块早盘观察,【雪球】早盘观察：自动驾驶产业链受政策利好提振，激光雷达、高精地图相关个股活跃。您关注的【德赛西威】、【中科创达】开盘涨幅超3%。,2025-03-27 08:45:00,雪球,
Push-722,203-1,大众点评：普拉提工作室上新,【大众点评】您关注的【核心律动普拉提工作室】新上肩颈康复小班课，体验价仅需99元。已有23人预约，点击查看课程详情与评价。,2025-03-27 12:45:00,大众点评,203-a
Push-723,,系统：应用更新提醒,【系统通知】检测到【Wind金融终端】、【企业微信】等5个应用有可用更新，建议在Wi-Fi环境下更新以获得更好体验。,2025-03-27 13:15:00,系统应用商店,
Push-724,,支付宝：晚餐支付成功,【支付宝】您已成功支付老味湘餐馆订单#202503271915，金额286元。账单已同步至我的账单。,2025-03-27 20:05:00,支付宝,
Push-725,,滴滴出行：代驾服务推荐,【滴滴出行】检测到您当前位于餐饮区，如需代驾服务，可领取15元夜间代驾券，有效期至今晚24点。安全出行，平安回家。,2025-03-27 20:25:00,滴滴出行,
Push-726,,Keep：晨跑数据同步提醒,【Keep】您于06:30-07:40在岳麓山环桃子湖步道的5公里晨跑数据已同步，配速6‘30”，消耗约420卡路里。查看详细报告，为健康加油！,2025-03-28 07:42:00,Keep,
Push-727,,雪球：早盘行情速递,【雪球】早盘观察：A股三大指数小幅高开，光伏、半导体板块领涨。您关注的【隆基绿能】涨2.3%，【中芯国际】涨1.8%。点击查看最新研报解读。,2025-03-28 08:05:00,雪球,
Push-728,102-8,悦跑圈：挑战赛完成通知,【悦跑圈】恭喜您！您已成功完成【春日焕新100公里挑战赛】，获得电子证书及限量版虚拟奖章。点击领取荣誉，分享给跑友吧！,2025-03-28 10:32:00,悦跑圈,102-h
Push-729,212-2,脉脉：职场晋升经验分享,【脉脉】恭喜您完成晋升述职！投资总监晋升之路有哪些关键点？查看10位资深总监的独家经验分享，助您规划下一步职业发展。,2025-03-28 10:35:00,脉脉,212-b
Push-730,200-1,支付宝：午餐支付成功,【支付宝】您已成功支付沙拉拉轻食订单#SL202503281201，金额68元。支付方式：花呗。账单已同步至我的账单。,2025-03-28 12:02:00,支付宝,200-a
Push-731,203-2,铁路12306：车票预订成功,【铁路12306】您已成功预订4月4日 G1002次 长沙南-武汉 08:30开，二等座，座位号08车12F号。订单号E2025032813154567，票价164.5元。,2025-03-28 13:16:00,铁路12306,203-b
Push-732,203-2,ClassPass：课程预约提醒,【ClassPass】您的普拉提体验课预约成功！时间：3月29日（周六）14:00，地点：长沙核心普拉提工作室（开福区）。请提前10分钟到场。预约码：CP20250328。,2025-03-28 13:18:00,ClassPass,203-b
Push-733,,大众点评：咖啡新品推荐,【大众点评】您常去的圣爵菲斯咖啡厅上新【云南普洱手冲】和【桂花拿铁】。多位咖啡达人已打卡，评分4.8。查看详情并领取5元优惠券。,2025-03-28 15:25:00,大众点评,
Push-734,,微信读书：达芬奇传阅读提醒,【微信读书】您在读的《列奥纳多达芬奇传》已更新批注和思维导图。今日推荐阅读章节：第七章【最后的晚餐】。坚持阅读，本周已累计阅读2小时。,2025-03-28 20:15:00,微信读书,
Push-735,100-9-1,Keep：晨跑计划提醒,【Keep】您与跑友高云飞约定的晨跑计划即将开始，今日目标5公里，记得做好热身哦！,2025-03-29 08:55:00,Keep,100-i
Push-736,100-9-1,悦跑圈：跑步记录已生成,【悦跑圈】您于09:30在湘江风光带完成的5.2公里恢复跑已记录，配速6‘30“，消耗约420大卡。,2025-03-29 11:05:00,悦跑圈,100-i
Push-737,203-3-1,大众点评：普拉提课程预约成功,【大众点评】您已成功预约Core Flow普拉提工作室今日13:30的体验课，预约码CF2025032901，请提前10分钟到店。,2025-03-29 12:05:00,大众点评,203-c
Push-738,,系统：存储空间不足提醒,【系统通知】手机存储空间已使用超过90%，建议及时清理照片、视频或卸载不常用应用以释放空间。,2025-03-29 13:15:00,系统存储管理,
Push-739,8-1-1,大众点评：咖啡馆预定成功,【大众点评】您已成功预定一丹咖啡厅今日18:00的4人位，预定码YD2025032901，保留15分钟。,2025-03-29 15:30:00,大众点评,8-a
Push-740,8-1-1,小红书：春日街拍灵感推荐,【小红书】潮宗街春日光影正当时！为你推荐#老街新拍#话题下的热门机位和调色教程，快去捕捉属于你的春日大片吧。,2025-03-29 15:50:00,小红书,8-a
Push-741,8-1-4,微信：视频通话提醒,【微信】您与罗振宇的视频通话预约（21:50）即将开始，点击即可快速发起通话。,2025-03-29 21:45:00,微信,8-a
Push-742,200-2,雪球：三月市场月报已生成,【雪球】您关注的A股三月月报已出炉，沪深300指数月度回顾及机构观点速览，点击查看详情。,2025-03-29 22:55:00,雪球,200-b
Push-743,,微信读书：个性化推荐,【微信读书】根据您的阅读偏好，为您推荐《周期、价值与人性》的关联读物《投资最重要的事》，点击查看详情。,2025-03-30 09:35:00,微信读书,
Push-744,102-10,支付宝：支付成功提醒,【支付宝】您已成功支付银双路湘菜馆订单#20250330001，金额 128 元，账单已同步至我的账单。,2025-03-30 12:58:00,支付宝,102-j
Push-745,200-3-1,华泰证券涨乐财富通：交易成功通知,【华泰证券涨乐财富通】您的委托已成交，卖出科技股（代码：300XXX）500股，成交金额 12500 元，资金已划入账户。,2025-03-30 16:05:00,华泰证券涨乐财富通,200-c
Push-746,200-3-1,支付宝：定投设置成功提醒,【支付宝】您已成功设置沪深300指数基金（代码：510300）的下一期定投，定投金额 3000 元，扣款日期为 2025-04-05。,2025-03-30 16:12:00,支付宝,200-c
Push-747,,Adobe Lightroom：照片导入完成,【Adobe Lightroom】已成功导入 45 张照片至“20250329-潮宗街春日”文件夹，其中 20 张已标记，开始您的编辑之旅吧。,2025-03-30 18:35:00,Adobe Lightroom,
Push-748,,系统：存储空间不足提醒,【系统通知】当前手机存储空间已使用超过 90%，建议清理照片、视频或应用缓存以释放空间。,2025-03-30 19:05:00,系统存储管理,
Push-749,,Keep：瑜伽课程推荐,【Keep】检测到您近期关注肩颈放松，为您推荐“15分钟办公室肩颈瑜伽”课程，现在开始放松一下吧。,2025-03-30 20:05:00,Keep,
Push-750,,微信读书：阅读进度同步,【微信读书】您正在阅读的《周期、价值与人性》已为您同步至第8章，上次阅读至 21:15，点击继续阅读。,2025-03-30 20:50:00,微信读书,
Push-751,,Keep：三月跑步数据简报,【Keep】三月收官晨跑完成！本月累计跑步100.2公里，总时长12小时15分，成功完成春日焕新挑战。查看详细数据报告，回顾你的汗水与坚持。,2025-03-31 07:42:00,Keep,
Push-752,,雪球：隔夜美股及亚太早盘速览,【雪球】隔夜美股三大指数涨跌不一，纳指微涨0.3%。亚太市场早盘，日经225指数高开。关注今日中国3月官方制造业PMI数据发布。,2025-03-31 07:55:00,雪球,
Push-753,,小宇宙：财经播客更新提醒,【小宇宙】你关注的播客《宏观三人行》已更新：三月全球金融市场大事深度复盘，涵盖美联储政策转向、日本央行动向及地缘政治对资产价格的影响。,2025-03-31 08:25:00,小宇宙,
Push-754,,企业微信：晨会日程提醒,【企业微信】今日部门晨会将于09:15开始，地点：华泰证券3号会议室。请提前准备市场关注点与客户动态同步材料。,2025-03-31 08:55:00,企业微信,
Push-755,8-2,Keep：挑战完成成就通知,【Keep】恭喜你！春日焕新100公里跑步挑战已成功完成！电子证书与限定虚拟勋章已发放至你的账户，快去查看并分享给好友吧！,2025-03-31 09:35:00,Keep,8-b
Push-756,,系统：存储空间不足提醒,【系统通知】当前设备存储空间已使用超过90%，部分应用运行可能受影响。建议及时清理照片、视频或卸载不常用应用以释放空间。,2025-03-31 11:30:00,系统存储管理,
Push-757,199-3,大众点评：湘菜馆优惠推荐,【大众点评】老长沙湘菜馆（金鹰路店）午市套餐上新！双人经典湘菜组合仅需128元，包含小炒黄牛肉、剁椒鱼头等招牌菜。点击领取优惠。,2025-03-31 11:45:00,大众点评,199-c
Push-758,,滴答清单：明日待办事项提醒,【滴答清单】你设置的明日待办事项已生成：1. 内部研讨会演示（10:00）；2. 与客户黄思琪视频会议（14:30）；3. 提交月度工作报告。,2025-03-31 17:20:00,滴答清单,
Push-759,,下厨房：健康晚餐灵感,【下厨房】低卡高蛋白晚餐灵感：香煎鸡胸肉配烤蔬菜沙拉，15分钟搞定！附详细食谱和营养分析，助力你的健康饮食计划。,2025-03-31 18:05:00,下厨房,
Push-760,,支付宝：生鲜超市支付成功,【支付宝】支付成功！你在顺君生鲜超市（教师村店）消费38.6元。付款方式：花呗。订单号：202503311938450123。,2025-03-31 19:39:00,支付宝,
Push-761,,美团买菜：食材推荐,【美团买菜】你常买的蓝莓、圣女果正在特价！智利蓝莓125g装仅售9.9元，千禧圣女果500g装售价6.8元，明日送达。点击立即选购。,2025-03-31 19:50:00,美团买菜,
Push-762,58-1,坐标咖啡：周末品鉴会提醒,【坐标咖啡】尊敬的熟客，您已成功预约本周六（4月5日）下午14:30在一丹咖啡厅举办的精品豆品鉴会。届时将分享三款稀有瑰夏，期待您的光临。,2025-04-01 12:45:00,坐标咖啡,58-a
Push-763,,网易云音乐：午休音乐推荐,【网易云音乐】根据您的收听习惯，为您推荐这张适合午休小憩的【午后纯音乐】歌单，助您快速恢复精力。,2025-04-01 13:15:00,网易云音乐,
Push-764,,系统：存储空间不足提醒,【系统通知】您的手机存储空间已使用超过90%，部分功能可能受限。建议及时清理照片、视频或卸载不常用应用。,2025-04-01 15:20:00,系统存储管理,
Push-765,,支付宝：咖啡支付成功提醒,【支付宝】您已成功支付圣爵菲斯咖啡厅订单#CF202504011650，金额28元，账单已同步至我的账单。,2025-04-01 16:53:00,支付宝,
Push-766,,大众点评：普拉提课程预定成功,【大众点评】您已成功预定Core Flow普拉提工作室今晚18:15的课程，预定码PLT042，请提前10分钟到场准备。,2025-04-01 17:32:00,大众点评,
Push-767,,QQ音乐：驾车音乐推荐,【QQ音乐】为您推荐【通勤财经播客精选】，包含一季度科技股估值复盘等热门内容，伴您轻松返程。,2025-04-01 19:20:00,QQ音乐,
Push-768,,下厨房：健身餐食谱推荐,【下厨房】正在准备晚餐？为您推荐高蛋白健身餐【香煎鸡胸肉配西兰花糙米饭】，简单快手，营养均衡。,2025-04-01 19:55:00,下厨房,
Push-769,16-6,得到：睡前知识推荐,【得到】睡前充电时间到！为您推荐专栏《CFA冲刺核心考点精讲》，利用碎片时间巩固金融知识，助力职业晋升。,2025-04-01 22:35:00,得到,16-f
Push-770,,美团外卖：预定成功通知,【美团外卖】您已成功预定日式定食外卖，订单号#202504021234，预计送达时间18:45-19:00，请留意骑手电话。,2025-04-02 07:53:00,美团外卖,
Push-771,219-5-2,雪球：二季度科技板块投资策略,【雪球】二季度科技自主可控主线投资机会深度解析已发布，涵盖半导体、AI算力等细分领域，点击查看机构最新观点。,2025-04-02 13:05:00,雪球,219-e
Push-772,,美团外卖：订单送达提醒,【美团外卖】您的外卖订单#202504021234已送达，日式定食套餐已放在门口，请及时取餐。祝您用餐愉快！,2025-04-02 18:47:00,美团外卖,
Push-773,209-2-2,支付宝：基金定投支付成功,【支付宝】您已成功支付沪深300指数基金定投，金额1150元。交易单号：202504022145673289。,2025-04-02 20:05:00,支付宝,209-b
Push-774,209-2-2,华泰证券：基金申购确认,【华泰证券】您申购的新能源ETF（代码：515030）已确认成功，成交份额5000份，成交金额50000元。,2025-04-02 20:10:00,华泰证券,209-b
Push-775,16-6,知乎：CFA衍生品备考干货,【知乎】您关注的CFA话题有更新：期权策略盈亏图详解与实战例题，助您攻克二级衍生品难点。,2025-04-02 21:20:00,知乎,16-f
Push-776,,系统：存储空间不足,【系统通知】手机存储空间已使用超过90%，建议及时清理照片、视频和应用缓存，以保证系统流畅运行。,2025-04-02 22:30:00,系统存储管理,
Push-777,,雪球：早盘市场动态,【雪球】早盘观察：A股三大指数小幅高开，人工智能板块表现活跃。您关注的量化投资相关ETF（代码：515050）当前涨幅+1.2%。,2025-04-03 08:10:00,雪球,
Push-778,16-6,得到：财经音频更新,【得到】您订阅的《张潇雨·个人投资课》已更新第15讲：如何构建你的第一个投资组合。休息时间，不妨听一听。,2025-04-03 10:35:00,得到,16-f
Push-779,210-2-1,航旅纵横：行程提醒,【航旅纵横】您有新的行程待确认：G1102次列车，长沙南→武汉，今日14:40发车。请提前规划前往车站时间。,2025-04-03 12:55:00,航旅纵横,210-b
Push-780,210-2-1,12306：检票口信息,【铁路12306】温馨提示：您购买的G1102次列车（长沙南-武汉）检票口为A12，预计14:25开始检票，请提前准备。,2025-04-03 13:50:00,铁路12306,210-b
Push-781,210-2-1,微信读书：阅读进度同步,【微信读书】检测到您正在旅途中。上次阅读的《原则》已为您自动同步至第85页，点击继续阅读。,2025-04-03 15:30:00,微信读书,210-b
Push-782,210-2-1,高德地图：到站提醒,【高德地图】您关注的G1102次列车即将抵达终点站武汉站，预计16:50到达。请提前收拾行李，准备下车。,2025-04-03 16:35:00,高德地图,210-b
Push-783,210-2-1,美团：糕点订单送达,【美团】您为家人预订的【长沙特产】吴酥生宫廷糕点礼盒（订单号#MH202504030012）已由骑手张师傅（电话138****5678）送达指定地址，请提醒家人查收。,2025-04-03 17:50:00,美团,210-b
Push-784,,系统：存储空间不足,【系统通知】您的手机存储空间已不足10%，部分应用运行可能受影响。建议及时清理照片、视频或卸载不常用应用。,2025-04-03 21:40:00,系统存储管理,
Push-785,,雪球：早盘行情速递,【雪球】早盘观察：A股三大指数小幅高开，金融板块表现活跃。您关注的华泰证券（601688）现报15.23元，+1.12%。点击查看深度分析>>,2025-04-04 07:35:00,雪球,
Push-786,210-2-2,美团：鲜花预定成功通知,【美团】您已成功预定馨香花坊的鲜花花束，预定码：XH20250404001，取货时间：今日08:15前，地址：江岸区解放大道368号小区门口。,2025-04-04 08:05:00,美团,210-b
Push-787,210-2-3,下厨房：湘菜食谱推荐,【下厨房】根据您的口味，为您推荐【排骨藕汤】的家常做法，秘诀在于选用洪湖粉藕，小火慢炖2小时，汤鲜味美。查看详细步骤>>,2025-04-04 11:20:00,下厨房,210-b
Push-788,,支付宝：共享单车支付成功提醒,【支付宝】您已成功支付哈啰单车骑行订单#HL202504041401，金额2.5元，骑行时长45分钟。账单已同步至我的账单。,2025-04-04 16:31:00,支付宝,
Push-789,,Keep：骑行运动记录已生成,【Keep】您在东湖绿道的骑行运动已记录，时长45分钟，消耗约320千卡。坚持户外运动，有效管理体重！查看完整报告>>,2025-04-04 16:35:00,Keep,
Push-790,,铁路12306：车票预定成功通知,【铁路12306】订单E202504042130，您已成功预定4月5日 G1031次（武汉→长沙南） 08:35开，02车08F号，票价164.5元。请提前至车站取票/刷证进站。,2025-04-04 20:45:00,铁路12306,
Push-791,,系统：存储空间不足提醒,【系统通知】您的手机存储空间已低于10%，可能导致应用运行缓慢。建议及时清理照片、视频或卸载不常用应用。,2025-04-04 21:15:00,系统存储管理,
Push-792,210-3-1,雪球：今日市场热点与板块轮动提醒,【雪球】早盘观察：绿色金融、新能源板块受政策预期提振，关注相关ETF及龙头股表现。您关注的半导体板块估值回调，或现布局机会。,2025-04-05 07:45:00,雪球,210-c
Push-793,,支付宝：超市支付成功提醒,【支付宝】您已成功支付罗比零食专卖店订单，金额 86.50 元。支付方式：花呗。账单已同步至我的账单。,2025-04-05 16:35:00,支付宝,
Push-794,,系统：存储空间不足提醒,【系统通知】手机存储空间已使用超过90%，建议及时清理照片、视频或卸载不常用应用，以确保系统流畅运行。,2025-04-05 18:05:00,系统存储管理,
Push-795,,Keep：明日晨跑计划提醒,【Keep】您的明日晨跑计划（麓山南路，5公里）已就绪。建议起床后先补充水分，气温适宜。点击查看路线详情。,2025-04-05 19:15:00,Keep,
Push-796,,得到：睡前知识锦囊,【得到】睡前听书推荐：《行为经济学讲义》。用15分钟了解非理性决策背后的逻辑，助您明日投资分析更敏锐。,2025-04-05 19:30:00,得到,
Push-797,,系统：电量低提醒,【系统通知】当前手机电量已低于 20%，请及时充电，避免影响使用,2025-04-06 08:18:00,系统电池管理,
Push-798,,Keep：今日跑步计划推荐,【Keep】根据您的运动习惯，为您推荐今日晨跑计划：5公里恢复跑，预计用时30分钟，点击开始训练,2025-04-06 08:20:00,Keep,
Push-799,,华为运动健康：晨跑数据同步完成,【华为运动健康】您于08:30-09:20的户外跑步已完成记录，距离4.2公里，平均配速6分30秒，消耗热量约320千卡,2025-04-06 09:22:00,华为运动健康,
Push-800,89-2-1,平安好车主：车险投保成功通知,【平安好车主】您的车辆（湘A·12345）商业险已投保成功，保单号 PC2025040600123456，保障期自2025-04-07至2026-04-06，电子保单已发送至您的邮箱,2025-04-06 10:05:00,平安好车主,89-b
Push-801,211-3,CFA Institute：学习资源更新提醒,【CFA Institute】冲刺阶段学习资料包已更新，包含最新Mock Exam和重点难点解析，助您高效备考,2025-04-06 11:00:00,CFA Institute,211-a
Push-802,58-3-1,一丹咖啡：品鉴会预定成功通知,【一丹咖啡】您已成功预定4月6日13:40精品咖啡豆品鉴会，预定码 YD20250406001，请提前10分钟到场签到,2025-04-06 12:50:00,一丹咖啡,58-c
Push-803,,高德地图：目的地天气提醒,【高德地图】您即将前往潮宗街，当前天气晴，气温18℃，紫外线中等，适宜户外街拍,2025-04-06 16:55:00,高德地图,
Push-804,211-5,雪球：今日财经要闻速递,【雪球】周末财经要闻：央行发布一季度金融数据，A股休市，美股三大指数涨跌不一。点击查看详情,2025-04-06 19:30:00,雪球,211-a
Push-805,,系统：存储空间不足提醒,【系统通知】您的手机存储空间已使用超过90%，建议清理照片、视频或卸载不常用应用以释放空间,2025-04-06 21:15:00,系统存储管理,
Push-806,,Outlook：明日日程预览,【Outlook】您明日（4月7日）上午9:30有团队周会，地点：华泰证券开福区分公司3楼会议室。请提前准备客户事项跟进报告,2025-04-06 21:45:00,Outlook,
Push-807,,系统：电量低提醒,【系统通知】当前手机电量已低于 20%，请及时充电，避免影响使用,2025-04-07 06:45:00,系统电池管理,
Push-808,,支付宝：午餐支付成功提醒,【支付宝】您已成功支付腊味煲仔饭订单#LT202504071201，金额 38 元，账单已同步至我的账单,2025-04-07 12:02:00,支付宝,
Push-809,,雪球：科技股行情快讯,【雪球】您关注的科技板块午后异动，信创概念股集体拉升，建议关注相关ETF及龙头公司,2025-04-07 12:45:00,雪球,
Push-810,,支付宝：咖啡支付成功提醒,【支付宝】您已成功支付圣爵菲斯咖啡厅订单#SJFS202504071510，金额 32 元，账单已同步至我的账单,2025-04-07 15:11:00,支付宝,
Push-811,16-6,学习计划提醒,今晚学习提醒：CFA三级复习，预计2-3小时,2025-04-07 18:55:00,学习计划,16-f
Push-812,,美团：酒店预定成功通知,【美团】您已成功预定五一期间长沙君悦酒店江景大床房，预定码 789012，入住时间 2025-05-01 15:00,2025-04-07 22:10:00,美团,
Push-813,,得到：财经早报已更新,【得到】今日《财经郎眼》简报已送达：美联储政策预期摇摆，A股结构性机会凸显，重点关注科技与消费板块。点击收听最新市场解读。,2025-04-08 07:30:00,得到,
Push-814,89-3,交管12123：车辆年检预约成功,【交管12123】您已成功预约车辆年检，预约号：CS202504080015，时间：2025-04-12 09:00-10:00，地点：长沙市岳麓区车管所第一检测站。请按时前往并携带行驶证、交强险保单。,2025-04-08 11:58:00,交管12123,89-c
Push-815,,雪球：您关注的【黄思琪公司】有最新动态,【雪球】您关注的拟上市公司【深圳创新科技】今日有券商发布深度研报，认为其AI芯片业务具备高成长性。点击查看详情及市场观点汇总。,2025-04-08 13:15:00,雪球,
Push-816,61-1,湖南省天文台：活动预约成功通知,【湖南省天文台】尊敬的观众，您已成功预约“系外行星探索”公众开放日活动。预约码：XT20250411001，时间：2025-04-11 19:30-21:30，地点：湖南省天文台科普楼报告厅。请提前15分钟凭码入场。,2025-04-08 15:05:00,湖南省天文台,61-a
Push-817,,Keep：您的瑜伽课程提醒,【Keep】您订阅的“办公室久坐拉伸·30分钟全身放松”瑜伽课程即将开始。久坐一天后，是时候通过拉伸缓解肌肉紧张了，点击立即开始。,2025-04-08 19:55:00,Keep,
Push-818,,系统：存储空间不足提醒,【系统通知】手机存储空间已使用超过90%，部分应用运行可能变慢。建议及时清理照片、视频或卸载不常用应用以释放空间。,2025-04-08 20:15:00,系统存储管理,
Push-819,,系统：电量低提醒,【系统通知】当前手机电量已低于 20%，请及时充电，避免影响使用,2025-04-09 06:20:00,系统电池管理,
Push-820,213-2-3,支付宝：柠季手打柠檬茶支付成功,【支付宝】您已成功支付柠季手打柠檬茶订单#LJ202504090708，金额 18 元，账单已同步至我的账单,2025-04-09 08:05:00,支付宝,213-b
Push-821,213-2-1,Keep：您的晨跑数据已同步,【Keep】您于 07:00 开始的晨跑已完成，距离 5.5 公里，平均配速 6分30秒，消耗约 420 千卡。点击查看详细分析,2025-04-09 08:15:00,Keep,213-b
Push-822,,雪球：您关注的半导体板块异动提醒,【雪球】您关注的半导体板块指数（BK0917）早盘拉升超 2%，中芯国际、北方华创领涨。点击查看深度解读,2025-04-09 10:30:00,雪球,
Push-823,,大众点评：湘菜馆推荐,【大众点评】根据您的口味偏好，为您推荐金鹰路附近的【老长沙口味馆】，招牌菜剁椒鱼头评分 4.8，人均 65 元。查看详情,2025-04-09 11:45:00,大众点评,
Push-824,220-1,数据导出成功,您已成功导出客户林志豪的资产数据报告，文件已保存至本地。,2025-04-09 14:30:22,华泰证券内部系统,220-a
Push-825,,支付宝：圣爵菲斯咖啡支付成功,【支付宝】您已成功支付圣爵菲斯咖啡订单#SJF202504091510，金额 32 元，账单已同步至我的账单,2025-04-09 15:12:00,支付宝,
Push-826,147-1,Wind：您订阅的宏观数据报告已更新,【Wind金融终端】3月CPI、PPI数据及解读报告已生成，可于我的订阅中查看下载。,2025-04-09 16:00:00,Wind,147-a
Push-827,213-2-4,Keep：今日训练计划提醒,【Keep】您的今日核心与拉伸训练计划已就绪，建议在 19:10 开始，预计时长 30 分钟。点击开始训练,2025-04-09 19:05:00,Keep,213-b
Push-828,147-1,日历：明日重要会议提醒,【日历】您明天（4月10日）下午 14:30 有与客户黄思琪的重要会议，地点：公司会议室A。请提前准备好会议材料。,2025-04-09 21:30:00,系统日历,147-a
Push-829,16-6,中信书院：CFA备考书单推荐,【中信书院】根据您的学习记录，为您推荐《CFA三级核心考点精讲》电子书，会员专享 8 折优惠。立即查看,2025-04-09 22:00:00,中信书院,16-f
Push-830,9-3-2,支付宝：支付成功提醒,【支付宝】您已成功支付老长沙面粉馆订单，金额 38 元，账单已同步至我的账单,2025-04-10 12:05:00,支付宝,9-c
Push-831,9-3-2,瑞幸咖啡：订单制作完成提醒,【瑞幸咖啡】您的美式咖啡（冰）订单#RC202504101205 已制作完成，请前往门店自取，取餐码 1234,2025-04-10 13:20:00,瑞幸咖啡,9-c
Push-832,217-1-1,雪球：今日市场热点,【雪球】今日科技股领涨，比特币ETF概念股表现活跃，相关分析报告已更新，点击查看,2025-04-10 16:00:00,雪球,217-a
Push-833,217-1-2,招商银行：基金申购成功通知,【招商银行】您已成功申购华泰柏瑞沪深300ETF联接基金，金额 6000 元，预计 T+1 日确认份额,2025-04-10 17:12:00,招商银行,217-a
Push-834,217-1-2,招商银行：基金申购成功通知,【招商银行】您已成功申购招商招钱宝货币基金，金额 3000 元，预计 T+1 日确认份额,2025-04-10 17:15:00,招商银行,217-a
Push-835,,东方财富：财经资讯推荐,【东方财富】SEC发布最新比特币ETF持仓数据，资金净流入创新高，点击查看详细解读,2025-04-10 19:35:00,东方财富,
Push-836,,系统：存储空间不足提醒,【系统通知】当前手机存储空间已不足 10%，建议清理照片、视频或卸载不常用应用,2025-04-10 20:50:00,系统存储管理,
Push-837,,抖音：新视频推荐,【抖音】你关注的摄影师【城市探索者】发布了新视频：潮宗街古建筑光影捕捉技巧，快来围观吧！,2025-04-10 21:00:00,抖音,
Push-838,11-1,支付宝：午餐支付成功提醒,【支付宝】您已成功支付传媒路XX轻食沙拉店订单#L202504111201，金额 68.5 元，账单已同步至我的账单,2025-04-11 12:03:00,支付宝,11-a
Push-839,61-2-1,湖南省天文台：活动预定成功通知,【湖南省天文台】您已成功预定4月11日《系外行星：寻找第二个地球》公众开放日活动，预定码：TW202504111，请于18:10前凭码入场。,2025-04-11 17:55:00,湖南省天文台,61-b
Push-840,,雪球：比特币ETF深度分析推荐,【雪球】基于您关注的比特币ETF，为您推荐深度分析《比特币ETF与传统金融的融合路径与风险》，作者为资深分析师。,2025-04-11 22:55:00,雪球,
Push-841,,系统：存储空间不足提醒,【系统通知】当前手机存储空间已低于 10%，建议及时清理照片、视频等文件，释放空间。,2025-04-11 23:15:00,系统存储管理,
Push-842,11-2,Keep：晨跑训练完成提醒,【Keep】恭喜您完成今日8公里晨跑训练！平均配速5分30秒，消耗热量约520大卡。查看详细数据报告，为下一次PB加油！,2025-04-12 08:42:00,Keep,11-b
Push-843,89-4-2,支付宝：车辆年检支付成功,【支付宝】您已成功支付长沙安通机动车检测站车辆年检费用，金额280元。检测报告及合格标志已同步至电子证件包。,2025-04-12 12:08:00,支付宝,89-d
Push-844,118-1-1,微信支付：花卉市场消费提醒,【微信支付】您已在红星花卉市场（摊主）消费68元，购买章姬草莓盆栽及肥料。点击查看支付凭证。,2025-04-12 13:23:00,微信,118-a
Push-845,,大众点评：湘菜馆推荐,【大众点评】根据您的口味偏好，为您推荐银双路附近评分4.8的湘菜馆【渔火人家】，招牌菜剁椒鱼头备受好评。,2025-04-12 18:05:00,大众点评,
Push-846,100-10,支付宝：好友聚餐AA收款成功,【支付宝】您发起的AA收款（与彭雨晴）已成功，收到金额125元。账单已同步至我的账单。,2025-04-12 20:03:00,支付宝,100-j
Push-847,,小红书：星空摄影技巧分享,【小红书】您关注的摄影师【星空捕手】分享了最新笔记：星空摄影降噪与堆栈全攻略，内含赤道仪选购建议，快来学习吧！,2025-04-12 20:15:00,小红书,
Push-848,,系统：存储空间不足提醒,【系统通知】您的手机存储空间已不足10%，部分应用运行可能受影响。建议及时清理照片、视频或卸载不常用应用。,2025-04-12 21:30:00,系统存储管理,
Push-849,,雪球：热门投资组合动态提醒,【雪球】您关注的稳健增长组合今日调仓，新增两只数字经济ETF。点击查看详情，把握市场结构性机会。,2025-04-13 15:35:00,雪球,
Push-850,217-2-3,招商银行：转账成功通知,【招商银行】您尾号8899的储蓄卡向华泰证券（尾号1234）转账5000.00元已成功，当前活期余额为15236.78元。,2025-04-13 15:52:00,招商银行,217-b
Push-851,217-2-3,华泰证券：基金定投扣款成功,【华泰证券】您设置的沪深300指数增强基金（代码：000311）定投扣款3000.00元已成功，最新份额已更新。,2025-04-13 15:53:00,华泰证券,217-b
Push-852,,500px：您可能喜欢的街拍作品,【500px】摄影师@CityWalker 发布了新作品《长沙暮色街景》，构图与光影获得社区高度评价，推荐您欣赏。,2025-04-13 17:45:00,500px,
Push-853,,微信支付：餐饮消费提醒,【微信支付】付款成功 98.00元。收款方：麺屋武藏（韭菜园路店）。时间：2025-04-13 20:38。,2025-04-13 20:39:00,微信,
Push-854,,支付宝：停车费支付成功,【支付宝】您已在麺屋武藏（韭菜园路店）停车场完成无感支付，金额15.00元。停车时长1小时20分。,2025-04-13 20:42:00,支付宝,
Push-855,,系统：存储空间不足提醒,【系统通知】手机存储空间已不足10%，建议清理相册、应用缓存或大文件，以确保系统流畅运行。,2025-04-13 21:30:00,系统存储管理,
Push-856,,得到：您订阅的《周期》更新解读,【得到】霍华德·马克斯《周期》第8章：风险态度周期。音频解读已上线，助您深入理解市场情绪转换。,2025-04-13 22:10:00,得到,
Push-857,147-5,雪球：比特币ETF市场动态,【雪球】您关注的比特币ETF板块出现新动态，多家机构提交修订申请，合规框架讨论升温，点击查看深度分析。,2025-04-14 09:35:00,雪球,147-e
Push-858,,招商银行：基金定投成功,【招商银行】您发起的基金定投已成功扣款，金额6000元，买入产品为XX指数增强基金，预计下一个交易日确认份额。,2025-04-14 10:02:00,招商银行,
Push-859,,招商银行：理财申购成功,【招商银行】您申购的朝招金货币基金3000元已成功，当前七日年化收益率2.15%，收益每日结转。,2025-04-14 10:03:00,招商银行,
Push-860,215-1-1,Keep：您的颈椎健康计划已生成,【Keep】根据您的健康目标，已为您生成专属颈椎放松与核心强化计划，包含5个针对性动作，建议每周训练3次。,2025-04-14 13:15:00,Keep,215-a
Push-861,,支付宝：咖啡支付成功,【支付宝】您已成功支付圣爵菲斯咖啡厅订单#SF202504141510，金额28元，支付方式：招商银行信用卡。,2025-04-14 15:12:00,支付宝,
Push-862,,网易云音乐：为您推荐另类资产播客,【网易云音乐】根据您的收听历史，为您推荐播客《资产配置新视角：另类投资的机遇与风险》，主讲人：某私募基金合伙人。,2025-04-14 17:35:00,网易云音乐,
Push-863,,支付宝：咖啡厅消费成功,【支付宝】您已成功支付一丹咖啡厅订单#YD202504141745，金额42元，获得88积分。,2025-04-14 17:47:00,支付宝,
Push-864,10-2-2,雪球：您关注的上市项目动态更新,【雪球】您关注的【黄思琪科技公司】相关板块今日早盘表现活跃，最新研报已发布，点击查看机构观点。,2025-04-15 10:30:00,雪球,10-b
Push-865,214-1,支付宝：课程支付成功提醒,【支付宝】您已成功支付【区块链与数字资产投资线上研讨会】课程费用，金额 299 元，订单号 202504151245001。,2025-04-15 12:47:00,支付宝,214-a
Push-866,215-2,500px：您收藏的摄影师有新作品,【500px】您关注的摄影师【城市光影】发布了新作品【雨夜长沙】，快去欣赏并留下您的评论吧。,2025-04-15 14:20:00,500px,215-b
Push-867,215-2,美团：健身房私教课预定成功通知,【美团】您已成功预定【恒大雅苑健身中心】私教体验课，时间 18:30，预定码 789012，请准时到店签到。,2025-04-15 17:35:00,美团,215-b
Push-868,215-2,微信：私教王教练发来消息,【微信】王教练：冯先生您好，我已收到您的体检报告，今晚体验课将重点针对您的体脂率和颈椎状况进行评估，期待见面。,2025-04-15 17:50:00,微信,215-b
Push-869,,Keep：为您推荐健身后的拉伸课程,【Keep】检测到您刚结束训练，推荐【运动后全身放松拉伸】课程，时长12分钟，助您缓解肌肉疲劳，加速恢复。,2025-04-15 19:40:00,Keep,
Push-870,,系统：存储空间不足提醒,【系统通知】当前手机存储空间已使用超过90%，部分功能可能受限，建议及时清理。,2025-04-15 21:20:00,系统存储管理,
Push-871,,Keep：今日晨跑路线推荐,【Keep】根据您的习惯，为您推荐岳麓山风景名胜区经典晨跑路线，全长约5公里，预计用时35分钟。空气质量优，适合户外运动。,2025-04-16 06:35:00,Keep,
Push-872,,雪球：午间快讯-新能源板块异动,【雪球】午间快讯：受政策利好传闻影响，新能源板块多只个股午后开盘拉升。您关注的宁德时代涨超3%，比亚迪涨2.5%。点击查看详情。,2025-04-16 12:05:00,雪球,
Push-873,215-3,京东：订单确认通知,【京东】您购买的人体工学电脑支架（型号：ErgoPro X1）已确认，订单号#JD2025041613012345，金额289元。预计明天送达。,2025-04-16 13:05:00,京东,215-c
Push-874,220-3-2,东方财富：深度研报-半导体行业周报,【东方财富】您订阅的半导体行业周报已更新，重点分析了存储芯片价格走势及中芯国际最新财报解读。,2025-04-16 15:30:00,东方财富,220-c
Push-875,,美团外卖：预定成功通知,【美团外卖】您预定的湘菜馆（老长沙口味）外卖已成功，预定码#MT2025041618123456，预计18:55送达至岳麓区机关金星住宅小区。,2025-04-16 18:12:00,美团外卖,
Push-876,16-6,小宇宙：新一期专业播客上线,【小宇宙】您关注的播客《投资相对论》新一期已上线：2025年Q2资产配置策略前瞻。主讲人：知名基金经理张磊。,2025-04-16 19:15:00,小宇宙,16-f
Push-877,,得到：CFA备考资料包更新,【得到】您收藏的CFA三级《另类投资》科目精选案例解析资料包已更新，新增了私募股权估值实战案例。,2025-04-16 21:45:00,得到,
Push-878,10-4,雪球：今日市场热点速递,【雪球】早盘观察：科技板块并购预期升温，关注相关ETF及龙头股表现。点击查看机构最新观点。,2025-04-17 09:05:00,雪球,10-d
Push-879,214-2-3,支付宝：餐饮支付成功提醒,【支付宝】您已成功支付老长沙口味湘菜馆订单#LS202504171201，金额 128 元，账单已同步至我的账单。,2025-04-17 12:02:00,支付宝,214-b
Push-880,,微信读书：为您推荐新书,【微信读书】根据您的阅读兴趣，为您推荐《行为金融学新进展》。点击立即阅读，开启今日充电时光。,2025-04-17 13:50:00,微信读书,
Push-881,215-4,支付宝：运动消费支付成功,【支付宝】您已成功支付恒大雅苑健身中心消费，金额 15 元（电解质饮料），账单已同步至我的账单。,2025-04-17 16:02:00,支付宝,215-d
Push-882,220-4-1,支付宝：咖啡消费支付成功,【支付宝】您已成功支付心怡手冲咖啡馆消费，金额 38 元（埃塞俄比亚日晒手冲），账单已同步至我的账单。,2025-04-17 16:08:00,支付宝,220-d
Push-883,214-2-1,腾讯会议：研讨会预定成功通知,【腾讯会议】您已成功预定数字资产投资线上研讨会，会议号：789456123，密码：20250417，开始时间：20:00。,2025-04-17 19:30:00,腾讯会议,214-b
Push-884,214-2-1,腾讯会议：会议即将开始提醒,【腾讯会议】您预定的数字资产投资线上研讨会将于30分钟后开始，会议号：789456123，点击即可加入。,2025-04-17 19:30:00,腾讯会议,214-b
Push-885,,系统：存储空间不足提醒,【系统通知】手机存储空间已不足10%，建议清理照片、视频或卸载不常用应用以释放空间。,2025-04-17 21:15:00,系统存储管理,
Push-886,214-3,雪球：热门投资组合更新提醒,【雪球】您关注的【科技成长精选】组合今日调仓，新增半导体龙头股，组合年化收益已达18.7%，点击查看详情,2025-04-18 08:45:00,雪球,214-c
Push-887,216-2-1,系统：存储空间不足提醒,【系统通知】手机存储空间已不足10%，部分应用可能运行缓慢，建议及时清理,2025-04-18 13:35:00,系统存储管理,216-b
Push-888,11-3-1,微信读书：您收藏的书籍已更新,【微信读书】您收藏的《投资心理学实战》已发布新章节【第8章：市场情绪与决策偏差】，作者新增了A股案例分析,2025-04-18 20:15:00,微信读书,11-c
Push-889,11-3-1,小红书：您关注的户外装备测评已发布,【小红书】您关注的户外达人【徒步老张】发布了最新测评：【2025春季登山鞋横评：Salomon VS Merrell】，快来围观吧,2025-04-18 20:30:00,小红书,11-c
Push-890,,得到：为您推荐睡前知识锦囊,【得到】根据您的兴趣，为您推荐【10分钟金融史】音频：布雷顿森林体系瓦解对今日投资的启示，助您睡前充电,2025-04-18 21:50:00,得到,
Push-891,11-4-1,墨迹天气：今日出行天气提醒,【墨迹天气】长沙今日（4月19日）天气晴，气温15-25℃，微风。适宜户外活动，影珠山地区紫外线较强，请注意防晒。,2025-04-19 07:32:00,墨迹天气,11-d
Push-892,11-4-1,高德地图：目的地停车场信息,【高德地图】您即将到达目的地【影珠山森林公园东门停车场】，当前车位充足，停车费标准为10元/次。,2025-04-19 09:55:00,高德地图,11-d
Push-893,11-4-1,小红书：影珠山徒步攻略更新,【小红书】你关注的户外达人【徒步阿杰】发布了最新笔记【影珠山春日徒步，这几个机位绝了！】，快来查看吧。,2025-04-19 14:05:00,小红书,11-d
Push-894,11-4-2,支付宝：咖啡消费支付成功,【支付宝】支付成功！您在一丹咖啡厅消费128元，使用花呗付款。订单号#CF20250419161023。,2025-04-19 16:12:00,支付宝,11-d
Push-895,11-4-1,支付宝：湘菜馆支付成功提醒,【支付宝】您已成功支付萝卜白菜湘菜馆订单#LB202504191925，金额558元。账单已同步至我的账单。,2025-04-19 19:27:00,支付宝,11-d
Push-896,11-4-1,微信支付：好友聚餐AA收款到账,【微信支付】彭雨晴通过AA收款向你发起了聚餐费用分摊，你需支付186元。点击立即支付。,2025-04-19 19:28:00,微信,11-d
Push-897,,系统：存储空间不足提醒,【系统通知】手机存储空间已不足10%，部分功能可能受限。建议清理照片、视频或卸载不常用应用。,2025-04-19 21:55:00,系统存储管理,
Push-898,11-4-2,Lightroom：照片备份完成,【Adobe Lightroom】今日拍摄的247张照片已自动备份至云端。释放设备存储空间1.8GB。,2025-04-19 22:05:00,Adobe Lightroom,11-d
Push-899,11-4-2,微信：照片分享获赞提醒,【微信】你的朋友圈动态【春日影珠山】获得了吴俊杰、彭雨晴等23个赞和8条评论，快去看看吧。,2025-04-19 22:35:00,微信,11-d
Push-900,,平安好车主：车险续保优惠提醒,【平安好车主】您的爱车湘A·8X123车险即将于下月到期，现续保享85折优惠，还赠全年免费洗车券，点击查看详情。,2025-04-19 22:50:00,平安好车主,
Push-901,138-6,小红书：夜景摄影技巧推荐,【小红书】根据你的兴趣，为你推荐夜景摄影的构图技巧与后期调色思路，助你拍出更惊艳的城市夜色大片。,2025-04-20 09:15:00,小红书,138-f
Push-902,45-1,长沙文旅：预约成功通知,【长沙文旅】您已成功预约长沙铜官窑遗址考古新发现公众开放日（4月26日），预约码为：CS202504201234，请凭此码及身份证件准时入场参观。,2025-04-20 10:02:00,长沙文旅,45-a
Push-903,45-1,携程旅行：考古遗址周边推荐,【携程旅行】看到你对考古遗址感兴趣，为你推荐长沙周边历史文化景点及特色民宿，开启你的探索之旅。,2025-04-20 10:15:00,携程旅行,45-a
Push-904,,系统：存储空间不足提醒,【系统通知】当前手机存储空间已使用超过90%，建议及时清理照片、视频或应用缓存，以保证手机流畅运行。,2025-04-20 10:50:00,系统存储管理,
Push-905,,亚马逊：订单确认通知,【亚马逊】您的订单#D01-9876543210已确认，商品《货币金融学》新译作预计将于4月23日送达，您可随时追踪物流信息。,2025-04-20 15:35:00,亚马逊购物,
Push-906,,Keep：跑步音乐推荐,【Keep】为你推荐一组适合慢跑的正念减压音乐歌单，伴随你的脚步，放松身心，提升运动表现。,2025-04-20 16:45:00,Keep,
Push-907,,系统：电量低提醒,【系统通知】当前手机电量已低于20%，建议连接充电器，避免影响后续使用。,2025-04-20 17:35:00,系统电池管理,
Push-908,,支付宝：超市支付成功提醒,【支付宝】您已成功支付蔚然锦和超市消费，金额68.5元，支付方式为花呗。,2025-04-20 17:45:00,支付宝,
Push-909,,雪球：明日市场前瞻,【雪球】明日（4月21日）A股市场前瞻：关注一季度经济数据发布及金融板块动向，为你梳理关键看点。,2025-04-20 20:45:00,雪球,
Push-910,,系统：应用更新完成,【系统通知】Todoist、Notion等5个应用已在后台更新至最新版本，优化了性能并修复了已知问题。,2025-04-20 21:10:00,系统应用商店,
Push-911,,得到：睡前知识音频推荐,【得到】为你推荐《原则》精讲音频及白噪音助眠专辑，利用睡前时间充实自己或放松入眠。,2025-04-20 21:40:00,得到,
Push-912,,Keep：今日跑步数据已生成,【Keep】恭喜完成今日晨跑！4.2公里，用时28分钟，平均配速6‘40”，消耗热量约320千卡。查看详细数据，分享你的坚持！,2025-04-21 08:22:00,Keep,
Push-913,16-6,喜马拉雅：继续学习CFA,【喜马拉雅】您正在收听的CFA备考音频【另类投资估值】已为您续播，当前章节剩余15分钟。点击继续学习，为职业发展充电！,2025-04-21 08:35:00,喜马拉雅,16-f
Push-914,10-6,同花顺：早盘市场快讯,【同花顺】早盘速递：沪深300指数微涨0.2%，科技板块表现活跃。您关注的几只标的开盘平稳。点击查看实时行情与深度分析。,2025-04-21 09:05:00,同花顺,10-f
Push-915,10-6,腾讯会议：会议即将开始,【腾讯会议】您预约的会议【与黄思琪团队项目同步】将于09:30开始。点击一键入会，或复制会议号#887654321加入讨论。,2025-04-21 09:25:00,腾讯会议,10-f
Push-916,,大众点评：附近湘菜馆推荐,【大众点评】午餐时间到！根据您的口味，为您推荐公司附近的【小炒黄牛肉】快餐店，评分4.5，人均约45元。点击查看菜单与优惠。,2025-04-21 11:55:00,大众点评,
Push-917,216-3-1,雪球：您关注的板块有异动,【雪球】快讯：午后科技并购概念股出现资金流入迹象，可能与近期行业整合传闻有关。查看相关分析文章，把握潜在机会。,2025-04-21 14:30:00,雪球,216-c
Push-918,216-3-3,京东到家：旅行用品即时达,【京东到家】出差季必备！旅行装洗漱用品、消毒湿巾、口罩等限时特惠，1小时送达。新用户首单立减10元，点击立即选购。,2025-04-21 17:55:00,京东到家,216-c
Push-919,,美团外卖：健康晚餐推荐,【美团外卖】健康晚餐已为您备好！【轻食主义】的煎鸡胸肉沙拉+南瓜汤套餐，热量约450大卡，好评如潮。订单号#MT202504211850，预计18:55送达。,2025-04-21 18:53:00,美团外卖,
Push-920,91-3,铁路12306：明日行程提醒,【铁路12306】温馨提示：您购买的G6113次列车（长沙南-广州南）将于明日07:50发车。请提前至长沙南站候车，检票口为A12。祝您旅途愉快！,2025-04-21 20:45:00,铁路12306,91-c
Push-921,,系统：存储空间不足,【系统通知】手机存储空间已使用超过90%，部分应用运行可能变慢。建议及时清理照片、视频或卸载不常用应用。,2025-04-21 21:05:00,系统存储管理,
Push-922,,微信读书：您的今日阅读时光,【微信读书】睡前读点好书吧！您正在阅读的《原则》已为您保存进度。今日阅读10分钟即可获得1天无限卡，点击继续阅读。,2025-04-21 21:45:00,微信读书,
Push-923,,Keep：晨跑运动记录已生成,【Keep】您于2025-04-22 06:45完成的晨间漫步与摄影活动已记录，时长约45分钟，消耗约280千卡。,2025-04-22 06:48:00,Keep,
Push-924,91-4-2,高德地图：行程结束通知,【高德地图】您从广州天河公园万枫酒店到富力盈凯广场的行程已结束，全程约8.5公里，用时约35分钟。,2025-04-22 09:36:00,高德地图,91-d
Push-925,91-4-3,印象笔记：会议笔记保存成功,【印象笔记】您创建的笔记【20250422-家族办公室拜访纪要】已成功保存至云端。,2025-04-22 12:02:00,印象笔记,91-d
Push-926,,支付宝：午餐支付成功提醒,【支付宝】您已成功支付兴盛路XX公馆私房菜订单#GZ202504221201，金额 428 元，账单已同步至我的账单。,2025-04-22 13:42:00,支付宝,
Push-927,91-4-2,同花顺：金融科技板块异动提醒,【同花顺】您关注的金融科技板块午后拉升，相关概念股涨幅扩大，建议关注。,2025-04-22 15:30:00,同花顺,91-d
Push-928,216-4-3,美团：酒店简餐订单送达提醒,【美团】您的美团外卖订单#MT202504221845已送达广州天河公园万枫酒店前台，请及时取餐。,2025-04-22 19:05:00,美团,216-d
Push-929,,微信：跑友消息提醒,【微信】高云飞：浩然，明早麓山南路老地方，6点半，不见不散。,2025-04-22 19:25:00,微信,
Push-930,216-4-2,雪球：AI+金融深度分析更新,【雪球】您关注的专栏【前沿科技投资】更新了文章：AI如何重塑资产管理价值链——从今日研讨会案例说起。,2025-04-22 20:15:00,雪球,216-d
Push-931,,系统：存储空间不足提醒,【系统通知】当前手机存储空间已低于10%，建议及时清理照片、视频等文件，释放空间。,2025-04-22 21:30:00,系统存储管理,
Push-932,,小红书：城市建筑摄影技巧推荐,【小红书】根据您的兴趣，为您推荐【广州天际线拍摄机位全攻略】，内含珠江新城多个隐藏拍摄点。,2025-04-22 22:05:00,小红书,
Push-933,,微信：母亲视频通话邀请,【微信】李秀英邀请您进行视频通话...,2025-04-22 22:21:00,微信,
Push-934,16-6,得到：美联储报告解读更新,【得到】您订阅的课程【全球宏观十日谈】更新了第58讲：深度解读美联储缩表路径对亚洲债市的影响。,2025-04-22 22:55:00,得到,16-f
Push-935,,高德地图：个性化路线推荐,【高德地图】为您规划前往广州国际金融中心（西塔）的步行路线，全程约1.2公里，预计步行18分钟。当前路况良好，建议您从K11购物艺术中心北门出发。,2025-04-23 12:45:00,高德地图,
Push-936,,雪球：市场复盘与观点,【雪球】今日A股三大指数午后震荡，科技板块表现活跃。您关注的数字资产合规性相关标的今日收涨2.3%，点击查看机构最新解读。,2025-04-23 16:35:00,雪球,
Push-937,13-2,支付宝：文具采购支付成功,【支付宝】您已成功支付文具店订单，金额68.5元。支付方式：花呗。账单已同步至我的账单。,2025-04-23 17:45:00,支付宝,13-b
Push-938,,大众点评：餐厅预定成功通知,【大众点评】您已成功预定炳胜品味(珠江新城旗舰店)，预定码：BS202504231，时间：18:30，人数：1位。请准时到店。,2025-04-23 18:05:00,大众点评,
Push-939,,航旅纵横：明日航班提醒,【航旅纵横】您明日（4月24日）CZ3387航班（广州白云T2-长沙黄花T2）计划起飞时间14:25，请提前2小时到达机场办理值机。,2025-04-23 21:50:00,航旅纵横,
Push-940,,系统：存储空间不足提醒,【系统通知】当前手机存储空间已使用超过90%，部分应用运行可能受影响，建议及时清理。,2025-04-23 22:05:00,系统存储管理,
Push-941,10-7,雪球：今日市场热点速递,【雪球】早盘观察：科技板块受政策利好提振，消费电子龙头股表现活跃。点击查看最新行情分析与机构观点。,2025-04-24 08:15:00,雪球,10-g
Push-942,,高德地图：行程提醒,【高德地图】您预约的网约车（车牌：湘A·D1234）已到达广州天河公园万枫酒店，司机李师傅正在等候。,2025-04-24 08:48:00,高德地图,
Push-943,,招商银行：信用卡消费提醒,【招商银行】您尾号5678的信用卡于09:20在星巴克（富力盈隆广场店）消费人民币38.00元。,2025-04-24 09:22:00,招商银行,
Push-944,,支付宝：支付成功提醒,【支付宝】您已成功支付广州南站真功夫订单#202504241135，金额32.00元，账单已同步至我的账单。,2025-04-24 11:37:00,支付宝,
Push-945,,星巴克：啡快订单完成通知,【星巴克】您的大杯热美式（订单号SB202504241140）已制作完成，请在广州南站北区啡快™取餐柜领取。,2025-04-24 11:45:00,星巴克,
Push-946,,铁路12306：检票提醒,【铁路12306】您购买的G6114次列车（广州南→长沙南）将于12:20发车，请提前至A12检票口准备检票。,2025-04-24 11:50:00,铁路12306,
Push-947,,系统：存储空间不足提醒,【系统通知】手机存储空间已使用超过90%，部分应用运行可能受影响。建议及时清理照片、视频或卸载不常用应用。,2025-04-24 15:05:00,系统存储管理,
Push-948,,微信支付：支付成功通知,【微信支付】向美宜佳（金星小区店）支付35.50元成功。商品：牛奶、鸡蛋、吐司等。,2025-04-24 15:55:00,微信,
Push-949,220-6,腾讯会议：会议即将开始,【腾讯会议】您预约的会议“林总Q1报告解读”将于19:00开始，请提前进入会议。会议号：884 567 321,2025-04-24 18:30:00,腾讯会议,220-f
Push-950,,网易云音乐：私人FM新歌推荐,【网易云音乐】根据您的听歌喜好，私人FM为您推荐后摇新专《城市漫游者》。点击立即收听。,2025-04-24 20:35:00,网易云音乐,
Push-951,,得到：每日听书推荐,【得到】睡前充电：为您推荐《投资最重要的事》精读版，助您精进投资思维。点击试听5分钟。,2025-04-24 22:35:00,得到,
Push-952,,雪球：今日A股开盘速览,【雪球】A股三大指数今日开盘涨跌不一，沪指微涨0.1%，创业板指小幅调整。您关注的金融科技板块表现活跃，多家券商股开盘拉升。,2025-04-25 08:15:00,雪球,
Push-953,,支付宝：手冲咖啡优惠券到账,【支付宝】您常去的圣爵菲斯咖啡厅5元优惠券已到账，仅限今日耶加雪菲手冲咖啡使用，点击领取。,2025-04-25 12:30:00,支付宝,
Push-954,,系统：存储空间不足提醒,【系统通知】您的手机存储空间已使用超过90%，部分应用运行可能变慢，建议及时清理。,2025-04-25 13:45:00,系统存储管理,
Push-955,,美团：铜官窑古镇预约成功,【美团】您已成功预约铜官窑古镇门票，预约码：TGY20250425001，入园时间：2025-04-26 09:00-17:00，请凭码入园。,2025-04-25 16:05:00,美团,
Push-956,,微信读书：CFA备考书单更新,【微信读书】根据您的阅读兴趣，为您推荐CFA三级备考相关书单《固定收益证券分析与投资》，内含真题解析。,2025-04-25 22:00:00,微信读书,
Push-957,119-3,淘宝：阳台种植好物推荐,【淘宝】根据您的浏览，为您推荐阳台种植必备：蓝莓专用酸性营养土、pH测试仪、加仑盆套装，限时优惠中，点击查看详情。,2025-04-26 09:15:00,淘宝,119-c
Push-958,45-2-1,高德地图：前往考古遗址公园路况提醒,【高德地图】您常去的长沙铜官窑国家考古遗址公园附近路况良好，当前从岳麓区出发预计车程40分钟，建议您规划好出行时间。,2025-04-26 09:35:00,高德地图,45-b
Push-959,45-2-1,美团：考古遗址公园预约成功通知,【美团】您已成功预约长沙铜官窑国家考古遗址公园门票，预约码：TCGY20250426001，参观时间：2025-04-26 10:10，请准时抵达。,2025-04-26 10:05:00,美团,45-b
Push-960,45-2-4,支付宝：午餐支付成功提醒,【支付宝】您已成功支付窑火食坊订单#YHSF20250426001，金额128元，账单已同步至我的账单。,2025-04-26 13:02:00,支付宝,45-b
Push-961,218-3,平安好车主：父母保险方案确认通知,【平安好车主】您为父母选定的安康尊享医疗险计划（保单号：PA20250426001）已确认，保障将于2025-05-01生效，详情请查看电子保单。,2025-04-26 15:48:00,平安好车主,218-c
Push-962,92-3,LinkedIn领英：客户动态与行业洞察推荐,【LinkedIn领英】您关注的客户黄思琪女士分享了关于科技投资的最新观点。同时，为您推荐金融科技与资产配置相关的深度文章。,2025-04-26 16:25:00,LinkedIn领英,92-c
Push-963,,大众点评：晚餐餐厅推荐,【大众点评】根据您的口味偏好，为您推荐冇味湘潭菜(岳麓山店)的招牌菜：辣白菜炒牛肉、紫苏煎黄瓜，近期有4.8分好评。,2025-04-26 17:35:00,大众点评,
Push-964,,微信支付：晚餐支付成功提醒,【微信支付】支付成功，冇味湘潭菜(岳麓山店)消费96元。支付时间：2025-04-26 19:05，收款方：冇味湘潭菜。,2025-04-26 19:06:00,微信,
Push-965,,系统：存储空间不足提醒,【系统通知】您的手机存储空间已不足10%，部分应用运行可能受影响，建议及时清理。,2025-04-26 20:15:00,系统存储管理,
Push-966,,Keep：今日瑜伽课程推荐,【Keep】根据您的练习习惯，为您推荐【清晨唤醒流瑜伽】课程，时长30分钟，适合晨间激活身体。点击立即开始今日练习。,2025-04-27 08:45:00,Keep,
Push-967,45-3,印象笔记：笔记整理提醒,【印象笔记】您创建的笔记【20250426_铜官窑考古初探】已超过24小时未编辑，是否继续完善或归档？,2025-04-27 10:05:00,印象笔记,45-c
Push-968,,支付宝：餐饮支付成功提醒,【支付宝】您已成功支付老刘家湘菜馆订单#LSJ04271215，金额68元。账单已同步至我的账单。,2025-04-27 13:02:00,支付宝,
Push-969,,微信支付：便利店支付成功提醒,【微信支付】支付成功。收款方：归心苑小区便利店，金额32.5元。,2025-04-27 18:25:00,微信,
Push-970,,系统：存储空间不足提醒,【系统通知】手机存储空间已使用超过90%，建议清理缓存或卸载不常用应用以释放空间。,2025-04-27 20:35:00,系统存储管理,
Push-971,,色影无忌：新帖更新提醒,【色影无忌】您关注的【城市风光】版块有10+条新帖更新，包括【长沙夜景机位分享】等热门内容，快来查看吧。,2025-04-27 21:35:00,色影无忌,
Push-972,,得到：睡前知识推荐,【得到】根据您的阅读历史，为您推荐《周期》作者霍华德·马克斯关于【投资心理】的独家解读音频，时长15分钟，助您睡前放松。,2025-04-27 22:05:00,得到,
Push-973,,支付宝：停车费支付成功,【支付宝】您已成功支付骏豪花园南地面停车场停车费，金额 15 元，账单已同步至我的账单,2025-04-28 08:32:00,支付宝,
Push-974,,雪球：并购估值陷阱深度解读,【雪球】您关注的香帅专栏更新：并购估值中的常见陷阱与识别方法，结合近期案例深度剖析，点击查看,2025-04-28 08:45:00,雪球,
Push-975,10-9,企业微信：会议即将开始,【企业微信】您主持的黄思琪并购项目周会将于 09:30 在 3号会议室 开始，请准时参加,2025-04-28 09:00:00,企业微信,10-i
Push-976,,美团：餐厅预定成功通知,【美团】您已成功预定乡里人家湘菜馆（金鹰路店）12:00 的 2人位，预定码 789012，请准时到店,2025-04-28 11:35:00,美团,
Push-977,,Wind：AI+金融专题报告更新,【Wind金融终端】您关注的人工智能+金融主题，最新外部分析师报告已入库，包含贝莱德、摩根士丹利等机构观点,2025-04-28 14:20:00,Wind金融终端,
Push-978,,系统：存储空间不足提醒,【系统通知】当前手机存储空间已低于 10%，建议清理照片、视频或卸载不常用应用以释放空间,2025-04-28 16:15:00,系统存储管理,
Push-979,,色影无忌：本周热门摄影作品,【色影无忌】本周热门街拍作品已更新，来自摄影师@城市漫游者的长沙老街光影系列，点击欣赏,2025-04-28 18:05:00,色影无忌,
Push-980,13-5,CFA协会：模拟考试倒计时,【CFA协会官方App】您设定的 CFA 三级模拟考试将于 18:30 开始，请提前准备好考试用品和环境,2025-04-28 18:15:00,CFA协会官方App,13-e
Push-981,,得到：睡前财经知识音频,【得到】为您推荐睡前收听：香帅今日北大金融学课精选-数字资产的投资逻辑与风险，时长约15分钟,2025-04-28 22:45:00,得到,
Push-982,,Keep：今日运动打卡提醒,【Keep】您今日的舒缓瑜伽已完成，消耗约45千卡。坚持运动，保持健康活力！,2025-04-29 06:45:00,Keep,
Push-983,,雪球：早盘市场速览,【雪球】早盘速递：隔夜美股三大指数涨跌不一，中概股表现分化。今日关注A股新能源及金融板块。,2025-04-29 08:45:00,雪球,
Push-984,,美团：餐厅预定成功通知,【美团】您已成功预定广式炖品店（传媒路店），预定码#M202504291123，请于12:10前到店。,2025-04-29 11:23:00,美团,
Push-985,,支付宝：午餐支付成功提醒,【支付宝】您已成功支付广式炖品店（传媒路店）订单#ZF202504291245，金额68元，账单已同步至我的账单。,2025-04-29 12:47:00,支付宝,
Push-986,,微信读书：午间阅读推荐,【微信读书】根据您的阅读历史，为您推荐《原则》——桥水基金创始人瑞·达利欧的人生与工作原则。,2025-04-29 13:05:00,微信读书,
Push-987,,下厨房：晚餐食谱灵感,【下厨房】感冒了？试试这道暖胃的西红柿鸡蛋面食谱，简单快手，营养满分！,2025-04-29 18:05:00,下厨房,
Push-988,16-6,Notion：学习计划提醒,【Notion】您的CFA错题本有新的复盘记录已保存。距离下一阶段学习目标还有15天，请保持进度。,2025-04-29 21:32:00,Notion,16-f
Push-989,,系统：存储空间不足提醒,【系统通知】当前手机存储空间已使用超过90%，建议及时清理，确保应用正常运行。,2025-04-29 22:15:00,系统存储管理,
Push-990,,系统：存储空间不足提醒,【系统通知】当前手机存储空间已使用超过90%，建议及时清理，避免影响应用运行和文件存储。,2025-04-30 10:05:00,系统存储管理,
Push-991,,支付宝：咖啡支付成功提醒,【支付宝】您已成功支付圣爵菲斯咖啡厅订单#CS202504301530，金额 28.00 元，账单已同步至我的账单,2025-04-30 15:31:00,支付宝,
Push-992,148-5,雪球：数字资产板块异动提醒,【雪球】您关注的数字资产板块午后异动，比特币概念股普涨，相关ETF涨幅超3%，点击查看最新行情与分析。,2025-04-30 16:20:00,雪球,148-e
Push-993,,系统：电量低提醒,【系统通知】当前手机电量已低于 20%，请及时充电，避免影响使用。,2025-04-30 18:25:00,系统电池管理,
Push-994,,大众点评：湘菜探店推荐,【大众点评】根据您的口味，为您推荐附近评分4.8的湘菜馆“冇味湘潭菜”，招牌菜辣白菜炒牛肉备受好评，距您1.2公里。,2025-04-30 18:35:00,大众点评,
Push-995,15-1,番茄ToDo：学习计划提醒,【番茄ToDo】您的CFA三级五月复习总规划已设置完成，今日任务：基础强化阶段-固定收益专题学习，请于10:30开始专注。,2025-05-01 10:28:00,番茄ToDo,15-a
Push-996,148-6-1,Notion：页面更新通知,【Notion】您的Digital Assets Research Sprint数据库已更新，今日阅读清单：以太坊Layer2扩容方案分析报告，请及时查阅。,2025-05-01 10:32:00,Notion,148-f
Push-997,139-1,系统：存储空间不足提醒,【系统通知】您的手机存储空间已使用超过90%，建议清理照片、视频或卸载不常用应用以释放空间。,2025-05-01 14:55:00,系统存储管理,139-a
Push-998,,色影无忌：摄影专题推荐,【色影无忌】为您推荐潮宗街历史街区摄影攻略与作品赏析，助您捕捉新旧对话的精彩瞬间。,2025-05-01 15:05:00,色影无忌,
Push-999,,色影无忌：论坛新帖提醒,【色影无忌】您关注的“全画幅微单”板块有3条新帖更新，包括索尼A7IV与佳能R5实战对比评测。,2025-05-01 19:15:00,色影无忌,
Push-1000,,Keep：课程开始提醒,【Keep】您预约的12分钟颈肩深度拉伸课程即将开始，请准备好瑜伽垫，跟随指导释放肌肉紧张。,2025-05-01 22:13:00,Keep,
Push-1001,,高德地图：通勤路况提醒,【高德地图】早高峰岳麓大道、三一大道车流量大，预计通勤时间50分钟。为您规划了最优路线，点击查看详情。,2025-05-02 08:05:00,高德地图,
Push-1002,,雪球：A股市场早盘快讯,【雪球】早盘A股三大指数低开震荡，新能源板块领涨。您关注的【宁德时代】上涨2.3%。点击查看深度解读。,2025-05-02 10:05:00,雪球,
Push-1003,,支付宝：咖啡消费支付成功,【支付宝】您已成功支付圣爵菲斯咖啡厅订单#C202505021500，金额28元，账单已同步至我的账单。,2025-05-02 15:02:00,支付宝,
Push-1004,,大众点评：咖啡厅签到提醒,【大众点评】您正在圣爵菲斯咖啡厅？打卡分享您的冰美式体验，可赢取5元优惠券哦！,2025-05-02 15:05:00,大众点评,
Push-1005,,系统：存储空间不足提醒,【系统通知】您的手机存储空间已使用超过90%，部分应用运行可能变慢。建议及时清理照片、视频等文件。,2025-05-02 19:30:00,系统存储管理,
Push-1006,13-8,Keep：肩颈拉伸课程提醒,【Keep】您收藏的【办公室肩颈放松】课程已为您准备好。久坐学习后，花10分钟缓解僵硬，立即开始吧！,2025-05-02 21:30:00,Keep,13-h
Push-1007,13-8,喜马拉雅：CFA备考音频上新,【喜马拉雅】您关注的CFA道德准则精讲音频已更新第三章：对雇主的义务。睡前收听，巩固知识点。,2025-05-02 22:10:00,喜马拉雅,13-h
Push-1008,,雪球：早盘市场快讯,【雪球】早盘观察：隔夜美股三大指数涨跌不一，中概股表现活跃。今日关注A股金融板块开盘动向及一季度财报密集披露期。,2025-05-03 07:45:00,雪球,
Push-1009,13-9-1,系统：存储空间不足提醒,【系统通知】您的手机存储空间已使用超过90%，部分功能可能受限，建议及时清理。,2025-05-03 08:25:00,系统存储管理,13-i
Push-1010,13-9-1,滴答清单：考前准备提醒,【滴答清单】您有一条待办事项：CFA模拟考试将于09:00开始，请提前检查考试物品和环境。,2025-05-03 08:30:00,滴答清单,13-i
Push-1011,13-9-1,系统：电量低提醒,【系统通知】当前手机电量已低于15%，建议连接充电器。,2025-05-03 11:50:00,系统电池管理,13-i
Push-1012,,支付宝：水果采购支付成功,【支付宝】您已成功向罗比零食专卖店支付58.60元，账单已同步至我的账单。,2025-05-03 17:12:00,支付宝,
Push-1013,,下厨房：晚餐灵感推荐,【下厨房】根据您的喜好，为您推荐三文鱼的5种创新做法，附详细图文步骤。,2025-05-03 17:50:00,下厨房,
Push-1014,,得到：睡前知识推荐,【得到】睡前听本书：《华尔街之狼》解读金融市场的疯狂与理性，助您放松入睡。,2025-05-03 21:45:00,得到,
Push-1015,,系统：夜间模式开启提醒,【系统通知】已根据您的设定，在22:00自动开启夜间模式，减少蓝光保护视力。,2025-05-03 22:00:00,系统显示设置,
Push-1016,,支付宝：支付成功提醒,【支付宝】您已成功支付罗比零食专卖店订单#RB202505041401，金额 86.50 元，账单已同步至我的账单,2025-05-04 14:02:00,支付宝,
Push-1017,,系统：存储空间不足提醒,【系统通知】手机存储空间已不足10%，建议清理照片、视频或卸载不常用应用,2025-05-04 16:30:00,系统存储管理,
Push-1018,,雪球：CFA备考专题推荐,【雪球】CFA三级财务报告分析难点解析：养老金会计与外币折算实战案例精讲已更新，点击查看,2025-05-04 20:15:00,雪球,
Push-1019,,微信读书：历史类书籍推荐,【微信读书】根据您的阅读兴趣，为您推荐《货币战争》作者新作《大国金融博弈》，揭秘近代金融史,2025-05-04 21:35:00,微信读书,
Push-1020,,支付宝：基金定投扣款成功,【支付宝】您设置的华泰柏瑞沪深300ETF联接基金定投已扣款500元，资金将从余额宝扣除，定投计划持续进行中。,2025-05-05 09:05:00,支付宝,
Push-1021,,系统：存储空间不足提醒,【系统通知】手机存储空间已使用超过90%，建议及时清理照片、视频等文件，释放空间。,2025-05-05 09:15:00,系统存储管理,
Push-1022,,雪球：沪深300指数异动提醒,【雪球】您关注的沪深300指数(000300)盘中快速拉升，现涨1.2%，报3850.15点。点击查看实时行情与机构解读。,2025-05-05 10:30:00,雪球,
Push-1023,,美团：餐厅预定成功通知,【美团】您已成功预定【火宫殿（坡子街总店）】5月5日18:30的4人桌，预定码#789012，请准时到店。,2025-05-05 11:45:00,美团,
Push-1024,,华泰证券：市场收评推送,【华泰证券】今日A股三大指数收涨，金融板块表现活跃。您关注的招商银行上涨2.1%。点击查看最新研报与明日策略。,2025-05-05 15:05:00,华泰证券,
Push-1025,,滴滴出行：预约用车提醒,【滴滴出行】您预约的明天（5月6日）07:30从岳麓区麓山南路156号到开福区芙蓉中路88号的快车订单已确认，司机将提前10分钟到达。,2025-05-05 17:00:00,滴滴出行,
Push-1026,226-3,Keep：本周跑步数据报告,【Keep】您本周已完成晨跑3次，累计里程15.2公里，平均配速5‘30“，继续保持！点击查看详细数据。,2025-05-05 19:00:00,Keep,226-c
Push-1027,228-2,Keep：今日运动成就已生成,【Keep】恭喜你完成今日晨跑！本次运动距离5.2公里，用时40分钟，平均配速7‘40“。坚持晨跑，遇见更好的自己。,2025-05-06 07:45:00,Keep,228-a
Push-1028,,钉钉：重要会议即将开始,【钉钉】您参与的会议【关键客户方案视频汇报会】将于09:30开始，请提前进入会议室调试设备。会议号：123456789，点击链接快速入会。,2025-05-06 09:00:00,钉钉,
Push-1029,,雪球：早盘行情速递,【雪球】早盘观察：沪深两市小幅高开，ESG主题ETF表现活跃。您关注的宁德时代涨1.2%，贵州茅台涨0.8%。点击查看最新研报。,2025-05-06 09:05:00,雪球,
Push-1030,,系统：存储空间不足提醒,【系统通知】您的手机存储空间已不足10%，部分应用运行可能受影响。建议及时清理照片、视频或卸载不常用应用。,2025-05-06 15:30:00,系统存储管理,
Push-1031,,盒马：今日食材推荐,【盒马】健康晚餐灵感：新鲜鸡胸肉低至19.9元/斤，有机菠菜买一送一。还有新到货的云南野生菌菇组合，点击查看食谱。,2025-05-06 17:50:00,盒马,
Push-1032,139-3,Lightroom：新滤镜上线,【Adobe Lightroom】星空摄影专属滤镜【银河之瞳】已上线！一键增强星空对比度与色彩，让您的露营摄影作品更具视觉冲击力。立即体验。,2025-05-06 19:30:00,Adobe Lightroom,139-c
Push-1033,,微信读书：根据您的阅读推荐,【微信读书】猜您喜欢：您正在阅读《长沙史话》，我们为您推荐同类型作品《武汉城市史》和《湖湘文化探源》，点击加入书架。,2025-05-06 21:55:00,微信读书,
Push-1034,,Keep：晨跑数据同步提醒,【Keep】您于06:50开始的晨跑已完成，用时30分钟，消耗约280千卡。今日运动目标已完成20%，继续保持！,2025-05-07 07:25:00,Keep,
Push-1035,,雪球：早盘市场动态,【雪球】早盘关注：新能源板块受政策利好预期影响高开，宁德时代涨2.3%。为您关注的ESG主题基金提供最新行情。,2025-05-07 07:45:00,雪球,
Push-1036,,高德地图：通勤路况提醒,【高德地图】您常走的芙蓉中路北向路段当前拥堵，预计通过时间15分钟，比平时多5分钟。已为您规划备选路线。,2025-05-07 08:05:00,高德地图,
Push-1037,221-4-2,系统：存储空间不足提醒,【系统通知】您的手机存储空间已使用超过90%，建议及时清理照片、视频或卸载不常用应用，以保证系统流畅运行。,2025-05-07 11:45:00,系统存储管理,221-d
Push-1038,15-5,支付宝：午餐支付成功提醒,【支付宝】您已成功支付老湘食订单#CS202505071201，金额98元。账单已同步至我的账单。,2025-05-07 12:02:00,支付宝,15-e
Push-1039,221-4-2,得到：CFA备考专题推荐,【得到】为您推荐CFA三级衍生品难点精讲：期权策略组合盈亏计算与希腊字母实战应用，助您高效冲刺。,2025-05-07 14:30:00,得到,221-d
Push-1040,,支付宝：咖啡支付成功提醒,【支付宝】您已成功支付圣爵菲斯咖啡厅订单#C202505071601，金额28元（美式咖啡）。,2025-05-07 16:02:00,支付宝,
Push-1041,,小红书：手冲咖啡豆新品推荐,【小红书】发现好物：埃塞俄比亚耶加雪菲G1水洗豆上新，柑橘花香明显，适合您的口味偏好，点击查看评测。,2025-05-07 16:10:00,小红书,
Push-1042,43-1,航旅纵横：明日航班值机提醒,【航旅纵横】您预订的2025-05-08 CZ1234航班（长沙-上海）已开放值机，建议提前选座。起飞时间09:25，T2航站楼。,2025-05-07 16:45:00,航旅纵横,43-a
Push-1043,,美团外卖：轻食订单配送提醒,【美团外卖】您购买的香煎鸡胸肉轻食套餐已由骑手李师傅（电话138****5678）取货，预计18:35送达，请保持手机畅通。,2025-05-07 18:25:00,美团外卖,
Push-1044,,支付宝：超市采购支付成功,【支付宝】您已在罗比零食专卖店消费156.8元。支付成功，账单号：LS202505071855。,2025-05-07 19:21:00,支付宝,
Push-1045,,系统：电量低提醒,【系统通知】当前手机电量已低于20%，请及时连接充电器，避免影响明日出差使用。,2025-05-07 21:50:00,系统电池管理,
Push-1046,,雪球：早间财经要闻,【雪球】早盘速递：AI在量化投资中的应用成峰会焦点，相关概念股受关注。点击查看最新研报,2025-05-08 07:15:00,雪球,
Push-1047,,Keep：运动记录已生成,【Keep】您已完成今日40分钟有氧晨练，消耗约320千卡。跑步机配速8.5km/h，椭圆机阻力L3。查看详细数据,2025-05-08 08:52:00,Keep,
Push-1048,,高德地图：步行导航结束,【高德地图】您已从依歆连锁精选酒店步行至上海国际会议中心，全程1.2公里，用时15分钟。感谢使用高德地图,2025-05-08 09:06:00,高德地图,
Push-1049,43-2,印象笔记：笔记同步成功,【印象笔记】您关于AI在量化投资中应用主旨演讲的笔记已成功同步至云端。关键词：可解释性AI，模型透明度,2025-05-08 10:05:00,印象笔记,43-b
Push-1050,43-2,微信：名片交换提醒,【微信】您今天在亚洲金融科技峰会茶歇期间，通过雷达加好友添加了3位新联系人。点击查看,2025-05-08 11:30:00,微信,43-b
Push-1051,43-2,系统：存储空间不足提醒,【系统通知】您的手机存储空间已使用超过90%，建议清理照片、视频或卸载不常用应用以释放空间,2025-05-08 16:20:00,系统存储管理,43-b
Push-1052,,滴滴出行：行程结束通知,【滴滴出行】您的快车行程已结束。行程：上海国际会议中心→三利音东方融宴(徐家汇店)，车费38.5元，支付方式：支付宝免密支付。感谢乘坐,2025-05-08 17:42:00,滴滴出行,
Push-1053,,大众点评：餐厅收藏提醒,【大众点评】您已成功收藏三利音东方融宴(徐家汇店)。该店评分4.8，人均消费约200元。查看推荐菜,2025-05-08 19:55:00,大众点评,
Push-1054,,支付宝：滴滴出行免密支付成功,【支付宝】您已通过免密支付成功支付滴滴出行订单#DC2025050819505678，金额42.3元。点击查看账单详情,2025-05-08 20:22:00,支付宝,
Push-1055,13-11,知网研学：文献阅读报告,【知网研学】您关注的NFT在粉丝经济中金融化应用报告阅读进度已达75%，已添加笔记3条。同步至云端成功,2025-05-08 21:45:00,知网研学,13-k
Push-1056,13-11,中国大学MOOC：课程学习进度提醒,【中国大学MOOC】您正在学习的行为金融学课程，今日已完成框架效应与心理账户章节学习，累计学习时长120分钟。继续加油,2025-05-08 22:12:00,中国大学MOOC,13-k
Push-1057,,系统：电量低提醒,【系统通知】当前手机电量已低于15%，请及时连接充电器,2025-05-08 23:30:00,系统电池管理,
Push-1058,,Keep：颈肩拉伸课程推荐,【Keep】根据您的运动习惯，为您推荐【办公室颈肩放松】课程，时长20分钟，包含斜方肌拉伸与猫牛式，助您缓解久坐酸痛。,2025-05-09 06:45:00,Keep,
Push-1059,43-3,飞常准：峰会日程与天气提醒,【飞常准】亚洲金融科技峰会今日议程已更新，您关注的区块链分论坛将于上午举行。上海今日多云，气温18-25℃，建议商务着装。,2025-05-09 07:25:00,飞常准,43-c
Push-1060,43-3,雪球：区块链金融动态推送,【雪球】您关注的区块链资产确权话题，在亚洲金融科技峰会引发热议。查看专题讨论与相关概念股分析。,2025-05-09 10:15:00,雪球,43-c
Push-1061,120-1-2,淘宝：园艺好物上新提醒,【淘宝】您收藏的矮生小番茄种子、椰糠土和缓释肥组合正在参加限时活动，满99减15，点击查看园艺工具套装。,2025-05-09 12:30:00,淘宝,120-a
Push-1062,,航旅纵横：航班值机与登机口提醒,【航旅纵横】您乘坐的MU9395（上海浦东-长沙黄花）已开放线上值机，推荐座位38A（靠过道）。航班预计15:50起飞，登机口将在起飞前1小时公布。,2025-05-09 13:05:00,航旅纵横,
Push-1063,,美团外卖：订单制作完成提醒,【美团外卖】您在牛家酒场的烤鲭鱼定食订单#20250509123456已制作完成，骑手张师傅（电话138****5678）正在配送，预计20:25送达。,2025-05-09 20:15:00,美团外卖,
Push-1064,,支付宝：便利店支付成功,【支付宝】您已成功支付新佳宜便利店订单，金额28.5元，商品：电解质水*2，全麦面包*1。账单已同步至我的账单。,2025-05-09 22:55:00,支付宝,
Push-1065,,京东到家：明日早餐食材推荐,【京东到家】检测到您购买了早餐面包，为您推荐搭配的进口果酱与低温鲜奶，现在下单明早7点前送达。,2025-05-09 23:02:00,京东到家,
Push-1066,84-2-1,高德地图：驾车路线推荐,【高德地图】为您推荐前往青竹湖国际高尔夫球会的最优路线，避开早高峰拥堵，预计09:30出发，10:20到达。,2025-05-10 09:28:00,高德地图,84-b
Push-1067,84-2-1,雪球：您关注的宏观话题有更新,【雪球】您关注的宏观经济与数字资产配置话题有3篇新分析，来自知名财经博主，点击查看最新观点。,2025-05-10 13:15:00,雪球,84-b
Push-1068,13-9-1,CFA协会：模拟考试倒计时提醒,【CFA协会】您的第二次全真模拟考试将于16:30开始，请提前准备好试卷、答题卡和计时器，祝您考试顺利！,2025-05-10 16:00:00,CFA协会,13-i
Push-1069,,系统：存储空间不足提醒,【系统通知】当前手机存储空间已使用超过90%，建议及时清理照片、视频等文件，确保系统流畅运行。,2025-05-10 19:35:00,系统存储管理,
Push-1070,,支付宝：便利店支付成功,【支付宝】您已成功支付罗比零食专卖店订单#CT202505102000，金额48.5元，账单已同步至我的账单。,2025-05-10 20:05:00,支付宝,
Push-1071,139-5-1,500px：欢迎加入摄影社区,【500px】欢迎冯浩然加入全球摄影社区！您的个人主页已创建成功，快去完善资料，与全球摄影师交流吧。,2025-05-10 20:40:00,500px,139-e
Push-1072,139-5-1,500px：您上传的作品收到新点赞,【500px】您上传的《岳麓晨光》等8张作品已收到15个新点赞和3条评论，快去看看吧！,2025-05-10 21:50:00,500px,139-e
Push-1073,,Keep：您的晨间瑜伽计划已就绪,【Keep】早上好！您的15分钟颈肩放松瑜伽计划已准备就绪，包含猫牛式、婴儿式等5个动作，助您开启活力一天。,2025-05-11 08:25:00,Keep,
Push-1074,84-3,微信：您有新的联系人消息,【微信】客户林志豪已回复您的消息，点击查看详情。,2025-05-11 09:35:00,微信,84-c
Push-1075,43-4-1,印象笔记：资料归档提醒,【印象笔记】您上周的金融科技峰会资料已超过7天未归档，建议尽快按行业趋势、技术应用等标签分类整理。,2025-05-11 10:35:00,印象笔记,43-d
Push-1076,,墨迹天气：午后出行天气提醒,【墨迹天气】长沙岳麓区今日午后多云，气温18-25℃，适宜户外活动。您计划前往的望月湖市场区域天气良好。,2025-05-11 13:30:00,墨迹天气,
Push-1077,120-2-1,支付宝：园艺采购支付成功,【支付宝】您已成功支付望月湖市场李店主园艺材料订单#20250511001，金额128.5元，账单已同步至我的账单。,2025-05-11 14:17:00,支付宝,120-b
Push-1078,,系统：存储空间不足提醒,【系统通知】您的手机存储空间已使用超过90%，建议及时清理照片、视频或卸载不常用应用。,2025-05-11 17:05:00,系统存储管理,
Push-1079,,小红书：您的摄影作品收到新互动,【小红书】您分享的潮宗街街拍作品收到5个新赞和2条评论，快来看看吧！,2025-05-11 18:05:00,小红书,
Push-1080,,雪球：加密货币行情异动提醒,"【雪球】您关注的比特币（BTC）价格在18:15出现约2%的波动，最新报价为$65,432。点击查看详细分析。",2025-05-11 18:16:00,雪球,
Push-1081,,支付宝：好友聚餐支付成功,【支付宝】您已成功支付西湖建新安置小区湘菜馆订单#20250511002，金额286元（AA后实付143元），账单已同步至我的账单。,2025-05-11 20:12:00,支付宝,
Push-1082,,美团：为您推荐健康轻食餐厅,【美团】根据您的消费偏好，为您推荐附近3家评分4.5以上的健康轻食餐厅，人均50-80元。,2025-05-11 20:50:00,美团,
Push-1083,148-9,雪球：高波动性资产分析报告更新,【雪球】您关注的加密货币风险收益分析专题报告已更新，包含最新夏普比率与波动率数据。,2025-05-11 21:50:00,雪球,148-i
Push-1084,,Keep：睡前放松冥想引导,【Keep】睡前是放松身心的好时机，为您推荐10分钟正念呼吸冥想，帮助缓解压力，提升睡眠质量。,2025-05-11 22:25:00,Keep,
Push-1085,,系统：电量低提醒,【系统通知】当前手机电量已低于 20%，请及时充电，避免影响使用,2025-05-12 07:40:00,系统电池管理,
Push-1086,83-5,钉钉：团队例会即将开始,【钉钉】您参与的团队例会将于 10:00 开始，地点：华泰证券办公室 3号会议室，请准时参加,2025-05-12 09:30:00,钉钉,83-e
Push-1087,83-5,系统：存储空间不足,【系统通知】手机存储空间已使用超过 90%，建议清理照片、视频等文件以释放空间,2025-05-12 11:15:00,系统存储管理,83-e
Push-1088,,大众点评：湘菜馆推荐,【大众点评】为您推荐公司附近评分 4.8 分的湘菜馆【火宫殿】，人均 80 元，午市套餐优惠中,2025-05-12 12:15:00,大众点评,
Push-1089,,雪球：A股午盘行情提醒,【雪球】午盘快讯：沪指涨 0.5%，创业板指涨 1.2%。您关注的券商板块表现活跃，华泰证券现价 18.75 元，涨幅 2.1%,2025-05-12 13:45:00,雪球,
Push-1090,,得到：投资心理学书籍更新,【得到】您订阅的《行为投资学手册》已更新第 5 章：认知偏差与决策陷阱，可随时收听学习,2025-05-12 15:20:00,得到,
Push-1091,13-12,Forest：专注学习提醒,【Forest】您设定的 CFA 复习专注时间（20:00-22:30）即将开始，请准备好学习资料，避免分心,2025-05-12 19:50:00,Forest,13-l
Push-1092,,Keep：今日运动提醒,【Keep】您设定的每日晨间拉伸计划已准备就绪，今日推荐：肩颈放松与核心激活，点击开始今日健康管理。,2025-05-13 06:45:00,Keep,
Push-1093,,系统：存储空间提醒,【系统通知】手机存储空间已使用超过90%，建议及时清理照片、视频等文件，确保系统流畅运行。,2025-05-13 07:20:00,系统存储管理,
Push-1094,,系统：电量低提醒,【系统通知】当前手机电量已低于20%，请及时连接充电器，避免影响下午工作。,2025-05-13 12:45:00,系统电池管理,
Push-1095,,湘雅附二医院：体检报告更新,【湘雅附二医院】您2025年4月的体检报告电子版已生成，可登录APP查看详细指标与解读建议。,2025-05-13 13:05:00,湘雅附二医院APP,
Push-1096,,雪球：热门投资话题推荐,【雪球】您关注的家族信托与资产隔离策略有新的深度分析，来自大V钱永强，点击查看专业解读。,2025-05-13 14:15:00,雪球,
Push-1097,139-6,Adobe Lightroom：作品灵感更新,【Adobe Lightroom】探索新风格：全球摄影师街拍光影调色预设合集已上线，助力您的作品脱颖而出。,2025-05-13 15:35:00,Adobe Lightroom,139-f
Push-1098,,企业微信：明日会议提醒,【企业微信】提醒：您与钱永强总监的项目进展汇报会议安排在明日10:00，请提前准备相关材料。,2025-05-13 17:30:00,企业微信,
Push-1099,,下厨房：健康晚餐食谱推荐,【下厨房】根据您的浏览记录，为您推荐低脂高蛋白食谱：橄榄油清炒虾仁西兰花，附详细步骤与营养分析。,2025-05-13 19:25:00,下厨房,
Push-1100,13-13,喜马拉雅：CFA备考音频更新,【喜马拉雅】您订阅的CFA三级通关宝典已更新：第8章奇异期权定价模型精讲，可利用碎片时间巩固难点。,2025-05-13 20:05:00,喜马拉雅,13-m
Push-1101,13-13,知乎：金融职场进阶推荐,【知乎】投资顾问如何打造个人专业品牌？热门回答从内容定位到平台运营给出实操建议，值得一看。,2025-05-13 20:50:00,知乎,13-m
Push-1102,43-5,雪球：创作者动态更新,【雪球】您关注的创作者“资产配置老司机”发布了新文章：金融科技工具测评之智能投顾对比分析。,2025-05-13 22:10:00,雪球,43-e
Push-1103,,美团外卖：订单确认通知,【美团外卖】您的订单#2025051322354766（烤鸡胸肉蔬菜沙拉）商家已接单，正在准备中，预计23:15前送达。,2025-05-13 22:37:00,美团外卖,
Push-1104,,雪球：早盘市场动态速递,【雪球】早盘观察：隔夜美股三大指数涨跌不一，科技股表现分化。A股今日关注新能源板块政策预期及金融股动向。您的自选股【平安银行】、【宁德时代】盘前有异动提醒。,2025-05-14 07:05:00,雪球,
Push-1105,,支付宝：晚餐支付成功提醒,【支付宝】您已成功支付日式拉面店订单#202505141845，金额 48 元，账单已同步至我的账单。,2025-05-14 18:52:00,支付宝,
Push-1106,225-2-4,微信支付：咖啡消费提醒,【微信支付】您已在麓山下咖啡馆消费 38 元，支付方式：零钱。点击查看账单详情。,2025-05-14 21:15:00,微信,225-b
Push-1107,,微信支付：便利店消费提醒,【微信支付】您已在Today便利店消费 25.5 元，购买商品：鲜牛奶、香蕉。,2025-05-14 22:12:00,微信,
Push-1108,,高德地图：停车缴费成功通知,【高德地图】您位于骏豪花园南地面停车场的停车订单（时长2小时5分钟）已通过无感支付完成缴费，金额 15 元。,2025-05-14 22:25:00,高德地图,
Push-1109,,得到：睡前知识锦囊,【得到】睡前听本书：《原则》精讲更新至第5章——用五步流程实现你的人生愿望。结合投资中的系统化思维，听听达利欧如何将原则应用于实践。,2025-05-14 23:05:00,得到,
Push-1110,,系统：存储空间不足提醒,【系统通知】当前手机存储空间已低于10%，建议及时清理照片、视频或卸载不常用应用，以释放空间。,2025-05-15 12:50:00,系统存储管理,
Push-1111,,小宇宙：您关注的播客更新了,【小宇宙】您关注的播客《商业就是这样》已更新最新一期：金融IP打造实战案例分享，点击收听。,2025-05-15 13:25:00,小宇宙,
Push-1112,231-1-2,降价提醒,您关注的【欧姆龙】智能血压计血氧仪套装已降价，现在购买享专属优惠！,2025-05-15 13:30:00,京东,231-a
Push-1113,,雪球：您关注的股票异动提醒,【雪球】您关注的贵州茅台(SH600519)盘中涨幅超过3%，最新价报1785.00元，点击查看详情。,2025-05-15 14:15:00,雪球,
Push-1114,43-6,小红书：个人品牌运营干货推荐,【小红书】金融人如何从0到1打造个人IP？3个爆款内容公式与平台选择策略，助你快速起步。,2025-05-15 15:15:00,小红书,43-f
Push-1115,231-1-3,京东：订单支付成功通知,【京东】您已成功支付智能血压计血氧仪套装订单，订单号JD202505151530123456，金额389.00元，预计5月17日送达。,2025-05-15 15:32:00,京东,231-a
Push-1116,,支付宝：线下支付成功提醒,【支付宝】您于罗比零食专卖店（长沙市岳麓区双塘路128号）的消费58.60元支付成功，付款方式：花呗。,2025-05-15 18:05:00,支付宝,
Push-1117,,微信读书：您可能感兴趣的新书,【微信读书】根据您的阅读历史，为您推荐《投资最重要的事（全新升级版）》，作者霍华德·马克斯深度解读市场周期与风险。,2025-05-15 23:05:00,微信读书,
Push-1118,,Keep：今日运动记录已生成,【Keep】您今日晨间快走与拉伸活动已记录，运动时长80分钟，消耗约320千卡。坚持运动，保持健康活力！,2025-05-16 08:25:00,Keep,
Push-1119,148-11-2,雪球：加密货币监管动态速递,【雪球】您关注的加密货币监管话题有更新：美国SEC对以太坊ETF审议进入关键阶段，相关分析文章已发布，点击查看。,2025-05-16 13:15:00,雪球,148-k
Push-1120,15-9,得到：CFA三级数量方法专题课更新,【得到】您学习的CFA三级课程【数量方法】已更新习题精讲：时间序列分析与假设检验实战演练，助您攻克计算难点。,2025-05-16 14:45:00,得到,15-i
Push-1121,,菜鸟：包裹正在派送中,【菜鸟】您的包裹（订单尾号7852）已由长沙岳麓公司揽收，正在发往派送网点，预计今天18:00前送达，请保持电话畅通。,2025-05-16 15:35:00,菜鸟,
Push-1122,,京东：您的商品已出库,【京东】您购买的鱼跃智能血压计等商品已从武汉仓发出，正在运输途中，物流单号：JDV6054785231，点击查看实时轨迹。,2025-05-16 15:40:00,京东,
Push-1123,,高德地图：通勤路况与咖啡厅推荐,【高德地图】当前前往浏阳河大道路况畅通，预计17:55到达。根据您的喜好，一丹咖啡厅附近还有三家评分4.5以上的手冲咖啡馆。,2025-05-16 17:33:00,高德地图,
Push-1124,,大众点评：金枪鱼沙拉订单完成,【大众点评】您在一丹咖啡厅的订单（订单号：202505161755234）已完成，金枪鱼沙拉与冰美式共计消费48元。感谢您的光临！,2025-05-16 18:02:00,大众点评,
Push-1125,15-9,知乎：经济学汇率理论深度讨论,【知乎】您在关注的经济学话题下，有新的高赞回答：如何运用汇率决定理论分析当前人民币资产配置？作者为知名宏观研究员。,2025-05-16 20:15:00,知乎,15-i
Push-1126,138-7,图虫：您发布的《长沙老街区夜景》有新评论,【图虫】您发布的《长沙老街区夜景》组照收到了5条新评论，用户【光影捕手】向您请教了广角镜头畸变控制技巧，快去回复互动吧！,2025-05-16 21:45:00,图虫,138-g
Push-1127,,系统：存储空间不足提醒,【系统通知】您的手机存储空间已使用超过90%，部分应用运行可能受影响。建议及时清理照片、视频或卸载不常用应用。,2025-05-16 22:05:00,系统存储管理,
Push-1128,,得到：播客创作灵感推荐,【得到】为您推荐播客创作灵感：震荡市下的资产配置策略深度解析，助您完善《配置相对论》大纲。,2025-05-17 09:15:00,得到,
Push-1129,15-10,雪球：行为金融学热点解读,【雪球】行为金融学最新研究：投资者情绪如何影响市场波动？点击查看深度解读，助您备考。,2025-05-17 10:45:00,雪球,15-j
Push-1130,,系统：存储空间不足提醒,【系统通知】您的手机存储空间已使用超过90%，建议及时清理照片、视频等文件，确保设备流畅运行。,2025-05-17 15:20:00,系统存储管理,
Push-1131,,图虫：您的作品收到新评论,【图虫】您分享的作品《岳麓山门前的树影》收到了3条新评论，快来看看摄友们都说了什么吧！,2025-05-17 16:50:00,图虫,
Push-1132,93-1-2,高德地图：聚会地点路线规划,【高德地图】为您规划前往巷子深私房菜馆（天心区太平街）的最佳路线，预计17:40出发，18:20到达，路况畅通。,2025-05-17 17:35:00,高德地图,93-a
Push-1133,93-1-1,支付宝：聚餐AA收款成功,【支付宝】您发起的同学聚会AA收款（订单#202505171830）已成功，共收到3笔款项，总计480元。,2025-05-17 20:35:00,支付宝,93-a
Push-1134,93-1-4,网易云音乐：私人雷达更新,【网易云音乐】根据您的听歌喜好，今日私人雷达歌单已更新，内含巴赫《哥德堡变奏曲》等古典乐曲，助您放松思绪。,2025-05-17 21:05:00,网易云音乐,93-a
Push-1135,15-10,Keep：今日拉伸任务提醒,【Keep】您设定的肩颈放松与全身拉伸课程即将开始，筋膜枪使用技巧已同步更新，点击立即跟练。,2025-05-17 21:15:00,Keep,15-j
Push-1136,15-10,华泰证券涨乐财富通：考前知识点速览,【涨乐财富通】私人财富管理考前冲刺：资产配置核心框架与风险管理公式速览，助您高效回顾。,2025-05-17 21:45:00,华泰证券涨乐财富通,15-j
Push-1137,,支付宝：超市支付成功提醒,【支付宝】您已成功支付兴盛超市订单#CS202505180815，金额 38.60 元，账单已同步至我的账单,2025-05-18 08:16:00,支付宝,
Push-1138,,小红书：摄影灵感推荐,【小红书】发现你喜欢的城市街拍：长沙浏阳河畔的落日光影，点击查看摄影师的构图技巧与调色思路,2025-05-18 12:45:00,小红书,
Push-1139,,滴滴出行：行程确认通知,【滴滴出行】您的快车行程已确认，司机李师傅（湘A·D5F23）正在赶来，预计14:35到达，请提前准备,2025-05-18 14:32:00,滴滴出行,
Push-1140,,系统：存储空间不足提醒,【系统通知】手机存储空间已不足10%，建议清理照片、视频或卸载不常用应用以释放空间,2025-05-18 16:20:00,系统存储管理,
Push-1141,,500px：摄影作品推荐,【500px】浏阳河风光带摄影精选：与你兴趣相似的摄影师发布了新的黄昏作品，快去欣赏并获取灵感吧,2025-05-18 17:35:00,500px,
Push-1142,,高德地图：打车订单确认,【高德地图】您的出租车订单已确认，车辆湘A·T8B76正在前往接驾，预计18:18到达浏阳河大道上车点,2025-05-18 18:16:00,高德地图,
Push-1143,,下厨房：简易晚餐推荐,【下厨房】虾仁西兰花杂粮饭怎么做？查看10万+收藏的减脂快手菜谱，15分钟搞定营养晚餐,2025-05-18 18:50:00,下厨房,
Push-1144,,雪球：CFA备考资料推荐,【雪球】备考CFA三级“资产配置”？热门专栏更新了核心考点精讲与真题解析，助你高效复习,2025-05-18 21:35:00,雪球,
Push-1145,,微信读书：投资书籍推荐,【微信读书】根据你的阅读历史，推荐《周期》作者新作《投资最重要的事》解读版，限时免费试读,2025-05-18 23:05:00,微信读书,
Push-1146,,Keep：您的晨练记录已生成,【Keep】您于07:50完成的晨间快走与拉伸训练已记录，消耗约180千卡。坚持运动，缓解颈肩不适，为健康加分！,2025-05-19 07:52:00,Keep,
Push-1147,222-3-1,平安好医生：视频咨询预约成功,【平安好医生】您已成功预约在线视频咨询，时间：2025-05-19 13:30，医生：内科专家。请提前10分钟进入候诊室，预约码：PH20250519001。,2025-05-19 08:01:00,平安好医生,222-c
Push-1148,,雪球：早盘市场快讯,【雪球】隔夜美股收涨，A股三大指数小幅高开。您关注的金融板块表现活跃，点击查看最新研报与资金流向。,2025-05-19 09:15:00,雪球,
Push-1149,,大众点评：发现健康轻食,【大众点评】根据您的健康饮食偏好，为您推荐羽衣甘蓝轻食坊附近的【光合沙拉】，主打高蛋白低脂餐，评分4.8。,2025-05-19 12:05:00,大众点评,
Push-1150,222-3-1,平安好医生：就诊前1小时提醒,【平安好医生】温馨提醒：您预约的13:30在线视频咨询即将开始。请确保网络通畅，并提前准备好体检报告。点击进入候诊室。,2025-05-19 12:30:00,平安好医生,222-c
Push-1151,,系统：存储空间不足提醒,【系统通知】您的手机存储空间已使用超过90%，部分应用运行可能变慢。建议及时清理照片、视频或卸载不常用应用。,2025-05-19 19:45:00,系统存储管理,
Push-1152,,华泰证券：客户紧急消息提醒,【华泰证券】客户林志豪先生发来紧急消息，涉及市场波动与资产配置调整。请及时登录涨乐财富通APP查看并处理。,2025-05-19 22:05:00,涨乐财富通,
Push-1153,223-2,京东：订单确认通知,【京东】您已成功下单办公桌下迷你脚踏板，订单号JD2025052011151234，预计5月22日送达，请保持电话畅通。,2025-05-20 11:16:00,京东,223-b
Push-1154,223-2,小米商城：订单确认通知,【小米商城】您购买的小米体脂秤2已下单成功，订单号XM2025052011185678，预计5月21日发货，可前往订单页查看物流。,2025-05-20 11:19:00,小米商城,223-b
Push-1155,,大众点评：个性化餐厅推荐,【大众点评】根据您的口味，为您推荐公司附近新开的湘菜馆【炊烟小炒黄牛肉】，人均约80元，评分4.8，午市套餐优惠中。,2025-05-20 11:45:00,大众点评,
Push-1156,,支付宝：咖啡支付成功提醒,【支付宝】您已成功支付圣爵菲斯咖啡厅订单#CF20250520153099，金额28元，支付方式为花呗。,2025-05-20 15:31:00,支付宝,
Push-1157,,雪球：自选股异动提醒,【雪球】您关注的贵州茅台(SH600519)午后拉升，现涨幅2.3%，报1688元，成交额放大，点击查看机构解读。,2025-05-20 15:35:00,雪球,
Push-1158,,系统：存储空间不足提醒,【系统通知】手机存储空间已不足10%，建议清理照片、视频或卸载不常用应用以释放空间。,2025-05-20 16:20:00,系统存储管理,
Push-1159,,美团：湘菜馆个性化推荐,【美团】猜您喜欢：您常去的湘菜馆附近新开【老长沙口味虾】，招牌口味虾套餐限时78折，点击领取优惠券。,2025-05-20 18:05:00,美团,
Push-1160,,微信支付：晚餐支付成功,【微信支付】支付成功，向【西湖建新安置小区湘菜馆】支付86元。开启支付有礼，笔笔返现。,2025-05-20 18:12:00,微信,
Push-1161,,图虫：您收藏的摄影师更新了,【图虫】您关注的摄影师【城市夜行者】刚刚发布了新作品【长沙IFS夜景】，快去欣赏并点赞支持吧！,2025-05-20 20:35:00,图虫,
Push-1162,,B站：财经UP主更新提醒,【B站】您订阅的财经UP主【巫师财经】更新了视频：2025年Q2投资策略前瞻，快来围观！,2025-05-20 20:40:00,B站,
Push-1163,222-4-1,得到：明日学习计划提醒,【得到】您订阅的《香帅的北大金融学课》明日将更新第35讲：资产配置的核心逻辑，记得准时学习哦。,2025-05-20 21:05:00,得到,222-d
Push-1164,223-3,Keep：晨跑计划提醒,【Keep】您设定的晨跑计划将在10分钟后开始，请做好准备。今日目标：结构化变速跑45分钟，关注心率区间。,2025-05-21 06:10:00,Keep,223-c
Push-1165,223-3,网易云音乐：跑步后放松歌单推荐,【网易云音乐】根据您的跑步习惯，为您推荐“跑后拉伸与放松”专属歌单，帮助肌肉恢复，点击即可播放。,2025-05-21 07:10:00,网易云音乐,223-c
Push-1166,,雪球：沪深300指数异动提醒,【雪球】您关注的沪深300指数现报3821.45点，上涨0.85%。科技、消费板块领涨，市场情绪回暖。,2025-05-21 10:30:00,雪球,
Push-1167,223-3,图虫：您关注的摄影师发布了新作品,【图虫】摄影师@城市光影 刚刚发布了新系列《晨雾中的岳麓山》，快来欣赏并为他点赞吧！,2025-05-21 13:15:00,图虫,223-c
Push-1168,,星巴克：啡快订单已备好,【星巴克】您的美式咖啡（大杯，热）已制作完成，取餐码A125，请尽快至湖南广电中心店取餐。,2025-05-21 15:35:00,星巴克,
Push-1169,,系统：存储空间不足提醒,【系统通知】您的手机存储空间已使用超过90%，建议及时清理照片、视频或卸载不常用应用以释放空间。,2025-05-21 16:20:00,系统存储管理,
Push-1170,,Lightroom：照片备份完成,【Adobe Lightroom】您上周末导入的127张照片已完成云端备份与智能整理，点击查看《城市暮色剪影》精选集。,2025-05-21 20:55:00,Adobe Lightroom,
Push-1171,,微信读书：您订阅的《周期》更新了书评,【微信读书】您正在阅读的《周期》新增了3条高质量书评，来自投资领域读者，或许能给您新的启发。,2025-05-21 22:05:00,微信读书,
Push-1172,95-1,京东：订单确认通知,【京东】您的订单#JD202505220812已确认，商品：冰箱清洁剂、洗衣机槽清洁块、净水器滤芯、浴霸通风滤网，预计5月24日送达，请关注物流信息。,2025-05-22 06:15:00,京东,95-a
Push-1173,95-1,雪球：早盘行情速递,【雪球】早盘观察：隔夜美股三大指数收涨，中概股表现活跃。今日关注A股金融板块动向及北向资金流向。,2025-05-22 06:45:00,雪球,95-a
Push-1174,,得到：通勤路上听什么,【得到】为您推荐：最新一期《财经郎眼》深度解读当前宏观经济政策，适合通勤路上收听。,2025-05-22 07:20:00,得到,
Push-1175,,企业微信：会议即将开始,【企业微信】您与林志豪的会议将于10分钟后开始，请提前准备好相关材料。点击进入会议。,2025-05-22 08:55:00,企业微信,
Push-1176,,同花顺：板块异动提醒,【同花顺】快讯：证券板块早盘异动拉升，华泰证券涨幅超2%，建议关注相关个股。,2025-05-22 10:30:00,同花顺,
Push-1177,,系统：存储空间不足,【系统通知】您的手机存储空间已使用超过90%，部分功能可能受限，建议及时清理。,2025-05-22 15:10:00,系统存储管理,
Push-1178,,菜鸟：包裹已到达驿站,【菜鸟】您有一个包裹（取件码：8-5-1024）已到达岳麓区郡原广场菜鸟驿站，请在今日21:00前凭码取件。,2025-05-22 17:45:00,菜鸟,
Push-1179,222-5,高德地图：路况提醒,【高德地图】岳麓区双塘路附近当前有雷阵雨，路面湿滑，能见度较低，请您注意行车安全。,2025-05-22 18:35:00,高德地图,222-e
Push-1180,15-12-1,支付宝：支付成功,【支付宝】您已成功支付坡子街日式拉面店消费，金额128元。付款方式：花呗。,2025-05-22 20:05:00,支付宝,15-l
Push-1181,16-6,Forest：专注时间开始,【Forest】您设定的3小时CFA模拟考试专注时间已开始，请勿使用手机，一起种下专注之树吧！,2025-05-22 21:30:00,Forest,16-f
Push-1182,,系统：存储空间提醒,【系统通知】您的手机存储空间已使用超过90%，建议及时清理，避免影响应用运行和拍照功能,2025-05-23 06:05:00,系统存储管理,
Push-1183,,支付宝：早餐支付成功提醒,【支付宝】您已成功支付沁园包子订单#202505230735，金额 18.5 元，账单已同步至我的账单,2025-05-23 07:36:00,支付宝,
Push-1184,,小宇宙：播客更新提醒,【小宇宙】您关注的播客《财经早知道》已更新：数字资产监管新规解读，特邀嘉宾分享合规投资策略,2025-05-23 09:05:00,小宇宙,
Push-1185,,雪球：港股市场早报,【雪球】港股科技板块早盘活跃，腾讯控股(00700.HK)高开1.2%。您关注的恒生科技指数ETF(03033.HK)现报4.85港元，上涨0.83%。,2025-05-23 09:15:00,雪球,
Push-1186,,微信读书：投资类书籍推荐,【微信读书】根据您的阅读历史，为您推荐《周期》作者新作《投资心理学》，揭秘市场情绪与决策陷阱,2025-05-23 10:30:00,微信读书,
Push-1187,,微信支付：便利店支付成功提醒,【微信支付】支付成功 28.0 元。收款方：喜万惠便利超市。时间：2025-05-23 20:10,2025-05-23 20:11:00,微信,
Push-1188,,美团：健康餐食推荐,【美团】发现您常点轻食，为您推荐附近新上线的“能量厨房”，主打低脂高蛋白定制餐，首单立减8元,2025-05-23 20:20:00,美团,
Push-1189,,支付宝：父母保险产品对比,【支付宝】您浏览过的中老年医疗险，我们已为您整理好“好医保”与“平安e生保”的核心条款对比，点击查看详情,2025-05-23 21:35:00,支付宝,
Push-1190,,Keep：今日跑步计划已生成,【Keep】根据您的习惯，已为您生成今日晨跑计划：5公里轻松跑，配速建议6分30秒/公里。岳麓山路线空气质量优，适合户外运动。,2025-05-24 06:55:00,Keep,
Push-1191,,雪球：早间财经资讯速递,【雪球】早盘观察：隔夜美股三大指数收涨，中概股表现活跃。今日关注A股大金融板块动向及5月LPR报价预期。,2025-05-24 08:45:00,雪球,
Push-1192,14-4,京东：您的商品已到店，请尽快提货,【京东】您预订的华为智能体脂秤及欧姆龙上臂式血压计已送达王府井购物中心京东线下店，提货码：JD20250524CS789，请凭码提货。,2025-05-24 14:42:00,京东,14-d
Push-1193,,系统：存储空间不足提醒,【系统通知】当前手机存储空间已使用超过90%，部分应用运行可能变慢，建议及时清理。,2025-05-24 15:05:00,系统存储管理,
Push-1194,,星巴克：订单确认通知,【星巴克】您已成功下单：冰手冲耶加雪菲（大杯），订单号#SB825051234，取餐码A15，请前往一丹咖啡（王府井店）取餐。,2025-05-24 15:52:00,星巴克,
Push-1195,,Keep：晚间核心训练提醒,【Keep】您设定的晚间核心训练（平板支撑、卷腹）即将开始。今日已完成家务劳动，建议训练后增加肩颈与腿部拉伸，时长15分钟。,2025-05-24 19:10:00,Keep,
Push-1196,,潮汐：睡前冥想与放松提醒,【潮汐】根据您的作息，睡前是进行10分钟正念冥想的好时机，有助于缓解备考压力，提升睡眠质量。已为您准备好自然白噪音。,2025-05-24 21:55:00,潮汐,
Push-1197,,系统：电量低提醒,【系统通知】当前手机电量已低于15%，请连接充电器，避免影响明日CFA考试相关安排。,2025-05-24 22:05:00,系统电池管理,
Push-1198,14-5,Keep：今日运动目标提醒,【Keep】今日运动目标已更新：晨跑5公里。岳麓山空气清新，是完成目标的好地方，记得做好热身哦！,2025-05-25 06:15:00,Keep,14-e
Push-1199,14-5,华为运动健康：跑步数据同步完成,【华为运动健康】您于06:50-08:10在岳麓山的70分钟跑步数据已同步，配速稳定，心率区间良好。拉伸有助于恢复，继续保持！,2025-05-25 08:15:00,华为运动健康,14-e
Push-1200,,雪球：早间财经快讯,【雪球】早盘速递：全球主要股指涨跌互现，加密货币市场小幅震荡。您关注的BTC现报XXXXX美元。早餐时间，快速掌握市场脉搏。,2025-05-25 08:25:00,雪球,
Push-1201,13-10-1,周末专项强化练习,专项强化练习即将开始，请准备好相关教材和错题本，专注攻克薄弱环节。,2025-05-25 08:45:00,学习计划,13-j
Push-1202,85-4,钉钉：日程提醒-草拟合作框架,【钉钉】日程提醒：上午9:00开始，基于客户林志豪反馈草拟《关于XX集团潜在资本优化与资产证券化路径的初步合作框架》。请专注完成。,2025-05-25 08:55:00,钉钉,85-d
Push-1203,85-4,WPS Office：文档保存成功,【WPS Office】您编辑的文档《关于XX集团潜在资本优化与资产证券化路径的初步合作框架》已自动保存至云端。当前版本已涵盖现状分析、融资工具选择等核心章节。,2025-05-25 11:28:00,WPS Office,85-d
Push-1204,125-1,链家：您的房产估值报告已生成,【链家】根据您当前的住房信息，系统已生成一份初步在线估值报告。点击查看详情，并可使用内置工具进行置换预算模拟计算。,2025-05-25 13:35:00,链家,125-a
Push-1205,,小红书：桃子湖文创园打卡攻略,【小红书】发现好去处：长沙桃子湖文创园街拍攻略上新！内含最佳机位、特色店铺和近期活动信息，助你捕捉光影瞬间。,2025-05-25 16:20:00,小红书,
Push-1206,,系统：存储空间不足提醒,【系统通知】手机存储空间已低于10%，可能影响应用运行和照片保存。建议及时清理缓存或转移文件。,2025-05-25 19:45:00,系统存储管理,
Push-1207,148-13,欧易OKX：数字资产晚间行情,【欧易OKX】行情速览：BTC 24H +1.2%，ETH 24H +0.8%。DeFi板块整体平稳。您设置的【研究框架整合】提醒已触发，可进入笔记模块查看。,2025-05-25 20:35:00,欧易OKX,148-m
Push-1208,,华为运动健康：晚间健康数据已记录,【华为运动健康】晚间测量数据已同步：体重75.0kg，血压XXX/XX mmHg。今日运动消耗达标，睡眠建议时间为23:30前。,2025-05-25 23:05:00,华为运动健康,
Push-1209,,雪球：早盘行情速递,【雪球】早盘观察：新能源板块开盘活跃，消费股震荡整理。您关注的沪深300指数现报3850.12点，微涨0.15%。点击查看详情。,2025-05-26 08:45:00,雪球,
Push-1210,,支付宝：午餐支付成功提醒,【支付宝】您已成功支付老长沙湘菜馆订单#LSXCC202505261210，金额 86.00 元，账单已同步至我的账单。,2025-05-26 12:12:00,支付宝,
Push-1211,,潮汐：午休冥想引导,【潮汐】午间小憩时间到。为您推荐一段10分钟的正念呼吸引导，帮助您快速恢复精力，迎接下午的工作挑战。,2025-05-26 13:20:00,潮汐,
Push-1212,,系统：存储空间不足提醒,【系统通知】您的手机存储空间已使用超过90%，部分应用运行可能受影响。建议及时清理缓存或卸载不常用应用。,2025-05-26 13:35:00,系统存储管理,
Push-1213,230-2,雪球：午后市场异动提醒,【雪球】市场快讯：消费板块午后出现拉升，多只龙头股涨幅超3%。您关注的消费ETF（159928）现涨2.1%。,2025-05-26 15:15:00,雪球,230-a
Push-1214,,美团外卖：晚餐订单支付成功,【美团外卖】您的订单#MT202505261855已支付成功，金额 42.50 元。商家湘味小厨已接单，预计19:15前送达。,2025-05-26 18:56:00,美团外卖,
Push-1215,,系统：电量低提醒,【系统通知】当前手机电量已低于 20%，请及时连接充电器，避免影响后续使用。,2025-05-26 19:45:00,系统电池管理,
Push-1216,230-5,练习提醒,别忘了今天的10分钟正念呼吸练习，帮助管理压力。,2025-05-26 20:30:00,健康,230-a
Push-1217,,系统：电量低提醒,【系统通知】当前手机电量已低于 20%，请及时充电，避免影响使用,2025-05-27 06:20:00,系统电池管理,
Push-1218,,系统：存储空间不足提醒,【系统通知】手机存储空间已使用超过 90%，建议清理照片、视频或卸载不常用应用,2025-05-27 10:35:00,系统存储管理,
Push-1219,,雪球：您关注的消费股出现异动,【雪球】您关注的消费板块股票今日早盘出现异动，建议关注最新研报和市场解读。,2025-05-27 11:15:00,雪球,
Push-1220,,支付宝：午餐支付成功提醒,【支付宝】您已成功支付老长沙湘菜馆订单#LS202505271201，金额 128 元，账单已同步至我的账单,2025-05-27 12:03:00,支付宝,
Push-1221,,大众点评：根据您的口味推荐,【大众点评】发现您常去湘菜馆，为您推荐附近评分4.8的【火宫殿】，人均约120元，点击查看详情。,2025-05-27 12:50:00,大众点评,
Push-1222,125-2-1,贝壳找房：您关注的楼盘有价格更新,【贝壳找房】您关注的【万科西街花园】近30天成交均价更新为28500元/㎡，点击查看最新房源和税费详情。,2025-05-27 13:20:00,贝壳找房,125-b
Push-1223,,Keep：您的训练计划已生成,【Keep】根据您的训练历史，为您生成本周核心力量训练计划，包含K4核心撕裂课程，点击查看详情。,2025-05-27 14:05:00,Keep,
Push-1224,125-2-2,安居客：岳麓区新上优质房源,【安居客】岳麓区【恒大雅苑】新上三房两卫房源，低密度环境，符合您的筛选条件，点击预约看房。,2025-05-27 15:40:00,安居客,125-b
Push-1225,125-2-1,微信支付：便利店消费提醒,【微信支付】您已在【罗比零食专卖店】消费 48.5 元，商品：西兰花、鲜香菇、冰鲜鲈鱼等。,2025-05-27 18:33:00,微信,125-b
Push-1226,223-7,小米运动：晨跑目标达成提醒,"【小米运动】恭喜您完成今日晨跑目标！今日晨跑距离 6.5 公里，用时 45 分钟，平均配速 6'55""，消耗热量约 480 千卡。",2025-05-28 07:21:00,小米运动,223-g
Push-1227,223-7,Keep：个性化跑步课程推荐,【Keep】根据您的跑步习惯，为您推荐【5公里进阶燃脂跑】课程，适合提升心肺与耐力，点击立即开始。,2025-05-28 07:25:00,Keep,223-g
Push-1228,,得到：财经早餐音频更新,【得到】今日财经早餐已更新：A股市场早盘观察、数字资产监管动态解读，点击收听最新市场洞见。,2025-05-28 07:35:00,得到,
Push-1229,,高德地图：通勤路况提醒,【高德地图】您常走的【岳麓区双塘路→开福区芙蓉中路】路线当前畅通，预计通行时间 42 分钟，建议 07:50 出发。,2025-05-28 07:45:00,高德地图,
Push-1230,,雪球：自选股异动提醒,【雪球】您关注的【宁德时代】盘中涨幅超 3%，现报 215.6 元。最新研报观点：电池技术迭代加速，龙头优势稳固。,2025-05-28 09:10:00,雪球,
Push-1231,125-2-3,链家：您关注的房源有更新,【链家】您关注的【梅溪湖板块】新上架一套 120 平三居室，精装修，挂牌价 285 万，符合您的筛选条件，点击查看详情。,2025-05-28 10:15:00,链家,125-b
Push-1232,,大众点评：午餐餐厅推荐,【大众点评】根据您的口味（湘菜），为您推荐公司附近的【老长沙口味馆】，人均 65 元，评分 4.8，点击查看菜单。,2025-05-28 11:50:00,大众点评,
Push-1233,148-14,腾讯会议：会议即将开始,【腾讯会议】您预约的会议【与黄思琪-数字资产交流】将于 15:40 开始，请提前进入会议准备。会议号：874 5621 3300。,2025-05-28 15:30:00,腾讯会议,148-n
Push-1234,223-7,WEGYMER健萌：训练完成提醒,【WEGYMER健萌】您今日的核心力量训练已完成！训练时长 25 分钟，主要动作：平板支撑、仰卧抬腿、俄罗斯转体。,2025-05-28 15:41:00,WEGYMER健萌,223-g
Push-1235,,系统：存储空间不足提醒,【系统通知】您的手机存储空间已使用超过 90%，建议及时清理照片、视频或卸载不常用应用，以保证系统流畅运行。,2025-05-28 16:20:00,系统存储管理,
Push-1236,,饿了么：晚餐订单出餐提醒,【饿了么】您在【传媒路快餐店】的订单 #CS202505281234 已出餐，骑手【李师傅】正在火速配送中，预计 18:15 送达。,2025-05-28 18:05:00,饿了么,
Push-1237,,500px：您关注的摄影师更新了作品,【500px】您关注的摄影师【街头捕手】刚刚发布了一组【城市暮色】街拍作品，光影构图精妙，快去欣赏吧！,2025-05-28 21:10:00,500px,
Push-1238,,雪球：今日市场热点与投资机会,【雪球】早盘观察：隔夜美股科技股普涨，A股开盘在即，关注金融科技、券商板块动向。您关注的华泰证券、东方财富等标的或有表现机会。,2025-05-29 08:05:00,雪球,
Push-1239,43-11,抖音：您关注的财经创作者更新了,【抖音】您关注的财经博主【老钱说财】刚刚发布了新视频：理财APP的资产体检功能，你真的用对了吗？快来围观吧！,2025-05-29 10:35:00,抖音,43-k
Push-1240,,大众点评：附近湘菜馆推荐,【大众点评】发现美食：西湖楼美食城【湘味人家】新推招牌小炒黄牛肉，评分4.8，距离您仅500米，点击查看详情与优惠。,2025-05-29 11:50:00,大众点评,
Push-1241,,支付宝：便利店支付成功,【支付宝】您已成功支付归心苑便利店订单，金额38.5元。支付方式：花呗。账单已同步至我的账单。,2025-05-29 18:05:00,支付宝,
Push-1242,223-9,Keep：晨跑数据已生成,【Keep】今日晨跑已完成！在岳麓山跑步5.2公里，用时38分钟，平均配速7分18秒，消耗热量约320千卡。查看详细数据，为坚持运动的自己点赞！,2025-05-30 08:02:00,Keep,223-i
Push-1243,,雪球：您关注的万科A有最新动态,【雪球】万科A（000002）发布最新经营数据公告，1-4月累计合同销售金额XXX亿元。点击查看详情及机构解读。,2025-05-30 11:45:00,雪球,
Push-1244,,潮汐：您的专注时刻,【潮汐】检测到您已结束午休。为您推荐一段10分钟的正念呼吸引导，帮助平复心绪，提升下午专注力。点击立即开始。,2025-05-30 13:15:00,潮汐,
Push-1245,,支付宝：咖啡支付成功,【支付宝】您已成功向圣爵菲斯咖啡厅支付28.00元。付款方式：花呗。可在支付宝账单中查看详情。,2025-05-30 15:02:00,支付宝,
Push-1246,,大众点评：发现附近新店,【大众点评】您常去的圣爵菲斯咖啡厅附近，新开了一家精品手冲咖啡馆【屿】，评分4.8，主打云南豆。考后可以去探索一下！,2025-05-30 15:25:00,大众点评,
Push-1247,224-1,微信支付：粽子购买成功,【微信支付】支付成功。你向罗莎蛋糕(未来城店)支付了86.50元。其中鲜肉粽x4，豆沙粽x4。祝您端午安康！,2025-05-30 17:20:00,微信,224-a
Push-1248,224-1,下厨房：端午食谱推荐,【下厨房】明天就是端午节啦！除了买现成的，想试试自己包粽子吗？我们为您准备了零失败鲜肉粽教程，用料简单，家的味道更浓。点击查看。,2025-05-30 17:35:00,下厨房,224-a
Push-1249,,小红书：睡前治愈系摄影,【小红书】睡前放松时间到！为你推荐一组城市夜景街拍，光影交错，治愈一天疲惫。收藏起来，明天考试加油！,2025-05-30 21:05:00,小红书,
Push-1250,,系统：存储空间不足提醒,【系统通知】手机存储空间已使用超过90%，部分应用运行可能变慢。建议及时清理照片、视频或卸载不常用应用。,2025-05-30 21:15:00,系统存储管理,
Push-1251,224-2-2,雪球：端午假期市场动态提醒,【雪球】端午休市提醒：A股6月2日-4日休市，港股6月3日休市。节前可关注消费、旅游板块，附赠【假期投资锦囊】,2025-05-31 11:15:00,雪球,224-b
Push-1252,,支付宝：西湖文化园餐厅支付成功,【支付宝】您已成功支付西湖文化园湖畔餐厅龙井虾仁套餐订单#LY20250531001，金额 98 元，账单已同步至我的账单,2025-05-31 12:45:00,支付宝,
Push-1253,125-4,链家：换房规划房源上新提醒,【链家】根据您的关注，梅溪湖板块新上优质房源一套，3室2厅，125平，南北通透，带学区，点击查看详情,2025-05-31 14:30:00,链家,125-d
Push-1254,,高德地图：前往小咖主咖啡厅路线提醒,【高德地图】您设定的15:10前往小咖主咖啡厅(五江生活广场店)的行程即将开始，当前路况畅通，预计15:45到达，点击查看实时路况,2025-05-31 15:05:00,高德地图,
Push-1255,,微信读书：为您推荐《看不见的城市》书友笔记,【微信读书】您正在阅读的《看不见的城市》有3条新书友笔记，探讨卡尔维诺的城市隐喻与哲学思考，点击查看,2025-05-31 16:20:00,微信读书,
Push-1256,,美团外卖：晚餐订单备餐提醒,【美团外卖】您的小炒黄牛肉和清炒莴笋丝订单#MT202505311701 商家已接单，正在备餐中，骑手即将取餐，预计18:10送达,2025-05-31 17:35:00,美团外卖,
Push-1257,,系统：存储空间不足提醒,【系统通知】手机存储空间已不足10%，建议清理相册、应用缓存或大文件，以确保手机流畅运行,2025-05-31 19:30:00,系统存储管理,
Push-1258,,Keep：晨跑活动完成提醒,【Keep】恭喜您完成今日岳麓山晨跑训练！本次运动时长30分钟，平均心率152bpm，消耗热量约320千卡。继续保持，健康生活每一天！,2025-06-01 08:05:00,Keep,
Push-1259,224-3,微信：家庭群消息提醒,【微信】幸福一家人群聊中，妈妈、爸爸等3人回复了您的消息。点击查看详情。,2025-06-01 08:45:00,微信,224-c
Push-1260,,500px：您关注的摄影师更新了作品,【500px】您关注的摄影师@街拍客 刚刚发布了新作品《城市光影》，快来欣赏并为他点赞吧！,2025-06-01 10:20:00,500px,
Push-1261,234-2,携程旅行：暑期家庭出游推荐,【携程旅行】检测到您近期关注家庭团聚，为您推荐长沙周边7月亲子民宿，独栋别墅带庭院，享早鸟价8折优惠，点击查看详情。,2025-06-01 14:15:00,携程旅行,234-b
Push-1262,,支付宝：晚餐支付成功提醒,【支付宝】您已成功支付吃饭皇帝大(星城天地店)订单#202506011728，金额286元。账单已同步至我的账单。,2025-06-01 19:58:00,支付宝,
Push-1263,,雪球：明日市场开盘前瞻,【雪球】明日A股开盘前瞻：关注金融、科技板块动向。您自选股中的华泰证券、腾讯控股等有最新研报更新，点击查看。,2025-06-01 21:40:00,雪球,
Push-1264,,得到：您订阅的专栏已更新,【得到】您订阅的专栏《投资最重要的事》已更新第15讲：理解市场周期。笔记功能已就绪，助您高效学习。,2025-06-01 22:10:00,得到,
Push-1265,232-3-1,雪球：端午假期后市场前瞻,【雪球】端午假期归来，市场将如何演绎？多位机构首席为您解读节后A股投资策略与板块轮动机会，点击查看详情。,2025-06-02 10:15:00,雪球,232-c
Push-1266,,高德地图：前往西湖文化园路线规划,【高德地图】为您规划从岳麓区机关金星住宅小区到西湖文化园东门的出行路线，打车约25分钟，公交约40分钟，点击查看实时路况。,2025-06-02 17:35:00,高德地图,
Push-1267,,支付宝：便利店支付成功提醒,【支付宝】您已成功支付归心苑便利店订单#202506021950，金额 18.5 元，账单已同步至我的账单。,2025-06-02 20:05:00,支付宝,
Push-1268,,系统：存储空间不足提醒,【系统通知】您的手机存储空间已低于10%，部分应用可能运行缓慢，建议及时清理。,2025-06-02 21:15:00,系统存储管理,
Push-1269,,Keep：今日晨练计划已生成,【Keep】根据您的历史数据，已为您生成今日核心激活与拉伸训练计划，包含平板支撑、动态拉伸等动作，预计用时15分钟。,2025-06-03 07:05:00,Keep,
Push-1270,1-14-2,雪球：科技公司股权激励税务分析专题更新,【雪球】您关注的科技公司股权激励税务优化专题已更新，包含非上市股权估值模型及跨境信托架构案例，点击查看详情。,2025-06-03 11:05:00,雪球,1-t
Push-1271,1-14-3,支付宝：咖啡支付成功提醒,【支付宝】您已成功支付一丹咖啡厅订单#CD202506031250，金额38元，账单已同步至我的账单。,2025-06-03 12:52:00,支付宝,1-t
Push-1272,1-14-3,中国大学MOOC：CFA行为金融学课程推荐,【中国大学MOOC】根据您的学习兴趣，为您推荐《行为金融学与投资决策》课程，由知名教授讲授，助力CFA备考。,2025-06-03 16:10:00,中国大学MOOC,1-t
Push-1273,1-14-1,大众点评：咖啡馆座位预定成功通知,【大众点评】您已成功预定小咖主咖啡(五江生活广场店)窗边座位，预定码#XKZ202506031745，请于17:45前到店。,2025-06-03 17:42:00,大众点评,1-t
Push-1274,,Adobe Lightroom：端午节照片编辑模板上新,【Adobe Lightroom】端午节主题预设与编辑模板已上线，一键为您的节日照片增添氛围，快去试试吧。,2025-06-03 20:15:00,Adobe Lightroom,
Push-1275,,系统：存储空间不足提醒,【系统通知】当前手机存储空间已使用超过90%，建议及时清理照片、视频等文件，确保系统流畅运行。,2025-06-03 20:55:00,系统存储管理,
Push-1276,,雪球：热门股评与市场动态,【雪球】今日债市波动引发市场关注，多只银行股获分析师调高评级。点击查看最新解读与热门讨论。,2025-06-04 09:00:00,雪球,
Push-1277,52-1,携程旅行：行程规划助手提醒,【携程旅行】检测到您近期有北京出行计划，已为您整理东城区至朝阳区的地铁换乘方案及周边酒店推荐。,2025-06-04 13:30:00,携程旅行,52-a
Push-1278,234-3,航旅纵横：航班动态更新,【航旅纵横】您关注的武汉-长沙航线，7月中旬周五晚新增CZ1234航班（19:30-20:50），经济舱票价680元起。,2025-06-04 15:45:00,航旅纵横,234-c
Push-1279,,CFA协会：ESG投资趋势文章更新,【CFA协会】您可能感兴趣：最新文章《全球ESG投资监管趋势深度解析》已发布，探讨欧盟新规对资产管理的影响。,2025-06-04 16:20:00,CFA协会,
Push-1280,,支付宝：支付成功提醒,【支付宝】您已成功支付罗比零食专卖店订单#202506041730，金额128.50元，账单已同步至我的账单。,2025-06-04 17:32:00,支付宝,
Push-1281,234-3,携程旅行：航班收藏比价提醒,【携程旅行】您收藏的武汉-长沙CZ1234航班（7月18日 19:30起飞）价格下降20元，当前最低价660元（含税）。,2025-06-04 19:25:00,携程旅行,234-c
Push-1282,,Coursera：课程学习进度提醒,【Coursera】您在《Global Tax Planning》课程的学习进度已达15%，下一节“跨境税务架构案例”已解锁，快来继续学习吧！,2025-06-04 19:55:00,Coursera,
Push-1283,,系统：存储空间不足提醒,【系统通知】当前手机存储空间已使用超过90%，建议及时清理照片、视频或卸载不常用应用。,2025-06-04 20:50:00,系统存储管理,
Push-1284,,网易云音乐：私人FM新歌推荐,【网易云音乐】根据您的收听习惯，私人FM为您推荐轻音乐专辑《静谧时光》，包含10首助眠纯音乐。,2025-06-04 22:15:00,网易云音乐,
Push-1285,,高德地图：通勤路况提醒,【高德地图】早高峰拥堵预警：岳麓山至湖南广电中心路段车多缓行，预计通勤时间45分钟，建议您提前规划路线。,2025-06-05 08:40:00,高德地图,
Push-1286,,支付宝：午餐支付成功提醒,【支付宝】您已成功支付老长沙湘菜馆（金鹰路店）订单#LSXC202506051210，金额 128 元，账单已同步至我的账单。,2025-06-05 12:13:00,支付宝,
Push-1287,,支付宝：咖啡支付成功提醒,【支付宝】您已成功支付Manner Coffee（广电中心店）订单#MC202506051340，金额 25 元，账单已同步至我的账单。,2025-06-05 13:43:00,支付宝,
Push-1288,,雪球：CFA备考相关资讯推荐,【雪球】CFA备考季：一文读懂固定收益证券的久期与凸性，助你高效复习，点击查看详情。,2025-06-05 13:45:00,雪球,
Push-1289,,Keep：核心训练课程推荐,【Keep】根据你的训练历史，为你推荐30分钟高效核心力量课程，包含平板支撑、俄罗斯转体等动作，点击立即开始。,2025-06-05 18:05:00,Keep,
Push-1290,,支付宝：生鲜超市支付成功提醒,【支付宝】您已成功支付鲜丰生鲜超市订单#XF202506051845，金额 86.5 元，账单已同步至我的账单。,2025-06-05 18:48:00,支付宝,
Push-1291,234-4-1,携程旅行：机票预订成功通知,【携程旅行】您已成功预订南方航空 CZ1234 航班，长沙-武汉，起飞时间 2025-06-12 08:30，订单号 CT123456789，电子行程单已发送至邮箱。,2025-06-05 19:45:00,携程旅行,234-d
Push-1292,,Coursera：课程学习进度提醒,【Coursera】Global Tax Planning 课程提醒：您已完成转让定价基础模块测验，得分 95%，下一模块国际税收协定已解锁。,2025-06-05 21:05:00,Coursera,
Push-1293,,得到：今日邵恒头条已更新,【得到】今日邵恒头条已更新：《AI如何重塑金融投资决策？》，点击收听前沿商业洞察，助您把握市场先机。,2025-06-06 07:08:00,得到,
Push-1294,,系统：存储空间不足提醒,【系统通知】您的手机存储空间已使用超过90%，建议及时清理照片、视频或卸载不常用应用，以保证系统流畅运行。,2025-06-06 07:45:00,系统存储管理,
Push-1295,,高德地图：通勤路况提醒,【高德地图】您常走的银盆岭大桥路段当前拥堵，预计通行时间15分钟，建议您提前规划出行。,2025-06-06 08:20:00,高德地图,
Push-1296,,雪球：新能源板块异动提醒,【雪球】您关注的新能源板块早盘出现拉升，宁德时代涨超3%，点击查看实时行情与深度分析。,2025-06-06 09:45:00,雪球,
Push-1297,138-9,图虫：热门街拍作品推荐,【图虫】探索城市光影：本周热门街头摄影作品已更新，学习大师构图与光影技巧，激发您的创作灵感。,2025-06-06 12:55:00,图虫,138-i
Push-1298,,企业微信：会议即将开始提醒,【企业微信】团队投资策略周会将于13:30开始，地点：3号会议室，请准时参加。,2025-06-06 13:00:00,企业微信,
Push-1299,,小宇宙：新节目上线提醒,【小宇宙】您订阅的《商业WHY酱》更新：如何做出不后悔的商业决策？主播分享了三个关键思维模型。,2025-06-06 17:35:00,小宇宙,
Push-1300,,大众点评：湘菜馆优惠提醒,【大众点评】您收藏的西湖建新安置小区湘菜馆推出晚市套餐优惠，凭券立减15元，点击查看详情。,2025-06-06 18:20:00,大众点评,
Push-1301,52-2,航旅纵横：航班值机提醒,【航旅纵横】您2025-06-07长沙至北京的航班CZ3123已开放值机，建议提前选座，获取更佳乘机体验。,2025-06-06 19:05:00,航旅纵横,52-b
Push-1302,,Keep：今日拉伸课程推荐,【Keep】为您推荐【办公室肩颈放松】课程，时长15分钟，适合久坐后缓解疲劳，现在开始吧。,2025-06-06 20:20:00,Keep,
Push-1303,,微信读书：阅读进度提醒,【微信读书】您在《投资最重要的事》的阅读进度已超过70%，今日阅读30分钟即可完成本周阅读目标。,2025-06-06 21:30:00,微信读书,
Push-1304,1-13,Keep：今日晨间运动提醒,【Keep】早上好！今日推荐全身动态拉伸课程，适合晨间唤醒，时长15分钟。点击开始，为新的一天注入活力。,2025-06-07 06:35:00,Keep,1-s
Push-1305,16-11-1,滴答清单：重要事件提醒,【滴答清单】您的重要事件【CFA三级考试上午场】即将在30分钟后开始，请提前准备入场。地点：湖南国际会展中心。,2025-06-07 08:00:00,滴答清单,16-k
Push-1306,16-11-1,高德地图：目的地提醒,【高德地图】您设定的目的地【湖南国际会展中心】即将到达，预计08:20抵达。请提前做好下车准备。,2025-06-07 08:15:00,高德地图,16-k
Push-1307,,雪球：午间行情速递,【雪球】午间休整，看看市场动态？沪深300指数午盘收涨0.5%，金融板块表现稳健。点击查看您关注的华泰证券最新分析。,2025-06-07 12:30:00,雪球,
Push-1308,16-11-1,滴答清单：重要事件提醒,【滴答清单】您的重要事件【CFA三级考试下午场】即将在30分钟后开始，请提前返回考场。地点：湖南国际会展中心。,2025-06-07 13:00:00,滴答清单,16-k
Push-1309,,滴滴出行：行程结束提醒,【滴滴出行】您的行程已结束，费用45.8元已通过支付宝免密支付。行程：湖南国际会展中心→岳麓区机关金星住宅小区。感谢使用，期待再次为您服务。,2025-06-07 18:15:00,滴滴出行,
Push-1310,16-11-2,大众点评：订单确认提醒,【大众点评】您已成功预订【西湖建新安置小区湘菜馆】包厢，预订人冯先生，时间19:15，预留至19:30。预订码：XC789012。,2025-06-07 19:05:00,大众点评,16-k
Push-1311,16-11-2,高德地图：目的地提醒,【高德地图】您设定的目的地【西湖建新安置小区湘菜馆】即将到达，预计19:15抵达。请提前做好下车准备。,2025-06-07 19:10:00,高德地图,16-k
Push-1312,233-1,备忘录：计划创建提醒,【备忘录】您创建的【公寓清洁与周末规划】清单已保存。包含清洁任务3项，周末活动2项。点击查看详情。,2025-06-07 22:45:00,备忘录,233-a
Push-1313,,系统：存储空间不足提醒,【系统通知】当前手机存储空间已使用超过90%，部分应用运行可能受影响。建议及时清理照片、视频或卸载不常用应用。,2025-06-07 23:30:00,系统存储管理,
Push-1314,1-13,Keep：今日运动计划提醒,【Keep】您设定的晨跑计划将在30分钟后开始，请做好准备。今日目标：慢跑3公里，消耗约250大卡。,2025-06-08 07:00:00,Keep,1-s
Push-1315,,雪球：早盘行情速递,【雪球】早盘观察：A股三大指数小幅高开，您关注的科技板块表现活跃。点击查看最新分析。,2025-06-08 08:55:00,雪球,
Push-1316,18-2,马蜂窝：湖南周边自驾攻略更新,【马蜂窝】您收藏的【湖南周边3日自驾游】攻略已更新，新增了张家界小众徒步路线和美食推荐。,2025-06-08 15:30:00,马蜂窝,18-b
Push-1317,,支付宝：湘菜馆支付成功提醒,【支付宝】您已成功支付湘菜馆订单#202506081845，金额286元。账单已同步至我的账单。,2025-06-08 20:02:00,支付宝,
Push-1318,,网易云音乐：每日推荐歌单,【网易云音乐】根据您的跑步和放松喜好，今日推荐【城市漫步·轻音律动】歌单已更新，点击收听。,2025-06-08 20:10:00,网易云音乐,
Push-1319,,小睡眠：助眠白噪音推荐,【小睡眠】检测到您即将进入睡眠时间，为您推荐【夏夜虫鸣】助眠音效，助您提升睡眠质量。,2025-06-08 22:15:00,小睡眠,
Push-1320,1-14-1,雪球：今日市场快讯,【雪球】早盘观察：A股三大指数小幅低开，高端制造板块表现活跃。您关注的半导体设备ETF（代码：512480）当前上涨1.2%，建议关注行业龙头公司最新财报。,2025-06-09 09:15:00,雪球,1-t
Push-1321,,支付宝：午餐支付成功提醒,【支付宝】您已成功支付秦湘源湖南菜馆订单#C202506091201，金额 128 元，账单已同步至我的账单。,2025-06-09 12:02:00,支付宝,
Push-1322,,大众点评：发现附近好店,【大众点评】发现您附近新开了一家日式拉面馆【一風堂】，评分4.8星，位于开福区金鹰路88号，距您仅300米。,2025-06-09 12:35:00,大众点评,
Push-1323,,京东：运动装备上新提醒,【京东】您关注的跑步装备品牌【Saucony】夏季新款跑鞋已上架，采用全新缓震科技，限时9折优惠，点击查看。,2025-06-09 19:45:00,京东,
Push-1324,,系统：存储空间不足提醒,【系统通知】您的手机存储空间已不足10%，部分应用运行可能受影响。建议及时清理照片、视频或卸载不常用应用。,2025-06-09 20:30:00,系统存储管理,
Push-1325,,携程旅行：景点预约提醒,【携程旅行】温馨提醒：您计划游览的【湖南省博物馆】需提前1-7天实名预约。当前可预约6月15日（周日）的参观门票，建议尽早安排。,2025-06-09 21:05:00,携程旅行,
Push-1326,,得到：投资类书籍更新,【得到】您正在阅读的《周期》作者霍华德·马克斯发布了新的解读专栏，深度解析当前市场周期位置与风险应对策略。,2025-06-09 21:35:00,得到,
Push-1327,52-4-2,携程旅行：机票预订成功通知,【携程旅行】您已成功预订北京往返长沙的机票，订单号#CT202506100945，6月12日CA1345（08:00-10:40），6月14日CA1346（18:30-21:10），总金额2860元。,2025-06-10 09:45:00,携程旅行,52-d
Push-1328,1-10,雪球：市场热点与策略更新,【雪球】今日早盘科技板块异动，您关注的半导体ETF（512480）涨幅超2%。资深分析师发布最新市场复盘策略，点击查看详情。,2025-06-10 11:30:00,雪球,1-p
Push-1329,139-8,500px：您关注的摄影师有新作品,【500px】您关注的摄影师【城市掠影】刚刚发布了一组阴雨天街拍作品《雨巷》，构图与调色独特，快去欣赏并参与讨论吧！,2025-06-10 12:45:00,500px,139-h
Push-1330,,支付宝：餐饮支付成功提醒,【支付宝】您已成功支付湘菜馆（西湖建新安置小区店）订单，金额78元。账单已同步至“我的账单”。,2025-06-10 19:25:00,支付宝,
Push-1331,,Keep：六月健康挑战邀请,【Keep】您的好友【高云飞】已接受您的“六月健康挑战”邀请！一起记录饮食、完成运动、关注睡眠，互相监督，健康生活。,2025-06-10 20:15:00,Keep,
Push-1332,,微信读书：您收藏的书籍已更新,【微信读书】您收藏的《漫步华尔街》（第12版）已根据最新市场数据更新了第三章“投资的幻觉”内容，新增了对近期科技股泡沫的分析。,2025-06-10 21:05:00,微信读书,
Push-1333,,系统：存储空间不足提醒,【系统通知】当前手机存储空间已低于10%，建议您及时清理照片、视频或卸载不常用应用，以保证系统流畅运行。,2025-06-10 22:50:00,系统存储管理,
Push-1334,2-7-1,Keep：晨跑数据同步提醒,【Keep】您今日的晨跑数据已同步完成，距离5.5公里，平均配速7分16秒，平均心率158次/分，消耗热量约420千卡。,2025-06-11 07:15:00,Keep,2-k
Push-1335,,大众点评：湘菜馆推荐,【大众点评】根据您的口味偏好，为您推荐金鹰路附近高分湘菜馆，湘里人家评分4.8，剁椒鱼头是招牌菜，人均约80元。,2025-06-11 11:45:00,大众点评,
Push-1336,,支付宝：咖啡支付成功提醒,【支付宝】您已成功支付圣爵菲斯咖啡厅订单#CS202506111310，金额28元，账单已同步至我的账单。,2025-06-11 13:11:00,支付宝,
Push-1337,,雪球：午间行情速递,【雪球】午盘快讯：A股三大指数震荡整理，科技板块表现活跃。您关注的纳斯达克100指数期货微涨0.3%。,2025-06-11 13:20:00,雪球,
Push-1338,,航旅纵横：航班预定成功通知,【航旅纵横】您已成功预定2025-06-12 长沙黄花机场(T2)-深圳宝安机场(T3) 南航CZ1234航班，起飞时间08:30，座位号32A，预定码ABC789。,2025-06-11 16:05:00,航旅纵横,
Push-1339,,微信支付：轻食晚餐支付成功提醒,【微信支付】您已成功支付轻食家订单#QS202506111835，金额48元，支付方式：零钱。,2025-06-11 18:36:00,微信,
Push-1340,,微信支付：便利店支付成功提醒,【微信支付】您已成功支付罗比零食专卖店订单#LS202506111925，金额5元，购买商品：苏打水。,2025-06-11 19:26:00,微信,
Push-1341,2-5,财经杂志：跨境投资专题更新,【财经杂志】您关注的《财经》杂志2025年6月刊已更新，本期专题‘跨境投资新渠道’深度解析QDII2与跨境理财通，点击阅读。,2025-06-11 20:00:00,财经杂志APP,2-i
Push-1342,2-5,同花顺：晚间复盘与明日策略,【同花顺】收盘点评：沪指微跌0.2%，北向资金净流入15亿。明日关注科技与金融板块轮动机会，附深度分析报告。,2025-06-11 20:15:00,同花顺,2-i
Push-1343,,携程：酒店预定成功通知,【携程】您已成功预定深圳南山科技园亚朵酒店，入住日期2025-06-12至2025-06-14，订单号CTRP987654，预定码DEF456。,2025-06-11 21:05:00,携程旅行,
Push-1344,,招商银行：出差消费提醒,【招商银行】温馨提醒：您即将前往深圳出差，可提前绑定招商银行信用卡享受酒店、餐饮等多重优惠，查看活动详情。,2025-06-11 21:20:00,招商银行,
Push-1345,,系统：存储空间不足提醒,【系统通知】当前手机存储空间已使用超过90%，建议及时清理照片、视频或卸载不常用应用以释放空间。,2025-06-11 22:30:00,系统存储管理,
Push-1346,,支付宝：午餐支付成功提醒,【支付宝】您已成功支付味千拉面订单#C202506121201，金额 78 元，账单已同步至我的账单,2025-06-12 12:03:00,支付宝,
Push-1347,1-12,腾讯会议：会议即将开始提醒,【腾讯会议】您与黄思琪的视频会议将于 13:30 开始，请提前进入会议室。会议号：123 456 789,2025-06-12 13:00:00,腾讯会议,1-r
Push-1348,,携程旅行：机票出票成功通知,【携程旅行】您预订的 6月13日 长沙-北京 CZ3123 航班已出票成功，订单号：CTRP20250612001，请提前 2 小时到达机场办理值机,2025-06-12 16:35:00,携程旅行,
Push-1349,19-1,雪球：今日市场复盘观点推送,【雪球】今日A股深度调整，机构怎么看？多位分析师认为短期恐慌情绪释放后，结构性机会显现。点击查看详细解读>>,2025-06-12 17:30:00,雪球,19-a
Push-1350,,微信支付：便利店消费提醒,【微信支付】支付成功 42.5 元。收款方：Today便利店（长沙双塘路店）。时间：18:25。,2025-06-12 18:26:00,微信,
Push-1351,,网易云音乐：私人FM新歌推荐,【网易云音乐】根据您的听歌喜好，为您推荐新歌《晨跑进行曲》- 高云飞。点击立即播放，开启专注复盘时光>>,2025-06-12 19:15:00,网易云音乐,
Push-1352,19-1,东方财富：您关注的沪深300指数收跌4.2%,【东方财富】沪深300指数今日收于 3850.21 点，下跌 4.2%。北向资金净流出 85.3 亿元。点击查看详细数据>>,2025-06-12 19:35:00,东方财富,19-a
Push-1353,,系统：存储空间不足提醒,【系统通知】手机存储空间已使用超过 90%，建议及时清理照片、视频等文件，以保证系统流畅运行,2025-06-12 22:05:00,系统存储管理,
Push-1354,,Keep：训练课程更新提醒,【Keep】您收藏的HIIT燃脂进阶课程已更新至V3.0版本，新增核心力量强化模块，快来体验吧！,2025-06-13 06:45:00,Keep,
Push-1355,19-2-1,雪球：热门话题推荐,【雪球】隔夜美股科技股震荡，消费ETF获资金流入。您关注的消费板块动态已更新，点击查看机构解读。,2025-06-13 07:15:00,雪球,19-b
Push-1356,19-2-1,同花顺：调仓策略推荐,【同花顺】基于您的持仓分析，为您推荐医疗ETF（512170）调仓策略，当前估值处于历史低位，具备配置价值。,2025-06-13 09:05:00,同花顺,19-b
Push-1357,,网易云音乐：通勤歌单推荐,【网易云音乐】为您推荐【午后通勤·节奏控】专属歌单，融合轻电子与独立摇滚，伴您一路畅行。,2025-06-13 17:50:00,网易云音乐,
Push-1358,,滴滴出行：预约用车成功提醒,【滴滴出行】您已成功预约今晚19:10的专车服务，司机王师傅（湘A·D5X8T）将准时到达岳麓区机关金星住宅小区。,2025-06-13 18:15:00,滴滴出行,
Push-1359,,美团：餐厅预订成功通知,【美团】您已成功预订【湘江36号中餐厅】明晚18:30的2人位，预订码：XC3657，请准时到店。,2025-06-13 22:50:00,美团,
Push-1360,,微信读书：睡前阅读推荐,【微信读书】根据您的阅读历史，为您推荐《周期》——霍华德·马克斯新作，揭秘市场周期与投资决策。,2025-06-13 23:05:00,微信读书,
Push-1361,52-7-3,小红书：邮票收藏推荐,【小红书】藏友你好！根据你的收藏偏好，为你推荐大龙邮票高清鉴赏与历史背景深度解析，点击查看邮票背后的故事。,2025-06-14 13:20:00,小红书,52-g
Push-1362,,美团：湘菜餐厅推荐,【美团】根据你的口味偏好，为你推荐湘席家宴(丰汇店)等高分湘菜餐厅，小炒黄牛肉、剁椒鱼头等招牌菜等你来尝！,2025-06-14 17:35:00,美团,
Push-1363,,美团：外卖预定成功通知,【美团】你的外卖订单#XH202506141800已预定成功！商家【湘席家宴(丰汇店)】已接单，预计19:00前送达，请保持手机畅通。,2025-06-14 18:02:00,美团,
Push-1364,,美团外卖：订单备餐提醒,【美团外卖】你的订单#XH202506141800正在备餐中，预计18:50可自提。请留意商家电话通知。,2025-06-14 18:30:00,美团外卖,
Push-1365,52-7-7,航旅纵横：航班值机提醒,【航旅纵横】你预定的CA1343航班（北京首都T3-长沙）已开放值机，建议提前在线选座，享受便捷出行。,2025-06-14 20:45:00,航旅纵横,52-g
Push-1366,52-7-7,国航：值机成功通知,【国航】恭喜你！已成功为CA1343航班（2025-06-15 09:55 北京首都T3起飞）办理值机，座位号32A。电子登机牌已生成，请提前2小时到达机场。,2025-06-14 21:05:00,国航,52-g
Push-1367,,系统：存储空间不足提醒,【系统通知】你的手机存储空间已不足10%，部分应用可能运行缓慢。建议及时清理照片、视频等文件。,2025-06-14 21:50:00,系统存储管理,
Push-1368,18-6,系统：存储空间不足提醒,【系统通知】当前手机存储空间已不足10%，建议及时清理照片、视频等文件，确保系统流畅运行,2025-06-15 10:05:00,系统存储管理,18-f
Push-1369,238-2-3,航旅纵横：机票预订成功通知,【航旅纵横】您已成功预订7月CZ1234航班（长沙-武汉），航班号CZ1234，乘机人冯建国、李秀英，订单号CT20250615001，请提前2小时到机场办理值机,2025-06-15 13:35:00,航旅纵横,238-b
Push-1370,238-2-4,雪球：5G产业链投资机会提醒,【雪球】您关注的5G产业链板块今日活跃，相关ETF（如通信ETF 515880）盘中上涨2.3%。结合基站建设加速，建议关注上游光模块及PCB龙头公司,2025-06-15 14:20:00,雪球,238-b
Push-1371,,湖南省博物馆：门票预约成功通知,【湖南省博物馆】您已成功预约7月20日（周日）上午场门票，预约码HNBM20250615001，请凭预约码及身份证原件于9:00-12:00间入场,2025-06-15 17:50:00,湖南省博物馆,
Push-1372,235-2-6,京东：露营装备上新推荐,【京东】根据您的浏览记录，为您推荐牧高笛冷山3帐篷（升级版）限时优惠价899元，挪客云尚2帐篷秒杀价699元，点击查看详情,2025-06-15 18:45:00,京东,235-b
Push-1373,,微信读书：投资类书籍限免提醒,【微信读书】您书架中的《周期》和《漫步华尔街》电子书本周限时免费阅读，把握市场波动本质，完善您的投资体系,2025-06-15 22:15:00,微信读书,
Push-1374,,雪球：早盘市场观察,【雪球】早盘观察：隔夜美股科技股震荡，A股科技板块或迎结构性机会。关注新能源、半导体产业链。点击查看机构晨会纪要。,2025-06-16 07:15:00,雪球,
Push-1375,,微信读书：本周新书推荐,【微信读书】您关注的商业投资类目上新：《周期》作者新作《投资的逻辑》已上架，会员免费读。,2025-06-16 09:15:00,微信读书,
Push-1376,151-2,Keep：瑜伽新课上线,【Keep】您关注的肩颈放松主题上新：15分钟办公室肩颈瑜伽，利用碎片时间缓解久坐疲劳，立即体验。,2025-06-16 13:05:00,Keep,151-b
Push-1377,4-8,企业微信：会议即将开始,【企业微信】您预约的视频会议（与黄思琪）将于14:30开始，请提前进入会议室准备。点击快速加入。,2025-06-16 14:15:00,企业微信,4-i
Push-1378,,潮汐：压力舒缓引导,【潮汐】检测到您可能处于高压状态，为您推荐5分钟呼吸冥想，快速平复焦虑，恢复专注。,2025-06-16 16:25:00,潮汐,
Push-1379,,支付宝：生鲜超市支付成功,【支付宝】您已成功支付生鲜超市订单#CS202506161838，金额 86.50 元。支付方式：花呗。,2025-06-16 18:38:00,支付宝,
Push-1380,,大众点评：餐厅预定成功,【大众点评】您已成功预定西湖建新安置小区湘菜馆，时间：2025-06-16 19:20，人数：1位。预定码：XD202506161915。,2025-06-16 19:15:00,大众点评,
Push-1381,,微信支付：晚餐支付成功,【微信支付】支付成功 58元。收款方：西湖建新安置小区湘菜馆。账单详情可在微信支付凭证中查看。,2025-06-16 19:45:00,微信,
Push-1382,151-2,大众点评：瑜伽体验课预约成功,【大众点评】您已成功预约岳麓区心流瑜伽生活馆的【肩颈放松与脊柱灵活】体验课，时间：06-19 19:00-20:30。预约码：YL202506162130。,2025-06-16 21:32:00,大众点评,151-b
Push-1383,,系统：存储空间不足提醒,【系统通知】手机存储空间已不足10%，建议清理照片、视频或卸载不常用应用以释放空间。,2025-06-16 22:15:00,系统存储管理,
Push-1384,19-4,支付宝：证券交易确认通知,【支付宝】您通过华泰证券进行的证券交易已确认成交，卖出科技股及买入消费医疗ETF的委托已全部执行，详情请查看持仓变动。,2025-06-17 10:02:00,支付宝,19-d
Push-1385,19-4,雪球：投资组合调仓提醒,【雪球】您的自选组合【冯浩然的稳健增长】已根据市场变化完成调仓，新增消费ETF(159928)和医疗ETF(512170)，已卖出部分高估值科技股。,2025-06-17 10:05:00,雪球,19-d
Push-1386,,得到：职场沟通技巧推荐,【得到】为您推荐课程《如何向上管理：与上司高效沟通的12个法则》，助您在下午的职业发展面谈中清晰表达诉求，把握晋升机会。,2025-06-17 11:30:00,得到,
Push-1387,236-2,系统：存储空间不足提醒,【系统通知】您的手机存储空间已使用超过90%，部分应用运行可能受影响，建议及时清理照片、视频或应用缓存。,2025-06-17 14:15:00,系统存储管理,236-b
Push-1388,,支付宝：便利店支付成功,【支付宝】您已在桃子湖文创园便利店消费成功，金额28.5元，支付方式为花呗。,2025-06-17 18:10:00,支付宝,
Push-1389,,Keep：晚间运动计划推荐,【Keep】检测到您今日运动量不足，为您推荐20分钟高效燃脂划船机课程，助您缓解肩颈疲劳，保持运动习惯。,2025-06-17 18:20:00,Keep,
Push-1390,,华为运动健康：训练完成报告,【华为运动健康】您的划船机训练已完成，时长40分钟，平均心率142次/分，消耗热量约320千卡。,2025-06-17 20:05:00,华为运动健康,
Push-1391,,美团：博物馆预约成功通知,【美团】恭喜您！湖南省博物馆门票预约成功，预约码：HNBM202506172130，参观日期：2025-07-10，请凭预约码及身份证件入场。,2025-06-17 21:25:00,美团,
Push-1392,17-4,Keep：今日跑步计划提醒,【Keep】晨光正好，是时候开始今天的5公里跑步计划了！记得做好热身，开启你的活力清晨。,2025-06-18 05:55:00,Keep,17-d
Push-1393,,雪球：早盘策略速递,【雪球】隔夜美股科技股表现分化，关注今日A股半导体及AI算力板块开盘动向。你的自选股【消费ETF】、【医疗ETF】已更新行情。,2025-06-18 08:05:00,雪球,
Push-1394,239-1-1,大众点评：湘菜馆推荐,【大众点评】食味坊（金鹰路店）的招牌辣椒炒肉和剁椒鱼头正在热销中，午市无需等位，快来品尝地道湘味吧！,2025-06-18 11:50:00,大众点评,239-a
Push-1395,,系统：存储空间不足提醒,【系统通知】您的手机存储空间已使用超过90%，建议及时清理照片、视频或卸载不常用应用，以保证系统流畅运行。,2025-06-18 14:15:00,系统存储管理,
Push-1396,239-1-1,美团：餐厅预定成功通知,【美团】您已成功预定湖南省博物馆附近【老长沙米粉店】的晚餐座位，预定码：CS2025061818，请于18:30前到店。,2025-06-18 17:05:00,美团,239-a
Push-1397,239-1-1,美团：预定时间临近提醒,【美团】您预定的【老长沙米粉店】晚餐座位（预定码：CS2025061818）即将在30分钟后开始，建议您规划行程，准时到店。,2025-06-18 18:00:00,美团,239-a
Push-1398,239-1-1,支付宝：晚餐支付成功提醒,【支付宝】您已成功支付老长沙米粉店订单#LSMFD20250618，金额32元，账单已同步至我的账单。,2025-06-18 18:35:00,支付宝,239-a
Push-1399,236-3,得到：睡前知识锦囊,【得到】睡前10分钟，为你解读《结构性机会下的资产配置》核心观点，助你明日分享会思路更清晰。点击收听>>,2025-06-18 23:20:00,得到,236-c
Push-1400,,雪球：热门行业动态推送,【雪球】科技板块早盘异动，AI算力概念股集体拉升，建议关注相关ETF及龙头公司最新研报。,2025-06-19 10:15:00,雪球,
Push-1401,,支付宝：午餐支付成功提醒,【支付宝】您已成功支付老长沙口味湘菜馆订单#LS202506190012，金额 128 元，账单已同步至我的账单。,2025-06-19 12:05:00,支付宝,
Push-1402,151-4,梵音瑜伽：课程预约成功通知,【梵音瑜伽】您的肩颈理疗体验课已预约成功，时间：2025-06-20 19:30，地点：长沙开福区万达店，预约码：FY20250619A35。,2025-06-19 13:05:00,梵音瑜伽生活馆,151-d
Push-1403,5-1,小红书：露营目的地攻略推荐,【小红书】根据你的浏览，为你推荐郴州仰天湖草原露营全攻略，包含交通、营地选择和星空拍摄机位。,2025-06-19 13:25:00,小红书,5-a
Push-1404,,微信支付：便利店消费提醒,【微信支付】支付成功 42.5 元，收款方：归心苑便利店。时间：2025-06-19 18:05，点击查看账单详情。,2025-06-19 18:06:00,微信,
Push-1405,,系统：存储空间不足提醒,【系统通知】手机存储空间已不足10%，建议清理照片、视频或卸载不常用应用以释放空间。,2025-06-19 21:45:00,系统存储管理,
Push-1406,,雪球：热门行业研报推送,【雪球】您关注的科技消费赛道研报已更新，深度解读AI硬件投资机会与风险，点击查看详情,2025-06-20 14:30:00,雪球,
Push-1407,138-10,小红书：城市夜景摄影灵感,【小红书】长沙风帆广场夜景大片上新！多位摄影师分享长曝光参数与构图技巧，快来学习吧,2025-06-20 18:15:00,小红书,138-j
Push-1408,,美团：瑜伽课程预定成功,【美团】您已成功预定静界瑜伽生活馆肩颈理疗体验课，课程时间：2025-06-20 19:30，预定码：YJ2025062001，请提前10分钟到场签到,2025-06-20 19:05:00,美团,
Push-1409,,系统：存储空间不足提醒,【系统通知】手机存储空间已使用超过90%，建议清理照片、视频或卸载不常用应用以释放空间,2025-06-20 19:05:00,系统存储管理,
Push-1410,,下厨房：轻食沙拉食谱推荐,【下厨房】健身达人都在做的牛油果鸡胸肉沙拉食谱，低脂高蛋白，10分钟搞定晚餐,2025-06-20 20:55:00,下厨房,
Push-1411,5-2,携程：露营行程预定确认,【携程】您已成功预定丹霞山露营地（7月15日-7月18日），订单号：CTRP20250620001，营地确认码：DXS001，请妥善保管,2025-06-20 21:25:00,携程,5-b
Push-1412,5-2,携程：行程临近提醒,【携程】您的丹霞山露营行程（7月15日出发）即将开始，请提前检查装备清单并关注天气变化，祝旅途愉快,2025-06-20 21:28:00,携程,5-b
Push-1413,,墨迹天气：今日高温预警提醒,【墨迹天气】长沙市今日（06月21日）晴间多云，最高气温36℃，发布高温黄色预警。户外活动请注意防暑降温。,2025-06-21 06:35:00,墨迹天气,
Push-1414,17-5,Keep：晨跑完成提醒,【Keep】您今日的跑步训练已完成！距离5.0公里，用时40分钟，平均配速8‘00“。本周运动目标已完成80%，继续加油！,2025-06-21 07:41:00,Keep,17-e
Push-1415,5-3,微信：文件发送成功提醒,【微信】您发送给【谢雨桐】的文件【丹霞山露营计划清单.xlsx】已成功发送。,2025-06-21 08:05:00,微信,5-c
Push-1416,237-2,雪球：半导体行业动态推送,【雪球】您关注的半导体板块有更新：国产替代链投资机会深度分析报告已发布，涉及设备、材料等细分领域。,2025-06-21 09:15:00,雪球,237-b
Push-1417,,微信：朋友圈互动提醒,【微信】郑文博评论了您分享的文章【消费赛道新观察】。,2025-06-21 10:35:00,微信,
Push-1418,17-5,支付宝：超市支付成功提醒,【支付宝】您已在步步高超市（银盆南路店）成功支付258.60元，账单已同步至我的账单。,2025-06-21 14:18:00,支付宝,17-e
Push-1419,18-8,高德地图：自驾路线收藏成功,【高德地图】您收藏的自驾路线【长沙-郴州-永州-邵阳环线】已保存成功，总里程约980公里。,2025-06-21 15:50:00,高德地图,18-h
Push-1420,18-8,小红书：秋季摄影攻略推荐,【小红书】根据您的兴趣，为您推荐【湖南秋季自驾摄影全攻略】，内含郴州小东江、崀山丹霞等绝美机位。,2025-06-21 16:05:00,小红书,18-h
Push-1421,,系统：存储空间不足提醒,【系统通知】相机SD卡存储空间已不足10%，建议及时备份照片并清理空间。,2025-06-21 16:50:00,系统存储管理,
Push-1422,,支付宝：咖啡厅支付成功提醒,【支付宝】您已在一丹咖啡厅成功支付冰美式订单，金额28.00元。,2025-06-21 19:05:00,支付宝,
Push-1423,6-6,Lightroom：照片导入完成,【Adobe Lightroom】今日拍摄的128张照片已成功导入图库，已为您自动筛选出25张候选照片。,2025-06-21 21:45:00,Adobe Lightroom,6-g
Push-1424,,系统：电量低提醒,【系统通知】当前手机电量已低于20%，请及时连接充电器。,2025-06-21 22:55:00,系统电池管理,
Push-1425,,微信读书：阅读时长提醒,【微信读书】您本周已阅读行为经济学相关书籍2小时，连续阅读3天，保持得很好！,2025-06-21 23:00:00,微信读书,
Push-1426,,墨迹天气：今日天气提醒,【墨迹天气】长沙今日多云，气温22-30℃，空气质量良。紫外线强度中等，建议外出做好防晒。,2025-06-22 07:50:00,墨迹天气,
Push-1427,6-7,微信：文件传输助手,【微信】你已成功发送5张照片给徐佳宁，文件已送达。,2025-06-22 08:55:00,微信,6-h
Push-1428,18-9,WPS Office：文档处理完成,【WPS Office】暑期活动规划文档已成功整合并转换为PDF格式，文件已保存至本地。,2025-06-22 11:15:00,WPS Office,18-i
Push-1429,18-9,高德地图：目的地到达提醒,【高德地图】您已到达一丹咖啡厅（万科金域蓝湾西门），本次导航结束，全程6.5公里，用时约25分钟。,2025-06-22 12:35:00,高德地图,18-i
Push-1430,18-9,微信：文件已发送,【微信】你已成功将文件暑期活动规划.pdf发送给谢雨桐、彭雨晴、吴俊杰。,2025-06-22 13:05:00,微信,18-i
Push-1431,,雪球：今日市场快讯,【雪球】A股三大指数早盘震荡，金融板块表现稳健。您关注的华泰证券现价18.65元，微涨0.5%。,2025-06-22 14:00:00,雪球,
Push-1432,237-3,有道云笔记：文档保存成功,【有道云笔记】客户黄思琪资产配置方案框架已成功保存并同步至云端，您可以在所有设备上查看。,2025-06-22 16:55:00,有道云笔记,237-c
Push-1433,,Keep：运动完成提醒,【Keep】恭喜你！今日核心训练课程已完成，本次运动消耗约280千卡，记得及时补充水分哦。,2025-06-22 17:45:00,Keep,
Push-1434,,京东：购物车商品降价提醒,【京东】您购物车中的纳丽德头灯UT30已降价至299元，库存紧张，速来查看！,2025-06-22 19:25:00,京东,
Push-1435,,微信：视频通话结束,【微信】与彭雨晴的视频通话已结束，时长1小时15分钟。,2025-06-22 21:06:00,微信,
Push-1436,,系统：存储空间不足提醒,【系统通知】您的手机存储空间已使用超过90%，建议及时清理照片、视频或卸载不常用应用以释放空间。,2025-06-22 21:30:00,系统存储管理,
Push-1437,,微信读书：阅读时长统计,【微信读书】今日您阅读《原则》35分钟，累计阅读本书第5章，本周阅读总时长已超过3小时，继续保持！,2025-06-22 22:45:00,微信读书,
Push-1438,17-6,Keep：您的上周睡眠报告已生成,【Keep】上周您的平均深度睡眠仅1.2小时，远低于推荐值。今晚是执行新睡眠程序的好时机，建议22:30前远离电子设备，进行10分钟冥想。,2025-06-23 07:05:00,Keep,17-f
Push-1439,17-6,雪球：财经晨报 | 市场早盘观察,【雪球】今日早盘科技板块受政策利好提振，券商股表现活跃。为您精选了3篇关于股权激励税务筹划的深度分析，点击查看。,2025-06-23 07:20:00,雪球,17-f
Push-1440,,高德地图：早高峰路况提醒,【高德地图】岳麓大道至三一大道方向拥堵，预计通行时间55分钟。为您规划了备选路线，可节省约8分钟。,2025-06-23 08:02:00,高德地图,
Push-1441,237-4,得到：通勤推荐 | 股权激励的税务迷宫,【得到】您关注的《商业经典案例课》更新了：科技公司创始人必知的股权激励税务筹划三大陷阱与应对策略，适合路上收听。,2025-06-23 08:15:00,得到,237-d
Push-1442,237-4,微信：王经理发来一条消息,【微信】王经理：浩然，下午视频会议链接已发你邮箱，客户核心关注点我整理在附件里了，会前我们再对一下。,2025-06-23 12:05:00,微信,237-d
Push-1443,237-4,携程旅行：您关注的澳门酒店有价格浮动,【携程旅行】您浏览过的澳门氹仔片区酒店，部分房型价格较昨日下降约5%，今日预订可享双早套餐优惠。,2025-06-23 12:25:00,携程旅行,237-d
Push-1444,237-4,腾讯会议：您的会议即将开始,【腾讯会议】会议【新客户-长沙科技企业接洽】将于13:30开始，点击即可加入。主持人：冯浩然，会议号：8845 3321 007。,2025-06-23 13:25:00,腾讯会议,237-d
Push-1445,237-4,企业微信：钱永强发来一条消息,【企业微信】钱永强：会议进展已阅，做得不错。周报里重点突出客户对税务筹划方案的认可，明天早会我们细聊后续跟进。,2025-06-23 16:55:00,企业微信,237-d
Push-1446,,网易云音乐：下班路上，来点爵士乐,【网易云音乐】根据您的收听习惯，为您推荐【下班放松·慵懒爵士】歌单，Bill Evans的《Waltz for Debby》正在播放。,2025-06-23 17:25:00,网易云音乐,
Push-1447,,下厨房：香煎鸡胸肉的3个关键技巧,【下厨房】您常搜索的健康食谱【香煎鸡胸肉】更新了厨友分享的秘诀：低温慢煎锁住汁水，搭配西兰花和藜麦营养更均衡。,2025-06-23 18:15:00,下厨房,
Push-1448,,Keep：划船机训练打卡提醒,【Keep】您已连续坚持划船机训练5天！今日训练计划：30分钟有氧划船，目标消耗350卡路里。完成后别忘了拉伸哦。,2025-06-23 19:05:00,Keep,
Push-1449,56-2,携程旅行：酒店预订成功通知,【携程旅行】您已成功预订澳门氹仔XX酒店高级大床房（含双早），入住日期：2025-07-10至07-12，订单号：CTRP202506238888，金额：2，156元。,2025-06-23 20:53:00,携程旅行,56-b
Push-1450,17-6,潮汐：睡前冥想引导,【潮汐】今晚的睡眠程序开始了吗？为您准备了10分钟【深度放松呼吸】冥想引导，帮助清空思绪，提升睡眠质量。,2025-06-23 21:15:00,潮汐,17-f
Push-1451,17-6,系统：存储空间不足提醒,【系统通知】您的手机存储空间已使用超过90%，部分应用运行可能变慢。建议及时清理照片、视频或卸载不常用应用。,2025-06-23 22:40:00,系统存储管理,17-f
Push-1452,,系统：存储空间不足提醒,【系统通知】您的手机存储空间已低于10%，建议及时清理照片、视频和应用缓存，以保证系统流畅运行。,2025-06-24 12:45:00,系统存储管理,
Push-1453,,雪球：午间行情速递,【雪球】午盘快讯：沪指震荡收涨0.3%，科技板块领涨。您关注的半导体ETF（512480）上涨1.5%，点击查看详情。,2025-06-24 13:15:00,雪球,
Push-1454,20-3,Wind金融终端：宏观数据更新,【Wind金融终端】最新宏观数据：5月社融规模增量2.8万亿元，M2同比增长8.5%。数据已同步至您的分析模型，点击查看详细解读。,2025-06-24 14:20:00,Wind金融终端,20-c
Push-1455,,支付宝：咖啡支付成功提醒,【支付宝】您已成功支付圣爵菲斯咖啡厅订单#CS202506241530，金额28元，账单已同步至我的账单。,2025-06-24 15:32:00,支付宝,
Push-1456,,同花顺：盘后复盘提醒,【同花顺】今日A股三大指数集体收涨，创业板指涨1.2%。您自选股中的华泰证券(601688)上涨0.8%，点击查看机构观点。,2025-06-24 17:35:00,同花顺,
Push-1457,151-5,美团：瑜伽课程上新通知,【美团】您关注的万达广场【悦动瑜伽】新增周六上午9:30哈他瑜伽团课，原价128元，新客体验价68元，点击立即预约。,2025-06-24 20:05:00,美团,151-e
Push-1458,,得到：睡前知识推荐,【得到】为您推荐《原则》精读课第三章：打造创意择优的决策机制。睡前10分钟，助您深化理解。点击免费试听。,2025-06-24 21:55:00,得到,
Push-1459,,系统：电量低提醒,【系统通知】当前手机电量已低于20%，预计剩余使用时间约1小时，请及时连接充电器。,2025-06-24 22:00:00,系统电池管理,
Push-1460,,墨迹天气：今日天气提醒,【墨迹天气】长沙今日（6月25日）晴转多云，傍晚有风，气温 25-32°C，空气质量良。晨跑适宜，建议您做好防晒补水。,2025-06-25 05:55:00,墨迹天气,
Push-1461,,得到：财经早餐更新提醒,【得到】您订阅的财经早餐已更新：今日重点关注美联储官员讲话对市场情绪的影响，以及A股半导体板块的估值修复机会。,2025-06-25 07:35:00,得到,
Push-1462,56-3,携程旅行：机票预订成功通知,【携程旅行】恭喜您成功预订长沙-澳门往返机票！订单号 CT202506250012，去程 2025-07-10 07:30，返程 2025-07-12 21:45，已为您选好靠窗座位。,2025-06-25 12:02:00,携程旅行,56-c
Push-1463,56-3,系统：存储空间不足提醒,【系统通知】您的手机存储空间已不足10%，部分应用运行可能受影响。建议您及时清理照片、视频或卸载不常用应用。,2025-06-25 12:20:00,系统存储管理,56-c
Push-1464,241-1,雪球：沪深300指数异动提醒,【雪球】您关注的沪深300指数午后小幅拉升，现涨0.8%。金融、消费板块领涨，市场情绪有所回暖。点击查看详情>>,2025-06-25 15:30:00,雪球,241-a
Push-1465,,支付宝：便利店支付成功提醒,【支付宝】您已成功支付归心苑便利店订单，金额 38.50 元。付款方式：花呗。账单已同步至我的账单。,2025-06-25 18:45:00,支付宝,
Push-1466,,京东到家：生鲜水果限时优惠,【京东到家】您常买的进口香蕉、红富士苹果正在限时特惠！满59减15，新鲜直达，1小时内送到家。点击抢购>>,2025-06-25 18:50:00,京东到家,
Push-1467,,微信读书：您关注的《原则》更新书评,【微信读书】您正在阅读的《原则》有3条新书评，来自资深投资人分享实战应用心得。快去看看吧！,2025-06-25 20:40:00,微信读书,
Push-1468,,系统：夜间免打扰模式开启,【系统通知】夜间免打扰模式已根据您的作息习惯自动开启（22:00-07:00）。来电和通知将静音，紧急联系人除外。,2025-06-25 22:00:00,系统设置,
Push-1469,,Keep：今日运动打卡提醒,【Keep】早上好！昨日您完成了30分钟HIIT训练，消耗约320大卡。坚持就是胜利，今天也要元气满满哦！,2025-06-26 07:35:00,Keep,
Push-1470,152-2,悦动瑜伽：课程预约成功通知,【悦动瑜伽生活馆】尊敬的会员您好，您已成功预约明日（6月27日）19:30的肩颈理疗体验课。请提前10分钟到场并完成健康问卷。预约码：YJ2025062701。,2025-06-26 09:18:00,悦动瑜伽生活馆,152-b
Push-1471,152-2,大众点评：瑜伽课程个性化推荐,【大众点评】根据您的浏览记录，为您推荐附近评分4.8的【静心瑜伽馆】。新客专享体验课仅需9.9元，点击查看详情。,2025-06-26 09:25:00,大众点评,152-b
Push-1472,20-5,雪球：美股科技股行情提醒,【雪球】您关注的纳斯达克100指数期货盘前上涨0.8%。苹果、微软等科技巨头领涨，建议关注相关ETF及个股机会。,2025-06-26 10:15:00,雪球,20-e
Push-1473,,支付宝：餐饮支付成功提醒,【支付宝】您已成功支付兰州拉面馆订单，金额38元。支付方式：花呗。账单已同步至我的账单。,2025-06-26 12:05:00,支付宝,
Push-1474,,美团：湘菜馆优惠推荐,【美团】发现一家您可能喜欢的湘菜馆【炊烟时代】就在您附近！新客立减20元，招牌小炒黄牛肉限时特价。,2025-06-26 12:50:00,美团,
Push-1475,20-5,企业微信：会议纪要已同步,【企业微信】您创建的会议纪要【黄思琪项目策略会-20250626】已同步至项目群【黄思琪项目组】，郑文博、孙晓雅、钱永强已查收。,2025-06-26 17:28:00,企业微信,20-e
Push-1476,241-2-1,高德地图：咖啡厅路线规划,【高德地图】为您规划前往一丹咖啡厅（浏阳河大道店）的驾车路线。当前路况良好，预计19:30到达。点击开始导航。,2025-06-26 19:02:00,高德地图,241-b
Push-1477,,系统：存储空间不足提醒,【系统通知】您的手机存储空间已使用超过90%，部分应用运行可能变慢。建议清理缓存或卸载不常用应用。,2025-06-26 21:45:00,系统存储管理,
Push-1478,,雪球：早盘市场资讯,【雪球】隔夜美股三大指数收涨，中概股表现活跃。今日A股关注新能源及大金融板块，建议关注华泰证券最新晨会纪要。,2025-06-27 07:45:00,雪球,
Push-1479,56-4,澳门《水舞间》：门票预订成功通知,【澳门《水舞间》】您已成功预订7月场次演出门票2张，座位：B区中央，订单号：WT202506271305，电子票已发送至邮箱，请查收。,2025-06-27 13:03:00,澳门《水舞间》官网/APP,56-d
Push-1480,,东方财富：券商研报速递,【东方财富】您关注的华泰证券发布下半年大类资产配置策略：A股结构性机会凸显，建议增配科技成长。点击查看完整研报。,2025-06-27 18:15:00,东方财富,
Push-1481,,Keep：瑜伽课程提醒,【Keep】您预约的肩颈理疗瑜伽课将于19:10开始，地点：静界瑜伽舞蹈（雷锋大道468号）。课前请勿饱食，建议提前10分钟到场。,2025-06-27 18:40:00,Keep,
Push-1482,,支付宝：便利店支付成功,【支付宝】支付成功！您在十足便利店（长沙广电店）消费28.5元，订单号：202506272041123456。可用花呗积分抵扣。,2025-06-27 20:12:00,支付宝,
Push-1483,,微信：视频通话未接提醒,【微信】母亲给您发来视频通话邀请，您可能暂时未留意。可以点击回拨或发送消息。,2025-06-27 21:35:00,微信,
Push-1484,,系统：存储空间不足,【系统通知】手机存储空间已低于10%，部分应用运行可能受影响。建议立即清理照片、视频或卸载不常用应用。,2025-06-27 22:15:00,系统存储管理,
Push-1485,17-8-2,健康：六月健康数据报告已生成,【健康】您六月的健康数据报告已生成，本月平均静息心率下降5%，睡眠质量提升12%，点击查看完整分析。,2025-06-28 08:35:00,健康,17-h
Push-1486,7-7,雪球：热门金融资讯速递,【雪球】今日A股市场震荡上行，您关注的科技板块表现活跃，多家券商发布下半年投资策略，点击查看详情。,2025-06-28 10:05:00,雪球,7-k
Push-1487,,小红书：后湖艺术区最新打卡攻略,【小红书】后湖国际艺术区新增光影艺术装置和复古厂房摄影点，多位摄影师分享框景构图技巧，快来探索吧！,2025-06-28 13:35:00,小红书,
Push-1488,7-7,支付宝：超市支付成功提醒,【支付宝】您已成功支付步步高超市订单#202506281603，金额 286.50 元，支付方式：花呗，账单已同步。,2025-06-28 16:03:00,支付宝,7-k
Push-1489,17-8-1,美团：瑜伽课预定成功通知,【美团】您已成功预定王府井写字楼瑜伽普拉提馆肩颈理疗体验课，预定码：YZ20250628，时间：19:00-20:30，请准时到场。,2025-06-28 18:58:00,美团,17-h
Push-1490,17-8-3,下厨房：健康晚餐食谱推荐,【下厨房】虾仁蔬菜沙拉搭配全麦面包，低脂高蛋白，适合运动后补充营养，查看详细做法只需15分钟。,2025-06-28 20:35:00,下厨房,17-h
Push-1491,,系统：存储空间不足提醒,【系统通知】手机存储空间已不足10%，建议清理相册、应用缓存或大文件，以保证系统流畅运行。,2025-06-28 21:45:00,系统存储管理,
Push-1492,152-4,Keep：运动记录已生成,"【Keep】您今日的晨跑已完成，距离4.0公里，平均配速6'00""/公里，消耗约320千卡。坚持就是胜利！",2025-06-29 07:46:00,Keep,152-d
Push-1493,,系统：存储空间不足提醒,【系统通知】您的手机存储空间已不足10%，建议及时清理照片、视频等文件，或移出部分应用以释放空间。,2025-06-29 08:15:00,系统存储管理,
Push-1494,7-8-1,支付宝：理财收益到账提醒,【支付宝】您持有的沪深300ETF（代码510300）今日收益已更新，较昨日上涨2.1%，最新净值3.852元。,2025-06-29 09:05:00,支付宝,7-l
Push-1495,,下厨房：菜谱浏览记录,【下厨房】您最近常看低脂鸡胸肉食谱，为您推荐【香煎鸡胸肉（嫩滑不柴版）】，已有8.6万人做过，快去试试吧！,2025-06-29 12:20:00,下厨房,
Push-1496,,系统：电量低提醒,【系统通知】当前手机电量已低于20%，请及时连接充电器，预计剩余使用时间约1小时。,2025-06-29 12:50:00,系统电池管理,
Push-1497,,小红书：摄影技巧推荐,【小红书】根据您的兴趣，为您推荐【街拍后期调色秘籍｜Lightroom预设分享】，助您打造独特的雨渍玻璃窗风格。,2025-06-29 14:45:00,小红书,
Push-1498,,菜鸟：包裹取件提醒,【菜鸟】您有一个包裹（尾号7890）已到达岳麓区机关金星住宅小区快递驿站，请凭取件码【5-2-108】尽快领取。,2025-06-29 14:55:00,菜鸟,
Push-1499,,京东：订单配送完成,【京东】您的订单JDV202506281234（投资心理学书籍等）已由快递员签收，放置于快递驿站。感谢您的支持！,2025-06-29 15:02:00,京东,
Push-1500,,贝壳找房：新房源上架提醒,【贝壳找房】您关注的【梅溪湖】板块有新上架优质房源（3室2厅，125㎡），支持VR看房，快来看看吧！,2025-06-29 16:05:00,贝壳找房,
Push-1501,,好好住：装修灵感更新,【好好住】根据您的浏览记录，为您推荐【极简风客厅设计合集】，内含采光优化与空间布局技巧，快来收藏灵感吧！,2025-06-29 16:30:00,好好住,
Push-1502,,微信：视频通话未接听提醒,【微信】您有1个来自【妈妈】的未接视频通话，可点击回拨或发送消息。,2025-06-29 17:05:00,微信,
Push-1503,,系统：应用更新完成,【系统通知】支付宝、雪球等5个应用已在后台更新完成，新版本优化了性能与体验。,2025-06-29 18:20:00,系统应用商店,
Push-1504,,得到：每日知识卡片,【得到】睡前充电！今日推荐【投资中的心理陷阱】，助您规避常见错误，提升决策理性。点击收听5分钟音频。,2025-06-29 21:15:00,得到,
Push-1505,,Keep：晨间瑜伽跟练完成,【Keep】恭喜你完成20分钟晨间瑜伽跟练，专注呼吸与身体连接。本月累计运动时长已达680分钟，继续保持！,2025-06-30 06:45:00,Keep,
Push-1506,,高德地图：通勤路况提醒,【高德地图】您常走的双塘路至广电中心路段早高峰拥堵，预计通行时间45分钟。建议07:30前出发。,2025-06-30 07:15:00,高德地图,
Push-1507,,微信：朋友圈分享成功,【微信】你的朋友圈已发布成功。六月份健康管理总结报告已生成，配速5‘15“，总跑量120公里，获得好友高云飞、彭雨晴点赞。,2025-06-30 09:55:00,微信,
Push-1508,152-5,微信支付：课程购买成功,【微信支付】你已成功向【静心瑜伽馆】支付季度课程包费用，金额1280元。支付方式：零钱。,2025-06-30 12:35:00,微信支付,152-e
Push-1509,241-3,雪球：投资策略深度文章推荐,【雪球】ENTJ型投资者如何构建稳健组合？结合你关注的科技、消费板块，这篇深度分析可能对你有启发。,2025-06-30 14:05:00,雪球,241-c
Push-1510,241-3,Outlook：会议安排确认提醒,【Outlook】你与钱永强的会议【内部分享会】已暂定于2025-07-18。请提前准备PPT和讲解大纲。点击查看详情。,2025-06-30 14:18:00,Outlook,241-c
Push-1511,,华泰证券：客户方案草稿保存,【华泰证券】客户黄思琪女士的资产配置方案框架已自动保存至草稿箱。下一步：调研产品类型，完善方案细节。,2025-06-30 15:25:00,华泰证券,
Push-1512,,大众点评：咖啡厅新品推荐,【大众点评】你常去的圣爵菲斯咖啡厅上新【夏日冰萃系列】，凭此通知可享9折优惠。快来尝尝吧！,2025-06-30 15:35:00,大众点评,
Push-1513,,百度地图：晚高峰回家路况,【百度地图】湖南广电中心至岳麓区双塘路晚高峰拥堵，预计通行时间48分钟。已为你规划最优路线。,2025-06-30 17:32:00,百度地图,
Push-1514,,系统：存储空间不足提醒,【系统通知】手机存储空间已不足10%，主要为照片和视频占用。建议及时清理或备份至云盘。,2025-06-30 18:50:00,系统存储管理,
Push-1515,,悦跑圈：变速跑训练记录,【悦跑圈】岳麓山5公里变速跑训练已完成！平均配速5‘15“，最快配速4‘45“。本月跑量已达125公里，继续保持！,2025-06-30 20:15:00,悦跑圈,
Push-1516,7-9,微信：视频通话结束,【微信】你与父亲冯建国的视频通话已结束，时长40分钟。聊天中提到的换房/装修专项储蓄账户规划已同步至文件传输助手。,2025-06-30 21:22:00,微信,7-m
Push-1517,,微信读书：阅读进度提醒,【微信读书】你在《世界的眼睛：马格南图片社与摄影师们》中标记的布列松理论章节，已有3位书友新增笔记，快来查看吧。,2025-06-30 21:50:00,微信读书,
Push-1518,,得到：睡前知识音频推荐,【得到】睡前十分钟，听听《指数基金投资指南》作者的最新解读：当前市场下的定投策略。助你放松入眠。,2025-06-30 22:40:00,得到,
Push-1519,,系统：电量低提醒,【系统通知】当前手机电量已低于 20%，请及时充电，避免影响使用,2025-07-01 06:15:00,系统电池管理,
Push-1520,20-7,支付宝：咖啡支付成功提醒,【支付宝】您已成功支付圣爵菲斯咖啡厅订单#CS2507011425，金额 28.00 元，账单已同步至我的账单,2025-07-01 14:32:00,支付宝,20-g
Push-1521,20-7,雪球：美联储政策路径解读,【雪球】您关注的财经播客更新：美联储最新会议纪要解读，对科技股与债券市场影响几何？点击查看深度分析,2025-07-01 15:00:00,雪球,20-g
Push-1522,241-4,知乎：CFA持证人行为金融学实战案例,【知乎】为您推荐：CFA三级行为金融学如何应用于A股市场？多位持证人分享实战案例与避坑指南,2025-07-01 17:25:00,知乎,241-d
Push-1523,,Keep：肩颈放松课程跟练完成,【Keep】恭喜您！已完成肩颈放松办公室人群课程，本次训练时长 30 分钟，消耗约 120 千卡。坚持拉伸，缓解久坐疲劳,2025-07-01 19:41:00,Keep,
Push-1524,126-2,贝壳找房：岳麓区梅溪湖新上房源,【贝壳找房】根据您的筛选条件，岳麓区梅溪湖一期新上架一套三室两厅房源，房龄2018年，南北通透，总价符合预算，快来看看吧！,2025-07-01 20:05:00,贝壳找房,126-b
Push-1525,,雪球：您关注的养老金板块有异动,【雪球】您关注的养老目标基金板块今日早盘活跃，多只产品涨幅超2%。点击查看最新行情与深度解读。,2025-07-02 09:15:00,雪球,
Push-1526,20-8,Wind：最新宏观策略报告已生成,【Wind金融终端】基于您的研究偏好，为您生成最新宏观市场分析与资产配置策略周报，请查收。,2025-07-02 11:45:00,Wind金融终端,20-h
Push-1527,,大众点评：发现您可能喜欢的健康餐厅,【大众点评】根据您的口味，为您推荐公司附近新开的几家高评分健康轻食餐厅，查看详情。,2025-07-02 12:05:00,大众点评,
Push-1528,,美团：您的订单商家已接单,【美团】您预定的绿洲轻食餐厅订单#LS202507021230已接单，商家正在备餐，预计12:45送达。,2025-07-02 12:32:00,美团,
Push-1529,56-6,中国银行手机银行：购汇交易成功,【中国银行】您已成功兑换澳门币MOP 5000.00元，汇率0.8821，金额人民币4410.50元已从您尾号8899的账户扣除。,2025-07-02 14:08:00,中国银行手机银行,56-f
Push-1530,22-2,携程旅行：酒店预定成功,【携程旅行】恭喜！您已成功预定澳门威尼斯人酒店豪华大床房，入住日期07-04至07-06，订单号CTRP20250702A888，预定码888123。,2025-07-02 20:55:00,携程旅行,22-b
Push-1531,,系统：存储空间不足提醒,【系统通知】手机存储空间已使用超过90%，部分功能可能受限。建议及时清理照片、视频等文件。,2025-07-02 21:30:00,系统存储管理,
Push-1532,79-2,东方财富：养老金税收递延政策深度解读,【东方财富】您关注的个人养老金税收递延优惠细则官方解读已发布，涉及投资范围、领取条件等关键变化。,2025-07-02 23:45:00,东方财富,79-b
Push-1533,20-9,雪球：今日市场热点追踪,【雪球】早盘观察：隔夜美股科技股回调，A股半导体板块或迎结构性机会。您关注的北方华创、中芯国际等标的已有分析师更新观点，点击查看详情。,2025-07-03 09:05:00,雪球,20-i
Push-1534,,支付宝：到店支付成功提醒,【支付宝】您已成功支付金鹰路兰州拉面馆订单，金额 38 元。支付方式：花呗。账单已同步至我的账单。,2025-07-03 12:02:00,支付宝,
Push-1535,79-3,Wind金融终端：养老金政策动态更新,【Wind金融终端】您关注的养老金政策标签有 3 条新动态，涉及个人养老金税收优惠细则、商业养老保险产品比较。已为您自动保存至知识库。,2025-07-03 13:00:00,Wind金融终端,79-c
Push-1536,,得到：每日听书推荐,【得到】为您推荐《原则》作者瑞·达利欧最新访谈：应对市场周期的原则。基于您的收听历史，已加入稍后听列表。,2025-07-03 13:15:00,得到,
Push-1537,,微信支付：咖啡消费成功通知,【微信支付】您已在圣爵菲斯咖啡厅消费 28 元。付款方式：零钱。点击查看支付凭证。,2025-07-03 14:47:00,微信,
Push-1538,,系统：存储空间不足提醒,【系统通知】手机存储空间已不足 10%，建议清理照片、视频或卸载不常用应用以释放空间。,2025-07-03 16:20:00,系统存储管理,
Push-1539,,美团外卖：订单支付成功,【美团外卖】您的小炒黄牛肉套餐订单#CS202507031825 支付成功，金额 42.5 元。商家已接单，预计 18:40 前送达。,2025-07-03 18:17:00,美团外卖,
Push-1540,22-3,铁路12306：购票成功通知,【铁路12306】订单E202507031925，冯浩然，7月5日 G6113次 长沙南(09:15开)-郴州西(10:41到)，02车08D号，票价 149.5 元。电子客票已生效，可刷证进站。,2025-07-03 19:18:00,铁路12306,22-c
Push-1541,126-3,贝壳找房：新房源上新提醒,【贝壳找房】根据您的筛选条件（岳麓区，梅溪湖，地铁沿线），发现 5 套新上房源，均价 2.1-2.4万/㎡。点击查看详情。,2025-07-03 21:05:00,贝壳找房,126-c
Push-1542,,小宇宙：播客更新提醒,【小宇宙】您订阅的《商业就是这样》已更新：深度解读近期房地产政策调整对投资市场的影响。,2025-07-03 22:15:00,小宇宙,
Push-1543,,Keep：晨跑记录已生成,【Keep】恭喜完成今日5公里晨跑，用时35分钟，平均配速7‘00“/公里，消耗约320千卡。岳麓山路线已保存，继续坚持！,2025-07-04 06:25:00,Keep,
Push-1544,,系统：存储空间不足提醒,【系统通知】当前手机存储空间已使用超过90%，部分功能可能受限，建议及时清理照片、视频等文件。,2025-07-04 07:10:00,系统存储管理,
Push-1545,79-4,雪球：新能源板块异动提醒,【雪球】您关注的新能源板块早盘异动，龙头股宁德时代涨超3%，相关研报观点已更新，点击查看详情。,2025-07-04 09:50:00,雪球,79-d
Push-1546,22-4,小红书：露营装备清单推荐,【小红书】根据你的露营计划，为你推荐莽山露营必备装备清单：轻量化帐篷、防潮垫、头灯、便携炊具等，附购买链接。,2025-07-04 10:40:00,小红书,22-d
Push-1547,,系统：电量低提醒,【系统通知】当前手机电量已低于20%，请及时连接充电器，预计剩余使用时间约1小时。,2025-07-04 11:45:00,系统电池管理,
Push-1548,79-4,大众点评：湘菜馆收藏提醒,【大众点评】你常去的“乡味”家常菜馆（传媒路店）近期有3条新评价，评分升至4.8星，点击查看食客推荐菜。,2025-07-04 12:05:00,大众点评,79-d
Push-1549,20-10,华泰证券涨乐财富通：客户方案待提交提醒,【涨乐财富通】客户黄思琪的资产配置优化方案已完成，请在下周一（7月7日）前提交最终版。点击查看方案详情。,2025-07-04 17:50:00,华泰证券涨乐财富通,20-j
Push-1550,64-2-2,美团外卖：订单支付成功,【美团外卖】您已成功支付订单#CS202507041845，金额68元，商家“老长沙味道”已接单，预计19:30前送达。,2025-07-04 18:50:00,美团外卖,64-b
Push-1551,64-2-2,携程旅行：酒店预订成功,【携程旅行】您已成功预订长沙君悦酒店（湘江中路店）豪华江景大床房1晚，入住日期：7月10日，订单号：CTRP202507041903，预订码：HY789012。,2025-07-04 19:20:00,携程旅行,64-b
Push-1552,139-9-2,小红书：摄影器材收纳灵感推荐,【小红书】根据你的兴趣，为你推荐摄影器材收纳与旅行打包技巧，让你的出行准备更高效。点击查看达人分享的实用清单。,2025-07-05 06:30:00,小红书,139-i
Push-1553,79-5,支付宝：咖啡消费支付成功,【支付宝】您已成功支付星巴克订单#ST202507050850，金额38元，账单已同步至我的账单。,2025-07-05 09:02:00,支付宝,79-e
Push-1554,56-8,支付宝：酒店入住押金支付成功,【支付宝】您已成功支付澳门亚洲精品旅馆入住押金，金额500澳门币（约合人民币435元），账单已同步至我的账单。,2025-07-05 14:05:00,支付宝,56-h
Push-1555,56-8,马蜂窝：澳门历史街区拍摄攻略,【马蜂窝】澳门议事亭前地、大三巴牌坊最佳拍摄机位与光影时间推荐，助你捕捉葡式建筑之美。查看完整攻略。,2025-07-05 15:30:00,马蜂窝,56-h
Push-1556,56-8,支付宝：葡国餐厅晚餐支付成功,【支付宝】您已成功支付澳门葡国餐厅晚餐订单#PT202507051915，金额286澳门币（约合人民币249元），账单已同步至我的账单。,2025-07-05 19:50:00,支付宝,56-h
Push-1557,,系统：存储空间不足提醒,【系统通知】当前手机存储空间已低于10%，建议及时清理照片、视频或应用缓存，以确保设备正常运行。,2025-07-05 21:15:00,系统存储管理,
Push-1558,,雪球：早盘行情速递,【雪球】美股三大指数隔夜收跌，科技股承压。A股今日关注新能源、半导体板块。点击查看实时行情与深度解读。,2025-07-06 08:05:00,雪球,
Push-1559,56-9-1,小红书：澳门路环岛街拍灵感,【小红书】澳门路环岛十月初五马路，葡式建筑与市井生活完美融合，是街拍爱好者的宝藏地。看看其他摄影师的作品，获取你的创作灵感吧！,2025-07-06 10:00:00,小红书,56-i
Push-1560,,系统：存储空间不足,【系统通知】您的手机存储空间已使用超过90%，部分功能可能受限。建议及时清理照片、视频或卸载不常用应用。,2025-07-06 15:20:00,系统存储管理,
Push-1561,,系统：电量低提醒,【系统通知】当前手机电量已低于20%，请及时连接充电器，避免自动关机。,2025-07-06 17:50:00,系统电池管理,
Push-1562,,支付宝：餐饮支付成功,【支付宝】您已成功支付氹仔海湾葡国餐厅消费，金额MOP 328元。账单已同步至我的账单。,2025-07-06 18:03:00,支付宝,
Push-1563,56-9-2,支付宝：纪念品支付成功,【支付宝】您已成功支付新濠天地纪念品店消费，金额MOP 58元。支付方式：花呗。,2025-07-06 19:05:00,支付宝,56-i
Push-1564,56-9-2,新濠天地：水舞间演出提醒,【新濠天地】尊敬的宾客，您预订的《水舞间》表演将于今晚20:00开始。请提前30分钟至剧院兑换实体票并入场。祝您观演愉快！,2025-07-06 19:30:00,新濠天地,56-i
Push-1565,56-9-2,抖音：水舞间震撼片段,【抖音】澳门新濠天地《水舞间》高空跳水、摩托车特技名场面合集，带你提前感受舞台的视觉震撼！点击观看>>,2025-07-06 19:55:00,抖音,56-i
Push-1566,56-9-2,同花顺：博彩行业快评,【同花顺】行业观察：澳门博彩业暑期客流回升，中场业务表现稳健。关注龙头公司季度财报预期。,2025-07-06 22:00:00,同花顺,56-i
Push-1567,,支付宝：午餐支付成功提醒,【支付宝】您已成功支付长沙黄花国际机场快餐店订单#LT202507071220，金额 38 元，账单已同步至我的账单,2025-07-07 12:23:00,支付宝,
Push-1568,,支付宝：生鲜食材支付成功提醒,【支付宝】您已成功支付罗比零食专卖店订单#RB202507071815，金额 96.5 元，账单已同步至我的账单,2025-07-07 18:17:00,支付宝,
Push-1569,22-5,系统：存储空间不足提醒,【系统通知】当前手机存储空间已使用超过90%，建议及时清理照片、视频等文件,2025-07-07 20:30:00,系统存储管理,22-e
Push-1570,22-5,贝壳找房：房源上新提醒,【贝壳找房】您关注的河东片区有新房源上架，3室2厅，面积108㎡，总价268万，点击查看详情,2025-07-07 21:15:00,贝壳找房,22-e
Push-1571,,系统：电量低提醒,【系统通知】当前手机电量已低于20%，请及时充电，避免影响使用,2025-07-07 22:50:00,系统电池管理,
Push-1572,155-1,雪球：热门股评更新提醒,【雪球】您关注的财经博主【老金看市】发布了最新股评《个人养老金新政下的投资机会》，分析了相关板块的潜在影响，快来查看吧！,2025-07-08 07:05:00,雪球,155-a
Push-1573,79-7,Wind金融终端：政策文件更新提醒,【Wind金融终端】您关注的【个人养老金税收优惠政策】专题已更新，新增财政部官方解读文件及专家分析，请及时查阅。,2025-07-08 09:45:00,Wind金融终端,79-g
Push-1574,20-13,企业微信：会议预约成功通知,【企业微信】您已成功预约与【公司法务专员】的会议，时间：2025-07-09 10:00，地点：华泰证券办公室3号会议室。,2025-07-08 10:32:00,企业微信,20-m
Push-1575,,高德地图：路况预测与出行建议,【高德地图】根据预测，您关注的【华泰证券→雨花区链家门店】路线在15:00-16:00间较为畅通，预计车程35分钟，建议您此时出发。,2025-07-08 14:15:00,高德地图,
Push-1576,20-13,企业微信：会议即将开始提醒,【企业微信】您与公司法务专员的会议将于明天上午10:00开始，地点：华泰证券办公室3号会议室，请提前做好准备。,2025-07-08 16:30:00,企业微信,20-m
Push-1577,,500px：热门摄影作品更新,【500px】您关注的街头摄影师【城市捕手】发布了新作品集【长沙夜色】，包含多张湘江夜景与街头光影，快来欣赏吧！,2025-07-08 18:15:00,500px,
Push-1578,,网易云音乐：私人FM新歌推荐,【网易云音乐】您的私人FM根据您的跑步歌单，为您推荐了新歌《晨光序曲》- 林俊杰，点击立即收听。,2025-07-08 21:20:00,网易云音乐,
Push-1579,,系统：存储空间不足提醒,【系统通知】您的手机存储空间已不足10%，部分应用运行可能受影响，建议及时清理。,2025-07-08 22:10:00,系统存储管理,
Push-1580,21-3,Keep：今日跑步路线推荐,【Keep】岳麓山经典晨跑路线已为您规划完毕，全程约6公里，预计消耗450大卡。点击查看详细路线图与配速建议。,2025-07-09 06:05:00,Keep,21-c
Push-1581,21-3,雪球：早盘市场速递,【雪球】隔夜美股三大指数收涨，中概股表现活跃。A股今日关注养老金概念及金融科技板块。点击查看机构晨会观点汇总。,2025-07-09 06:40:00,雪球,21-c
Push-1582,20-14,企业微信：会议即将开始提醒,【企业微信】您与产品部的会议【私募基金与REITs产品细节确认】将于10:30开始，地点：3号会议室。请准时参加。,2025-07-09 10:15:00,企业微信,20-n
Push-1583,20-14,系统：存储空间不足提醒,【系统通知】您的手机存储空间已使用超过90%，建议及时清理照片、视频或卸载不常用应用以释放空间。,2025-07-09 10:50:00,系统存储管理,20-n
Push-1584,,支付宝：午餐支付成功提醒,【支付宝】您已成功支付纤果派轻食沙拉订单#202507091201，金额 68 元，账单已同步至我的账单。,2025-07-09 12:02:00,支付宝,
Push-1585,64-5,微信支付：购物支付成功提醒,【微信支付】支付成功 386 元。收款方：湘腾城市广场精品超市。可在支付凭证中查看详情。,2025-07-09 19:05:00,微信,64-e
Push-1586,,微信读书：晚间阅读推荐,【微信读书】根据您的兴趣，为您推荐《投资最重要的事》精华解读与《中国国家地理》郴州莽山特辑，睡前读一读吧。,2025-07-09 22:15:00,微信读书,
Push-1587,,系统：电量低提醒,【系统通知】当前手机电量已低于 20%，请及时连接充电器，预计充满需1小时30分钟。,2025-07-09 22:45:00,系统电池管理,
Push-1588,,潮汐：睡眠故事更新,【潮汐】新上线路易斯·格丽克的诗歌伴眠专辑《野鸢尾》，助您舒缓压力，提升睡眠质量。点击立即聆听。,2025-07-09 23:05:00,潮汐,
Push-1589,155-3-2,雪球：早盘行情速递,【雪球】早盘快讯：A股三大指数小幅高开，消费板块领涨。您关注的智能投顾ETF（代码：515070）当前涨幅+1.2%，建议关注其资金流向。点击查看详情。,2025-07-10 07:45:00,雪球,155-c
Push-1590,,支付宝：午餐支付成功提醒,【支付宝】您已成功支付兰州拉面馆订单#LZ202507101201，金额 38 元，账单已同步至我的账单,2025-07-10 12:02:00,支付宝,
Push-1591,,支付宝：咖啡支付成功提醒,【支付宝】您已成功支付圣爵菲斯咖啡厅订单#SJF202507101255，金额 28 元，账单已同步至我的账单,2025-07-10 12:56:00,支付宝,
Push-1592,,盒马：生鲜订单配送提醒,【盒马】您的订单#HM202507101803（鸡胸肉、西兰花、小番茄）已由骑手张师傅（电话：138****5678）开始配送，预计18:45送达，请保持手机畅通,2025-07-10 18:15:00,盒马,
Push-1593,,B站：您关注的UP主更新了,【B站】您关注的纪录片频道《行星》系列已更新最新一集《火星：红色星球之谜》，快来观看吧！,2025-07-10 21:05:00,B站,
Push-1594,79-10,雪球：养老金新政深度解读,【雪球】养老金新政对不同收入家庭影响差异显著！高净值客户需关注额度上限与遗产规划，中产家庭是最大受益者。点击查看详细分析模型与投资策略。,2025-07-11 06:52:00,雪球,79-j
Push-1595,,系统：存储空间不足提醒,【系统通知】您的手机存储空间已使用超过90%，建议及时清理照片、视频和应用缓存，以确保设备流畅运行。,2025-07-11 07:05:00,系统存储管理,
Push-1596,22-7,支付宝：服务区消费支付成功,【支付宝】您已成功支付衡山服务区消费订单#HS20250711001，金额 86.5 元，账单已同步至我的账单。,2025-07-11 11:02:00,支付宝,22-g
Push-1597,22-7,高德地图：前方服务区及路况提醒,【高德地图】前方15公里为耒阳服务区，当前京港澳高速郴州段畅通，预计13:10抵达莽山镇。点击查看实时路况与沿途美食推荐。,2025-07-11 11:12:00,高德地图,22-g
Push-1598,22-7,微信支付：超市购物支付成功,【微信支付】支付成功 58.0 元。收款方：莽山镇惠民超市。备注：购买水果、巧克力、纯净水。,2025-07-11 14:03:00,微信,22-g
Push-1599,22-7,微信支付：莽山国家森林公园门票,【微信支付】支付成功 240.0 元。收款方：莽山国家森林公园。备注：成人票3张，订单号 MS202507111420。,2025-07-11 14:22:00,微信,22-g
Push-1600,22-7,系统：电量低提醒,【系统通知】当前手机电量已低于 20%，请及时连接充电器，避免影响导航和通讯功能。,2025-07-11 17:35:00,系统电池管理,22-g
Push-1601,22-7,墨迹天气：莽山夜间天气与观星指数,【墨迹天气】莽山林海营地夜间天气晴，气温18-22℃，微风，无降水。观星指数：极佳，银河清晰可见。适宜进行星空摄影。,2025-07-11 17:55:00,墨迹天气,22-g
Push-1602,22-7,下厨房：露营食谱推荐,【下厨房】露营晚餐灵感：香肠蔬菜一锅出、煎午餐肉技巧、简易水果沙拉酱汁配方。点击查看详细步骤，让野外用餐更美味。,2025-07-11 18:15:00,下厨房,22-g
Push-1603,22-7,小红书：日落摄影构图技巧,【小红书】营地日落怎么拍？试试帐篷剪影与暖色调天空的对比！收藏这份日落摄影构图指南，拍出朋友圈点赞大片。,2025-07-11 19:35:00,小红书,22-g
Push-1604,21-4,Keep：今日运动数据已生成,【Keep】恭喜完成晨间越野跑训练！本次运动时长95分钟，消耗约680千卡。查看详细数据，为下一次突破做准备。,2025-07-12 08:08:00,Keep,21-d
Push-1605,,小红书：户外露营装备清单推荐,【小红书】根据你的露营偏好，为你推荐10款轻量化营地安全装备清单，助你提升户外体验。点击查看详情。,2025-07-12 08:40:00,小红书,
Push-1606,22-8-1,Snapseed：照片编辑模板上新,【Snapseed】发现适合森林纪实风格的全新滤镜和编辑工具包，一键提升照片质感，快来试试吧。,2025-07-12 11:30:00,Snapseed,22-h
Push-1607,,招商银行：账户动账提醒,"【招商银行】您尾号8899的储蓄卡收到一笔转账，金额5000.00元，当前余额为125,367.42元。",2025-07-12 12:05:00,招商银行,
Push-1608,,雪球：午间行情速递,【雪球】午盘快讯：A股三大指数震荡整理，养老概念板块表现活跃。你关注的华泰证券（601688）当前报价18.76元，微涨0.8%。,2025-07-12 13:15:00,雪球,
Push-1609,22-8-1,VSCO：溪流摄影灵感集,【VSCO】探索水流与光影的慢门摄影技巧，我们为你精选了5个溪流摄影预设包，助你创作出惊艳作品。,2025-07-12 16:30:00,VSCO,22-h
Push-1610,22-8-2,下厨房：营地烧烤食谱推荐,【下厨房】今晚想试试不一样的？为你推荐3款简单美味的营地烧烤食谱，食材易得，步骤清晰。,2025-07-12 17:20:00,下厨房,22-h
Push-1611,,系统：存储空间不足提醒,【系统通知】手机存储空间已使用超过90%，部分应用运行可能受影响。建议及时清理照片、视频或卸载不常用应用。,2025-07-12 19:10:00,系统存储管理,
Push-1612,22-8-2,Star Walk 2：今晚星空观测指南,【Star Walk 2】今晚22:00-23:30，银河中心将清晰可见，是拍摄星轨和辨认夏季大三角的绝佳时机。打开应用实时观星吧！,2025-07-12 20:45:00,Star Walk 2,22-h
Push-1613,155-5,印象笔记：今日笔记摘要,【印象笔记】今日你创建了3条笔记，关键词包括：养老金新政、长沙看房清单、金融科技沙龙。点击回顾今日思考。,2025-07-12 22:50:00,印象笔记,155-e
Push-1614,22-9,墨迹天气：莽山日出观赏提醒,【墨迹天气】今日莽山国家森林公园日出时间为05:42，天气晴朗，云海概率高，是拍摄日出的绝佳时机。,2025-07-13 05:00:00,墨迹天气,22-i
Push-1615,22-9,系统：存储空间不足提醒,【系统通知】手机存储空间已使用超过90%，拍摄的照片和视频可能无法保存，建议及时清理。,2025-07-13 08:20:00,系统存储管理,22-i
Push-1616,69-1-1,高德地图：高速路况与充电站提醒,【高德地图】G4京港澳高速（宜章-长沙段）当前畅通，前方衡山服务区有充电站和餐饮，预计您将于09:30左右抵达。,2025-07-13 08:50:00,高德地图,69-a
Push-1617,,美团外卖：订单送达提醒,【美团外卖】您的外卖订单#ST202507131345 已由骑手张师傅送达至指定地点，请及时取餐。祝您用餐愉快！,2025-07-13 13:50:00,美团外卖,
Push-1618,68-1,京东：您关注的手机降价提醒,【京东】您关注的【小米14 Pro】12GB+256GB版本限时直降300元，到手价4999元，支持24期免息，点击查看详情。,2025-07-13 15:30:00,京东,68-a
Push-1619,,菜鸟：取件码提醒,【菜鸟】您的快递（备用滤镜）已到达岳麓区机关金星住宅小区快递柜，取件码为8-5-2345，请及时领取。,2025-07-13 16:40:00,菜鸟,
Push-1620,153-3,Keep：瑜伽课程开始提醒,【Keep】您预约的今日18:00哈他瑜伽课程即将开始，地点：王府井写字楼瑜伽普拉提馆，请提前10分钟到场准备。,2025-07-13 17:50:00,Keep,153-c
Push-1621,69-1-3,支付宝：手机订单支付成功,【支付宝】您已成功支付京东订单#JD202507131920，金额5299元，商品为小米14 Pro 12GB+256GB，选择次日达配送。,2025-07-13 19:23:00,支付宝,69-a
Push-1622,,系统：电量低提醒,【系统通知】当前手机电量已低于20%，请及时连接充电器，避免自动关机。,2025-07-13 20:15:00,系统电池管理,
Push-1623,,Lightroom：照片备份完成,【Lightroom】您从存储卡导入的187张照片已完成云端备份，并已为您智能筛选出52张优质照片。,2025-07-13 21:30:00,Lightroom,
Push-1624,,Keep：今日跑步计划提醒,【Keep】您的今日晨跑计划（5公里，配速5‘30“）还未开始，晨间空气清新，是跑步的好时机，点击开始训练,2025-07-14 06:30:00,Keep,
Push-1625,,华泰证券：市场早报推送,【华泰证券】早安！今日市场前瞻：关注科技板块反弹机会，美联储议息会议在即。点击查看完整版投资早报,2025-07-14 08:00:00,华泰证券,
Push-1626,,支付宝：信用卡还款成功通知,【支付宝】您尾号8890的招商银行信用卡本期账单已成功还款，金额为8，650.00元。还款明细可在“我的账单”中查看,2025-07-14 08:32:00,支付宝,
Push-1627,,微信：好友生日提醒,【微信】今天是好友彭雨晴的生日，别忘了送上祝福哦！点击发送生日祝福,2025-07-14 08:45:00,微信,
Push-1628,,系统：存储空间不足提醒,【系统通知】手机存储空间已不足10%，建议清理缓存或卸载不常用应用，以保证系统流畅运行,2025-07-14 09:15:00,系统存储管理,
Push-1629,,雪球：沪深300指数异动提醒,【雪球】您关注的沪深300指数（000300.SH）盘中上涨1.5%，突破关键点位。点击查看实时行情与机构解读,2025-07-14 10:05:00,雪球,
Push-1630,,美团：外卖订单配送提醒,【美团外卖】您的外卖订单#202507141234（湘菜馆-小炒黄牛肉）骑手已取餐，正在火速配送中，预计送达时间12:15，请保持手机畅通,2025-07-14 11:55:00,美团外卖,
Push-1631,,网易云音乐：私人FM新歌推荐,【网易云音乐】根据您的收听习惯，私人FM为您推荐新歌《麓山南路的清晨》（独立音乐人作品），点击立即播放,2025-07-14 19:20:00,网易云音乐,
Push-1632,,Keep：今日跑步训练完成提醒,【Keep】恭喜你完成今日岳麓山晨跑训练！本次跑步7.0公里，平均配速5‘30”，消耗约450大卡。你的坚持正在塑造更好的自己！,2025-07-15 07:52:00,Keep,
Push-1633,,雪球：早盘财经资讯速递,【雪球】早盘必读：A股三大指数小幅高开，新能源板块领涨。你关注的【宁德时代】开盘上涨1.2%。点击查看最新研报与市场解读。,2025-07-15 08:05:00,雪球,
Push-1634,,华泰证券涨乐财富通：项目完成通知,【涨乐财富通】您为客户【黄思琪】制定的资产配置方案已通过系统发送并归档。项目【ZSQ-20250715】状态已更新为【已完成】。,2025-07-15 12:02:00,华泰证券涨乐财富通,
Push-1635,,支付宝：午餐支付成功提醒,【支付宝】支付成功！你向【金鹰路家常菜馆】支付了86.50元。付款方式：花呗。账单已同步，可在“我的账单”中查看详情。,2025-07-15 12:08:00,支付宝,
Push-1636,,系统：存储空间不足提醒,【系统通知】当前手机存储空间已使用超过90%，部分应用运行可能受影响。建议及时清理照片、视频或卸载不常用应用。,2025-07-15 13:25:00,系统存储管理,
Push-1637,,微信读书：为你推荐金融新书,【微信读书】根据你的阅读兴趣，为你推荐《价值投资实战手册（第二辑）》。作者深入剖析A股价值投资案例，会员可免费阅读。,2025-07-15 15:30:00,微信读书,
Push-1638,,微信支付：便利店消费提醒,【微信支付】支付成功。你已向【新佳宜便利店（桃子湖店）】支付48.80元。付款方式：零钱。开启支付提醒，管理更安心。,2025-07-15 18:05:00,微信,
Push-1639,,支付宝：晚餐支付成功提醒,【支付宝】支付成功！你向【家常风味湘菜馆】支付了68.00元。订单号：CF202507151838。点击查看商家优惠券。,2025-07-15 19:05:00,支付宝,
Push-1640,,小红书：湘菜美食探店笔记推荐,【小红书】发现长沙宝藏湘菜馆！“西湖建新安置小区”附近还有这些高分小店，收藏量过万，快来看看吧！,2025-07-15 19:15:00,小红书,
Push-1641,70-2-6,随手记：记账成功提醒,【随手记】记账成功！你记录了【数码产品】支出6000.00元，备注：更换新手机。本月【数码产品】预算已超支，点击查看详情。,2025-07-15 20:53:00,随手记,70-b
Push-1642,,航旅纵横：航班值机成功提醒,【航旅纵横】您已成功办理CZ1234航班值机，座位号12A，请于09:15前至长沙黄花机场T2航站楼B12登机口登机。,2025-07-16 08:02:00,航旅纵横,
Push-1643,,支付宝：停车费支付成功,【支付宝】您已成功支付长沙黄花国际机场长期停车场费用，金额35元，订单号#2025071607451234。,2025-07-16 08:10:00,支付宝,
Push-1644,20-16-1,南方航空：航班起飞提醒,【南方航空】CZ1234航班（长沙-深圳）已开始登机，请前往B12登机口，祝您旅途愉快。,2025-07-16 09:20:00,南方航空,20-p
Push-1645,,滴滴出行：行程结束通知,【滴滴出行】您从深圳宝安机场T3至科技园金融基地的行程已结束，费用68元，司机王师傅已收到五星好评。,2025-07-16 13:03:00,滴滴出行,
Push-1646,,南方航空：返程值机提醒,【南方航空】CZ5678航班（深圳-长沙）已开放值机，您可在线选座，航班计划16:20起飞。,2025-07-16 14:55:00,南方航空,
Push-1647,,美团外卖：订单送达通知,【美团外卖】您的小炒黄牛肉订单#CS2025071622054321已由骑手李师傅送达，请及时取餐，祝您用餐愉快。,2025-07-16 21:05:00,美团外卖,
Push-1648,71-3,百度网盘：备份任务完成,【百度网盘】您设置的“工作文件”自动备份任务已完成，本次备份文件大小2.1GB，云端存储空间充足。,2025-07-16 22:35:00,百度网盘,71-c
Push-1649,244-1-1,微信：公众号更新提醒,【微信】长沙艺术生活：谢子龙影像艺术馆新展“数字与自然：沉浸式光影艺术展”7月20日开幕，您已标记感兴趣。,2025-07-16 23:28:00,微信,244-a
Push-1650,,系统：存储空间不足,【系统通知】手机存储空间已不足10%，建议清理照片、视频或卸载不常用应用以释放空间。,2025-07-16 23:40:00,系统存储管理,
Push-1651,,系统：电量低提醒,【系统通知】当前手机电量已低于 20%，请及时充电，避免影响使用,2025-07-17 06:35:00,系统电池管理,
Push-1652,,雪球：早盘行情速递,【雪球】早盘速递：A股三大指数小幅低开，新能源板块领涨。您关注的华泰证券(601688)现价15.78元，微涨0.38%。,2025-07-17 07:50:00,雪球,
Push-1653,,高德地图：通勤路况提醒,【高德地图】您常走的西二环→芙蓉中路路段当前拥堵，预计通行时间60分钟，建议您提前出发。,2025-07-17 08:30:00,高德地图,
Push-1654,245-5,华泰证券：客户持仓异动提醒,【华泰证券】尊敬的客户，您服务的客户林志豪先生账户于10:15完成调仓操作，涉及标的：XX科技(代码：XXXXXX)，卖出金额约50万元。,2025-07-17 10:18:00,华泰证券,245-a
Push-1655,,支付宝：咖啡支付成功提醒,【支付宝】您已成功支付圣爵菲斯咖啡厅订单#CS202507171315，金额38元，账单已同步至我的账单,2025-07-17 13:18:00,支付宝,
Push-1656,245-2,股价异动提醒,您关注的[相关公司名称]股价出现剧烈波动，最新报价XX元，涨跌幅XX%。点击查看实时行情与分析报告。,2025-07-17 14:30:15,金融终端Pro,245-a
Push-1657,,同花顺：A股收盘快报,【同花顺】收盘快报：沪指跌0.5%，创业板指跌1.2%。您自选股中的宁德时代收涨2.1%。,2025-07-17 15:05:00,同花顺,
Push-1658,245-6,得到：高效复盘方法推荐,【得到】您可能感兴趣：ENTJ如何高效复盘？《麦肯锡工作法》精华解读已更新，点击收听。,2025-07-17 15:20:00,得到,245-a
Push-1659,54-1-1,携程：武汉酒店推荐,【携程旅行】为您推荐武汉江汉路步行街附近高评分酒店，如江城明珠大酒店，距您母校旧址仅1.5公里，查看详情。,2025-07-17 19:45:00,携程旅行,54-a
Push-1660,,系统：存储空间不足提醒,【系统通知】您的手机存储空间已使用超过90%，建议清理照片、视频或卸载不常用应用以释放空间。,2025-07-17 20:25:00,系统存储管理,
Push-1661,,微信读书：金融报告写作书籍,【微信读书】您关注的《穿透财报》作者更新了关于季度报告撰写的实战章节，或许对您正在写的报告有启发。,2025-07-17 21:30:00,微信读书,
Push-1662,,Keep：今日跑步记录已生成,"【Keep】您于 06:15 在岳麓山完成的 5.0 公里恢复跑已记录，平均配速 7‘00""/公里，累计爬升 120 米，消耗约 380 大卡。坚持就是胜利！",2025-07-18 06:51:00,Keep,
Push-1663,,雪球：隔夜全球市场要闻速递,【雪球】隔夜美股三大指数涨跌不一，科技股表现分化。美联储官员最新讲话暗示降息路径仍存分歧。A50期指夜盘微涨 0.2%。点击查看详情>>,2025-07-18 07:05:00,雪球,
Push-1664,79-13-1,钉钉：部门分享会即将开始,【钉钉】您主持的部门分享会《个人养老金政策对中产家庭资产配置的长期影响分析》将于 09:00 在会议室开始，请提前准备。,2025-07-18 08:45:00,钉钉,79-m
Push-1665,240-2,企业微信：您的调休申请已通过,【企业微信】您提交的调休申请（7月21-23日）已获直属领导钱永强批准，请做好工作交接。,2025-07-18 10:48:00,企业微信,240-b
Push-1666,,系统：存储空间不足提醒,【系统通知】当前手机存储空间已使用超过 90%，部分应用运行可能受影响，建议及时清理。,2025-07-18 11:30:00,系统存储管理,
Push-1667,113-2-4,小红书：财经自媒体定位灵感,【小红书】发现优质笔记：从 0 到 1 打造个人财经 IP，如何用真实案例拆解吸引泛中产家庭？点开看看创作者的经验分享>>,2025-07-18 12:30:00,小红书,113-b
Push-1668,,支付宝：咖啡支付成功提醒,"【支付宝】您已成功支付圣爵菲斯咖啡厅订单#CF202507181530，金额 32.00 元，账单已同步至""我的账单""",2025-07-18 15:32:00,支付宝,
Push-1669,138-12,Snapseed：照片编辑建议,【Snapseed】检测到您拍摄了新的风景照片，试试使用“戏剧”或“HDR景观”滤镜增强光影层次，让丁达尔效应更突出。,2025-07-18 18:55:00,Snapseed,138-l
Push-1670,,Keep：晨跑训练计划更新,【Keep】您的马拉松训练计划已更新，今日推荐：岳麓山环山跑道30分钟有氧耐力跑。点击查看详细配速与心率区间建议。,2025-07-19 07:05:00,Keep,
Push-1671,153-4,Keep：瑜伽课程推荐,【Keep】根据您的运动偏好，为您推荐肩颈放松与核心力量瑜伽课程，适合久坐办公人群，助您缓解腰部紧张。,2025-07-19 08:45:00,Keep,153-d
Push-1672,153-4,大众点评：瑜伽课预定成功,【大众点评】您已成功预定【王府井瑜伽普拉提馆】的首次体验课，时间：今日09:30-11:00，预约码：YJ20250719001。请提前10分钟到场签到。,2025-07-19 09:02:00,大众点评,153-d
Push-1673,,支付宝：咖啡厅消费支付成功,【支付宝】您已成功支付一丹咖啡厅消费，金额38元，账单已同步至我的账单。,2025-07-19 11:28:00,支付宝,
Push-1674,113-3,知乎：投资理财内容推荐,【知乎】为您推荐热门话题：基金定投的误区与正道，多位资深投资人分享了他们的实战经验与避坑指南。,2025-07-19 14:15:00,知乎,113-c
Push-1675,,系统：存储空间不足提醒,【系统通知】手机存储空间已不足10%，建议清理照片、视频或卸载不常用应用以释放空间。,2025-07-19 15:40:00,系统存储管理,
Push-1676,,微信支付：便利店消费成功,【微信支付】支付成功，向归心苑便利店支付25.5元。点击查看支付凭证。,2025-07-19 16:23:00,微信,
Push-1677,,美团：蛋糕预定成功通知,【美团】您预定的【麓山路甜品店】提拉米苏蛋糕已成功，订单号：MT20250719173001，请于今日17:50后凭取货码1234取货。,2025-07-19 17:32:00,美团,
Push-1678,23-3-1,小红书：朋友聚会美食灵感,【小红书】朋友聚会不知道聊什么？看看这些热门话题和互动游戏推荐，让聚会气氛更热烈！,2025-07-19 18:05:00,小红书,23-c
Push-1679,240-3,高德地图：行程规划提醒,【高德地图】您标记的岳麓山、橘子洲带父母游览路线已保存。明日长沙天气：晴，25-32°C，适宜出游。,2025-07-19 21:18:00,高德地图,240-c
Push-1680,240-3,携程旅行：景点门票预订提醒,【携程旅行】岳麓山、橘子洲景区门票可在线预订，凭身份证直接入园，避免排队。为您推荐适合长辈的休闲游览路线。,2025-07-19 21:25:00,携程旅行,240-c
Push-1681,139-10,知乎：您关注的话题有新的内容更新,【知乎】您关注的街拍摄影话题下，有3篇新回答探讨了城市光影捕捉技巧和后期调色思路，快来查看吧。,2025-07-20 10:15:00,知乎,139-j
Push-1682,,贝壳找房：您关注的房源有价格变动,【贝壳找房】您关注的梅溪湖国际社区120㎡三居室，最新挂牌价调整为385万元，点击查看详情。,2025-07-20 13:15:00,贝壳找房,
Push-1683,153-5,大众点评：瑜伽课程预定成功,【大众点评】您已成功预定王府井写字楼瑜伽普拉提馆的流瑜伽体验课，时间：7月20日 14:00-15:30，预定码：YZ2025072001。,2025-07-20 13:35:00,大众点评,153-e
Push-1684,,系统：存储空间不足提醒,【系统通知】您的手机存储空间已使用超过90%，部分应用运行可能受影响，建议及时清理。,2025-07-20 15:25:00,系统存储管理,
Push-1685,,系统：电量低提醒,【系统通知】当前手机电量已低于20%，请及时连接充电器。,2025-07-20 16:50:00,系统电池管理,
Push-1686,,下厨房：根据您的口味推荐新菜谱,【下厨房】为您推荐低脂高蛋白的香煎鸡胸肉沙拉和藜麦饭做法，简单快手，适合健身人群。,2025-07-20 20:05:00,下厨房,
Push-1687,49-1,什么值得买：摄影装备限时优惠,【什么值得买】您关注的索尼A7IV全画幅微单相机，京东自营限时优惠1500元，到手价14999元，点击查看。,2025-07-20 21:10:00,什么值得买,49-a
Push-1688,,网易云音乐：您的专属睡前歌单已更新,【网易云音乐】根据您的跑步和放松习惯，为您更新了“深夜助眠·纯音乐”歌单，包含10首新曲目。,2025-07-20 22:30:00,网易云音乐,
Push-1689,,系统：存储空间不足提醒,【系统通知】手机存储空间已使用超过90%，建议及时清理照片、视频或卸载不常用应用，以保持系统流畅运行。,2025-07-21 06:50:00,系统存储管理,
Push-1690,,Keep：今日运动成就,【Keep】恭喜您完成今日5公里室内跑步，用时35分钟，平均配速7分/公里，消耗热量约350大卡。坚持就是胜利！,2025-07-21 07:35:00,Keep,
Push-1691,,雪球：早盘市场速览,【雪球】早盘速递：A股三大指数小幅低开，新能源板块领涨。您关注的沪深300ETF（510300）最新报价4.123元，微涨0.15%。,2025-07-21 08:15:00,雪球,
Push-1692,20-17-1,华泰证券：交易成功通知,【华泰证券】尊敬的客户，您账户尾号8899于09:50执行买入委托已全部成交，成交金额5，000，000.00元，涉及标的：XX混合型证券投资基金等。详情请查看交割单。,2025-07-21 09:52:00,华泰证券,20-q
Push-1693,113-4,小红书：自媒体运营灵感,【小红书】您关注的理财博主【财经老司机】刚发布了新笔记：个人养老金账户怎么开？税优政策全解读。快来围观学习吧！,2025-07-21 11:30:00,小红书,113-d
Push-1694,,支付宝：午餐支付成功,【支付宝】您已成功支付伟记家常菜订单#202507211210，金额86元。付款方式：花呗。账单已同步至我的账单。,2025-07-21 12:12:00,支付宝,
Push-1695,,大众点评：猜你喜欢,【大众点评】根据您的口味，为您推荐开福区湘菜好评榜TOP3：炊烟时代、费大厨辣椒炒肉、壹盏灯。人均80-120元，点击查看详情。,2025-07-21 12:45:00,大众点评,
Push-1696,,微信支付：咖啡消费提醒,【微信支付】您已在圣爵菲斯咖啡厅消费38元。付款时间：13:15。当前零钱余额：1，245.36元。,2025-07-21 13:16:00,微信,
Push-1697,20-17-1,知乎：养老金政策讨论,【知乎】您关注的话题【个人养老金制度】有新的高赞回答：深度分析税延型养老保险的收益模型与风险。邀请您参与讨论。,2025-07-21 15:20:00,知乎,20-q
Push-1698,240-4-1,京东到家：生鲜采购推荐,【京东到家】您常买的洪山菜薹、湖北藕今日特价！排骨买一送一，新鲜水果满59减15。家门口的超市，1小时速达。,2025-07-21 18:05:00,京东到家,240-d
Push-1699,240-4-2,高德地图：明日出行提醒,【高德地图】您设置的明日（07-22）15:00前往长沙南站行程提醒。推荐路线：经西二环、花侯路，预计驾车耗时45分钟。已为您避开施工路段。,2025-07-21 21:15:00,高德地图,240-d
Push-1700,,雪球：早盘市场速递,【雪球】昨夜美股三大指数涨跌不一，中概股表现活跃。今日A股关注金融、消费板块。您的自选股【华泰证券】昨日收盘价XX.XX元，涨跌幅X.XX%。,2025-07-22 07:05:00,雪球,
Push-1701,240-5-1,小红书：居家收纳灵感更新,【小红书】您关注的收纳达人【整理师阿May】刚刚发布了新笔记：【父母房改造】三步打造温馨客房，快来看看吧！,2025-07-22 08:20:00,小红书,240-e
Push-1702,240-5-2,微信支付：付款成功通知,【微信支付】您已向【鑫悦生活超市门口花摊】成功支付 65.00 元。付款时间：2025-07-22 10:32:00。,2025-07-22 10:33:00,微信,240-e
Push-1703,,大众点评：您收藏的餐厅上新菜了,【大众点评】您收藏的【火宫殿（坡子街总店）】推出夏季新菜【冰镇小龙虾】，点评用户评分4.8，快带上家人去尝尝吧！,2025-07-22 11:10:00,大众点评,
Push-1704,240-5-3,下厨房：西兰花鸡丁菜谱推荐,【下厨房】根据您的浏览记录，为您推荐【低脂西兰花炒鸡丁】的3种创新做法，让家常菜更美味！,2025-07-22 11:45:00,下厨房,240-e
Push-1705,242-1,高德地图：前方路况提醒,【高德地图】您常走的【岳麓大道】往【长沙南站】方向，当前车流量较大，通行时间预计增加8分钟，建议您提前出发。,2025-07-22 12:55:00,高德地图,242-a
Push-1706,,携程旅行：湘江风光带游玩攻略,【携程旅行】您附近的【湘江风光带】被评为长沙必游景点TOP3，查看最新游玩路线、拍照打卡点和周边美食推荐。,2025-07-22 15:00:00,携程旅行,
Push-1707,240-5-3,盒马：晚餐食材推荐,【盒马】您常买的【新鲜排骨】和【西兰花】正在限时特价，下单满59元免配送费，最快30分钟送达。,2025-07-22 16:40:00,盒马,240-e
Push-1708,,Keep：今日步数达标提醒,"【Keep】恭喜！您今日已行走 8,500 步，完成日目标 8,000 步。和家人散步是保持健康的好习惯，继续加油！",2025-07-22 20:25:00,Keep,
Push-1709,,网易云音乐：私人FM新歌推荐,【网易云音乐】您的私人FM发现一首适合晚间放松的轻音乐：【夜的钢琴曲五】，点击立即收听。,2025-07-22 21:15:00,网易云音乐,
Push-1710,,微信读书：《周期》阅读进度提醒,【微信读书】您正在阅读的《周期》已读至第5章，本周阅读时长超过90%的书友，坚持就是胜利！,2025-07-22 22:05:00,微信读书,
Push-1711,240-6-1,高德地图：岳麓山周边路况提醒,【高德地图】当前岳麓山景区周边麓山南路车流量较大，建议您提前规划路线，预计08:55抵达东门停车场。,2025-07-23 08:15:00,高德地图,240-f
Push-1712,,系统：存储空间不足提醒,【系统通知】当前手机存储空间已使用超过90%，建议及时清理照片、视频等文件，确保应用正常运行。,2025-07-23 08:40:00,系统存储管理,
Push-1713,240-6-1,小红书：岳麓山小众拍照点推荐,【小红书】为你推荐岳麓山穿石坡湖附近的3个绝佳拍照机位，阴雨天气也能拍出氛围感大片，快来看看吧！,2025-07-23 09:30:00,小红书,240-f
Push-1714,240-6-1,美团：味上湘菜馆预定成功通知,【美团】您已成功预定味上湘菜馆(岳麓山店)12:00的3人桌，预定码#789012，请准时到店。,2025-07-23 11:45:00,美团,240-f
Push-1715,,网易云音乐：驾驶模式歌单推荐,【网易云音乐】根据您的喜好，为您推荐驾驶模式专属歌单《午后归途·舒缓旋律》，点击即可播放。,2025-07-23 13:55:00,网易云音乐,
Push-1716,,雪球：今日A股收盘快讯,【雪球】今日A股三大指数小幅收涨，金融板块表现稳健。您关注的华泰证券(601688)收盘报15.68元，上涨1.03%。,2025-07-23 19:50:00,雪球,
Push-1717,242-2,美团：餐厅预定成功通知,【美团】您已成功预订湘聚楼（开福区店）明晚18:00包间，预定码：XJL20250725001。请准时到店用餐。,2025-07-24 08:33:00,美团,242-b
Push-1718,242-2,大众点评：餐厅收藏推荐,【大众点评】根据您的口味，为您推荐湘聚楼附近评分4.8的湘菜馆【火宫殿】，人均120元，招牌菜剁椒鱼头。,2025-07-24 09:15:00,大众点评,242-b
Push-1719,240-6-3,小红书：梅溪湖公园打卡攻略,【小红书】发现梅溪湖公园节庆岛新晋拍照打卡点！附赠绝佳机位和调色参数，快带上家人来拍大片吧。,2025-07-24 16:30:00,小红书,240-f
Push-1720,,系统：存储空间不足提醒,【系统通知】您的手机存储空间已使用超过90%，建议及时清理照片、视频或卸载不常用应用。,2025-07-24 20:45:00,系统存储管理,
Push-1721,240-6-3,Lightroom：照片整理完成提醒,【Adobe Lightroom】您导入的45张照片已完成智能整理，已为您创建相册父母长沙行-2025夏。,2025-07-24 21:15:00,Adobe Lightroom,240-f
Push-1722,242-2,美团：景点门票预约成功,【美团】橘子洲头观光车票预约成功！订单号：JZDT20250725001，预约时段：2025-07-25 09:00-12:00，请凭二维码入园。,2025-07-24 21:35:00,美团,242-b
Push-1723,240-7-1,小红书：橘子洲头摄影攻略推荐,【小红书】橘子洲头青年毛泽东雕像最佳摄影机位已更新！点击查看最新游客实拍攻略，学习如何利用光影拍出氛围感大片。,2025-07-25 09:15:00,小红书,240-g
Push-1724,240-7-1,美团：坡子街火宫殿美食榜单,【美团】坡子街火宫殿必点小吃榜单出炉！臭豆腐、糖油粑粑、龙脂猪血位列前三，点击查看详细口味测评与人均消费。,2025-07-25 11:45:00,美团,240-g
Push-1725,240-7-1,系统：存储空间不足提醒,【系统通知】您的手机存储空间已使用超过90%，建议及时清理照片、视频或卸载不常用应用以释放空间。,2025-07-25 12:05:00,系统存储管理,240-g
Push-1726,240-7-2,航旅纵横：航班值机提醒,【航旅纵横】您关注的CZ1234航班（长沙-武汉）已开放值机，座位有限，建议尽快通过官方渠道或本APP办理。,2025-07-25 14:30:00,航旅纵横,240-g
Push-1727,240-7-2,雪球：今日A股市场快评,【雪球】金融板块午后异动，券商股估值修复逻辑梳理。点击查看分析师对下半年市场走势的最新研判。,2025-07-25 15:45:00,雪球,240-g
Push-1728,242-3-1,大众点评：湘聚楼餐厅推荐菜,【大众点评】您收藏的湘聚楼餐厅，清蒸鲈鱼、白灼菜心、蟹黄豆腐为近期好评TOP3，点击查看食客真实评价与人均参考。,2025-07-25 17:45:00,大众点评,242-c
Push-1729,242-3-2,Keep：江边漫步后拉伸指南,【Keep】长时间步行后，别忘了进行5分钟腿部拉伸，缓解肌肉疲劳，预防酸痛。点击查看跟练视频。,2025-07-25 20:50:00,Keep,242-c
Push-1730,,滴滴出行：行程即将开始提醒,【滴滴出行】您预约的21:00快车行程即将开始，司机张师傅（湘A·D1234）正在赶来，请提前做好上车准备。,2025-07-25 20:55:00,滴滴出行,
Push-1731,,得到：睡前财经资讯精选,【得到】睡前五分钟，了解今日全球市场要闻及明日投资策略前瞻。点击收听音频版。,2025-07-25 22:55:00,得到,
Push-1732,54-2-1,系统：电量低提醒,【系统通知】当前手机电量已低于 20%，请及时充电，避免影响使用,2025-07-26 06:45:00,系统电池管理,54-b
Push-1733,54-2-1,航旅纵横：航班值机提醒,【航旅纵横】您乘坐的CZ3340航班（长沙-武汉）已开放值机，建议您尽快办理，座位号：12A,2025-07-26 08:05:00,航旅纵横,54-b
Push-1734,54-2-1,高德地图：行程时间提醒,【高德地图】您收藏的路线【天河机场→马哥孛罗酒店】当前路况良好，预计全程约1小时20分钟，建议您规划出发时间,2025-07-26 11:15:00,高德地图,54-b
Push-1735,,雪球：A股午盘快讯,【雪球】午盘快讯：沪指震荡微涨0.2%，金融板块表现稳健，关注华泰证券最新研报。,2025-07-26 12:30:00,雪球,
Push-1736,,支付宝：线下支付成功,【支付宝】您已成功支付一元路怪味烧饼(锋尚时代大厦店)订单，金额 28.5 元，支付方式：花呗,2025-07-26 14:03:00,支付宝,
Push-1737,54-2-2,小红书：武汉怀旧Citywalk路线推荐,【小红书】发现武汉江岸区怀旧Citywalk路线：永清街老社区→武汉新天地→旧校址，适合摄影打卡，快去看看吧！,2025-07-26 14:25:00,小红书,54-b
Push-1738,54-2-2,支付宝：咖啡店消费提醒,【支付宝】您在武汉新天地咖啡店的消费 56 元已支付成功，账单已同步,2025-07-26 16:05:00,支付宝,54-b
Push-1739,,知乎：金融从业者如何平衡工作与生活,【知乎】为你推荐：金融从业者如何在高强度工作下保持生活热情？多位资深顾问分享了他们的经验。,2025-07-26 16:40:00,知乎,
Push-1740,,Keep：今日运动量提醒,【Keep】根据您今日的步行数据，您已消耗约420千卡，完成了今日运动目标的85%，继续保持！,2025-07-26 17:25:00,Keep,
Push-1741,,微信读书：您关注的《原则》更新了书评,【微信读书】您正在阅读的《原则》新增了10+条高质量书评，快来查看其他读者的解读吧。,2025-07-26 22:20:00,微信读书,
Push-1742,54-3-1,支付宝：早餐支付成功提醒,【支付宝】您已成功支付三镇民生甜食馆早餐订单，金额 48.50 元，账单已同步至我的账单,2025-07-27 09:05:00,支付宝,54-c
Push-1743,,小红书：江滩摄影灵感推荐,【小红书】武汉江滩摄影攻略更新！解锁绝佳机位与调色技巧，拍出你的专属江景大片,2025-07-27 11:30:00,小红书,
Push-1744,54-3-2,微信支付：午餐支付成功通知,【微信支付】支付成功 168 元。收款方：老宅藕香（江滩店）。点击查看账单详情,2025-07-27 12:08:00,微信,54-c
Push-1745,,支付宝：酒店账单支付提醒,【支付宝】您已成功支付武汉马哥孛罗酒店账单，金额 856 元，发票已开具,2025-07-27 13:20:00,支付宝,
Push-1746,54-3-2,航旅纵横：值机提醒,【航旅纵横】CZ3345 武汉-长沙 航班已开放值机，座位号 12A，请尽快办理。点击选座或获取电子登机牌,2025-07-27 15:30:00,航旅纵横,54-c
Push-1747,54-3-2,雪球：航空板块行情速递,【雪球】航空板块午后拉升，南方航空涨超3%。您关注的机场航运概念股有最新动态，点击查看,2025-07-27 17:45:00,雪球,54-c
Push-1748,54-3-3,剪映：模板更新提醒,【剪映】旅行回忆专属模板上新！一键生成武汉江滩漫步电子相册，记录你的美好瞬间,2025-07-27 20:50:00,剪映,54-c
Push-1749,,雪球：今日市场早报,【雪球】早盘观察：隔夜美股三大指数涨跌不一，中概股表现分化。关注今日港股开盘及A股金融板块动向。点击查看详细解读>>,2025-07-28 09:05:00,雪球,
Push-1750,,同花顺：自选股异动提醒,【同花顺】您关注的万科A（000002）盘中涨幅超2%，现报18.65元。房地产板块整体回暖，建议关注相关ETF及信托产品表现。,2025-07-28 11:15:00,同花顺,
Push-1751,126-9-1,支付宝：午餐支付成功提醒,【支付宝】您已成功支付中国兰州拉面（广电店）订单#LY202507281201，金额38元。账单已同步至我的账单。,2025-07-28 12:02:00,支付宝,126-i
Push-1752,126-9-1,贝壳找房：梅溪湖片区房源上新,【贝壳找房】根据您的浏览偏好，梅溪湖国际新城新上3套优质三居室，均价3.8万/㎡起，带优质学区，点击查看详情>>,2025-07-28 12:25:00,贝壳找房,126-i
Push-1753,62-1,湖南省天文台：8月活动预约开放,【湖南省天文台】8月公众开放日“夏季银河观测”主题活动预约已开放！时间：8月15日、22日晚。名额有限，点击立即预约>>,2025-07-28 16:05:00,湖南省天文台,62-a
Push-1754,,微信支付：超市消费提醒,【微信支付】您于步步高广场（金星中路店）消费86.5元。付款方式：零钱。可在支付凭证中查看详情。,2025-07-28 18:25:00,微信,
Push-1755,,系统：存储空间不足提醒,【系统通知】您的手机存储空间已使用超过90%，部分应用运行可能变慢。建议及时清理照片、视频或卸载不常用应用。,2025-07-28 18:40:00,系统存储管理,
Push-1756,,小红书：街拍摄影技巧更新,【小红书】您关注的摄影师@城市漫游者 更新了笔记：长沙夜景街拍机位大公开（含岳麓山观景台）。快来学习新技巧吧！,2025-07-28 22:05:00,小红书,
Push-1757,,支付宝：午餐支付成功提醒,【支付宝】您已成功支付金鹰路兰州拉面馆订单#LY202507291201，金额 48 元，账单已同步至我的账单,2025-07-29 12:03:00,支付宝,
Push-1758,,雪球：消费板块估值修复机会提醒,【雪球】您关注的消费板块出现估值修复信号，多家机构上调评级。点击查看最新研报及投资策略分析。,2025-07-29 12:45:00,雪球,
Push-1759,,东方财富：高净值客户资产配置策略更新,【东方财富】基于最新市场数据，为您推荐一份高净值客户资产配置策略模板，涵盖公募、私募及另类资产。,2025-07-29 14:30:00,东方财富,
Push-1760,25-3,贝壳找房：房源上线成功通知,【贝壳找房】您委托出售的岳麓区金星住宅小区公寓（房源编号 CS-YL-20250729-001）已审核通过，正式上线展示。,2025-07-29 17:05:00,贝壳找房,25-c
Push-1761,20-18,Wind金融终端：行业深度研报推送,【Wind金融终端】您订阅的科技与消费行业深度研报已更新，包含最新财务模型与估值分析，请及时查收。,2025-07-29 21:15:00,Wind金融终端,20-r
Push-1762,,系统：存储空间不足提醒,【系统通知】当前手机存储空间已使用超过 90%，建议及时清理照片、视频或卸载不常用应用。,2025-07-29 22:50:00,系统存储管理,
Push-1763,79-15-1,雪球：养老金政策分析专题更新,【雪球】您关注的养老金政策专题有最新分析报告发布：个人养老金账户投资策略与税优额度深度解读，点击查看详情。,2025-07-30 10:30:00,雪球,79-o
Push-1764,,系统：存储空间不足提醒,【系统通知】您的手机存储空间已使用超过90%，建议及时清理，以免影响应用运行。,2025-07-30 11:15:00,系统存储管理,
Push-1765,,支付宝：午餐支付成功提醒,【支付宝】您已成功支付金鹰路兰州拉面馆订单#LZ20250730120001，金额 38 元，账单已同步至我的账单。,2025-07-30 12:02:00,支付宝,
Push-1766,,微信支付：咖啡支付成功提醒,【微信支付】您已成功支付圣爵菲斯咖啡厅订单#SJFS202507301530，金额 28 元，支付方式：零钱。,2025-07-30 15:31:00,微信,
Push-1767,,系统：电量低提醒,【系统通知】当前手机电量已低于 20%，请及时连接电源，避免自动关机。,2025-07-30 16:45:00,系统电池管理,
Push-1768,,图虫：您关注的摄影师发布新作品,【图虫】您关注的街拍摄影师【城市漫游者】刚刚发布了新作品《暮色湘江》，快去欣赏并点赞吧！,2025-07-30 19:25:00,图虫,
Push-1769,,小红书：金融博主分享理财干货,【小红书】根据您的兴趣，为您推荐【理财小诸葛】的笔记：年轻人建立个人投资组合的3个关键步骤，内含实用工具推荐。,2025-07-30 21:15:00,小红书,
Push-1770,,得到：个性化推荐,【得到】根据您的收听偏好，为您推荐《邵恒头条》今日更新：宏观政策动向解读，点击收听最新资讯。,2025-07-31 07:25:00,得到,
Push-1771,,系统：存储空间提醒,【系统通知】手机存储空间已使用超过90%，建议及时清理，释放更多空间。,2025-07-31 07:45:00,系统存储管理,
Push-1772,,钉钉：会议提醒,【钉钉】您有一个会议即将开始：部门内部分享会（下半年宏观经济与资产配置展望），将于16:00开始，请准时参加。,2025-07-31 15:30:00,钉钉,
Push-1773,,支付宝：支付成功提醒,【支付宝】您已成功支付圣爵菲斯咖啡厅订单#CS20250731A，金额28元，账单已同步至我的账单。,2025-07-31 15:32:00,支付宝,
Push-1774,,支付宝：支付成功提醒,【支付宝】您已成功支付归心苑便利店订单#GY20250731B，金额15.5元，账单已同步至我的账单。,2025-07-31 18:05:00,支付宝,
Push-1775,113-7-1,Keep：内容更新提醒,【Keep】您关注的瑜伽课程《晚间舒缓拉伸》已更新，新增核心训练模块，快来体验吧。,2025-07-31 21:15:00,Keep,113-g
Push-1776,,微信读书：内容更新提醒,【微信读书】您关注的杂志《中国摄影》8月刊已上线，本期主题：城市纪实摄影，点击立即阅读。,2025-07-31 21:45:00,微信读书,
Push-1777,,Keep：晨跑数据同步成功,【Keep】您今日在岳麓山的7公里晨跑数据已同步，平均配速5分45秒，心率表现良好。点击查看详细分析报告。,2025-08-01 07:55:00,Keep,
Push-1778,20-19,雪球：新能源产业链最新观点,【雪球】您关注的郑文博发布了新能源产业链深度调研观点，涉及电池技术路线与上游材料供需分析，点击查看详情。,2025-08-01 11:30:00,雪球,20-s
Push-1779,114-1,美团：订单确认通知,【美团】您的兰州拉面馆订单#202508011205已确认，预计12:15开始制作，请稍后前往取餐。,2025-08-01 12:05:00,美团,114-a
Push-1780,114-1,小红书：自媒体运营案例拆解,【小红书】推荐给您：金融类自媒体如何通过故事化与数据可视化打造爆款内容，内含多个成功案例拆解。,2025-08-01 12:45:00,小红书,114-a
Push-1781,114-1,微信公众平台：注册审核通过,【微信公众平台】恭喜您！您的公众号“浩然投资笔记”注册审核已通过，现在可以开始发布和管理内容了。,2025-08-01 14:30:00,微信公众平台,114-a
Push-1782,,支付宝：咖啡支付成功,【支付宝】您已成功支付圣爵菲斯咖啡厅订单，金额38元。支付方式：花呗。,2025-08-01 15:33:00,支付宝,
Push-1783,,系统：存储空间不足提醒,【系统通知】您的手机存储空间已使用超过90%，部分应用运行可能受影响，建议及时清理。,2025-08-01 15:50:00,系统存储管理,
Push-1784,,美团外卖：晚餐预定成功,【美团外卖】您的日式拉面外卖预定成功！订单号#202508011735，预计送达时间18:25，请留意骑手电话。,2025-08-01 17:35:00,美团外卖,
Push-1785,,500px：本周热门城市夜景摄影作品,【500px】根据您的兴趣，为您推荐本周热门城市夜景摄影作品集，学习大师级的灯光与构图技巧。,2025-08-01 19:00:00,500px,
Push-1786,,雪球：您关注的股票有重要行情,【雪球】您关注的招商银行（600036）盘中涨幅超3%，最新价38.45元。点击查看详细分析。,2025-08-02 08:55:00,雪球,
Push-1787,,系统：存储空间不足提醒,【系统通知】您的手机存储空间已使用超过90%，建议及时清理照片、视频等文件，以保证系统流畅运行。,2025-08-02 09:15:00,系统存储管理,
Push-1788,24-6,支付宝：不动产登记缴费成功,【支付宝】您已成功支付长沙市不动产登记中心费用，金额 580.00 元，支付方式：招商银行储蓄卡（尾号1234）。,2025-08-02 11:02:00,支付宝,24-f
Push-1789,,支付宝：咖啡消费支付成功,【支付宝】您已成功支付一丹咖啡厅消费，金额 48.00 元，订单号#CD202508021425。,2025-08-02 17:18:00,支付宝,
Push-1790,,大众点评：发现附近优质湘菜馆,【大众点评】根据您的口味偏好，为您推荐附近评分4.8的经典湘菜馆——火宫殿（坡子街总店），人均约120元。,2025-08-02 18:05:00,大众点评,
Push-1791,24-6,支付宝：湘菜馆晚餐支付成功,【支付宝】您已成功支付西湖建新安置小区湘菜馆消费，金额 186.00 元，账单已同步至我的账单。,2025-08-02 20:28:00,支付宝,24-f
Push-1792,,500px：您关注的摄影师发布了新作品,【500px】您关注的街拍摄影师@城市漫游者 刚刚发布了一组长沙夜景新作《湘江夜色》，快来欣赏吧！,2025-08-02 21:10:00,500px,
Push-1793,246-2,运动完成,岳麓山晨跑已完成。总时长45分钟，平均心率142，消耗420千卡。,2025-08-03 07:30:00,运动健康,246-a
Push-1794,246-6,运动完成,岳麓山晨跑完成！本次运动消耗385千卡，平均心率142次/分。查看详细报告并与好友分享。,2025-08-03 08:15:00,健康,246-a
Push-1795,21-7-1,运动完成通知,岳麓山晨跑完成！本次运动时长45分钟，平均心率142bpm，消耗热量420千卡。点击查看详细数据分析报告。,2025-08-03 08:15:00,运动健康,21-g
Push-1796,247-2,华为运动健康：晨跑记录已生成,【华为运动健康】您今日的晨跑活动已记录完成，距离7.1公里，平均心率128次/分，消耗热量约520千卡。点击查看详细数据报告。,2025-08-03 08:22:00,华为运动健康,247-b
Push-1797,,雪球：隔夜美股及亚太市场动态,【雪球】隔夜美股三大指数涨跌不一，科技股承压。亚太市场早盘分化，日经225指数微涨。为您精选今日A股关注板块：新能源、半导体。,2025-08-03 08:35:00,雪球,
Push-1798,153-6-2,华为运动健康：瑜伽记录更新提醒,【华为运动健康】您昨日（8月2日）的瑜伽课程体验记录已成功补录，体式完成度评级为A-。已为您设置每周三、周六的瑜伽课提醒。,2025-08-03 09:05:00,华为运动健康,153-f
Push-1799,,京东：订单支付成功,【京东】您购买的摄影器材清洁套装（订单号#JD2025080309051234）已支付成功，金额168元。预计8月5日前送达。,2025-08-03 09:07:00,京东,
Push-1800,,支付宝：咖啡消费支付成功,【支付宝】您已成功支付小咖主咖啡店消费，金额28元（订单号#2025080312325678）。支付方式：招商银行信用卡（尾号5678）。,2025-08-03 12:33:00,支付宝,
Push-1801,,微信支付：晚餐消费支付成功,【微信支付】支付成功。您向老味社区厨房支付了89元。时间：2025-08-03 19:45。,2025-08-03 19:45:00,微信,
Push-1802,,系统：存储空间不足提醒,【系统通知】您的手机存储空间已使用超过90%，部分应用运行可能受影响。建议及时清理照片、视频或卸载不常用应用。,2025-08-03 22:50:00,系统存储管理,
Push-1803,247-3,Keep：您的晨跑记录已生成,【Keep】您于06:45完成的30分钟高强度间歇跑，平均配速4‘30“，心率158次/分，消耗热量320大卡。点击查看详细数据报告。,2025-08-04 06:48:00,Keep,247-c
Push-1804,247-3,雪球：隔夜美股收盘速览,【雪球】隔夜美股三大指数涨跌不一，道指微跌0.1%，纳指涨0.3%。中概股多数收涨。美联储官员讲话释放鸽派信号。点击查看详情。,2025-08-04 07:05:00,雪球,247-c
Push-1805,24-7,招商银行：转账成功通知,【招商银行】您尾号8899的储蓄卡于07:42向尾号1122（换房储备）、3344（权益投资）、5566（流动备用金）账户完成转账，合计金额已按预设比例划转成功。,2025-08-04 07:44:00,招商银行,24-g
Push-1806,,企业微信：团队晨会提醒,【企业微信】您参与的【投资顾问部晨会】将于08:50开始，主持人：钱永强。请提前准备本周养老金融产品研究重点汇报。,2025-08-04 08:45:00,企业微信,
Push-1807,80-3-1,东方财富：养老目标基金净值更新,【东方财富】您关注的【华夏养老2045三年持有混合(FOF)】最新净值1.2563，日涨幅+0.8%。同类排名前15%。点击查看详细资产配置。,2025-08-04 10:15:00,东方财富,80-c
Push-1808,,支付宝：午餐支付成功,【支付宝】您已成功支付【湘味人家】订单#LS202508041201，金额128元。账单已同步至我的账单。,2025-08-04 12:05:00,支付宝,
Push-1809,,大众点评：新店打卡奖励,【大众点评】恭喜您成功打卡【金鹰路新开业社区湘菜馆】！获得30积分，可兑换5元优惠券。写评价再得50积分。,2025-08-04 12:30:00,大众点评,
Push-1810,,潮汐：冥想引导完成,【潮汐】您已完成15分钟【午后清空】引导冥想，专注度评分92。今日已累计冥想15分钟，保持这个好习惯吧。,2025-08-04 13:25:00,潮汐,
Push-1811,,系统：存储空间不足提醒,【系统通知】手机存储空间已使用超过90%，建议清理照片、视频或卸载不常用应用，以保证系统流畅运行。,2025-08-04 16:30:00,系统存储管理,
Push-1812,,微信支付：便利店消费提醒,【微信支付】Today今天便利店消费28.5元，商品：鲜牛奶、全麦面包、香蕉。支付时间18:45，余额提醒：零钱通余额15432.8元。,2025-08-04 18:46:00,微信,
Push-1813,,华为运动健康：核心训练记录,【华为运动健康】20分钟核心力量训练完成！平板支撑2组（每组90秒），卷腹3组，臀桥3组。消耗热量约120大卡。,2025-08-04 20:52:00,华为运动健康,
Push-1814,,得到：睡前知识锦囊,【得到】睡前听本书：《指数基金投资指南》精华解读已更新。10分钟了解核心定投策略与资产配置要点。点击收听。,2025-08-04 22:20:00,得到,
Push-1815,126-11-2,贝壳找房：湘江新区优质房源推荐,【贝壳找房】根据您的预算和需求，为您筛选出湘江新区3套改善型三房房源，带学区规划，点击查看详情并预约看房。,2025-08-05 06:45:00,贝壳找房,126-k
Push-1816,,雪球：隔夜美股及A股受影响板块解读,【雪球】隔夜美股科技股震荡，或影响今日A股半导体、消费电子板块。券商晨报核心观点已整理，点击查看详情。,2025-08-05 07:45:00,雪球,
Push-1817,126-11-2,高德地图：明日看房路线规划提醒,【高德地图】您收藏的3个楼盘已生成明日看房最优路线，全程约25公里，预计驾车用时1小时10分钟。点击查看详细导航。,2025-08-05 11:30:00,高德地图,126-k
Push-1818,,支付宝：午餐支付成功提醒,【支付宝】您已成功支付中国兰州拉面(广电店)订单#LA202508051201，金额38元，账单已同步至我的账单。,2025-08-05 12:02:00,支付宝,
Push-1819,,大众点评：湘菜馆收藏提醒,【大众点评】您和同事常去的湘菜馆【炊烟时代】推出午市新品套餐，人均约60元，点击查看并收藏。,2025-08-05 12:25:00,大众点评,
Push-1820,156-1-2,微信读书：金融科技前沿书籍推荐,【微信读书】根据您的阅读兴趣，为您推荐《智能投顾：科技重塑财富管理》，探讨合规科技与客户体验提升。,2025-08-05 13:15:00,微信读书,156-a
Push-1821,,系统：存储空间不足提醒,【系统通知】您的手机存储空间已不足10%，建议清理相册、应用缓存或大文件，以确保设备正常运行。,2025-08-05 15:20:00,系统存储管理,
Push-1822,,Keep：今日运动目标提醒,【Keep】您今日尚未完成运动记录。为您推荐20分钟核心强化训练课程，包含平板支撑、仰卧举腿等动作。,2025-08-05 16:50:00,Keep,
Push-1823,,京东到家：超市食材补货提醒,【京东到家】您常购的全麦面包、鲜牛奶、香蕉正在促销，满59元减15元。点击一键补货，1小时内送达。,2025-08-05 18:20:00,京东到家,
Push-1824,113-8,微信公众号助手：首篇文章发布引导,【微信公众号助手】您的大纲已保存。完成文章编辑后，可设置定时发布，获取更多初始流量。点击开始创作。,2025-08-05 20:00:00,微信公众号助手,113-h
Push-1825,62-2,墨迹天气：天文观测天气提醒,【墨迹天气】周三（8月6日）晚间湖南省天文台区域天气晴好，无云，能见度极佳，适宜天文观测与摄影。,2025-08-05 21:30:00,墨迹天气,62-b
Push-1826,62-2,携程旅行：天文台周边住宿推荐,【携程旅行】为您推荐湖南省天文台周边3家评分4.5以上的舒适型酒店，方便观测后休息，预订享会员折扣。,2025-08-05 21:40:00,携程旅行,62-b
Push-1827,,支付宝：便利店支付成功提醒,【支付宝】您已成功支付Today便利店订单#T202508060712，金额 3.50 元，账单已同步至我的账单,2025-08-06 07:12:00,支付宝,
Push-1828,,网易云音乐：每日推荐,【网易云音乐】根据你的听歌喜好，今日为你推荐后摇歌单《宇宙的回响》，点击开启今日份的专注与宁静,2025-08-06 07:15:00,网易云音乐,
Push-1829,,雪球：早盘行情速递,【雪球】早盘速递：A股三大指数小幅高开，新能源板块领涨。你关注的宁德时代涨1.5%，比亚迪涨0.8%。,2025-08-06 07:45:00,雪球,
Push-1830,25-5,支付宝：大额转账成功提醒,【支付宝】你已成功向张先生（尾号1234）转账 50000.00 元（定金），资金已实时到账。备注：房屋买卖定金,2025-08-06 09:35:00,支付宝,25-e
Push-1831,25-5,链家：合同签署成功通知,【链家】恭喜！您位于岳麓区双塘路99号的房产买卖合同已签署成功，合同编号CL20250806001。后续过户流程将由经纪人陆家明全程跟进。,2025-08-06 09:42:00,链家,25-e
Push-1832,,滴滴出行：行程支付成功,【滴滴出行】行程支付成功！您从华远国际中心到湖南广电中心的快车订单#DD202508060941，金额 28.50 元。感谢使用滴滴出行。,2025-08-06 10:02:00,滴滴出行,
Push-1833,,华泰证券：客户服务提醒,【华泰证券】尊敬的冯顾问，您服务的客户黄思琪女士关于新能源股季报的疑问已通过涨乐财富通APP回复，请知悉。,2025-08-06 11:15:00,华泰证券,
Push-1834,,大众点评：餐厅推荐,【大众点评】发现新店！你附近的“湘味小厨”评分4.8，招牌小炒黄牛肉备受好评。点击查看菜单与优惠。,2025-08-06 11:55:00,大众点评,
Push-1835,,Keep：健身计划提醒,【Keep】你的今日跑步计划（5公里放松跑）已就绪。根据历史记录，推荐配速6‘30“/公里，点击开始今日锻炼。,2025-08-06 17:35:00,Keep,
Push-1836,62-3-1,支付宝：便利店支付成功提醒,【支付宝】您已成功支付便利店订单#C202508061842，金额 18.00 元（鸡肉三明治+电解质水），账单已同步至我的账单,2025-08-06 18:42:00,支付宝,62-c
Push-1837,,系统：存储空间不足提醒,【系统通知】手机存储空间已使用超过90%，建议及时清理照片、视频或卸载不常用应用，以保证系统流畅运行。,2025-08-06 22:55:00,系统存储管理,
Push-1838,62-3-4,微信：朋友圈互动提醒,【微信】你的好友郑文博、吴俊杰等12人赞了你的朋友圈。彭雨晴评论：拍得真棒！下次一起去。,2025-08-06 23:15:00,微信,62-c
Push-1839,,知乎：推荐内容,【知乎】推荐给你：如何用普通相机拍摄星轨？天文摄影入门指南，内含多位大神的实战参数分享。,2025-08-06 23:50:00,知乎,
Push-1840,153-7,Keep：跑步数据同步完成,【Keep】您于 06:35 开始的晨跑已完成，距离 7.0 公里，平均配速 5‘43”，心率 145 bpm。消耗约 520 千卡，已同步至运动健康。,2025-08-07 07:16:00,Keep,153-g
Push-1841,,Wind金融终端：早间要闻速递,【Wind金融终端】早报：隔夜美股三大指数收涨，中概股表现分化。央行今日进行 1000 亿元 MLF 操作。A 股盘前关注新能源车产业链及消费电子板块。,2025-08-07 07:45:00,Wind金融终端,
Push-1842,25-6-2,链家：看房行程提醒,【链家】您预约的今日 08:35 正荣梅溪山湖苑看房行程即将开始，请准时前往营销中心。中介陆家明已就位，销售顾问李经理将为您讲解。,2025-08-07 08:20:00,链家,25-f
Push-1843,25-6-3,贝壳找房：楼盘信息卡片,【贝壳找房】您正在考察的长沙如院楼盘，最新参考均价为 18500 元/㎡，主力户型 105-125㎡，配备恒温恒湿新风系统。点击查看周边配套详情。,2025-08-07 10:25:00,贝壳找房,25-f
Push-1844,,大众点评：餐厅预定成功,【大众点评】您已成功预定渔悦潇湘酸菜煮鱼(岳麓山店)包厢，预定码 789012，时间 12:00，人数 2 位。请按时到店就餐。,2025-08-07 11:55:00,大众点评,
Push-1845,25-6-3,链家：二手房带看反馈,【链家】您今日 13:45 考察的万科城市花园房源（编号 CS20250807C）信息已更新：满五唯一，精装三房，房东王先生报价 268 万。点击填写看房印象。,2025-08-07 15:05:00,链家,25-f
Push-1846,,雪球：今日市场复盘,【雪球】今日 A 股震荡收涨，沪指涨 0.5%。您关注的【新能源】板块表现强势。多位大 V 发布了对下半年宏观政策的解读，点击查看。,2025-08-07 15:30:00,雪球,
Push-1847,,系统：存储空间不足,【系统通知】当前设备存储空间已使用超过 90%，建议及时清理照片、视频或卸载不常用应用，以确保系统流畅运行。,2025-08-07 16:15:00,系统存储管理,
Push-1848,,印象笔记：同步完成提醒,【印象笔记】您于 16:30 开始编辑的笔记【20250807 看房分析对比表】已成功同步至所有设备。共包含 15 个评估维度，点击继续编辑。,2025-08-07 18:02:00,印象笔记,
Push-1849,,微信读书：阅读进度提醒,【微信读书】您正在阅读的《周期》已读至第 5 章“投资人心理和风险态度周期”。本周您的阅读时长超过 85% 的书友，保持下去！,2025-08-07 19:00:00,微信读书,
Push-1850,,雪球：养老目标基金行情提醒,【雪球】您关注的【华夏养老目标日期2045混合(FOF)】今日开盘上涨1.2%，最新净值1.356元，近一月涨幅3.8%。,2025-08-08 07:05:00,雪球,
Push-1851,,支付宝：地铁乘车码支付成功,【支付宝】您已成功支付长沙地铁乘车费用，金额3.6元，支付方式：花呗。,2025-08-08 07:45:00,支付宝,
Push-1852,,支付宝：便利店支付成功提醒,【支付宝】您已成功支付苏打水购买订单，金额5.0元，商户：Today便利店。,2025-08-08 08:15:00,支付宝,
Push-1853,80-5-2,东方财富：养老金融产品深度分析,【东方财富】深度解读：个人养老金账户税收递延政策落地，Y类份额费率优势凸显，为您精选三只长期潜力基金。,2025-08-08 11:30:00,东方财富,80-e
Push-1854,65-1,携程旅行：酒店预定成功通知,【携程旅行】您已成功预定【长沙君悦酒店】江景大床房1晚，入住日期：2025-08-09，预定码：CT20250809H789012，金额1288元。,2025-08-08 15:35:00,携程旅行,65-a
Push-1855,80-5-2,得到：行为经济学课程更新提醒,【得到】您订阅的【行为经济学与投资决策】已更新第15讲：禀赋效应与处置效应。,2025-08-08 16:20:00,得到,80-e
Push-1856,,系统：存储空间不足提醒,【系统通知】手机存储空间已不足10%，建议清理照片、视频或卸载不常用应用以释放空间。,2025-08-08 17:55:00,系统存储管理,
Push-1857,,支付宝：超市购物支付成功,【支付宝】您已成功支付蔚然锦和超市订单，金额186.5元，其中包含酸奶、水果、零食等商品。,2025-08-08 19:15:00,支付宝,
Push-1858,,微信读书：《投资最重要的事》阅读进度,【微信读书】您在《投资最重要的事》中关于周期的笔记获得10人点赞，本章节阅读完成度85%。,2025-08-08 21:15:00,微信读书,
Push-1859,65-2,高德地图：G1375次列车状态提醒,【高德地图】您关注的G1375次列车（上海虹桥-长沙南）预计正点到达，到达时间10:30，请合理安排接站时间。,2025-08-09 07:45:00,高德地图,65-b
Push-1860,65-2,高德地图：前往长沙南站路线规划完成,【高德地图】已为您规划从岳麓区机关金星住宅小区至长沙南站西广场的最佳驾车路线，全程约55分钟，预计09:55到达。,2025-08-09 08:05:00,高德地图,65-b
Push-1861,65-2,小红书：岳麓山游览攻略推荐,【小红书】根据您的兴趣，为您推荐岳麓山爱晚亭、岳麓书院深度游览路线及拍照打卡点，内含历史典故讲解。,2025-08-09 11:15:00,小红书,65-b
Push-1862,,支付宝：一丹咖啡厅支付成功,【支付宝】您已成功支付一丹咖啡厅订单#CD202508091510，金额128元，其中包含耶加雪菲、瑰夏手冲及冰美式。,2025-08-09 15:13:00,支付宝,
Push-1863,,美团：老味社区厨房预定成功,【美团】您已成功预定老味社区厨房包厢，预定码#LM888，用餐时间18:00，请准时到店。,2025-08-09 17:45:00,美团,
Push-1864,,雪球：今日沪深300指数复盘,【雪球】今日沪深300指数收涨1.2%，金融板块表现活跃。为您精选了3篇关于资产配置与社保优化的深度分析文章。,2025-08-09 21:30:00,雪球,
Push-1865,,系统：存储空间不足提醒,【系统通知】当前手机存储空间已低于10%，建议及时清理照片、视频等文件，确保应用正常运行。,2025-08-09 22:15:00,系统存储管理,
Push-1866,,雪球：今日财经早报,【雪球】早报速递：A股三大指数上周五集体收跌，科技股回调。关注今日市场情绪修复及板块轮动机会。点击查看详情>>,2025-08-10 09:15:00,雪球,
Push-1867,49-3-1,支付宝：摄影装备支付成功,【支付宝】您已成功支付摄影器材订单#PH202508101342，金额 12800 元。账单已同步至我的账单。,2025-08-10 14:02:00,支付宝,49-c
Push-1868,248-1-2,支付宝：咖啡厅消费支付成功,【支付宝】您已成功支付一丹咖啡厅订单#YD202508101612，金额 96 元。账单已同步至我的账单。,2025-08-10 16:12:00,支付宝,248-a
Push-1869,,美团：新派湘菜馆晚餐支付成功,【美团】您已成功支付新派湘菜馆订单#MT202508101755，金额 268 元，预定码 668899。,2025-08-10 17:55:00,美团,
Push-1870,248-1-2,小红书：夜景人像拍摄灵感,【小红书】夜景人像怎么拍？弱光环境参数设置、光斑虚化技巧，看这篇就够了！,2025-08-10 19:15:00,小红书,248-a
Push-1871,,微信读书：睡前读物推荐,【微信读书】您关注的区块链技术书籍《区块链：从概念到应用》已更新第三章，点击继续阅读。,2025-08-10 20:25:00,微信读书,
Push-1872,,支付宝：便利店消费支付成功,【支付宝】您已成功支付便利蜂订单#BL202508102035，金额 15.8 元。账单已同步至我的账单。,2025-08-10 20:35:00,支付宝,
Push-1873,,系统：存储空间不足提醒,【系统通知】手机存储空间已使用超过 90%，部分功能可能受限。建议清理照片、视频或卸载不常用应用。,2025-08-10 21:05:00,系统存储管理,
Push-1874,,墨迹天气：晨跑天气提醒,【墨迹天气】长沙市岳麓区今日06:30-08:00天气：多云转晴，气温25-28℃，空气质量良，适宜户外晨跑。,2025-08-11 06:25:00,墨迹天气,
Push-1875,,高德地图：通勤路况提醒,【高德地图】从长沙南站到湖南广电中心写字楼，当前路况畅通，预计行驶时间45分钟，建议您选择芙蓉中路行驶。,2025-08-11 09:15:00,高德地图,
Push-1876,249-1-1,雪球：客户相关板块行情,【雪球】您关注的客户林志豪持仓相关板块【房地产】今日早盘震荡，金茂集团（SH600383）现报8.75元，微涨0.5%。,2025-08-11 10:30:00,雪球,249-a
Push-1877,,大众点评：餐厅推荐,【大众点评】根据您的口味，为您推荐羽轻食餐厅附近的【老长沙粉店】，招牌牛肉粉评分4.8，人均25元。,2025-08-11 11:45:00,大众点评,
Push-1878,249-1-2,企业微信：会议提醒,【企业微信】团队内部预沟通会将于13:30在小会议室开始，参会人：冯浩然、郑文博、孙晓雅。请提前准备材料。,2025-08-11 13:00:00,企业微信,249-a
Push-1879,,支付宝：货币基金申购确认,【支付宝】您申购的余额宝货币基金（代码000198）已确认成功，申购金额50000元，预计年化收益率2.1%。,2025-08-11 13:05:00,支付宝,
Push-1880,138-13,墨迹天气：傍晚天气提醒,【墨迹天气】长沙市岳麓区傍晚17:30-19:00有雷阵雨，降水概率70%，建议携带雨具，注意出行安全。,2025-08-11 17:20:00,墨迹天气,138-m
Push-1881,,下厨房：健康晚餐食谱,【下厨房】为您推荐低卡健康晚餐【香煎鸡胸肉沙拉】，热量约350大卡，烹饪时间20分钟，适合体重管理。,2025-08-11 18:45:00,下厨房,
Push-1882,,系统：存储空间不足,【系统通知】手机存储空间已使用超过90%，建议清理照片、视频或卸载不常用应用以释放空间。,2025-08-11 19:35:00,系统存储管理,
Push-1883,138-13,Adobe Lightroom：照片处理技巧,【Adobe Lightroom】新教程：如何快速调出街拍黄昏质感色调？3步提升照片氛围感，点击查看详细步骤。,2025-08-11 20:00:00,Adobe Lightroom,138-m
Push-1884,,网易云音乐：私人FM推荐,【网易云音乐】根据您的收听习惯，私人FM为您推荐歌单【午后爵士与轻音乐】，点击开启放松时刻。,2025-08-11 20:50:00,网易云音乐,
Push-1885,,得到：明日知识预告,【得到】明日听书推荐：《投资最重要的事》，深度解读霍华德·马克斯的投资哲学，助您精进专业。,2025-08-11 21:40:00,得到,
Push-1886,,微信读书：阅读进度提醒,【微信读书】您正在阅读的《机构投资的创新之路》已读至第5章，本周阅读时长超过90%的书友，继续加油！,2025-08-11 22:25:00,微信读书,
Push-1887,,Keep：今日晨跑数据已生成,【Keep】恭喜完成今日晨跑！本次运动距离3.2公里，用时25分钟，平均配速7‘48“，消耗热量约210千卡。继续坚持，塑造更好的自己！,2025-08-12 06:45:00,Keep,
Push-1888,,雪球：早盘行情速递,【雪球】早盘观察：ESG概念股集体高开，新能源板块领涨。您关注的【宁德时代】现涨2.3%，【隆基绿能】涨1.8%。点击查看最新研报解读>>,2025-08-12 08:45:00,雪球,
Push-1889,249-2-4,企业微信：钱永强发来新消息,【企业微信】钱永强：会议纪要已阅，成果总结得很好。下午三点前把客户黄思琪的资产调整方案终版发我。,2025-08-12 10:15:00,企业微信,249-b
Push-1890,,微信读书：您关注的书籍已更新,【微信读书】您关注的《ESG投资：从理论到实践》已更新第8章【中国ESG实践案例】。作者新增了新能源企业的深度分析。,2025-08-12 13:45:00,微信读书,
Push-1891,,东方财富：午间快评：ESG投资成新热点,【东方财富】午间快评：政策利好持续释放，ESG主题基金近一月平均收益达5.2%。分析师认为，绿色金融或成下半年主线。点击查看详情>>,2025-08-12 14:00:00,东方财富,
Push-1892,,悦动圈：健身打卡提醒,【悦动圈】您设定的【下班健身】提醒时间到啦！今日推荐：上肢力量训练（胸、肩、背），预计时长45分钟。坚持锻炼，释放压力！,2025-08-12 17:25:00,悦动圈,
Push-1893,,知乎：您关注的问题有了新回答,【知乎】您在问题【CFA三级备考，如何高效复习衍生品？】下的关注有了15条新回答，包括持证人分享的笔记框架和真题解析。,2025-08-12 21:10:00,知乎,
Push-1894,,系统：存储空间不足,【系统通知】手机存储空间已使用超过90%，部分应用运行可能受影响。建议及时清理照片、视频或卸载不常用应用。,2025-08-12 22:30:00,系统存储管理,
Push-1895,,Keep：晨跑记录已生成,【Keep】恭喜你完成今日晨跑！总里程 5.2 公里，用时 45 分钟，平均配速 8‘39”，消耗热量 320 千卡。坚持运动，遇见更好的自己！,2025-08-13 07:36:00,Keep,
Push-1896,79-18,雪球：养老金投资组合分析,【雪球】根据您关注的养老金板块，为您推送最新分析：当前市场环境下，稳健型养老目标基金（如华夏养老2045）近一年回报率达 8.2%，建议关注。,2025-08-13 09:15:00,雪球,79-r
Push-1897,24-9-1,支付宝：转账成功通知,"【支付宝】您尾号 5678 的储蓄卡向华泰证券（尾号 1234）转账 150,000.00 元已成功，资金将实时到账。",2025-08-13 15:53:00,支付宝,24-i
Push-1898,,大众点评：订单确认提醒,【大众点评】您在豆兽咖啡（茶子山路店）的订单#CD202508131559 已确认，消费金额 38 元。感谢您的光临，期待再次为您服务！,2025-08-13 16:02:00,大众点评,
Push-1899,65-3,大众点评：预定成功通知,【大众点评】您已成功预定【创意湘菜馆（岳麓店）】包间，预定码 668899，时间：8月16日（周六）18:30，人数：4位。请准时到店就餐。,2025-08-13 18:18:00,大众点评,65-c
Push-1900,,小睡眠：助眠白噪音推荐,【小睡眠】检测到您即将进入睡眠时间，为您推荐【雨夜篝火】白噪音组合，助您深度放松，快速入眠。点击即可播放。,2025-08-13 22:00:00,小睡眠,
Push-1901,,雪球：今日市场早报,【雪球】A股三大指数集体高开，新能源板块领涨。您关注的沪深300ETF（510300）开盘上涨0.8%，消费龙头B股（代码：600***）上涨1.2%。点击查看详情。,2025-08-14 06:45:00,雪球,
Push-1902,,系统：存储空间不足提醒,【系统通知】您的手机存储空间已使用超过90%，部分应用运行可能受影响。建议及时清理照片、视频或卸载不常用应用。,2025-08-14 12:15:00,系统存储管理,
Push-1903,65-4,大众点评：座位预定成功通知,【大众点评】您在心怡手冲咖啡馆的靠窗卡座已预留成功！预定时间：8月16日（周六）下午2点。预定码：XC20250814。,2025-08-14 13:05:00,大众点评,65-d
Push-1904,26-2,华泰证券：委托成交提醒,【华泰证券】您的委托已全部成交。成交明细：新能源龙头A股（代码：002***）成交500股，均价25.60元；消费龙头B股（代码：600***）成交300股，均价48.30元；沪深300ETF（510300）成交1000份，均价3.82元。,2025-08-14 13:22:00,华泰证券,26-b
Push-1905,25-9,渤海银行：贷款预审进度通知,【渤海银行】尊敬的客户，您的个人住房贷款预审申请已受理，申请编号：BH20250814015。客户经理李经理（工号：0731）已与您联系，初步额度符合预期，请保持手机畅通等待下一步通知。,2025-08-14 16:05:00,渤海银行,25-i
Push-1906,,Keep：跑步路线推荐,【Keep】根据您的训练计划，为您推荐湘江风光带经典21公里路线（灵官渡-猴子石大桥折返）。今日天气适宜，空气质量优，祝您训练顺利！,2025-08-14 17:50:00,Keep,
Push-1907,,悦跑圈：长跑训练完成提醒,【悦跑圈】恭喜您完成今日长距离训练！本次跑步21.0公里，用时2小时10分，平均配速6‘10‘’。消耗热量约1500大卡。记得及时拉伸和补充水分哦！,2025-08-14 20:35:00,悦跑圈,
Push-1908,,美团：午餐订单确认通知,【美团】您在小炒黄牛肉（老长沙口味馆）的订单#202508151201已确认，消费金额68元，预计12:30前送达。,2025-08-15 12:02:00,美团,
Push-1909,,支付宝：午餐支付成功提醒,【支付宝】您已成功支付美团订单#202508151201，金额68元，账单已同步至我的账单。,2025-08-15 12:03:00,支付宝,
Push-1910,114-2,大众点评：餐厅预定成功通知,【大众点评】您已成功预定麓山湖畔花园主题餐厅包间，预定码#LSHP20250815，时间19:10，人数2位。,2025-08-15 18:20:00,大众点评,114-b
Push-1911,,雪球：今日市场行情速递,【雪球】今日A股震荡收涨，养老金概念板块表现活跃。您关注的华泰证券涨1.2%，点击查看深度分析。,2025-08-15 21:15:00,雪球,
Push-1912,114-2,微信读书：为您推荐新书,【微信读书】根据您的阅读兴趣，为您推荐《行为金融学：投资心理与市场异象》，作者深入剖析投资者常见心理偏差。,2025-08-15 22:05:00,微信读书,114-b
Push-1913,,系统：存储空间不足提醒,【系统通知】当前手机存储空间已低于10%，建议及时清理照片、视频等文件，确保系统流畅运行。,2025-08-15 22:30:00,系统存储管理,
Push-1914,,Keep：今日晨跑数据已生成,"【Keep】您今日的晨跑已完成，用时30分钟，距离5.2公里，平均配速6'10""/km，消耗热量约320千卡。继续保持，加油！",2025-08-16 07:45:00,Keep,
Push-1915,,雪球：早盘市场快讯,【雪球】早盘观察：A股三大指数小幅低开，银行、券商板块表现活跃。您关注的华泰证券(601688)现价18.45元，微涨0.3%。点击查看深度分析。,2025-08-16 07:50:00,雪球,
Push-1916,25-10,招商银行：贷款申请进度提醒,【招商银行】尊敬的客户，您提交的渤海银行新房贷款申请已进入审批环节，预计3-5个工作日内完成。您可通过我行APP查看最新状态。,2025-08-16 10:30:00,招商银行,25-j
Push-1917,,高德地图：橘子洲头景区实时动态,【高德地图】您关注的橘子洲头景区当前人流适中，停车场车位充足。今日14:00-16:00为最佳游览时段，天气晴，气温28℃。,2025-08-16 13:50:00,高德地图,
Push-1918,,支付宝：咖啡消费成功提醒,【支付宝】您已成功支付一丹咖啡厅订单，金额128元。其中包含2杯手冲咖啡及甜点。账单已同步至“我的账单”。,2025-08-16 16:05:00,支付宝,
Push-1919,250-3,微信支付：晚餐账单提醒,【微信支付】您于金鹰路兰州拉面馆的消费158元支付成功。收款方：金鹰路兰州拉面馆。点击查看账单详情。,2025-08-16 20:05:00,微信,250-c
Push-1920,,系统：存储空间不足提醒,【系统通知】您的手机存储空间已使用超过90%，部分应用运行可能受影响。建议及时清理照片、视频或卸载不常用应用。,2025-08-16 21:55:00,系统存储管理,
Push-1921,,奥维互动地图：国庆自驾路线已保存,【奥维互动地图】您与好友彭雨晴共同规划的“国庆湘西黔东南7日自驾”路线已成功保存至云端。包含7个行程节点，总里程约1200公里。,2025-08-16 22:15:00,奥维互动地图,
Push-1922,,Lightroom：今日照片精选,【Adobe Lightroom】检测到您今日导入35张新照片。基于构图与光线，已为您智能筛选出8张潜在佳作（含人像与风景）。开始编辑吧！,2025-08-16 22:30:00,Adobe Lightroom,
Push-1923,,潮汐：睡前冥想引导,【潮汐】根据您的就寝时间，为您推荐一段10分钟的“深度放松呼吸”冥想。伴随自然白噪音，助您缓解一日疲劳，提升睡眠质量。,2025-08-16 22:55:00,潮汐,
Push-1924,65-6,系统：电量低提醒,【系统通知】当前手机电量已低于 20%，请及时充电，避免影响使用,2025-08-17 06:35:00,系统电池管理,65-f
Push-1925,65-6,星巴克：星礼卡支付成功,【星巴克】您已成功使用星礼卡支付美式咖啡订单，金额 30 元，星礼卡余额 120 元，订单号 2025081708001234,2025-08-17 08:45:00,星巴克,65-f
Push-1926,138-14,支付宝：小笼包支付成功提醒,【支付宝】您已成功支付正宗杭州小笼包订单#LS202508170930，金额 15 元，账单已同步至我的账单,2025-08-17 09:33:00,支付宝,138-n
Push-1927,153-8,Keep：瑜伽课程预约提醒,【Keep】您预约的王府井瑜伽普拉提馆哈他瑜伽课程（周六 10:00-11:30）即将开始，请提前 10 分钟到场签到，课程码 YG20250824,2025-08-17 11:25:00,Keep,153-h
Push-1928,,美团外卖：轻食订单确认,【美团外卖】您的鸡胸肉荞麦面轻食订单#MT2025081712304567 已确认，商家已接单，预计 12:50 送达，骑手正在赶往商家,2025-08-17 12:32:00,美团外卖,
Push-1929,,雪球：沪深300指数异动提醒,【雪球】您关注的沪深300指数午后拉升，现涨 1.2%，报 3850.5 点，金融板块领涨，点击查看详情,2025-08-17 14:15:00,雪球,
Push-1930,247-6,Keep：间歇跑训练计划推送,【Keep】为您推荐今日间歇跑训练计划：5组快慢跑交替，总距离约 8 公里，点击开始训练，记录你的运动数据,2025-08-17 16:50:00,Keep,247-f
Push-1931,250-4-1,支付宝：餐厅支付成功提醒,【支付宝】您已成功支付新派湘菜(车站南路店)订单#XPHC202508171845，金额 268 元，账单已同步至我的账单,2025-08-17 19:48:00,支付宝,250-d
Push-1932,27-2-2,支付宝：午餐支付成功提醒,【支付宝】您已成功支付围山四季石蛙甲鱼土鸡体验馆订单#202508181201，金额 168 元，账单已同步至我的账单,2025-08-18 12:03:00,支付宝,27-b
Push-1933,,支付宝：购物支付成功提醒,【支付宝】您已成功支付罗比零食专卖店订单#202508181735，金额 89.5 元，账单已同步至我的账单,2025-08-18 17:37:00,支付宝,
Push-1934,,美团：生鲜水果推荐,【美团买菜】您常买的水果酸奶已上新！阳光玫瑰青提低至19.9元/斤，希腊酸奶组合装限时特惠，点击查看,2025-08-18 17:45:00,美团,
Push-1935,27-2-1,高德地图：国庆自驾路线推荐,【高德地图】国庆自驾游路线已为您规划！长沙-张家界-凤凰古城5日精华游，含露营点推荐和实时路况，点击查看详情,2025-08-18 19:35:00,高德地图,27-b
Push-1936,27-2-1,携程旅行：国庆住宿优惠,【携程旅行】国庆假期住宿提前订享8折！凤凰古城特色民宿、张家界山景房火热预订中，使用优惠码CTRIP818立减50元,2025-08-18 20:15:00,携程旅行,27-b
Push-1937,,系统：存储空间不足提醒,【系统通知】当前手机存储空间已低于10%，建议清理照片、视频或卸载不常用应用以释放空间,2025-08-18 21:45:00,系统存储管理,
Push-1938,80-10,华泰证券：报告上传成功,【华泰证券OA】您上传的文件《个人养老金与商业保险互补策略研究报告（第三部分）.pdf》已成功同步至团队共享盘,2025-08-19 11:35:00,华泰证券OA,80-j
Push-1939,254-1-1,支付宝：药店支付成功提醒,【支付宝】您已成功支付圆心德雅大药房订单，金额 48.50 元，账单已同步至我的账单,2025-08-19 16:52:00,支付宝,254-a
Push-1940,,系统：存储空间不足提醒,【系统通知】当前手机存储空间已使用超过 90%，建议及时清理照片、视频等文件,2025-08-19 17:45:00,系统存储管理,
Push-1941,254-1-2,康悦中医推拿：预约成功通知,【康悦中医推拿】您已成功预约本周四（08-21）19:30 的肩颈疏通项目，预约码 20250819FH，请提前10分钟到店,2025-08-19 18:35:00,康悦中医推拿,254-a
Push-1942,254-1-2,Keep：个性化课程推荐,【Keep】根据您的锻炼记录，为您推荐【办公室肩颈释放】课程，已加入今日训练计划，点击开始跟练,2025-08-19 19:25:00,Keep,254-a
Push-1943,49-5,Lightroom：照片导出完成,【Lightroom】您从相机导入的 35 张照片已完成调色与导出，已保存至相册,2025-08-19 20:48:00,Lightroom,49-e
Push-1944,30-1,雪球：消费板块异动提醒,【雪球】您关注的消费板块开盘后出现异动，多只成分股涨幅超2%，建议关注相关投资机会。,2025-08-20 09:05:00,雪球,30-a
Push-1945,80-11,东方财富：养老金投资专题推荐,【东方财富】为您推荐养老金投资组合优化策略专题，内含资产配置模型与回撤分析案例，点击查看。,2025-08-20 10:30:00,东方财富,80-k
Push-1946,,支付宝：湘菜馆支付成功提醒,【支付宝】您已成功支付湘菜馆订单#CS20250820001，金额 128 元，账单已同步至我的账单。,2025-08-20 12:05:00,支付宝,
Push-1947,,Keep：颈部肩部放松课程提醒,【Keep】您的健康干预计划提醒：今日颈部肩部放松练习时间已到，点击开始跟练，缓解久坐疲劳。,2025-08-20 13:15:00,Keep,
Push-1948,,美团：理疗预约成功通知,【美团】您已成功预约明日颈部理疗服务，预约码 789012，商家：康健理疗中心，时间：2025-08-21 18:30。,2025-08-20 16:45:00,美团,
Push-1949,,支付宝：咖啡馆支付成功提醒,【支付宝】您已成功支付一丹咖啡厅订单#YD20250820001，金额 68 元，账单已同步至我的账单。,2025-08-20 18:50:00,支付宝,
Push-1950,59-1-2,美团：周末品鉴会预约成功通知,【美团】您已成功预约一丹咖啡厅周末瑰夏品鉴会，预约码 345678，时间：2025-08-23 15:00，请准时参加。,2025-08-20 19:05:00,美团,59-a
Push-1951,143-1,闲鱼：邮票收藏交流圈新动态,【闲鱼】您关注的邮票收藏圈有藏友分享了“中国航天工程”专题邮票，快来围观交流吧！,2025-08-20 21:45:00,闲鱼,143-a
Push-1952,,系统：存储空间不足提醒,【系统通知】当前手机存储空间已使用超过90%，建议及时清理照片、视频等文件，确保系统流畅运行。,2025-08-20 22:20:00,系统存储管理,
Push-1953,,系统：存储空间提醒,【系统通知】手机存储空间已使用超过90%，建议及时清理照片、视频和应用缓存，以保证系统流畅运行。,2025-08-21 07:15:00,系统存储管理,
Push-1954,,雪球：早盘市场快讯,【雪球】早盘前瞻：消费板块受政策预期提振，多只龙头股高开。关注您自选股中的伊利股份、贵州茅台表现。,2025-08-21 07:35:00,雪球,
Push-1955,,高德地图：通勤路况播报,【高德地图】早高峰提醒：西二环、三一大道当前车流量大，通行时间约25分钟，建议您按原计划出行。,2025-08-21 07:40:00,高德地图,
Push-1956,80-12,有道云笔记：专注时间结束提醒,【有道云笔记】您设置的“养老金报告撰写”专注时段（08:30-10:30）已结束，辛苦了！专注时长120分钟，已自动保存文档。,2025-08-21 10:30:00,有道云笔记,80-l
Push-1957,,系统：久坐提醒,【系统通知】您已连续工作超过2小时，建议起身活动，进行颈部拉伸，缓解肌肉疲劳。,2025-08-21 10:30:00,系统健康助手,
Push-1958,,企业微信：新邮件提醒,【企业微信】您有1封来自客户黄思琪的新邮件，主题：关于资产检视安排的确认，请及时查收处理。,2025-08-21 11:05:00,企业微信,
Push-1959,,同花顺：自选股异动提醒,【同花顺】您关注的消费股【伊利股份】盘中涨幅超过3%，现报28.75元，成交量放大，请注意风险。,2025-08-21 11:15:00,同花顺,
Push-1960,27-4,大众点评：附近美食推荐,【大众点评】根据您的口味，为您推荐金鹰路附近评分4.8的湘菜馆“小炒黄牛肉”，招牌菜：小炒黄牛肉、擂辣椒皮蛋。,2025-08-21 11:55:00,大众点评,27-d
Push-1961,,Keep：颈部拉伸课程提醒,【Keep】您的“办公室颈部放松”课程已到计划时间，跟随视频进行5分钟拉伸，有效缓解久坐不适。,2025-08-21 13:00:00,Keep,
Push-1962,,系统：低电量提醒,【系统通知】当前手机电量已低于20%，请及时连接充电器，避免影响下午工作。,2025-08-21 13:20:00,系统电池管理,
Push-1963,25-14,支付宝理财：稳健理财推荐,【支付宝】根据您的资金规划，为您精选7日年化2.8%的短期理财“余额宝佳”，灵活申赎，适合机动资金配置。,2025-08-21 15:00:00,支付宝,25-n
Push-1964,,支付宝：咖啡支付成功,【支付宝】您已成功支付圣爵菲斯咖啡厅订单#CS202508211545，金额28元，使用零钱支付。,2025-08-21 15:46:00,支付宝,
Push-1965,254-2,高德地图：目的地导航提醒,【高德地图】您设置的“河西王府井写字楼”目的地导航已开启，当前路面湿滑，预计通行时间30分钟，请注意行车安全。,2025-08-21 17:35:00,高德地图,254-b
Push-1966,254-2,大众点评：服务预约提醒,【大众点评】您预约的“颈肩专业推拿理疗”服务将于今日19:10开始，地点：河西王府井写字楼901室，请准时到店。,2025-08-21 18:40:00,大众点评,254-b
Push-1967,,系统：应用后台耗电提醒,【系统通知】检测到导航、音乐等应用在后台持续运行，已消耗较多电量，建议在不使用时清理后台。,2025-08-21 19:25:00,系统电池管理,
Push-1968,27-4,微信：群聊特别提醒,【微信】“【国庆湘黔自驾团】”群有新消息：彭雨晴分享了贵州美食攻略文档，并@了您。,2025-08-21 20:15:00,微信,27-d
Push-1969,143-2,闲鱼：收藏品市场动态,【闲鱼】您关注的“JT邮票”品类有上新，一套1980年猴票四方连品相良好，当前出价1500元，距结束还有2小时。,2025-08-21 21:05:00,闲鱼,143-b
Push-1970,,微信读书：每日阅读提醒,【微信读书】您正在阅读的《行为金融学新进展》已为您保留阅读进度，今日阅读30分钟可获得双倍时长奖励。,2025-08-21 21:35:00,微信读书,
Push-1971,,企业微信：会议提醒,【企业微信】您有一个会议即将开始：部门晨会，时间 09:30，地点 华泰证券会议室A。,2025-08-22 09:00:00,企业微信,
Push-1972,254-3,大众点评：预约成功通知,【大众点评】您已成功预约本周日（08-24）19:00的瑜伽体验课，预约码 YG202508241900，请提前10分钟到场。,2025-08-22 13:15:00,大众点评,254-c
Push-1973,251-2,电子保单已生成,尊敬的冯先生，您购买的保险电子保单已正式出具，并已发送至您的邮箱。请及时查收并下载保存，以便后续查阅。,2025-08-22 14:30:00,平安保险,251-b
Push-1974,,腾讯会议：会议即将开始,【腾讯会议】您预约的视频会议（与客户黄思琪）即将在15:00开始，会议号 123 456 789，点击即可加入。,2025-08-22 14:50:00,腾讯会议,
Push-1975,154-2,购买成功通知,您的三个月会员课程包购买成功！第一节体验课已预约，请按时参加。,2025-08-22 16:30:00,XX瑜伽工作室,154-b
Push-1976,,支付宝：加油支付成功提醒,【支付宝】您已成功支付中国石化金桥加油站95号汽油订单，金额 320.00 元，账单已同步至我的账单。,2025-08-22 17:35:00,支付宝,
Push-1977,,下厨房：家常菜谱推荐,【下厨房】根据您的浏览记录，为您推荐这道西兰花炒虾仁的升级做法，营养均衡，15分钟搞定！,2025-08-22 18:25:00,下厨房,
Push-1978,,雪球：A股消费板块异动提醒,【雪球】您关注的消费板块出现资金流入，贵州茅台、五粮液等龙头股午后拉升，点击查看深度分析。,2025-08-22 19:35:00,雪球,
Push-1979,144-1,7788收藏：航天邮票行情更新,【7788收藏】您收藏的T.108 载人航天工程邮票近期市场参考价小幅上涨，当前参考价 850-950 元/套。,2025-08-22 20:10:00,7788收藏,144-a
Push-1980,,系统：存储空间不足提醒,【系统通知】手机存储空间已使用超过90%，建议及时清理照片、视频和应用缓存。,2025-08-22 21:15:00,系统存储管理,
Push-1981,,Keep：今日跑步计划提醒,【Keep】根据您的习惯，今日岳麓山晨跑路线已规划完毕。记得跑前热身，关注心率，享受清晨的阳光。,2025-08-23 06:55:00,Keep,
Push-1982,,高德地图：实时路况提醒,【高德地图】从双塘路到岳麓山东门步行路线畅通，预计15分钟到达。今日天气晴，空气质量优，适合户外运动。,2025-08-23 07:05:00,高德地图,
Push-1983,,大众点评：附近美食推荐,【大众点评】发现您附近的老长沙粉面馆（后湖小区店）招牌牛肉粉广受好评，评分4.8。点击查看详细评价和菜单。,2025-08-23 11:45:00,大众点评,
Push-1984,27-6,迪卡侬：订单确认提醒,【迪卡侬】您购买的碳纤维三脚架（订单号#DC202508231742）、电子快门线、高山气罐等商品已确认，可在我的订单查看详情。,2025-08-23 18:42:00,迪卡侬,27-f
Push-1985,138-15-1,小红书：湘江风光带拍摄灵感,【小红书】为您推荐湘江风光带热门机位：杜甫江阁倒影、橘子洲大桥车流。蓝调时刻（19:10-19:40）出片率极高，快带上相机去创作吧！,2025-08-23 18:45:00,小红书,138-o
Push-1986,,雪球：今日财经早报,【雪球】早盘观察：科技板块开盘活跃，您关注的半导体ETF（512480）当前涨幅+1.2%。点击查看深度分析。,2025-08-24 09:15:00,雪球,
Push-1987,,支付宝：黑麋峰门票支付成功,【支付宝】您已成功支付黑麋峰国家森林公园门票，金额 58 元，订单号 20250824102012345。,2025-08-24 10:22:00,支付宝,
Push-1988,153-9,Keep：您的拉伸计划已生成,【Keep】根据您的户外活动记录，已为您生成一套15分钟的山野放松拉伸计划，包含风吹树式、坐姿前屈等体式，点击立即开始。,2025-08-24 15:35:00,Keep,153-i
Push-1989,,系统：存储空间不足提醒,【系统通知】手机存储空间已使用超过90%，部分功能可能受限，建议及时清理照片、视频等文件。,2025-08-24 20:45:00,系统存储管理,
Push-1990,,得到：睡前知识胶囊,【得到】睡前听点啥？《商业就是这样》最新一期已更新：解读露营经济背后的消费趋势，时长12分钟，助您放松入眠。,2025-08-24 23:05:00,得到,
Push-1991,,系统：电量低提醒,【系统通知】当前手机电量已低于 20%，请及时连接电源充电，避免影响使用。,2025-08-25 07:15:00,系统电池管理,
Push-1992,,雪球：今日市场早报,【雪球】早盘前瞻：消费、医药板块现结构性机会，关注今日经济数据发布。点击查看机构最新观点。,2025-08-25 08:45:00,雪球,
Push-1993,252-1-1,招商银行：转账入账通知,【招商银行】您尾号8899的储蓄卡于08月25日09:35收到工资奖金转账人民币8500.00元，当前余额为XXXXX元。,2025-08-25 09:36:00,招商银行,252-a
Push-1994,30-2-1,支付宝：午餐支付成功,【支付宝】您已成功支付圣爵菲斯咖啡厅订单#CS202508251201，金额68元。账单已同步至我的账单。,2025-08-25 12:02:00,支付宝,30-b
Push-1995,252-1-5,招商银行：转账成功提醒,【招商银行】您尾号8899的储蓄卡于08月25日15:20向尾号1234（国庆甘南游专户）转账3400.00元成功，手续费0元。,2025-08-25 15:21:00,招商银行,252-a
Push-1996,,微信支付：便利店消费通知,【微信支付】您于08月25日18:05在归心苑小区便利店消费35.8元，支付成功。,2025-08-25 18:06:00,微信,
Push-1997,,支付宝：晚餐支付成功,【支付宝】您已成功支付西湖建新安置小区湘菜馆订单#XH202508251840，金额198元。,2025-08-25 20:36:00,支付宝,
Push-1998,,集邮在线：新帖提醒,【集邮在线】您关注的板块【中国航天】有藏友发布了新帖《天宫空间站纪念邮票设计解读》，快来参与讨论吧！,2025-08-25 21:05:00,集邮在线,
Push-1999,252-1-3,收入记录成功,已成功记录一笔新收入。您的'国庆自驾游'储蓄账户、货币基金及股票投资账户已按计划更新。,2025-08-25 21:30:00,个人财务,252-a
Push-2000,143-5,闲鱼：您关注的商品上新了,【闲鱼】您关注的“航天主题邮票”有3件新商品上架，包括【T108航天】首日封，快来看看吧！,2025-08-25 21:45:00,闲鱼,143-e
Push-2001,,系统：电量低提醒,【系统通知】当前手机电量已低于 20%，请及时充电，避免影响使用,2025-08-26 06:45:00,系统电池管理,
Push-2002,,高德地图：上班路况提醒,【高德地图】岳麓大道、芙蓉中路早高峰拥堵，预计通勤时间50分钟，建议您提前出发,2025-08-26 08:05:00,高德地图,
Push-2003,,大众点评：午餐推荐,【大众点评】根据您的口味，为您推荐公司附近评分4.8的湘菜馆“火宫殿”，人均约80元,2025-08-26 11:50:00,大众点评,
Push-2004,143-6-1,支付宝：文具支付成功提醒,【支付宝】您已成功支付诚兴园文具店订单#20250826124501，金额 32.5 元，账单已同步至我的账单,2025-08-26 12:47:00,支付宝,143-f
Push-2005,252-2,雪球：自选股异动提醒,【雪球】您关注的中国平安（601318）盘中涨幅超过2%，最新价58.3元，点击查看详情,2025-08-26 14:15:00,雪球,252-b
Push-2006,,网易云音乐：通勤歌单推荐,【网易云音乐】根据您的收听习惯，为您推荐“下班路上·轻松纯音乐”歌单，伴您缓解拥堵疲惫,2025-08-26 17:35:00,网易云音乐,
Push-2007,,系统：存储空间不足提醒,【系统通知】手机存储空间已不足10%，建议您清理照片、视频或卸载不常用应用,2025-08-26 19:05:00,系统存储管理,
Push-2008,253-1,好好住：书房设计灵感更新,【好好住】您关注的“简约现代书房”标签下新增了15个高赞案例，快来获取新家布局灵感吧,2025-08-26 22:25:00,好好住,253-a
Push-2009,253-1,京东：咖啡器具推荐,【京东】您浏览过的手冲咖啡器具正在促销，Hario V60滤杯套装限时优惠，券后仅需189元,2025-08-26 22:40:00,京东,253-a
Push-2010,,Keep：晨跑运动记录已生成,【Keep】您于06:15在岳麓山完成的5.2公里晨跑记录已生成，平均配速5‘30“，消耗热量420大卡，查看详细数据,2025-08-27 06:45:00,Keep,
Push-2011,,高德地图：通勤路况提醒,【高德地图】您常走的麓山南路至三一大道路段当前畅通，预计驾车30分钟可达公司，点击查看实时路况,2025-08-27 08:35:00,高德地图,
Push-2012,,雪球：消费板块异动提醒,【雪球】您关注的消费板块早盘异动，白酒、零售概念股拉升，贵州茅台涨2.3%，伊利股份涨1.8%，点击查看详情,2025-08-27 10:15:00,雪球,
Push-2013,90-1,同花顺：预约车辆保养提醒,【同花顺】您预约的车辆保养服务将于明日（8月28日）14:00进行，地点：长沙宝悦宝马4S店，请准时前往,2025-08-27 11:30:00,同花顺,90-a
Push-2014,,大众点评：湘菜馆收藏更新,【大众点评】您收藏的传媒路湘菜馆上新招牌菜“剁椒鱼头王”，已有23位食客打卡推荐，点击查看详情,2025-08-27 12:45:00,大众点评,
Push-2015,,钉钉：部门会议提醒,【钉钉】您参与的“Q3投资策略复盘会”将于14:00开始，地点：华泰证券3楼会议室，请准时参加,2025-08-27 13:20:00,钉钉,
Push-2016,,东方财富：A股收盘播报,【东方财富】今日A股收盘，沪指涨0.58%，深成指涨0.72%，创业板指涨1.05%。您关注的消费板块整体上涨1.2%,2025-08-27 15:05:00,东方财富,
Push-2017,,系统：存储空间不足提醒,【系统通知】您的手机存储空间已使用超过90%，部分应用运行可能受影响，建议及时清理,2025-08-27 16:20:00,系统存储管理,
Push-2018,253-2,好好住：软装灵感更新,【好好住】根据您的浏览偏好，为您推荐现代简约风客厅软装搭配方案，包含沙发、地毯、灯具选购指南,2025-08-27 18:10:00,好好住,253-b
Push-2019,,美团：轻食晚餐订单完成,【美团】您在“轻食主义”餐厅的订单#202508271845已完成支付，金额68元，预计19:10前送达湘江新区万科金域国际,2025-08-27 18:47:00,美团,
Push-2020,144-2,中华集邮：新邮发行提醒,【中华集邮】中国邮政将于9月1日发行《现代科技成就》特种邮票一套4枚，现已开启线上预约，点击查看详情,2025-08-27 21:30:00,中华集邮,144-b
Push-2021,,墨迹天气：明日天气提醒,【墨迹天气】长沙市明日（8月28日）天气：晴转多云，气温25-34℃，东南风2级，空气质量良，适宜晨跑,2025-08-27 22:50:00,墨迹天气,
Push-2022,90-2-3,支付宝：车辆保养支付成功提醒,【支付宝】您已成功支付长沙瑞宝汽车销售服务有限公司的车辆保养费用，金额 1280 元，账单已同步至我的账单,2025-08-28 10:18:00,支付宝,90-b
Push-2023,,支付宝：餐饮支付成功提醒,【支付宝】您已成功支付老长沙盖码饭订单#GMF20250828001，金额 36 元，账单已同步至我的账单,2025-08-28 12:03:00,支付宝,
Push-2024,67-2-2,支付宝：线上投稿支付成功提醒,【支付宝】您已成功支付城市记忆线上摄影展投稿费用，金额 50 元，投稿编号 SYZ20250828001，账单已同步至我的账单,2025-08-28 13:03:00,支付宝,67-b
Push-2025,67-2-2,图虫：个性化摄影推荐,【图虫】根据您的投稿主题，为您推荐城市人文摄影大师作品集，探索更多光影故事,2025-08-28 13:15:00,图虫,67-b
Push-2026,,雪球：医药科技板块行情速递,【雪球】您关注的医药科技板块午后异动，龙头股涨幅超 3%，查看最新分析报告,2025-08-28 13:35:00,雪球,
Push-2027,67-2-2,系统：存储空间不足提醒,【系统通知】当前手机存储空间已低于 10%，建议清理照片、视频或应用缓存，确保系统流畅运行,2025-08-28 13:45:00,系统存储管理,67-b
Push-2028,121-2,支付宝：零食采购支付成功提醒,【支付宝】您已成功支付零食很忙门店消费，金额 68 元，购买坚果、牛肉干等商品，账单已同步至我的账单,2025-08-28 16:48:00,支付宝,121-b
Push-2029,90-2-3,Keep：个性化跑步路线推荐,【Keep】发现岳麓山新跑步路线，结合您的晨跑习惯，推荐一条 5 公里风景路线，坡度平缓适合有氧训练,2025-08-28 22:15:00,Keep,90-b
Push-2030,,Keep：今日跑步记录已生成,【Keep】恭喜完成岳麓山晨跑！本次跑步距离 5.2 公里，用时 45 分钟，平均配速 8‘39”，消耗 385 千卡。坚持就是胜利！,2025-08-29 07:32:00,Keep,
Push-2031,144-3,支付宝：文具店支付成功提醒,【支付宝】您已成功支付诚兴园文具店订单#CXY202508291245，金额 28.5 元，账单已同步至我的账单。,2025-08-29 12:42:00,支付宝,144-c
Push-2032,144-3,小红书：邮票收藏灵感推荐,【小红书】根据你的兴趣，为你推荐邮票收藏专题：人类探索主题邮票鉴赏，内含太空、航海等珍稀邮票高清图集，快来围观吧！,2025-08-29 13:15:00,小红书,144-c
Push-2033,,系统：存储空间不足提醒,【系统通知】当前手机存储空间已使用超过 90%，部分应用运行可能受影响，建议及时清理。,2025-08-29 15:30:00,系统存储管理,
Push-2034,,雪球：消费板块异动提醒,【雪球】你关注的消费板块出现异动，多只个股午后拉升。最新观点：三季度消费复苏预期强化，关注细分龙头。,2025-08-29 16:25:00,雪球,
Push-2035,,美团外卖：轻食预定成功通知,【美团外卖】你的轻食沙拉订单#MT202508291735 预定成功！预计送达时间 18:25，商家已接单。预定码 668899。,2025-08-29 17:36:00,美团外卖,
Push-2036,,高德地图：晚高峰路况提醒,【高德地图】当前芙蓉中路北向南方向拥堵，预计通过时间 25 分钟，建议保持耐心。已为你规划最优路线。,2025-08-29 17:45:00,高德地图,
Push-2037,253-4,京东：软装商品支付成功提醒,【京东】订单支付成功！订单号 JD202508291905，包含人体工学椅等 3 件商品，实付金额 4860 元。预计国庆后周末配送。,2025-08-29 20:12:00,京东,253-d
Push-2038,,什么值得买：摄影器材好价推荐,【什么值得买】索尼 FE 16-35mm F2.8 GM II 镜头历史好价！露营摄影必备广角，限时优惠，速来查看。,2025-08-29 20:25:00,什么值得买,
Push-2039,,系统：天气出行提醒,【系统通知】长沙市今日（8月30日）天气晴朗，气温25-32℃，空气质量优。您有出行计划，请注意防晒和补充水分。,2025-08-30 07:35:00,系统天气,
Push-2040,255-2-2,支付宝：支付成功提醒,【支付宝】您已成功支付山姆会员商店订单#SM202508300915，金额 1286.50 元，账单已同步至我的账单。,2025-08-30 10:31:00,支付宝,255-b
Push-2041,255-2-2,小红书：露营装备推荐,【小红书】黑麋峰露营攻略更新！根据你的偏好，为你推荐轻量化天幕搭建技巧和营地炊具收纳好物，点击查看详情。,2025-08-30 13:20:00,小红书,255-b
Push-2042,255-2-3,Star Walk 2：星空观测提醒,【Star Walk 2】今晚（8月30日）长沙地区银河中心将于20:40左右从东南方升起，观测条件极佳。你标记的黑麋峰位置光污染等级较低，适合拍摄。,2025-08-30 16:20:00,Star Walk 2,255-b
Push-2043,255-2-3,下厨房：烧烤食谱推荐,【下厨房】露营烧烤季！为你推荐秘制黑椒牛排腌制方法和烤玉米技巧，让野炊更美味，点击查看完整食谱。,2025-08-30 17:50:00,下厨房,255-b
Push-2044,255-2-1,500px：星空摄影技巧,【500px】星空摄影社区新动态：多位摄影师分享了夏季银河拍摄的ISO与光圈参数设置心得，或许对你的创作有帮助。,2025-08-30 21:15:00,500px,255-b
Push-2045,247-9-2,Keep：月度运动报告,【Keep】你的八月运动报告已生成！总跑步里程达86公里，平均配速提升3%。岳麓山爬坡心率控制稳定，点击查看详细数据分析。,2025-08-30 23:45:00,Keep,247-i
Push-2046,,下厨房：健康午餐灵感推荐,【下厨房】为追求健康的你推荐：香煎鸡胸肉配西兰花，低脂高蛋白，简单快手，开启活力下午！,2025-08-31 11:50:00,下厨房,
Push-2047,,系统：存储空间不足提醒,【系统通知】手机存储空间已使用超过90%，建议及时清理照片、视频或卸载不常用应用，以保证系统流畅运行。,2025-08-31 12:20:00,系统存储管理,
Push-2048,153-10,Keep：体能提升计划预定成功,【Keep】恭喜你！九月体能提升计划已成功预定，计划ID：KP20250831，包含跑步与力量训练，目标已同步至日历。,2025-08-31 14:05:00,Keep,153-j
Push-2049,,支付宝：咖啡厅消费支付成功,【支付宝】您已成功支付一丹咖啡订单#CD202508311545，金额38元，支付方式：花呗。,2025-08-31 15:48:00,支付宝,
Push-2050,,雪球：健康晚餐与投资资讯,【雪球】晚餐时间到！香煎三文鱼配杂粮饭，健康又美味。同时为你推送今日A股收盘快讯及明日展望。,2025-08-31 18:30:00,雪球,
Push-2051,143-8,7788收藏：邮票收藏清单更新提醒,【7788收藏】您关注的“人类探索与文明传承”主题邮票清单已更新，新增3枚珍品，快去查看并完善您的收藏目标吧！,2025-08-31 21:35:00,7788收藏,143-h
Push-2052,,小睡眠：睡前冥想与助眠推荐,【小睡眠】夜深了，为你推荐一段15分钟的“森林溪流”冥想音频，搭配《思考，快与慢》阅读，助你深度放松，一夜好眠。,2025-08-31 22:15:00,小睡眠,
Push-2053,,雪球：早盘市场动态提醒,【雪球】A股三大指数集体高开，沪指涨0.3%。您关注的【新能源】、【半导体】板块表现活跃。点击查看实时行情与机构观点。,2025-09-01 09:05:00,雪球,
Push-2054,114-6,微信：公众号文章更新提醒,【微信】您关注的公众号【泽平宏观】发布了新文章《市场震荡期的资产配置策略》，点击阅读。,2025-09-01 11:30:00,微信,114-f
Push-2055,121-3,支付宝：支付成功提醒,【支付宝】您已成功支付开福花卉宠物市场订单，金额 68.5 元。付款方式：花呗。,2025-09-01 13:05:00,支付宝,121-c
Push-2056,,同花顺：收盘复盘与异动提醒,【同花顺】今日A股收盘，沪指微跌0.2%。您自选股中的【华泰证券】尾盘异动拉升，涨幅2.5%。查看详情。,2025-09-01 16:05:00,同花顺,
Push-2057,,系统：存储空间不足提醒,【系统通知】手机存储空间已不足10%，部分功能可能受限。建议及时清理照片、视频或卸载不常用应用。,2025-09-01 17:20:00,系统存储管理,
Push-2058,,微信支付：支付成功提醒,【微信支付】支付成功 28.0 元。收款方：归心苑小区便利店。时间：20:05。,2025-09-01 20:06:00,微信,
Push-2059,264-1-1,月度账单提醒,8月账单已生成，本月有两笔大额支出，点击查看详情,2025-09-01 20:30:00,个人财务管理软件,264-a
Push-2060,121-3,小红书：阳台种植技巧推荐,【小红书】秋季阳台种菜正当时！为您推荐速生生菜、罗勒的种植攻略与有机肥使用技巧，点击查看。,2025-09-01 21:35:00,小红书,121-c
Push-2061,,系统：存储空间不足提醒,【系统通知】当前手机存储空间已不足10%，建议及时清理缓存或卸载不常用应用，以保证手机流畅运行。,2025-09-02 06:15:00,系统存储管理,
Push-2062,,系统：电量低提醒,【系统通知】当前手机电量已低于20%，请及时连接充电器，避免影响后续使用。,2025-09-02 09:15:00,系统电池管理,
Push-2063,30-3,招商银行：转账成功通知,【招商银行】您尾号8899的储蓄卡向华泰证券账户转账50000.00元已成功，当前余额为125000.00元。,2025-09-02 09:33:00,招商银行,30-c
Push-2064,30-3,华泰证券：资金到账提醒,【华泰证券】您尾号6677的资金账户已成功转入50000.00元，当前可用资金为51200.00元。,2025-09-02 09:35:00,华泰证券,30-c
Push-2065,267-2,雪球：市场热点推送,【雪球】早盘速递：科技板块资金流入明显，AI算力龙头股涨幅超5%，点击查看相关分析。,2025-09-02 11:00:00,雪球,267-b
Push-2066,,支付宝：午餐支付成功提醒,【支付宝】您已成功支付传媒路快餐店订单#20250902001，金额68.00元，账单已同步至我的账单。,2025-09-02 12:02:00,支付宝,
Push-2067,,美团：餐厅订单提醒,【美团】您预定的传媒路快餐店订单#20250902001已支付成功，预计12:15开始备餐。,2025-09-02 12:03:00,美团,
Push-2068,,知乎：投资心理学话题推荐,【知乎】您关注的《投资心理学》相关话题有新的高赞回答，探讨了市场情绪对决策的影响。,2025-09-02 14:30:00,知乎,
Push-2069,,Keep：跑步训练计划更新,【Keep】根据您今晨5.5公里的跑步记录，已为您生成本周进阶训练计划，点击查看详情。,2025-09-02 17:45:00,Keep,
Push-2070,,微信支付：晚餐支付成功提醒,【微信支付】您已成功支付西湖建新安置小区湘菜馆订单#20250902002，金额198.00元。,2025-09-02 19:48:00,微信,
Push-2071,,大众点评：餐厅收藏推荐,【大众点评】根据您对湘菜的喜好，为您推荐附近评分4.8以上的地道湘菜馆，点击查看。,2025-09-02 19:50:00,大众点评,
Push-2072,121-5,每日提醒,记得晨跑后为植物浇水！,2025-09-03 07:00:00,习惯助手,121-e
Push-2073,266-1-1,年度运动报告已生成,查看您过去一年的跑步数据，包括配速、距离、心率变化等详细分析,2025-09-03 07:30:00,运动APP,266-a
Push-2074,,雪球：新能源产业链投资机会提醒,【雪球】您关注的#新能源产业链#板块早盘异动，多家上游材料公司获主力资金流入。点击查看深度分析报告。,2025-09-03 09:30:00,雪球,
Push-2075,266-1-3,Keep：跑步间歇训练课程上新,【Keep】HIIT燃脂跑·突破平台期课程已上线！专为5公里跑者设计，结合间歇跑与力量训练，助你提升配速。,2025-09-03 12:30:00,Keep,266-a
Push-2076,,支付宝：便利店消费支付成功,【支付宝】您已成功支付便利店消费订单#CS202509031730，金额 48.5 元。支付方式：花呗。,2025-09-03 17:32:00,支付宝,
Push-2077,,微信读书：您关注的《周期》更新书评,【微信读书】您正在阅读的《周期》新增3条高质量书评，来自资深投资人，点击查看不同视角的市场周期解读。,2025-09-03 22:45:00,微信读书,
Push-2078,32-1,小红书：自驾路线攻略更新提醒,【小红书】您关注的湘西自驾路线攻略已更新，新增了凤凰古城至梵净山段详细路况与住宿推荐，快来看看吧！,2025-09-04 00:45:00,小红书,32-a
Push-2079,267-4,雪球：科技板块早盘异动提醒,【雪球】您关注的科技板块早盘出现异动，半导体ETF（512480）涨幅超2%，多家龙头公司发布业绩预告，点击查看详情。,2025-09-04 08:55:00,雪球,267-d
Push-2080,261-5,悦跑圈：训练计划定制成功,【悦跑圈】您的半马训练计划已成功定制！计划周期12周，首周跑量15公里，目标配速5‘30“，点击开始您的第一课。,2025-09-04 10:42:00,悦跑圈,261-e
Push-2081,267-4,东方财富：房地产板块研报推送,【东方财富】最新房地产行业深度报告已发布，聚焦政策边际改善与龙头房企估值修复机会，点击阅读全文。,2025-09-04 11:30:00,东方财富,267-d
Push-2082,,支付宝：午餐支付成功提醒,【支付宝】您已成功支付兰州拉面馆订单#LZ202509041201，金额 38 元，账单已同步至我的账单。,2025-09-04 12:02:00,支付宝,
Push-2083,,大众点评：附近湘菜馆推荐,【大众点评】根据您的口味，为您推荐附近评分4.8的湘菜馆【炊烟时代】，人均80元，步行5分钟可达。,2025-09-04 12:15:00,大众点评,
Push-2084,267-4,同花顺：尾盘资金流向提醒,【同花顺】监测到科技板块尾盘有主力资金流入，净流入额超5亿元，相关概念股异动拉升，点击查看详情。,2025-09-04 15:45:00,同花顺,267-d
Push-2085,,京东到家：生鲜食材优惠提醒,【京东到家】您常买的鸡胸肉、西兰花正在特价，满59减15，30分钟送达，点击立即选购。,2025-09-04 17:35:00,京东到家,
Push-2086,144-7-2,收藏天下：新主题邮票上架提醒,【收藏天下】您关注的【寰宇征程】主题相关邮票【人类首次登月纪念】已上架，限量500套，点击查看。,2025-09-04 19:15:00,收藏天下,144-g
Push-2087,,Keep：核心训练课程推荐,【Keep】为您推荐【15分钟核心激活】课程，适合久坐办公后放松，点击立即开始训练。,2025-09-04 19:32:00,Keep,
Push-2088,,图虫：星空摄影作品热门推荐,【图虫】您上周上传的黑麋峰星空作品已进入【湖南风光】热门推荐，获得256个点赞，快来看看吧！,2025-09-04 20:10:00,图虫,
Push-2089,,雪球：今日市场动态与投资机会,【雪球】早盘观察：科技板块受政策利好提振，相关ETF表现活跃。您关注的半导体、新能源车板块开盘后资金流入明显。点击查看最新行情与深度分析。,2025-09-05 08:45:00,雪球,
Push-2090,114-7,微信读书：您关注的金融书籍已更新,【微信读书】您关注的《投资最重要的事》作者霍华德·马克斯发布了新的市场评论笔记。更新内容涉及当前市场周期判断与风险管理，推荐阅读。,2025-09-05 10:15:00,微信读书,114-g
Push-2091,,同花顺：盘后复盘与明日策略,【同花顺】今日A股三大指数收涨，北向资金净流入超50亿。为您梳理了科技、消费板块的机构观点与明日操作策略参考，点击查看详情。,2025-09-05 17:15:00,同花顺,
Push-2092,48-7,支付宝：晚餐支付成功提醒,【支付宝】您已成功支付西湖建新安置小区湘菜馆订单#202509051830，金额 268 元，账单已同步至我的账单。,2025-09-05 18:33:00,支付宝,48-a
Push-2093,259-1,Lightroom：照片同步完成通知,【Lightroom】您于 2025-09-05 导入的 15 张照片（来自岳麓山晨跑）已完成云端同步与智能整理，已为您生成精选相册。,2025-09-05 21:05:00,Adobe Lightroom,259-a
Push-2094,,系统：存储空间不足提醒,【系统通知】您的手机存储空间已不足10%，部分应用运行可能受影响。建议及时清理照片、视频或卸载不常用应用。,2025-09-05 22:15:00,系统存储管理,
Push-2095,260-1,系统：闹钟提醒,【系统闹钟】起床时间到，今天是周六，天气晴，气温22-28度，适合晨跑。,2025-09-06 06:30:00,系统时钟,260-a
Push-2096,,雪球：财经资讯推荐,【雪球】您关注的消费板块午后异动，多只龙头股获主力资金净流入，点击查看最新研报。,2025-09-06 12:15:00,雪球,
Push-2097,,支付宝：咖啡支付成功提醒,【支付宝】您已成功支付一丹咖啡厅订单#C202509061630，金额48元，账单已同步至我的账单。,2025-09-06 16:33:00,支付宝,
Push-2098,,美团：餐厅预定成功通知,【美团】您已成功预订湘聚楼（岳麓店）晚餐，预定码#YZ2025090618，人数1位，时间18:50，请准时到店。,2025-09-06 18:05:00,美团,
Push-2099,,小红书：美食探店推荐,【小红书】发现长沙新晋湘菜馆“炊烟小炒”，招牌小炒黄牛肉获食客高分评价，点击查看探店攻略。,2025-09-06 19:05:00,小红书,
Push-2100,146-3,知乎：收藏话题更新,【知乎】您关注的“邮票收藏”话题有更新：资深藏友分享航天邮票的鉴别要点与市场行情分析。,2025-09-06 21:30:00,知乎,146-c
Push-2101,,Keep：今日核心训练计划推荐,【Keep】根据您的训练历史，为您推荐今日核心强化课程：腹肌撕裂者进阶，时长30分钟，助您高效激活身体。,2025-09-07 07:10:00,Keep,
Push-2102,255-4,小红书：您关注的星空摄影话题有更新,【小红书】您关注的星空摄影话题下，新增了10+篇关于银河季后期技巧的笔记，快来探索大神们的调色秘籍吧！,2025-09-07 09:15:00,小红书,255-d
Push-2103,266-3,支付宝：迪卡侬消费支付成功,【支付宝】您已成功支付迪卡侬订单#DC202509071102，金额289.00元，账单已同步至我的账单。,2025-09-07 11:03:00,支付宝,266-c
Push-2104,,大众点评：附近优质轻食店推荐,【大众点评】根据您的口味偏好，为您推荐步步高梅溪新天地内的Wagas沃歌斯，主打健康鸡肉沙拉与鲜榨果汁，人均约80元。,2025-09-07 11:45:00,大众点评,
Push-2105,,系统：存储空间不足提醒,【系统通知】您的手机存储空间已使用超过90%，部分功能可能受限，建议及时清理照片、视频或卸载不常用应用。,2025-09-07 14:55:00,系统存储管理,
Push-2106,257-3,微信公众平台：文章发布成功通知,【微信公众平台】您的文章《资产配置在震荡市场中的策略》已成功发布。点击查看阅读数据和读者反馈。,2025-09-07 15:31:00,微信公众平台,257-c
Push-2107,,支付宝：咖啡厅消费支付成功,【支付宝】您已成功支付一丹咖啡厅订单#YD202509071603，金额38.00元（埃塞俄比亚日晒手冲），账单已同步至我的账单。,2025-09-07 16:04:00,支付宝,
Push-2108,154-5,淘宝：您的订单已发货,【淘宝】您购买的瑜伽服套装已由商家发货，物流公司：中通快递，运单号：ZT123456789012，点击查看物流详情。,2025-09-07 16:20:00,淘宝,154-e
Push-2109,,美团外卖：订单备餐提醒,【美团外卖】您的日料订单#MT202509071925（豚骨拉面、煎饺、海藻沙拉）商家已接单，正在备餐中，预计19:50前送达。,2025-09-07 19:25:00,美团外卖,
Push-2110,,Keep：晨跑记录已生成,【Keep】您已完成雨中慢跑5公里，用时35分钟，平均配速7‘00“。坚持运动，遇见更好的自己！,2025-09-08 07:15:00,Keep,
Push-2111,30-4,雪球：早间财经资讯,【雪球】早盘速递：A股三大指数开盘涨跌不一，关注专精特新板块异动。您关注的沪深300ETF现报3.852元。,2025-09-08 07:50:00,雪球,30-d
Push-2112,,微信读书：您关注的书籍有更新,【微信读书】您书架上的《周期、价值与人性》更新了作者解读音频，点击收听，深化对市场周期的理解。,2025-09-08 09:45:00,微信读书,
Push-2113,114-8,WPS Office：文档协作更新提醒,【WPS Office】同事郑文博已审阅您共享的文档《资产配置在震荡市场中的策略》，并添加了3条批注，请及时查看。,2025-09-08 15:05:00,WPS Office,114-h
Push-2114,267-5-3,腾讯会议：会议即将开始提醒,【腾讯会议】您预约的会议“客户项目团队会议”将于15:30开始，会议号：874 562 331，点击即可加入。,2025-09-08 15:20:00,腾讯会议,267-e
Push-2115,,系统：存储空间不足提醒,【系统通知】您的手机存储空间已不足10%，建议清理照片、视频或卸载不常用应用以释放空间。,2025-09-08 16:30:00,系统存储管理,
Push-2116,267-5-2,同花顺：自选股异动提醒,【同花顺】您自选股中的“专精特新”概念股XX科技(002XXX)盘中快速拉升，现涨5.2%，报18.76元。,2025-09-08 17:20:00,同花顺,267-e
Push-2117,,网易云音乐：每日推荐,【网易云音乐】根据您的收听历史，今日为您推荐爵士乐歌单“下班路上的慵懒时光”，点击一键收听，伴您轻松通勤。,2025-09-08 18:05:00,网易云音乐,
Push-2118,265-2-1,京东健康：体检预约成功通知,【京东健康】您已成功预约武汉同济医院深度体检套餐（预约号：TJ20250908001），体检人：冯建国、李秀英。请于预约日期携带身份证前往。,2025-09-08 20:15:00,京东健康,265-b
Push-2119,257-4-3,微信公众号：文章新互动提醒,【微信公众号】您发布的文章《资产配置在震荡市场中的策略》收到15条新评论和32个赞，快去看看读者们的反馈吧！,2025-09-08 20:25:00,微信,257-d
Push-2120,,大众点评：好友动态,【大众点评】您的好友彭雨晴刚刚收藏了咖啡馆“一丹咖啡”，并评价“手冲瑰夏很棒”。,2025-09-08 20:55:00,大众点评,
Push-2121,,得到：每日知识卡片,【得到】睡前充电：投资中的“第二层思维”——不仅要考虑“会发生什么”，更要思考“我的预期与大众预期有何不同”。,2025-09-08 22:10:00,得到,
Push-2122,259-4-2,美团：餐厅预定成功通知,【美团】您已成功预定老湘食(晚报店)12:00的2人桌，预定码#789012，请准时到店用餐,2025-09-09 12:02:00,美团,259-d
Push-2123,259-4-2,支付宝：体检预约支付成功,【支付宝】您已成功支付武汉同济医院父母深度体检套餐，金额 2680 元，电子预约凭证已生成,2025-09-09 12:05:00,支付宝,259-d
Push-2124,257-5,微信公众号：文章评论新回复,【微信公众号】您的文章《资产配置新思路》收到来自用户“投资老炮”的新评论，点击查看并互动,2025-09-09 15:35:00,微信,257-e
Push-2125,,大众点评：附近游泳馆上新课程,【大众点评】您关注的“活力游泳健身中心”上新成人蛙泳入门体验课，原价199元，体验价仅需99元，点击查看详情,2025-09-09 17:35:00,大众点评,
Push-2126,,网易云音乐：每日个性化推荐,【网易云音乐】根据您的收听历史，今日为您推荐爵士乐歌单《下班路上的灵魂慰藉》，点击一键播放,2025-09-09 18:05:00,网易云音乐,
Push-2127,,系统：存储空间不足提醒,【系统通知】当前手机存储空间已使用超过90%，建议及时清理照片、视频等文件,2025-09-09 19:05:00,系统存储管理,
Push-2128,153-13,系统：电量低提醒,【系统通知】当前手机电量已低于20%，请及时充电，避免影响使用,2025-09-09 19:55:00,系统电池管理,153-m
Push-2129,265-3,雪球：医疗器械板块行情异动,【雪球】您关注的医疗器械板块今日涨幅居前，龙头股微创医疗涨超5%，点击查看深度分析,2025-09-09 20:55:00,雪球,265-c
Push-2130,,微信读书：根据《周期》推荐新书,【微信读书】根据您正在阅读的《周期》，为您推荐同类好书《投资最重要的事》，作者霍华德·马克斯,2025-09-09 21:25:00,微信读书,
Push-2131,,Keep：今日运动计划提醒,【Keep】根据您的跑步习惯和脚踝恢复需求，为您推荐今日30分钟快走+拉伸组合训练，保护关节的同时保持活力。,2025-09-10 06:05:00,Keep,
Push-2132,,雪球：早盘市场动态,【雪球】早盘观察：新能源板块开盘活跃，消费电子龙头股小幅回调。您关注的【宁德时代】、【立讯精密】等已更新最新研报观点。,2025-09-10 08:45:00,雪球,
Push-2133,30-5,同花顺：观察清单更新提醒,【同花顺】您的观察清单【新能源、消费电子、医疗器械】板块有3只新入选股票，基本面稳健，估值合理，建议关注。,2025-09-10 10:05:00,同花顺,30-e
Push-2134,126-14-1,贝壳找房：看房预约成功通知,【贝壳找房】您已成功预约梅溪湖次新房看房，预约码：MXH20250910，看房时间：2025-09-12 14:00，经纪人陆家明将为您服务。,2025-09-10 12:05:00,贝壳找房,126-n
Push-2135,126-14-2,Outlook：客户会议即将开始,【Outlook】提醒：与客户黄思琪的视频会议将于30分钟后（13:30）开始，请提前进入会议室并测试设备。,2025-09-10 13:00:00,Outlook,126-n
Push-2136,156-1-2,知乎：科技与金融融合趋势讨论,【知乎】为您推荐热门讨论：智能投顾如何赋能传统金融顾问？深度顾问+科技工具的混合模式可行性分析，多位行业专家参与。,2025-09-10 18:50:00,知乎,156-a
Push-2137,,支付宝：健身房单次体验支付成功,【支付宝】您已成功支付恒大雅苑健身中心单次体验费用，金额58元。入场码：GYM0921，有效至今日闭馆。,2025-09-10 20:53:00,支付宝,
Push-2138,114-9,B站：学习任务提醒,【B站】您收藏的课程【Premiere Pro一周入门】第一课学习进度待完成，今晚是启动学习的好时机，点击继续观看。,2025-09-10 22:15:00,B站,114-i
Push-2139,114-9,微信读书：投资类新书上架,【微信读书】根据您的阅读兴趣，新上架《价值投资实战手册》和《行为金融学》已加入您的书架，开启晚间阅读时光吧。,2025-09-10 22:30:00,微信读书,114-i
Push-2140,26-5-1,华泰证券：委托成交确认,【华泰证券】您的委托已成交。证券代码：002XXX，证券名称：高端制造龙头，成交价格：28.56元，成交数量：2000股，成交金额：57120.00元。,2025-09-11 09:02:00,华泰证券,26-e
Push-2141,,支付宝：支付成功提醒,【支付宝】您已成功支付味千拉面订单#202509110012，金额68元，账单已同步至我的账单。,2025-09-11 12:05:00,支付宝,
Push-2142,144-8,方寸天地：您关注的藏品有更新,【方寸天地】您关注的寰宇征程-航天探索主题邮票，有藏友发布了新帖并分享了高清大图，快来参与讨论吧！,2025-09-11 13:45:00,方寸天地,144-h
Push-2143,26-5-2,雪球：为您推荐高端制造板块分析,【雪球】根据您的关注，为您推荐《新能源电池技术路线深度解析：固态电池商业化进程加速》，作者：行业研究员老王。,2025-09-11 14:55:00,雪球,26-e
Push-2144,,系统：存储空间不足提醒,【系统通知】手机存储空间已不足10%，部分应用可能运行缓慢。建议及时清理照片、视频或卸载不常用应用。,2025-09-11 15:20:00,系统存储管理,
Push-2145,,恒大雅苑健身中心：游泳课程预定成功,【恒大雅苑健身中心】您已成功预定今日17:00-18:00的游泳恢复训练课程，场地：标准泳道，预定码：YYSW20250911，请提前10分钟到场。,2025-09-11 16:50:00,恒大雅苑健身中心,
Push-2146,,微信支付：支付成功通知,【微信支付】支付成功。商户：西湖建新安置小区湘菜馆，金额：52元。点击查看账单详情。,2025-09-11 18:05:00,微信,
Push-2147,154-7,王府井瑜伽普拉提馆：课程签到提醒,【王府井瑜伽普拉提馆】您预定的今日19:10阴瑜伽课程即将开始，请提前至前台签到，课程码：YY20250911，教练：李老师。,2025-09-11 19:00:00,王府井瑜伽普拉提馆,154-g
Push-2148,146-4-2,知乎：您可能感兴趣的投资话题,【知乎】您关注的金融投资领域有热门讨论：如何理解霍华德·马克斯《周期》中的市场钟摆理论？多位资深投资人分享了见解。,2025-09-11 21:30:00,知乎,146-d
Push-2149,,Keep：您的晨间运动提醒,【Keep】早上好！今日天气晴朗，气温22℃，空气质量优，是进行户外跑步的好时机。您的脚踝恢复性轻松跑计划已准备就绪，记得充分热身哦。,2025-09-12 06:35:00,Keep,
Push-2150,,悦跑圈：跑步记录已生成,【悦跑圈】恭喜您完成今日跑步！本次跑步距离5.2公里，用时30分钟，平均配速6分30秒，消耗热量约320大卡。脚踝状态良好，继续保持！,2025-09-12 07:23:00,悦跑圈,
Push-2151,,雪球：早盘必读与市场前瞻,【雪球】隔夜美股三大指数涨跌不一，中概股表现强势。今日关注：9月LPR报价即将公布，军工电子板块受政策催化。您的自选股中，中航沈飞上涨2.3%。,2025-09-12 07:50:00,雪球,
Push-2152,267-8-1,企业微信：会议即将开始,【企业微信】您与林志豪的会议【资产配置方案汇报】将于09:00开始，请提前进入视频会议室3号。会议链接已就绪，点击即可加入。,2025-09-12 08:55:00,企业微信,267-h
Push-2153,139-13-1,图虫：您收到一条新的合作邀请,【图虫】摄影师 @长沙扫街客 向您发来合作邀请：周日岳麓山爱晚亭街拍交流。点击查看详情并回复。,2025-09-12 10:35:00,图虫,139-m
Push-2154,139-13-2,备忘录：您有一条灵感待整理,【备忘录】检测到您午间散步时记录了新内容【城市街拍快速入门教程骨架】，已自动保存。点击继续编辑或查看历史版本。,2025-09-12 13:05:00,备忘录,139-m
Push-2155,139-13-3,图虫：您的内容获得新互动,【图虫】您发布的教程【城市街拍快速入门】获得15个新赞和8条评论，快去看看大家怎么说吧！,2025-09-12 17:15:00,图虫,139-m
Push-2156,256-5,大众点评：高尔夫练习场预定成功,【大众点评】您已成功预定【绿野高尔夫练习场】VIP打位，预定码：GLF202509121810，时间：今日18:45-20:15。请准时到场。,2025-09-12 18:12:00,大众点评,256-e
Push-2157,,图虫：您关注的摄影师发布了新作品,【图虫】您关注的摄影师 @光影捕手 刚刚在长沙发布了新作品【湘江夜景】，构图和光线运用备受好评，快来欣赏学习吧！,2025-09-12 21:05:00,图虫,
Push-2158,,系统：存储空间不足提醒,【系统通知】您的iPhone存储空间即将用尽（剩余不足10%）。建议您管理照片、视频和APP以释放空间。,2025-09-12 22:30:00,系统存储管理,
Push-2159,,Keep：今日跑步数据已生成,【Keep】恭喜完成今日晨跑！本次跑步6公里，配速7分30秒，消耗热量约450大卡。点击查看详细数据报告。,2025-09-13 08:46:00,Keep,
Push-2160,,支付宝：早餐支付成功提醒,【支付宝】您已成功支付老长沙粉面家常菜馆订单#202509130845，金额28元。账单已同步至我的账单。,2025-09-13 09:02:00,支付宝,
Push-2161,28-3,腾讯会议：会议预定成功通知,【腾讯会议】您预定的会议“国庆自驾游筹备会”已成功，会议号：123 456 789，开始时间：09:40。点击可一键入会。,2025-09-13 09:35:00,腾讯会议,28-c
Push-2162,27-7-1,雪球：国庆出游概念股异动提醒,【雪球】您关注的旅游、汽车租赁板块早盘异动，多只个股涨幅超3%。国庆长假临近，出行产业链或迎催化，点击查看详情。,2025-09-13 11:05:00,雪球,27-g
Push-2163,,下厨房：低卡午餐食谱推荐,【下厨房】为您推荐几道适合健身人士的低卡午餐：香煎鸡胸肉沙拉、番茄虾仁魔芋面。热量可控，营养均衡，点击查看做法。,2025-09-13 11:35:00,下厨房,
Push-2164,,大众点评：粟厨小炒到店提醒,【大众点评】您收藏的粟厨小炒（文艺路口店）距您仅1.2公里，招牌菜小炒黄牛肉备受好评。现在到店用餐可享新客立减优惠。,2025-09-13 11:55:00,大众点评,
Push-2165,262-1,支付宝：家居装饰画支付成功,【支付宝】您已成功支付红星美凯龙装饰画订单#MK202509131345，金额1680元。发票已开具，可在支付宝-发票管家查看。,2025-09-13 14:36:00,支付宝,262-a
Push-2166,262-3,支付宝：绿植采购支付成功,【支付宝】您已成功支付花鸟市场绿植订单#HN202509131540，金额385元。包含琴叶榕、龟背竹等。,2025-09-13 15:41:00,支付宝,262-a
Push-2167,262-3,小红书：室内绿植养护干货,【小红书】琴叶榕、龟背竹怎么养？一篇笔记讲透浇水、光照、过冬要点，新手也能养好网红绿植，点击查看收藏。,2025-09-13 16:05:00,小红书,262-a
Push-2168,,系统：存储空间不足提醒,【系统通知】您的手机存储空间已使用超过90%，部分应用运行可能变慢。建议及时清理照片、视频等文件。,2025-09-13 19:15:00,系统存储管理,
Push-2169,,支付宝：轻食沙拉支付成功,【支付宝】您已成功支付轻食主义订单#QS202509132105，金额42元。鸡肉牛油果沙拉热量约350大卡。,2025-09-13 21:06:00,支付宝,
Push-2170,,支付宝：咖啡馆消费支付成功,【支付宝】您已成功支付漫咖啡订单#MC202509132125，金额38元。耶加雪菲手冲一杯，祝您享受悠闲时光。,2025-09-13 21:26:00,支付宝,
Push-2171,,图虫：您的教程收到新评论,【图虫】您发布的教程“城市街拍快速入门”收到5条新评论，用户“光影捕手”等参与了讨论，快去看看吧。,2025-09-13 21:35:00,图虫,
Push-2172,27-8,携程旅行：酒店预订成功通知,【携程旅行】您预订的铜仁/梵净山/张家界酒店已确认成功！订单号#CT202509141123，入住详情及预订码已发送至您的邮箱，请查收。,2025-09-14 11:25:00,携程旅行,27-h
Push-2173,,支付宝：轻食沙拉支付成功提醒,【支付宝】您已成功支付绿野轻食（银双路店）订单#LS202509141232，金额 48.5 元，账单已同步至我的账单。,2025-09-14 12:33:00,支付宝,
Push-2174,,系统：存储空间不足提醒,【系统通知】当前手机存储空间已使用超过90%，建议及时清理照片、视频或卸载不常用应用以释放空间。,2025-09-14 16:20:00,系统存储管理,
Push-2175,128-1,慕课网：课程购买成功通知,【慕课网】恭喜您成功购买Premiere Pro进阶剪辑课程！订单号#MK202509141815，已加入我的学习，可随时开始学习。,2025-09-14 18:16:00,慕课网,128-a
Push-2176,,京东：移动硬盘订单确认,【京东】您的订单#JD202509141835已确认，商品：希捷2TB USB3.2移动硬盘，正在出库，预计明日送达。,2025-09-14 18:38:00,京东,
Push-2177,,雪球：今日市场热点与您的关注,【雪球】今日A股三大指数收涨，科技板块表现活跃。您关注的半导体ETF（512480）上涨2.3%，点击查看深度解读。,2025-09-14 19:45:00,雪球,
Push-2178,,高德地图：通勤路况提醒,【高德地图】为您规划最优上班路线：从岳麓区双塘路至开福区芙蓉中路，早高峰预计耗时45分钟，建议8:20前出发。点击查看实时路况与备选路线。,2025-09-15 08:15:00,高德地图,
Push-2179,,雪球：A股盘中异动提醒,【雪球】您关注的沪深300指数盘中震荡，金融板块表现分化。点击查看您自选股【华泰证券 601688】的最新行情与机构观点。,2025-09-15 11:30:00,雪球,
Push-2180,,同花顺：收盘行情速递,【同花顺】今日A股收盘，上证指数微涨0.3%，创业板指跌0.5%。您关注的【贵州茅台】收于1688元，涨1.2%。点击查看详细复盘与明日策略。,2025-09-15 15:05:00,同花顺,
Push-2181,,美团外卖：订单确认通知,【美团外卖】您的外卖订单#202509151950已确认，轻食沙拉套餐，预计20:10送达。商家已接单，骑手正在赶往取餐点。,2025-09-15 19:52:00,美团外卖,
Push-2182,,系统：存储空间不足提醒,【系统通知】手机存储空间已不足10%，部分应用运行可能受影响。建议及时清理照片、视频或卸载不常用应用。,2025-09-15 21:15:00,系统存储管理,
Push-2183,,微信读书：阅读进度同步,【微信读书】您正在阅读的《周期》已同步至第5章。本周阅读时长超过90%的书友，坚持阅读，积累投资智慧。,2025-09-15 22:50:00,微信读书,
Push-2184,,高德地图：通勤路况提醒,【高德地图】早高峰预警：您常走的西二环、芙蓉中路路段当前拥堵，预计通行时间55分钟，建议您提前规划出行。,2025-09-16 08:05:00,高德地图,
Push-2185,149-2,雪球：比特币ETF行情速递,【雪球】比特币现货ETF（IBIT/FBTC）早盘成交活跃，价格波动加剧。点击查看实时行情与深度分析。,2025-09-16 09:30:00,雪球,149-b
Push-2186,149-2,有道云笔记：文档编辑提醒,【有道云笔记】您正在编辑的文档【比特币ETF分析框架】已超过1小时未保存，建议及时保存以防数据丢失。,2025-09-16 11:45:00,有道云笔记,149-b
Push-2187,,同花顺：客户持仓异动提醒,【同花顺】您关注的客户持仓中，科技板块个股涨幅显著，部分标的已触及预设提醒线，建议关注。,2025-09-16 14:15:00,同花顺,
Push-2188,268-2-3,支付宝：咖啡消费支付成功,【支付宝】您已成功支付一丹咖啡厅消费，金额68元。支付方式：花呗。,2025-09-16 18:23:00,支付宝,268-b
Push-2189,,美团：湘菜馆晚餐推荐,【美团】根据您的口味，为您推荐西湖建新安置小区附近评分4.8的湘菜馆，小炒黄牛肉特价58元。,2025-09-16 19:15:00,美团,
Push-2190,,华尔街见闻：晚间财经快讯,【华尔街见闻】美联储官员最新讲话释放信号，美股期指短线波动。A股明日关注板块梳理已更新。,2025-09-16 20:05:00,华尔街见闻,
Push-2191,,系统：存储空间不足提醒,【系统通知】设备存储空间已不足10%，部分应用运行可能受影响。建议及时清理照片、视频等文件。,2025-09-16 22:05:00,系统存储管理,
Push-2192,27-9,一码游贵州：门票预订成功通知,【一码游贵州】您已成功预订梵净山景区门票及往返索道票（10月3日），订单号#CQ202509170825，电子凭证已生成，请妥善保管。,2025-09-17 08:26:00,一码游贵州,27-i
Push-2193,27-9,支付宝：梵净山门票支付成功提醒,【支付宝】您已成功支付一码游贵州订单#CQ202509170825，金额 280 元，账单已同步至我的账单,2025-09-17 08:27:00,支付宝,27-i
Push-2194,,系统：存储空间不足提醒,【系统通知】当前手机存储空间已低于 10%，建议及时清理照片、视频等文件，以保证系统流畅运行。,2025-09-17 08:30:00,系统存储管理,
Push-2195,149-3,雪球：早盘异动提醒,【雪球】比特币现货价格早盘波动加剧，IBIT、FBTC等ETF盘前交易活跃，点击查看实时行情与深度分析。,2025-09-17 09:05:00,雪球,149-c
Push-2196,149-3,彭博终端：市场简报更新,【彭博终端】最新市场简报已就绪：美股期货走低，黄金持稳，关注今日美联储官员讲话。点击查看详情。,2025-09-17 10:15:00,彭博终端,149-c
Push-2197,149-3,Wind资讯：加密货币风险指标更新,【Wind资讯】比特币30日年化波动率升至65%，与标普500相关性创年内新低。风险提示：市场情绪极度贪婪。,2025-09-17 14:20:00,Wind资讯,149-c
Push-2198,149-3,企业微信：会议即将开始提醒,【企业微信】您与林总、钱总的视频会议将于18:30开始，请提前进入会议室306或点击链接入会。,2025-09-17 18:00:00,企业微信,149-c
Push-2199,,美团：外卖订单送达提醒,【美团】您的沙县小吃鸡腿饭套餐订单#MS202509172030 已由骑手李师傅送达至金鹰路沙县小吃门店，请及时取餐。,2025-09-17 20:35:00,美团,
Push-2200,,懂车帝：理想L7最新评测更新,【懂车帝】您关注的理想L7 Pro版新增城市NOA实测视频已发布，续航达成率、智能泊车表现全面解析。,2025-09-17 21:45:00,懂车帝,
Push-2201,,雪球：今日市场热点速递,【雪球】午后市场观察：新能源板块午后拉升，光伏龙头阳光电源涨超5%，机构看好政策利好。点击查看深度解读>>,2025-09-18 12:45:00,雪球,
Push-2202,,系统：存储空间不足提醒,【系统通知】您的手机存储空间已使用超过90%，建议及时清理照片、视频和应用缓存，以保证系统流畅运行。,2025-09-18 13:05:00,系统存储管理,
Push-2203,30-7-1,同花顺：A股收盘快报,【同花顺】今日A股收盘，沪指涨0.68%，深成指涨1.23%，创业板指涨2.01%。新能源、半导体板块领涨。点击查看您的自选股表现>>,2025-09-18 15:31:00,同花顺,30-g
Push-2204,,美团外卖：订单支付成功,【美团外卖】您已成功支付老长沙口味虾订单#202509181950，金额128元。商家已接单，预计19:55前送达。,2025-09-18 19:23:00,美团外卖,
Push-2205,,Keep：您的健身数据已同步,【Keep】您于今日07:15在长沙王府井购物中心健身中心完成的45分钟有氧训练数据已同步，共消耗约320千卡。,2025-09-19 07:20:00,Keep,
Push-2206,,系统：存储空间不足提醒,【系统通知】当前手机存储空间已使用超过90%，建议及时清理照片、视频等文件，释放空间。,2025-09-19 07:50:00,系统存储管理,
Push-2207,,雪球：早盘异动提醒,【雪球】您关注的自选股【贵州茅台】开盘上涨2.3%，最新价报1685元。点击查看详情。,2025-09-19 09:05:00,雪球,
Push-2208,27-10,懂车帝：车辆保养预约提醒,【懂车帝】根据您的车辆里程，建议近期进行保养。已为您筛选附近4.8星以上维修店，点击查看。,2025-09-19 10:30:00,懂车帝,27-j
Push-2209,,华泰证券：客户服务满意度调研,【华泰证券】尊敬的冯先生，感谢您本周的专业服务。诚邀您参与2分钟满意度调研，助力我们持续优化。,2025-09-19 16:45:00,华泰证券,
Push-2210,,国家地理：每日一图推荐,【国家地理】今日推荐：雨后湖面倒影。与您昨晚拍摄的西湖夜景有异曲同工之妙，点击欣赏大师作品。,2025-09-19 21:30:00,国家地理,
Push-2211,,雪球：早盘市场速递,【雪球】早盘观察：隔夜美股三大指数涨跌不一，科技股表现分化。亚太市场今日关注中国央行LPR报价及恒生科技指数走势。点击查看详情。,2025-09-20 06:35:00,雪球,
Push-2212,,支付宝：信用卡还款提醒,【支付宝】您尾号9876的信用卡本月账单已出，应还金额5，280.00元，最晚还款日为10月5日。点击立即还款。,2025-09-20 09:15:00,支付宝,
Push-2213,258-2-1,携程旅行：国庆自驾游装备推荐,【携程旅行】国庆自驾游装备清单已为您备好！户外应急包、车载充气泵、便携桌椅等热门商品限时优惠，点击查看。,2025-09-20 10:05:00,携程旅行,258-b
Push-2214,,支付宝：山姆会员商店支付成功,【支付宝】您在山姆会员商店（岳麓店）的消费已支付成功，金额386.50元。支付方式：花呗。,2025-09-20 12:35:00,支付宝,
Push-2215,258-2-1,支付宝：一丹咖啡厅支付成功,【支付宝】您在一丹咖啡厅（浏阳河大道店）的消费已支付成功，金额38.00元。支付方式：余额宝。,2025-09-20 13:05:00,支付宝,258-b
Push-2216,258-2-1,携程旅行：酒店预订成功,【携程旅行】恭喜您！国庆自驾游酒店预订成功。订单号：CTRP202509201315。入住：湘西凤凰古城某客栈，10月1日-10月3日，共2晚。,2025-09-20 15:50:00,携程旅行,258-b
Push-2217,258-2-1,神州租车：车辆预订确认,【神州租车】您的国庆租车订单已确认！订单号：SZ202509201320，车型：丰田RAV4，取车时间：2025-09-30 14:00，长沙高铁南站店。,2025-09-20 16:00:00,神州租车,258-b
Push-2218,,系统：存储空间不足提醒,【系统通知】手机存储空间已使用超过90%，部分应用运行可能受影响。建议及时清理照片、视频或卸载不常用应用。,2025-09-20 20:15:00,系统存储管理,
Push-2219,30-9,雪球：高端制造板块行情提醒,【雪球】您关注的高端制造板块今日表现活跃，【三一重工】涨幅超3%，【中联重科】获主力资金净流入，点击查看深度分析。,2025-09-21 10:15:00,雪球,30-i
Push-2220,30-9,系统：存储空间不足提醒,【系统通知】您的手机存储空间已使用超过90%，建议及时清理照片、视频或卸载不常用应用以释放空间。,2025-09-21 11:30:00,系统存储管理,30-i
Push-2221,,下厨房：湘菜菜谱推荐,【下厨房】今日为您推荐【小炒黄牛肉】，做法简单，香辣下饭，正适合搭配糙米饭，点击查看详细步骤。,2025-09-21 11:45:00,下厨房,
Push-2222,258-2-2,携程：酒店预订成功通知,【携程】您已成功预订凤凰古城【清溪小筑】民宿，入住日期：2025-10-01，订单号：CT202509211335001，预订码：FH20250921。,2025-09-21 13:36:00,携程旅行,258-b
Push-2223,258-2-2,飞猪：景区门票预订成功,【飞猪】您已成功预订【西江千户苗寨】成人票2张，入园日期：2025-10-03，电子票码：XJ202509211502，请妥善保管。,2025-09-21 15:03:00,飞猪,258-b
Push-2224,44-6,支付宝：便利店支付成功,【支付宝】您已在【十足便利店(长沙美林银谷店)】消费5.50元，支付方式：花呗，账单已同步至我的账单。,2025-09-21 18:42:00,支付宝,44-f
Push-2225,,系统：电量低提醒,【系统通知】当前手机电量已低于20%，请及时连接充电器，避免自动关机影响使用。,2025-09-21 19:55:00,系统电池管理,
Push-2226,,系统：存储空间不足提醒,【系统通知】手机存储空间已使用超过90%，建议及时清理照片、视频或卸载不常用应用，以保证系统流畅运行。,2025-09-22 07:15:00,系统存储管理,
Push-2227,,雪球：早盘市场快讯,【雪球】早盘速递：隔夜美股三大指数涨跌不一，中概股表现活跃。今日关注A股金融板块动向及比特币现货ETF资金流向。,2025-09-22 08:05:00,雪球,
Push-2228,128-3,Bilibili：Adobe Audition教程更新,【Bilibili】您关注的UP主“后期菌”更新了视频：Audition降噪实战-3分钟消除环境噪音，提升人声清晰度，快来看看吧！,2025-09-22 08:45:00,Bilibili,128-c
Push-2229,,高德地图：通勤路况提醒,【高德地图】您常走的岳麓区至开福区路线当前拥堵，预计通行时间45分钟，建议您提前出发。,2025-09-22 08:55:00,高德地图,
Push-2230,258-3,神州租车：预订成功通知,【神州租车】您已成功预订丰田RAV4，取车时间：2025-09-28 09:00，取车点：长沙黄花机场店，订单号：SRZ202509221305，预定码：889765。,2025-09-22 13:03:00,神州租车,258-c
Push-2231,149-4-2,雪球：比特币ETF异动提醒,"【雪球】您关注的比特币现货ETF（代码：IBTC）盘中出现放量拉升，最新报价 $58,230，日内涨幅 +2.3%。",2025-09-22 15:32:00,雪球,149-d
Push-2232,,支付宝：咖啡支付成功提醒,【支付宝】您已成功支付一丹咖啡订单，金额 38 元，支付方式：花呗，账单已同步至我的账单。,2025-09-22 17:33:00,支付宝,
Push-2233,,美团外卖：订单确认通知,【美团外卖】您的辣椒炒肉米饭套餐订单#MF202509221830已确认，商家“湘味小厨”正在备餐，预计19:05前送达。,2025-09-22 18:32:00,美团外卖,
Push-2234,,高顿教育：CFA三级冲刺提醒,【高顿教育】亲爱的学员，您今日的CFA三级学习任务：衍生品-期权策略盈亏计算尚未完成，记得坚持打卡哦！,2025-09-22 19:15:00,高顿教育,
Push-2235,,系统：存储空间不足提醒,【系统通知】当前手机存储空间已使用超过90%，建议及时清理照片、视频或应用缓存，确保设备流畅运行。,2025-09-23 07:15:00,系统存储管理,
Push-2236,,Keep：今日训练完成提醒,【Keep】恭喜完成今日核心力量与上肢训练，时长55分钟，消耗约320千卡。坚持就是胜利，明天继续加油！,2025-09-23 08:40:00,Keep,
Push-2237,,雪球：A股午盘行情速递,【雪球】午盘收评：沪指微涨0.3%，新能源板块领涨，消费板块震荡。您关注的比亚迪、宁德时代等个股表现活跃，点击查看详情。,2025-09-23 11:55:00,雪球,
Push-2238,,支付宝：餐饮支付成功提醒,【支付宝】您已成功支付剁椒蒸鱼头等菜品，金额128元，账单已同步至我的账单。,2025-09-23 12:35:00,支付宝,
Push-2239,,系统：电量低提醒,【系统通知】当前手机电量已低于20%，请及时充电，避免影响使用。,2025-09-23 13:20:00,系统电池管理,
Push-2240,,小红书：国庆自驾游装备清单推荐,【小红书】根据你的浏览，为你推荐高海拔自驾必备装备清单：车载制氧机、防滑链、高原防晒霜等，助你安心出行。,2025-09-23 15:30:00,小红书,
Push-2241,258-4,支付宝：旅行保险支付成功提醒,【支付宝】您已成功购买【XX保险】国庆川西自驾旅行保险（含高原病保障），保单号P202509231950123，金额356元，电子保单已发送至邮箱。,2025-09-23 19:51:00,支付宝,258-d
Push-2242,,微信读书：摄影书籍更新提醒,【微信读书】你正在阅读的《街头摄影的视觉语言》已更新章节：光影与构图的进阶技巧，快来继续阅读吧。,2025-09-23 22:05:00,微信读书,
Push-2243,29-1,雪球：今日市场热点速递,【雪球】早盘观察：金融科技板块活跃，关注区块链概念股表现。您关注的华泰证券、中信建投等券商股开盘微涨。点击查看深度解读>>,2025-09-24 09:10:00,雪球,29-a
Push-2244,149-6,支付宝：午餐支付成功提醒,【支付宝】您已成功支付羽衣甘蓝轻食沙拉店订单#LS202509241201，金额 68 元，账单已同步至我的账单,2025-09-24 12:02:00,支付宝,149-f
Push-2245,149-6,币安：加密市场行情速览,【币安】BTC 24H涨幅+2.5%，ETH +1.8%。传统金融巨头新动态或推动市场情绪。点击查看最新分析报告>>,2025-09-24 12:45:00,币安,149-f
Push-2246,29-1,微信读书：您可能感兴趣的新书,【微信读书】根据您的阅读兴趣，为您推荐《高效演讲：让汇报直击人心》。内含大量实战案例与PPT设计技巧，助您明日汇报更出色。,2025-09-24 14:30:00,微信读书,29-a
Push-2247,,美团外卖：晚餐支付成功提醒,【美团外卖】您已成功支付辣椒炒肉盖码饭订单#MT202509241819，金额 32 元，骑手已火速赶往商家取餐,2025-09-24 18:20:00,美团外卖,
Push-2248,,系统：存储空间不足提醒,【系统通知】您的手机存储空间已不足10%，部分功能可能受限。建议及时清理照片、视频或卸载不常用应用。,2025-09-24 19:50:00,系统存储管理,
Push-2249,29-1,携程旅行：国庆行程贴心提醒,【携程旅行】您预定的川西自驾游行程（订单号CTRP987654）即将开始！建议提前检查车辆状况，备好防寒衣物。祝您旅途愉快！,2025-09-24 20:30:00,携程旅行,29-a
Push-2250,29-1,国家地理：每日一图推荐,【国家地理】今日推荐：冰岛极光下的孤独小屋。点击欣赏摄影师如何运用长曝光捕捉极光与星轨的完美结合。,2025-09-24 21:20:00,国家地理,29-a
Push-2251,,支付宝：支付成功提醒,【支付宝】您已成功支付绿野仙踪轻食店订单#LYZX09251215，金额 68.5 元，账单已同步至我的账单,2025-09-25 12:03:00,支付宝,
Push-2252,,雪球：行情异动提醒,【雪球】您关注的沪深300指数盘中拉升，涨幅超1.5%，市场情绪回暖。点击查看机构解读与热门板块。,2025-09-25 12:15:00,雪球,
Push-2253,,系统：存储空间不足,【系统通知】您的手机存储空间已不足10%，部分功能可能受限，建议及时清理。,2025-09-25 16:20:00,系统存储管理,
Push-2254,256-7,支付宝：停车费支付成功,【支付宝】您已成功支付悠漫咖啡社（贺龙体育馆店）停车场费用，金额 12 元，车牌：湘A·8X5Y9。,2025-09-25 22:05:00,支付宝,256-g
Push-2255,,知乎：CFA备考经验推荐,【知乎】您关注的CFA话题下，一篇关于三级冲刺阶段时间管理与真题利用的高赞回答更新了，快来查看吧。,2025-09-25 23:05:00,知乎,
Push-2256,,Keep：晨跑运动记录已生成,【Keep】恭喜完成今日晨跑！本次在岳麓山跑步30分钟，消耗约280大卡，配速控制良好。点击查看详细数据报告。,2025-09-26 07:48:00,Keep,
Push-2257,28-4-2,高德地图：离线地图下载完成,【高德地图】您下载的“川西自驾游”离线地图包已成功，包含甘孜、阿坝等区域，大小约1.2GB。导航无忧，旅途更安心。,2025-09-26 13:20:00,高德地图,28-d
Push-2258,,支付宝：咖啡支付成功提醒,【支付宝】您已成功支付打包咖啡订单#CS202509261730，金额28元，账单已同步至我的账单。,2025-09-26 17:33:00,支付宝,
Push-2259,,网易云音乐：每日推荐歌单已更新,【网易云音乐】根据您的跑步和通勤喜好，今日推荐歌单《午后咖啡与驾驶时光》已更新，内含10首轻音乐与独立流行。,2025-09-26 17:45:00,网易云音乐,
Push-2260,,雪球：沪深300指数收盘快报,【雪球】今日A股收盘，沪深300指数报3821.45点，下跌0.68%。您关注的消费板块表现分化，点击查看详细解读。,2025-09-26 19:05:00,雪球,
Push-2261,,系统：存储空间不足提醒,【系统通知】您的手机存储空间已不足10%，部分应用运行可能受影响。建议及时清理照片、视频或卸载不常用应用。,2025-09-26 21:50:00,系统存储管理,
Push-2262,140-1-1,Lightroom：照片导入完成,【Adobe Lightroom】“长沙夜景”文件夹的85张照片已成功导入并完成初步筛选。您标记了12张五星照片，可开始进行后期编辑。,2025-09-26 22:35:00,Adobe Lightroom,140-a
Push-2263,153-12,Keep：今日瑜伽课程完成提醒,【Keep】恭喜你完成了今日的25分钟流瑜伽课程！专注呼吸与脊柱拉伸，有效缓解肩颈压力。记得补充水分，开启活力一天。,2025-09-27 07:28:00,Keep,153-l
Push-2264,32-5,宝马云端互联：车辆保养完成通知,【宝马云端互联】您的爱车（车牌：湘A*****）已完成全面保养，包括机油机滤更换及安全检查。服务顾问：张伟。详情请查看电子报告。,2025-09-27 11:38:00,宝马云端互联,32-e
Push-2265,258-7-1,山姆会员商店：订单支付成功,【山姆会员商店】您在山姆会员商店（岳麓店）的消费订单#SM202509271135已支付成功，金额 386.50 元。电子发票已开具。,2025-09-27 11:38:00,山姆会员商店,258-g
Push-2266,150-2,雪球：比特币行情异动提醒,【雪球】您关注的比特币价格出现波动，当前价格已接近您设定的监控阈值。建议查看最新行情与相关分析，及时调整策略。,2025-09-27 14:45:00,雪球,150-b
Push-2267,,系统：存储空间不足提醒,【系统通知】当前设备存储空间已使用超过90%，可能影响相机等应用正常运行。建议及时清理文件或移至云端。,2025-09-27 15:42:00,系统存储管理,
Push-2268,258-7-2,腾讯文档：文档已更新通知,【腾讯文档】您共享的文档《川西自驾游物资责任确认表》已被成员彭雨晴查看并确认。点击查看最新动态。,2025-09-27 16:15:00,腾讯文档,258-g
Push-2269,,网易云音乐：私人雷达更新,【网易云音乐】根据您的听歌喜好，今日私人雷达已更新，包含后摇、轻音乐等30首新歌。点击一键收听，放松身心。,2025-09-27 17:20:00,网易云音乐,
Push-2270,,大众点评：餐厅预定成功,【大众点评】您已成功预定【湘菜馆】（银双路店）18:00的4人包厢，预定码：XC20250927。请准时到店就餐。,2025-09-27 17:55:00,大众点评,
Push-2271,140-2,Adobe Lightroom：照片备份完成,【Adobe Lightroom】您今日筛选的60张长沙夜景照片已成功备份至云端。已按湘江夜色、岳麓灯火等主题分类，随时可跨设备访问。,2025-09-27 21:05:00,Adobe Lightroom,140-b
Push-2272,,系统：电量低提醒,【系统通知】当前手机电量已低于15%，建议连接充电器，以免影响明日出行导航等关键功能。,2025-09-27 21:50:00,系统电池管理,
Push-2273,140-3,Notion：内容更新提醒,【Notion】您与徐佳宁的摄影主题讨论要点已同步至山水洲城项目页面，包含3项待办事项。,2025-09-28 10:33:00,Notion,140-c
Push-2274,,美团：个性化推荐,【美团】为您推荐：罗比零食店同款牛肉干（香辣味）正在参与满减活动，下单立减5元，点击查看。,2025-09-28 11:35:00,美团,
Push-2275,,美团外卖：订单确认,【美团外卖】您的午餐订单#CS202509281215已确认，商家【老长沙粉面馆】已接单，预计12:45送达。,2025-09-28 12:17:00,美团外卖,
Push-2276,150-3,华尔街见闻：内容更新提醒,【华尔街见闻】您关注的金融监管专题有更新：美国SEC就加密货币托管新规发布征求意见稿。,2025-09-28 15:00:00,华尔街见闻,150-c
Push-2277,,系统：存储空间不足提醒,【系统通知】手机存储空间已不足10%，建议清理照片、视频或卸载不常用应用以释放空间。,2025-09-28 18:30:00,系统存储管理,
Push-2278,,微信读书：内容更新提醒,【微信读书】您正在阅读的《周期、价值与人性》有3条新批注来自书友，点击查看。,2025-09-28 21:05:00,微信读书,
Push-2279,150-4,雪球：隔夜全球金融市场动态,【雪球】隔夜美股三大指数涨跌不一，纳指微涨0.3%。比特币价格突破68000美元，市场关注今日亚洲市场开盘表现。点击查看详情。,2025-09-29 06:45:00,雪球,150-d
Push-2280,,高德地图：通勤路况提醒,【高德地图】您常走的西二环（岳麓区至开福区方向）当前拥堵，预计通行时间45分钟，建议您提前规划出行。,2025-09-29 07:05:00,高德地图,
Push-2281,,钉钉：部门晨会提醒,【钉钉】您有一个会议即将开始：部门晨会。时间：09:00，地点：公司会议室，请准时参加。,2025-09-29 08:50:00,钉钉,
Push-2282,,大众点评：湘菜馆推荐,【大众点评】根据您的口味偏好，为您推荐金鹰路附近评分4.8的湘菜馆“老长沙口味虾”，人均消费约80元。,2025-09-29 11:45:00,大众点评,
Push-2283,149-7,Notion：任务完成提醒,【Notion】您已完成任务：比特币ETF观察仓复盘模板创建与工作流整合。已同步至每日/每周清单。,2025-09-29 11:55:00,Notion,149-g
Push-2284,,企业微信：客户视频会议提醒,【企业微信】您与上海客户的视频会议将于13:30开始，请提前5分钟进入会议室。会议号：123456。,2025-09-29 13:25:00,企业微信,
Push-2285,,系统：存储空间不足提醒,【系统通知】您的手机存储空间已使用超过90%，建议及时清理照片、视频等文件，释放空间。,2025-09-29 16:20:00,系统存储管理,
Push-2286,,高德地图：加油站优惠提醒,【高德地图】您附近的“中国石化金桥加油站”今日92号汽油每升优惠0.2元，可通过高德地图在线支付享受。,2025-09-29 17:35:00,高德地图,
Push-2287,,Keep：游泳训练记录提醒,【Keep】检测到您已抵达恒大雅苑健身中心，是否开始记录今日的游泳交叉训练？,2025-09-29 18:12:00,Keep,
Push-2288,,美团外卖：订单支付成功,【美团外卖】您已成功支付老长沙口味虾订单#202509291940，金额68元，预计20:10送达。,2025-09-29 19:42:00,美团外卖,
Push-2289,,美团外卖：骑手已取餐,【美团外卖】您的老长沙口味虾订单#202509291940已由骑手张师傅取餐，正在火速配送中，点击查看实时位置。,2025-09-29 19:55:00,美团外卖,
Push-2290,128-4,Bilibili：AE教程更新提醒,【Bilibili】您关注的UP主“动画小课堂”发布了新视频：AE缓入缓出效果实战应用，与您最近的学习内容相关。,2025-09-29 21:20:00,Bilibili,128-d
Push-2291,140-4,Lightroom：照片同步完成,【Lightroom】您为山水洲城系列照片添加的50条备注已成功同步至云端，可在所有设备上查看。,2025-09-29 21:55:00,Adobe Lightroom,140-d
Push-2292,258-9,微信：视频通话请求,【微信】“妈妈”邀请您进行视频通话，点击接听。,2025-09-29 22:15:00,微信,258-i
Push-2293,261-6-2,悦跑圈：跑步数据同步提醒,【悦跑圈】您于今日06:10-07:18在湘江风光带完成的5公里晨跑数据已同步，配速4分48秒，心率良好。九月总跑量已达125公里，继续加油！,2025-09-30 07:20:00,悦跑圈,261-f
Push-2294,,雪球：隔夜市场快讯,"【雪球】隔夜全球市场速览：美股三大指数涨跌不一，比特币价格现报$XX,XXX，波动率有所上升。点击查看详细分析。",2025-09-30 07:25:00,雪球,
Push-2295,114-11,微信公众平台：文章草稿保存成功,【微信公众平台】您的文章《震荡市中的资产配置策略再审视》草稿已成功保存至云端，可随时在多端继续编辑。,2025-09-30 09:00:00,微信公众平台,114-k
Push-2296,150-5,华泰证券：交易参数调整成功,【华泰证券】您持有的比特币ETF观察仓（代码：XXXX）单日跌幅预警阈值已成功从15%上调至20%。,2025-09-30 12:05:00,华泰证券,150-e
Push-2297,,邮件：季度报告发送成功,【邮件】您的邮件“Q3投资分析报告与节前展望”已成功发送给所有收件人。,2025-09-30 15:05:00,邮件,
Push-2298,256-8,知乎：CFA备考专题推荐,【知乎】为您推荐CFA三级冲刺备考攻略与高频考点解析，多位持证人分享实战经验，助力十月备考计划。,2025-09-30 16:30:00,知乎,256-h
Push-2299,,支付宝：咖啡消费支付成功,【支付宝】您已成功支付一丹咖啡厅订单#202509301730，金额38元。支付方式：花呗。,2025-09-30 17:32:00,支付宝,
Push-2300,,美团外卖：订单支付成功,【美团外卖】您已成功支付湘菜馆订单#MD202509301825，辣椒炒肉盖码饭，实付28元，预计19:10前送达。,2025-09-30 18:27:00,美团外卖,
Push-2301,261-6-2,悦跑圈：九月跑步报告已生成,【悦跑圈】您的九月跑步报告已出炉：总跑量125公里，平均配速4分52秒，静息心率58次/分。点击查看详细分析与十月计划建议。,2025-09-30 19:05:00,悦跑圈,261-f
Push-2302,,B站：纪录片《极致川西》更新推荐,【B站】您关注的旅行频道更新了《极致川西》第四集：探秘色达佛学院。根据您的观看历史，为您推荐此内容。,2025-09-30 20:55:00,B站,
Push-2303,,微信：群消息提醒,【微信】川西光影之旅群有新消息：彭雨晴：“收到，明早6:30小区门口见！”吴俊杰：“OK，物资已备齐。”,2025-09-30 21:32:00,微信,
Push-2304,,系统：存储空间不足提醒,【系统通知】您的手机存储空间已使用超过90%，建议及时清理照片、视频或卸载不常用应用以释放空间。,2025-09-30 22:05:00,系统存储管理,
Push-2305,,雪球：国庆假期市场简讯,【雪球】国庆期间全球市场动态：美股三大指数小幅收涨，港股休市。A股休市期间，关注节后政策预期及三季报行情。点击查看精选分析。,2025-10-01 08:05:00,雪球,
Push-2306,270-1,京东：订单确认通知,【京东】您的订单#JD20251001083001已确认，商品：湖北老字号特产礼盒（含真空武昌鱼、洪湖藕带等），收货人：冯建国，预计10月3日前送达。,2025-10-01 08:35:00,京东,270-a
Push-2307,270-1,淘宝：订单支付成功,【淘宝】您的订单#TB20251001084502已支付成功，金额298.00元。商品：长沙网红零食大礼包，收货人：冯欣然，预计10月4日前送达。,2025-10-01 08:47:00,淘宝,270-a
Push-2308,,支付宝：超市支付成功提醒,【支付宝】您已成功支付步步高超市订单，金额186.50元，账单已同步至我的账单。,2025-10-01 11:05:00,支付宝,
Push-2309,32-7,高德地图：国庆出行路况提醒,【高德地图】国庆首日，长张高速、杭瑞高速长沙至湘西段车流量大，部分路段缓行。建议您错峰出行，提前规划路线。点击查看实时路况。,2025-10-01 12:15:00,高德地图,32-g
Push-2310,32-7,Keep：长途驾驶后拉伸提醒,【Keep】检测到您今日活动量较大，为您推荐一组5分钟肩颈与腿部拉伸课程，缓解驾驶疲劳，保持身体活力。,2025-10-01 16:25:00,Keep,32-g
Push-2311,32-7,凤凰记忆临江客栈：入住时间临近提醒,【携程旅行】您预定的凤凰记忆临江客栈江景房（订单号：CTRP202509251830）入住时间为今日18:00后。客栈地址：东正街15号，联系电话：0743-322XXXX。,2025-10-01 17:30:00,携程旅行,32-g
Push-2312,32-7,小红书：凤凰古城蓝调时刻拍摄攻略,【小红书】国庆游凤凰？蓝调时刻（日落后半小时）是拍摄沱江与吊脚楼的黄金时间！推荐机位：虹桥、跳岩、北门码头，附调色参数。,2025-10-01 18:45:00,小红书,32-g
Push-2313,,系统：存储空间不足提醒,【系统通知】您的手机存储空间已不足10%，部分功能可能受限。建议及时清理照片、视频或卸载不常用应用。,2025-10-01 22:10:00,系统存储管理,
Push-2314,129-2,墨迹天气：凤凰古城晨雾预报,【墨迹天气】凤凰古城今日（10月2日）晨间有薄雾，能见度约1-2公里，湿度85%，气温15-18℃，适宜晨雾摄影创作。,2025-10-02 05:15:00,墨迹天气,129-b
Push-2315,129-2,DJI Fly：无人机飞行限制区提醒,【DJI Fly】您当前位于凤凰古城景区附近，请注意飞行高度限制（120米以下）并避开人群密集区域。飞行前请确认返航点已刷新。,2025-10-02 06:05:00,DJI Fly,129-b
Push-2316,,小红书：凤凰古城人文摄影攻略,【小红书】为你推荐凤凰古城沈从文故居及周边小巷的人文摄影机位与光影技巧，点击查看本地摄影师最新笔记。,2025-10-02 09:05:00,小红书,
Push-2317,,500px：全景摄影技巧分享,【500px】广角镜头下的古城全景如何构图？查看社区热门作品#城市全景#的拍摄参数与后期思路。,2025-10-02 10:35:00,500px,
Push-2318,,系统：存储空间不足提醒,【系统通知】您的手机存储空间已使用超过90%，建议及时清理照片、视频或卸载不常用应用以释放空间。,2025-10-02 14:20:00,系统存储管理,
Push-2319,,网易云音乐：助眠轻音乐推荐,【网易云音乐】根据你的收听习惯，为你推荐【深度助眠·纯音乐】歌单，伴随自然白噪音，助你舒缓入眠。,2025-10-02 22:20:00,网易云音乐,
Push-2320,133-1-1,支付宝：酒店退房支付成功,【支付宝】您已成功支付凤凰记忆江景客栈（杜田路分店）的房费，金额 486 元。账单详情可在我的账单中查看。,2025-10-03 09:42:00,支付宝,133-a
Push-2321,133-1-1,支付宝：高速通行费支付成功,【支付宝】您已成功支付 G56杭瑞高速（凤凰至铜仁段）通行费，金额 65 元。ETC账单已同步。,2025-10-03 10:08:00,支付宝,133-a
Push-2322,133-1-1,雪球：国庆期间全球股指行情速递,【雪球】国庆假期全球市场波动，美股科技股承压，欧股震荡。为您精选相关分析文章，点击查看详情。,2025-10-03 11:30:00,雪球,133-a
Push-2323,133-1-2,美团：民宿预订成功通知,【美团】您预订的镇远云舒河畔民宿已确认！入住时间：10月3日14:30后，订单号#ZYYS20251003，预订码 830615。,2025-10-03 14:32:00,美团,133-a
Push-2324,133-1-2,支付宝：民宿押金支付成功,【支付宝】您已成功支付镇远云舒河畔民宿的住宿押金，金额 200 元。退房后将原路退还。,2025-10-03 14:35:00,支付宝,133-a
Push-2325,,小红书：镇远古镇小众拍摄机位推荐,【小红书】发现镇远古镇隐藏的绝佳拍摄点！祝圣桥夜景、四方井巷光影，点击查看摄影达人的踩点攻略。,2025-10-03 17:15:00,小红书,
Push-2326,,支付宝：晚餐支付成功提醒,【支付宝】您已成功支付古城红酸汤鱼馆的消费，金额 218 元。祝您用餐愉快！,2025-10-03 19:05:00,支付宝,
Push-2327,,系统：存储空间不足提醒,【系统通知】您的手机存储空间已使用超过90%，部分应用运行可能受影响，建议及时清理。,2025-10-03 20:45:00,系统存储管理,
Push-2328,134-5,支付宝：支付成功提醒,【支付宝】您已成功支付老王副食店订单#202510041125，金额 38.5 元，账单已同步至我的账单,2025-10-04 11:26:00,支付宝,134-a
Push-2329,,微信支付：支付成功通知,【微信支付】支付成功 25 元。收款方：袁家豆腐老店。点击查看账单详情。,2025-10-04 11:28:00,微信,
Push-2330,,微信支付：支付成功通知,【微信支付】支付成功 68 元。收款方：巷子深茶舍。点击查看账单详情。,2025-10-04 14:33:00,微信,
Push-2331,,小红书：摄影灵感推荐,【小红书】镇远古镇光影大片怎么拍？看看这些神仙构图和调色思路，让你的照片刷爆朋友圈！,2025-10-04 16:45:00,小红书,
Push-2332,,大众点评：餐厅推荐,【大众点评】镇远古镇美食榜更新！苗姨婆酸汤鱼、袁家豆腐老店等本地人常去的老店等你打卡，还有隐藏菜单哦~,2025-10-04 19:30:00,大众点评,
Push-2333,,系统：存储空间不足提醒,【系统通知】手机存储空间已使用超过 90%，部分功能可能受限，建议及时清理。,2025-10-04 21:15:00,系统存储管理,
Push-2334,,系统：存储空间不足提醒,【系统通知】当前手机存储空间已低于10%，建议及时清理照片、视频等文件，确保设备正常运行。,2025-10-05 06:15:00,系统存储管理,
Push-2335,,微信支付：景区门票支付成功,【微信支付】你已成功支付梵净山景区观光车索道联票，金额120元，支付方式：零钱。,2025-10-05 10:12:00,微信,
Push-2336,32-9-1,500px：梵净山热门摄影作品推荐,【500px】你关注的摄影师@山野行者在梵净山红云金顶拍摄的新作《云海佛光》已发布，快来欣赏学习吧！,2025-10-05 13:45:00,500px,32-i
Push-2337,,支付宝：小吃摊砂锅粉支付成功,【支付宝】你已成功支付小吃摊砂锅粉订单，金额28元，账单已同步至我的账单。,2025-10-05 14:05:00,支付宝,
Push-2338,,支付宝：服务区黑咖啡支付成功,【支付宝】你已成功支付雷山服务区便利店黑咖啡，金额15元，支付方式：花呗。,2025-10-05 16:12:00,支付宝,
Push-2339,,雪球：国庆期间全球股指行情速览,【雪球】国庆假期全球市场速递：道指微涨0.5%，纳指震荡，黄金价格小幅回落。点击查看详细分析。,2025-10-05 16:20:00,雪球,
Push-2340,32-9-2,小红书：苗寨银饰手工艺拍摄技巧,【小红书】你关注的摄影博主分享了《苗寨银饰拍摄：如何捕捉錾刻的细节与光影》，干货满满，快来收藏学习！,2025-10-05 19:15:00,小红书,32-i
Push-2341,32-9-2,巧摄：苗寨蓝调时刻拍摄提醒,【巧摄】西江千户苗寨今日蓝调时刻（日落前后）为19:25-19:55，是拍摄延时和夜景的黄金时间，请提前做好准备。,2025-10-05 19:20:00,巧摄,32-i
Push-2342,,微信支付：酸汤鱼晚餐支付成功,【微信支付】你已成功支付苗寨酸汤鱼餐馆晚餐，金额186元，支付方式：零钱。,2025-10-05 22:05:00,微信,
Push-2343,,华尔街见闻：假期后市场走势预判,【华尔街见闻】首席经济学家最新文章《国庆长假后，A股市场将如何演绎？》已发布，深度剖析政策与资金面动向。,2025-10-05 23:50:00,华尔街见闻,
Push-2344,32-10,支付宝：轮胎维修支付成功提醒,【支付宝】您已成功支付龙华阁汽修轮胎维修费用，金额 680 元，账单已同步至我的账单,2025-10-06 18:53:00,支付宝,32-j
Push-2345,,美团外卖：中秋晚餐订单配送提醒,【美团外卖】您的小炒黄牛肉、手撕包菜订单#ME202510061855 骑手已取餐，正在火速配送中，预计 19:30 前送达,2025-10-06 19:05:00,美团外卖,
Push-2346,,雪球：节后市场开盘前瞻,【雪球】全球市场节后开盘在即，为您梳理A股、港股、美股核心看点与潜在机会，点击查看机构策略汇总,2025-10-06 19:45:00,雪球,
Push-2347,270-2-3,同花顺：基金定投策略更新,【同花顺】根据最新市场数据，您关注的沪深300指数增强基金定投策略已更新，建议查看优化方案,2025-10-06 21:35:00,同花顺,270-b
Push-2348,,系统：存储空间不足提醒,【系统通知】当前手机存储空间已使用超过90%，建议及时清理照片、视频等文件，确保系统流畅运行,2025-10-06 22:15:00,系统存储管理,
Push-2349,,Keep：您的晨跑周报已生成,【Keep】本周您已累计晨跑3次，总里程15.2公里。根据您的恢复计划，今日建议配速6分30秒，心率区间<150，点击查看详细分析。,2025-10-07 06:45:00,Keep,
Push-2350,273-1-1,支付宝：便利店支付成功,【支付宝】您已成功支付新佳宜便利店订单，金额8.5元，商品：矿泉水。账单已同步至我的账单。,2025-10-07 08:12:00,支付宝,273-a
Push-2351,273-1-1,系统：存储空间不足提醒,【系统通知】您的手机存储空间已使用超过90%，建议及时清理照片、视频或卸载不常用应用。,2025-10-07 09:05:00,系统存储管理,273-a
Push-2352,128-5,Adobe Lightroom：摄影技巧推荐,【Adobe Lightroom】风光摄影后期调色教程：如何让凤凰晨雾更具层次感？内含预设分享，点击立即学习。,2025-10-07 09:45:00,Adobe Lightroom,128-e
Push-2353,,下厨房：高蛋白健身餐食谱,【下厨房】您常看的香煎鸡胸肉食谱已更新！新增迷迭香腌制技巧和低脂酱汁搭配，点击查看完整做法。,2025-10-07 11:15:00,下厨房,
Push-2354,,微信支付：超市支付成功,【微信支付】支付成功 268.5元。收款方：步步高超市（金星中路店）。点击查看账单详情。,2025-10-07 12:08:00,微信,
Push-2355,,支付宝：午餐支付成功,【支付宝】您已成功支付老街老厨订单#202510071215，金额62元。使用花呗支付，账单日10号。,2025-10-07 12:15:00,支付宝,
Push-2356,,雪球：沪深300指数异动提醒,【雪球】您关注的沪深300指数午后跌幅扩大至1.2%，金融、地产板块领跌。点击查看实时行情与机构解读。,2025-10-07 12:45:00,雪球,
Push-2357,,系统：电量低提醒,【系统通知】当前手机电量已低于20%，请及时连接充电器，预计剩余使用时间约1小时。,2025-10-07 13:25:00,系统电池管理,
Push-2358,,网易云音乐：您的专属爵士歌单,【网易云音乐】根据您的收听习惯，为您推荐“晚餐放松·慵懒爵士”歌单，内含Bill Evans、Chet Baker等大师作品，点击播放。,2025-10-07 17:45:00,网易云音乐,
Push-2359,150-7-1,雪球：午间行情速递,【雪球】午盘快讯：A股三大指数震荡整理，新能源板块异动拉升。您关注的宁德时代涨2.3%，比亚迪涨1.8%。点击查看深度解读>>,2025-10-08 12:15:00,雪球,150-g
Push-2360,31-4,京东健康：体检预约成功通知,【京东健康】您已成功预约老年综合深度体检套餐，预约号：JK20251008001，体检机构：武汉协和医院体检中心，预约时间：2025-10-25 08:30。请携带身份证按时前往。,2025-10-08 12:55:00,京东健康,31-d
Push-2361,150-7-1,雪球：收盘复盘提醒,【雪球】今日A股收盘：沪指微涨0.15%，创业板指跌0.3%。您关注的隆基绿能今日收涨3.2%，成交额放大。查看机构观点与明日策略>>,2025-10-08 16:20:00,雪球,150-g
Push-2362,,系统：存储空间不足提醒,【系统通知】您的手机存储空间已使用超过90%，部分应用运行可能变慢。建议及时清理照片、视频或卸载不常用应用。,2025-10-08 17:05:00,系统存储管理,
Push-2363,,下厨房：健身餐食谱推荐,【下厨房】为您推荐高蛋白低脂健身餐：香煎鸡胸肉配西兰花藜麦饭，热量约450大卡，附详细图文步骤。健康饮食，助力训练效果>>,2025-10-08 18:30:00,下厨房,
Push-2364,,系统：电量低提醒,【系统通知】当前手机电量已低于20%，请及时连接充电器，预计剩余使用时间约1小时。,2025-10-08 21:55:00,系统电池管理,
Push-2365,,Keep：晨跑运动记录已生成,【Keep】恭喜完成今日5公里晨跑！用时35分钟，平均配速7分/公里，消耗约350大卡。点击查看详细数据报告。,2025-10-09 07:41:00,Keep,
Push-2366,,雪球：早间财经要闻速递,【雪球】早盘前瞻：隔夜美股三大指数收涨，科技股领跑。今日关注A股券商板块及三季度GDP数据发布。点击查看深度解读。,2025-10-09 07:45:00,雪球,
Push-2367,77-1,微信：与徐佳宁的通话记录,【微信】您与徐佳宁的语音通话已结束，时长约35分钟。点击可查看聊天记录或设置下次提醒。,2025-10-09 08:56:00,微信,77-a
Push-2368,,大众点评：湘菜馆用餐推荐,【大众点评】根据您的口味，为您推荐公司附近评分4.8的湘菜馆“老灶头”，招牌菜小炒黄牛肉备受好评。点击查看菜单与优惠。,2025-10-09 11:50:00,大众点评,
Push-2369,130-1-1,数字人民币APP：红包申请提交成功,【数字人民币】您申请的长沙数字人民币消费红包已提交成功，申请编号CNY202510091255。审核结果将在1-3个工作日内通过APP通知，请保持关注。,2025-10-09 12:56:00,数字人民币,130-a
Push-2370,,华尔街见闻：午间市场快评,【华尔街见闻】午盘速递：A股三大指数震荡整理，券商板块表现活跃。分析师认为四季度政策暖风可期。点击阅读全文。,2025-10-09 13:15:00,华尔街见闻,
Push-2371,,系统：存储空间不足提醒,【系统通知】您的手机存储空间已使用超过90%，部分应用运行可能受影响。建议及时清理照片、视频或卸载不常用应用。,2025-10-09 16:20:00,系统存储管理,
Push-2372,,百度网盘：国庆照片备份提醒,【百度网盘】检测到您近期有大量新照片（如国庆旅行照），建议开启自动备份，释放手机存储空间，确保珍贵回忆不丢失。,2025-10-09 18:30:00,百度网盘,
Push-2373,135-4,美团：聚餐订单支付成功,【美团】您已在“乡里人家”湘菜馆消费成功，订单号#202510091905，金额428元。点击查看账单详情。,2025-10-09 21:02:00,美团,135-d
Push-2374,,高德地图：夜间行车安全提示,【高德地图】您已安全抵达目的地。夜间行车请注意休息，避免疲劳驾驶。点击可查看本次行程的详细报告。,2025-10-09 21:06:00,高德地图,
Push-2375,,Adobe Lightroom：照片处理进度保存,【Adobe Lightroom】您对5张梵净山照片的编辑已自动保存至云端。所有修改可在任何设备上同步查看与继续编辑。,2025-10-09 22:21:00,Adobe Lightroom,
Push-2376,121-6,小红书：阳台绿植养护指南,【小红书】你的阳台绿植养护笔记来啦！发现罗勒长蚜虫？试试洗洁精兑水喷洒，物理清除更健康。还有更多植物病虫害防治技巧等你发现。,2025-10-10 08:55:00,小红书,121-f
Push-2377,,雪球：早盘行情速递,【雪球】早盘观察：新能源产业链早盘震荡，碳中和主题持续活跃。你关注的华泰证券研报观点已更新，点击查看机构最新解读。,2025-10-10 09:05:00,雪球,
Push-2378,,系统：存储空间不足提醒,【系统通知】手机存储空间已使用超过90%，部分应用运行可能受影响。建议及时清理照片、视频或卸载不常用应用。,2025-10-10 14:15:00,系统存储管理,
Push-2379,,支付宝：水果购买支付成功,【支付宝】支付成功！你在鲜丰水果（岳麓店）的消费 68.5 元已付款，支付方式：花呗。订单号#SF202510101625。,2025-10-10 16:26:00,支付宝,
Push-2380,,下厨房：健康沙拉食谱推荐,【下厨房】晚餐不知道吃什么？试试这份牛油果鸡胸肉沙拉食谱，低脂高蛋白，搭配你爱的油醋汁，10分钟搞定健康一餐。,2025-10-10 17:40:00,下厨房,
Push-2381,51-1,支付宝：摄影工作坊报名支付成功,【支付宝】您已成功支付人像摄影工作坊报名费，金额 298 元，订单号#P202510110012。电子确认函已发送至您的邮箱。,2025-10-11 11:58:00,支付宝,51-a
Push-2382,,系统：存储空间不足提醒,【系统通知】您的手机存储空间已使用超过90%，建议及时清理照片、视频或卸载不常用应用以释放空间。,2025-10-11 15:05:00,系统存储管理,
Push-2383,33-1-2,Adobe Lightroom：照片整理进度提醒,【Adobe Lightroom】您的照片库【湘西之行】已建立归档结构，包含凤凰古城、镇远古镇等4个地点文件夹，共精选出15张星级作品。,2025-10-11 17:45:00,Adobe Lightroom,33-a
Push-2384,,雪球：储能行业研报更新,【雪球】您关注的储能板块研报已更新：【中信证券】新型储能商业模式与投资机会分析。点击查看核心观点与标的梳理。,2025-10-11 18:25:00,雪球,
Push-2385,,500px：发现湘西同主题优秀作品,【500px】根据您的兴趣，为您推荐湘西风土人情主题的优质摄影作品《苗寨晨雾》，来自摄影师@山野行者。,2025-10-11 20:30:00,500px,
Push-2386,33-1-3,Adobe Lightroom：精选作品集完成,【Adobe Lightroom】恭喜！您的精选作品集【湘西之行精选】已完成，共包含18张代表作。支持一键导出或分享至社交平台。,2025-10-11 21:10:00,Adobe Lightroom,33-a
Push-2387,,微信读书：投资书籍阅读进度提醒,【微信读书】您正在阅读的《周期、价值与人性》已更新至第5章，本周阅读时长超过90%的书友。继续阅读解锁本章思维导图。,2025-10-11 21:30:00,微信读书,
Push-2388,,墨迹天气：今日天气提醒,【墨迹天气】长沙市岳麓区今日（10月12日）天气：晴，气温 16-24°C，空气质量优。晨间体感微凉，适宜户外运动。,2025-10-12 06:20:00,墨迹天气,
Push-2389,,支付宝：线下支付成功,【支付宝】您已成功向罗比零食专卖店（岳麓山店）支付 128.00 元。订单号：202510120630001。,2025-10-12 07:45:00,支付宝,
Push-2390,,高德地图：通勤路况提醒,【高德地图】为您规划从岳麓区机关金星住宅小区到湖南广电中心写字楼的最佳路线，当前路况畅通，预计行驶 45 分钟。,2025-10-12 08:35:00,高德地图,
Push-2391,,美团：餐厅预定成功通知,【美团】您已成功预定伟记家常菜（万家丽北路店），预定码：WT20251012120001，时间：12:00，人数：2人。,2025-10-12 11:55:00,美团,
Push-2392,,支付宝：午餐支付成功提醒,【支付宝】您已成功支付伟记家常菜订单#20251012120001，金额 96.50 元，账单已同步至我的账单。,2025-10-12 12:58:00,支付宝,
Push-2393,,腾讯会议：会议即将开始,【腾讯会议】您预定的会议“客户资产配置策略终审会”将于 13:30 开始，请提前准备。会议号：123 456 789。,2025-10-12 13:00:00,腾讯会议,
Push-2394,,网易云音乐：每日推荐,【网易云音乐】根据您的听歌喜好，今日为您推荐“通勤放松·舒缓钢琴”歌单，点击开启下班路上的音乐时光。,2025-10-12 17:32:00,网易云音乐,
Push-2395,,Bilibili：您关注的UP主更新了,【Bilibili】您关注的摄影UP主“光影捕手”发布了新视频：《夜景人像的5个后期技巧》，快来围观学习吧！,2025-10-12 18:25:00,Bilibili,
Push-2396,,系统：存储空间不足提醒,【系统通知】您的手机存储空间已使用超过 90%，部分应用运行可能受影响，建议及时清理。,2025-10-12 19:50:00,系统存储管理,
Push-2397,135-6,腾讯会议：研讨会预定成功,【腾讯会议】您已成功预定线上研讨会“新兴市场数字经济投资机会”，时间：20:15-21:30，会议号：987 654 321。,2025-10-12 20:10:00,腾讯会议,135-f
Push-2398,,美团：摄影工作坊预定成功,【美团】您已成功预定“城市街拍进阶工作坊”，预定码：SY20251012213001，时间：本周六 14:00-17:00，地点：橘子洲头艺术馆。,2025-10-12 21:32:00,美团,
Push-2399,,京东：购物车商品降价提醒,【京东】您购物车中的“佳能 RF 24-70mm F2.8 镜头”直降 500 元，现价 14999 元，库存紧张，速来查看！,2025-10-12 21:40:00,京东,
Push-2400,,微信读书：个性化推荐,【微信读书】根据您的阅读历史，为您推荐《非理性繁荣与市场周期》，作者深入剖析投资者心理，与您日间反思的主题高度契合。,2025-10-12 22:45:00,微信读书,
Push-2401,273-2-1,Keep：跑步数据同步完成,【Keep】您今日的5公里晨跑数据已同步，平均配速6分30秒，消耗热量约350千卡。点击查看详细分析报告。,2025-10-13 07:38:00,Keep,273-b
Push-2402,,雪球：早盘市场快讯,【雪球】隔夜美股三大指数涨跌不一，中概股表现活跃。A股今日关注新能源及高端制造板块，人民币汇率保持稳定。,2025-10-13 07:50:00,雪球,
Push-2403,,系统：存储空间不足提醒,【系统通知】当前手机存储空间已使用超过90%，建议及时清理，避免影响应用运行。,2025-10-13 11:50:00,系统存储管理,
Push-2404,,大众点评：湘菜馆推荐,【大众点评】根据您的口味，为您推荐公司附近的明记烧腊快餐店，双拼饭是招牌，人均约35元。,2025-10-13 11:55:00,大众点评,
Push-2405,,微信读书：行业研报推荐,【微信读书】您关注的《高端制造行业Q4投资策略》研报摘要已更新，点击阅读核心观点。,2025-10-13 13:15:00,微信读书,
Push-2406,272-1-2,Wind：流动性预判专题,【Wind金融终端】年末流动性前瞻专题已发布，内含对年底资金面及政策信号的深度解读。,2025-10-13 14:50:00,Wind,272-a
Push-2407,272-1-1,系统：电量低提醒,【系统通知】当前手机电量已低于20%，请及时充电，避免影响使用。,2025-10-13 17:20:00,系统电池管理,272-a
Push-2408,,高德地图：目的地附近推荐,【高德地图】您即将到达一丹咖啡厅，附近浏阳河畔步道夜景不错，适合散步放松。,2025-10-13 19:20:00,高德地图,
Push-2409,,支付宝：咖啡豆支付成功提醒,【支付宝】您已成功支付一丹咖啡厅订单#CD202510131925，金额128元，账单已同步至我的账单,2025-10-13 19:28:00,支付宝,
Push-2410,,小红书：手冲咖啡技巧分享,【小红书】发现一篇关于埃塞俄比亚耶加雪菲咖啡豆的冲煮参数详解，与您最近的购买记录相关，快来学习吧。,2025-10-13 20:15:00,小红书,
Push-2411,130-2-2,数字人民币：红包到账通知,【数字人民币】恭喜您！您参与的“长沙数字人民币消费红包”活动中签，100元红包已发放至您的数字人民币钱包，有效期至2025-10-31。点击查看支持商户列表。,2025-10-14 08:02:00,数字人民币APP,130-b
Push-2412,,美团：餐厅预定成功通知,【美团】您已成功预定金鹰路码上付体验餐厅，预定码：20251014M123，时间：2025-10-14 12:00，人数：2位。请准时到店。,2025-10-14 09:50:00,美团,
Push-2413,,美团：用餐提醒,【美团】您预定的金鹰路码上付体验餐厅（预定码：20251014M123）将在1小时后开始，请合理安排时间。,2025-10-14 11:00:00,美团,
Push-2414,,数字人民币：支付成功提醒,【数字人民币】您已成功支付100.00元至金鹰路码上付体验餐厅，订单号：20251014120001，支付方式：数字人民币红包。,2025-10-14 12:05:00,数字人民币APP,
Push-2415,,系统：存储空间不足提醒,【系统通知】您的手机存储空间已使用超过90%，部分应用运行可能受影响。建议及时清理照片、视频或卸载不常用应用。,2025-10-14 20:15:00,系统存储管理,
Push-2416,,Keep：今日运动报告,【Keep】今日运动已完成：晨跑4公里，核心训练30分钟。累计消耗约450大卡。坚持就是胜利，明天继续加油！,2025-10-14 20:45:00,Keep,
Push-2417,,500px：您关注的摄影师更新了作品,【500px】您关注的摄影师徐佳宁刚刚发布了新作品《城市光影》，快来欣赏并交流吧！,2025-10-14 21:10:00,500px,
Push-2418,,系统：电量低提醒,【系统通知】当前手机电量已低于 20%，请及时充电，避免影响使用,2025-10-15 07:15:00,系统电池管理,
Push-2419,,支付宝：支付成功提醒,【支付宝】您已成功支付老长沙粉面馆（金鹰路店）订单#20251015120001，金额 28 元，账单已同步至我的账单,2025-10-15 12:02:00,支付宝,
Push-2420,,大众点评：个性化推荐,【大众点评】金融才俊看过来！您常去的金鹰路商圈新开一家日式拉面馆，评分高达4.8，快去尝尝吧！,2025-10-15 12:30:00,大众点评,
Push-2421,132-2,数字人民币：支付成功提醒,【数字人民币】您已通过碰一碰成功支付 Today 便利店订单，金额 18.5 元，支付方式：双离线交易,2025-10-15 12:50:00,数字人民币,132-b
Push-2422,132-2,雪球：个性化推荐,【雪球】午间快讯：央行数字货币研究所最新论文发布，探讨双离线支付技术应用前景，点击查看对金融科技板块影响分析,2025-10-15 13:15:00,雪球,132-b
Push-2423,,支付宝：支付成功提醒,【支付宝】您已成功支付罗比零食专卖店订单#20251015193001，金额 86.5 元，账单已同步至我的账单,2025-10-15 19:33:00,支付宝,
Push-2424,,Keep：预定成功,【Keep】您的明日晨跑计划已更新为：恢复跑：3-4公里，配速不限，以体感舒适为准。明早6:30，不见不散！,2025-10-15 20:05:00,Keep,
Push-2425,140-8,500px：个性化推荐,【500px】您关注的#城市光影#话题有最新作品发布，来自摄影师@光影捕手，快来看看能否激发您的创作灵感！,2025-10-15 21:20:00,500px,140-h
Push-2426,77-2-1,得到：今日头条推荐,【得到】邵恒头条已更新：央行数字货币试点进展与未来展望，点击收听最新市场解读。,2025-10-16 06:45:00,得到,77-b
Push-2427,,雪球：早盘市场动态,【雪球】隔夜欧美市场收涨，亚太早盘震荡。您关注的科技板块表现活跃，点击查看详细分析。,2025-10-16 09:15:00,雪球,
Push-2428,,系统：存储空间不足提醒,【系统通知】您的手机存储空间已使用超过90%，建议及时清理照片、视频等文件，释放更多空间。,2025-10-16 11:30:00,系统存储管理,
Push-2429,,大众点评：附近美食推荐,【大众点评】金鹰路兰州拉面馆评分4.5，招牌牛肉拉面广受好评，点击查看详细评价与优惠。,2025-10-16 11:55:00,大众点评,
Push-2430,132-3,数字人民币：支付成功提醒,【数字人民币】您已通过付款码在归心苑小区便利店成功支付3.5元，账户余额已更新。,2025-10-16 12:53:00,数字人民币,132-c
Push-2431,132-3,知乎：数字人民币话题更新,【知乎】您关注的数字人民币话题有新的高赞回答：深度解析试点城市应用场景与用户反馈。,2025-10-16 13:10:00,知乎,132-c
Push-2432,77-2-1,美团：咖啡厅预定成功通知,【美团】您已成功预定一丹咖啡厅卡座，预定码#C20251016，请于19:00前到店。,2025-10-16 17:35:00,美团,77-b
Push-2433,77-2-1,系统：电量低提醒,【系统通知】当前手机电量已低于20%，请及时连接充电器，避免影响后续使用。,2025-10-16 18:50:00,系统电池管理,77-b
Push-2434,128-7,500px：您关注的摄影师有新作,【500px】摄影师徐佳宁发布了新作品《深圳湾暮色》，快来欣赏并交流拍摄技巧吧。,2025-10-16 22:10:00,500px,128-g
Push-2435,128-7,小红书：夜景摄影技巧推荐,【小红书】根据您的兴趣，为您推荐城市夜景拍摄参数设置与后期调色全攻略。,2025-10-16 22:30:00,小红书,128-g
Push-2436,273-3,Keep：晨跑数据同步提醒,【Keep】您的晨跑数据已同步！今日在湘江风光带跑步40分钟，消耗约320大卡，配速稳定。点击查看详细分析报告。,2025-10-17 07:35:00,Keep,273-c
Push-2437,131-1,数字人民币：周末体验路线推荐,【数字人民币】为您规划周末数字人民币体验路线！已标记公司附近5家支持商户，包括咖啡馆、便利店等，点击查看详情并一键导航。,2025-10-17 08:05:00,数字人民币APP,131-a
Push-2438,,雪球：新能源板块异动提醒,【雪球】您关注的新能源板块早盘异动！宁德时代涨超3%，比亚迪跟涨。多位分析师解读政策利好，点击查看实时讨论。,2025-10-17 10:15:00,雪球,
Push-2439,,支付宝：支付成功提醒,【支付宝】您已成功支付午餐订单，金额68元（小炒黄牛肉）。账单已同步至我的账单，可使用数字人民币红包。,2025-10-17 12:08:00,支付宝,
Push-2440,131-1,数字人民币：支付成功提醒,【数字人民币】支付成功！您于12:45在便利店使用数字人民币钱包消费8.5元（苏打水、口香糖）。交易单号：DC202510171245123456。,2025-10-17 12:46:00,数字人民币APP,131-a
Push-2441,272-4,华泰证券涨乐财富通：业绩材料提交提醒,【涨乐财富通】您的年度工作总结材料更新已完成。请确认后提交至OA系统，截止时间为今日17:00。点击快速跳转。,2025-10-17 15:25:00,华泰证券涨乐财富通,272-d
Push-2442,,系统：存储空间不足提醒,【系统通知】当前手机存储空间已使用超过90%，部分应用运行可能受影响。建议及时清理照片、视频等文件。,2025-10-17 16:20:00,系统存储管理,
Push-2443,,支付宝：超市支付成功提醒,【支付宝】您已成功支付罗比零食专卖店订单，金额42.8元（鸡胸肉、西兰花等）。账单已生成，订单号：202510171838567890。,2025-10-17 18:39:00,支付宝,
Push-2444,,同花顺：投资组合周报,【同花顺】您的投资组合周报已生成。本周收益+1.2%，跑赢沪深300指数0.5%。核心持仓XX科技表现稳健，点击查看详细分析。,2025-10-17 19:35:00,同花顺,
Push-2445,,小红书：街头摄影技巧推荐,【小红书】为您推荐决定性瞬间的街头摄影技巧！内含大师布列松作品解析及手机拍摄实战指南，助您提升《湘江夜话》系列质感。,2025-10-17 21:10:00,小红书,
Push-2446,132-4,数字人民币：支付成功提醒,【数字人民币】您已成功支付 38.00 元，收款方：一丹咖啡厅。交易时间：2025-10-18 13:25:00，支付方式：付款码。,2025-10-18 13:26:00,数字人民币,132-d
Push-2447,114-12,雪球：消费板块投资机会提醒,【雪球】您关注的消费板块今日出现异动，多家机构发布《后疫情时代消费板块投资逻辑》研报，点击查看最新解读与投资机会。,2025-10-18 14:15:00,雪球,114-l
Push-2448,131-2-1,应用下载完成,数字人民币App下载完成，点击安装,2025-10-18 15:30:00,官方应用商店,131-b
Push-2449,154-10-1,Keep：瑜伽课程开始提醒,【Keep】您预约的流瑜伽课程（恒大雅苑健身中心）将于 16:20 开始，请提前 10 分钟到场准备。教练：王教练。,2025-10-18 15:50:00,Keep,154-j
Push-2450,,美团：订单支付成功,【美团】您已成功支付肯律轻食订单#K20251018001，金额 45.00 元。预计取餐时间：16:05。取餐码：A12。,2025-10-18 16:02:00,美团,
Push-2451,,小红书：摄影调色技巧推荐,【小红书】根据您的兴趣，为您推荐人像摄影后期调色技巧：如何通过局部明暗优化提升照片情绪感，点击查看详细教程。,2025-10-18 21:30:00,小红书,
Push-2452,,系统：存储空间不足提醒,【系统通知】当前手机存储空间已使用超过 90%，部分应用运行可能受影响，建议及时清理。,2025-10-18 22:45:00,系统存储管理,
Push-2453,,数字人民币：支付成功提醒,【数字人民币】您已通过数字人民币APP成功支付一丹咖啡厅消费，金额 58.00 元，交易单号：DCEP202510191245001。,2025-10-19 12:45:00,数字人民币,
Push-2454,131-3,数字人民币：支付成功提醒,【数字人民币】您已在大润发超市（芙蓉店）通过数字人民币完成支付，金额 128.50 元，交易单号：DCEP202510191420002。,2025-10-19 14:22:00,数字人民币,131-c
Push-2455,131-3,大润发优鲜：订单支付成功,【大润发优鲜】您在大润发（长沙芙蓉店）的订单#DRF202510191415 已支付成功，金额 128.50 元，商品已打包，欢迎再次光临。,2025-10-19 14:23:00,大润发优鲜,131-c
Push-2456,,雪球：消费ETF异动提醒,【雪球】您关注的消费ETF（159928）盘中涨幅超2%，现报1.235元，成交量放大，建议关注。,2025-10-19 14:50:00,雪球,
Push-2457,132-5,小红书：户外摄影构图技巧,【小红书】户外人像摄影如何利用自然光？资深摄影师分享5个黄金时刻构图法则，点击查看>>,2025-10-19 15:30:00,小红书,132-e
Push-2458,,东方财富：金融科技板块周报,【东方财富】金融科技板块周度复盘：数字人民币试点扩容，关注支付终端与银行IT龙头机会。,2025-10-19 16:15:00,东方财富,
Push-2459,51-3,下厨房：湘菜家常菜谱更新,【下厨房】想吃正宗湘菜？小炒黄牛肉、剁椒鱼头等10道经典湘菜详细教程已更新，收藏学起来！,2025-10-19 17:05:00,下厨房,51-c
Push-2460,,百度网盘：文件发送成功,【百度网盘】您分享的《湘江夜话》作品集加密链接已成功发送给徐佳宁，有效期30天，可随时查看或取消分享。,2025-10-19 18:55:00,百度网盘,
Push-2461,,系统：存储空间不足提醒,【系统通知】手机存储空间已不足10%，建议清理照片、视频或卸载不常用应用以释放空间。,2025-10-19 19:45:00,系统存储管理,
Push-2462,92-6,雪球：数字人民币专题更新,【雪球】您关注的数字人民币板块有最新动态：央行数字货币研究所发布跨境支付试点进展，多家银行参与测试。点击查看深度解读>>,2025-10-20 11:35:00,雪球,92-f
Push-2463,,支付宝：午餐支付成功提醒,【支付宝】您已成功支付湘菜馆订单#202510201201，金额 128 元，账单已同步至我的账单。,2025-10-20 12:02:00,支付宝,
Push-2464,131-4,数字人民币APP：超市支付成功,【数字人民币】您已在罗比零食专卖店使用数字人民币支付 86.5 元，交易单号：DCEP2025102017551234。,2025-10-20 17:56:00,数字人民币APP,131-d
Push-2465,275-1,东方财富：投资组合周报已生成,【东方财富】您关注的个人投资组合周报已生成，最新夏普比率 1.25，最大回撤 -3.2%。点击查看详细分析与调仓建议。,2025-10-20 21:15:00,东方财富,275-a
Push-2466,,系统：存储空间不足提醒,【系统通知】当前手机存储空间已不足10%，建议清理照片、视频或卸载不常用应用以释放空间。,2025-10-20 22:10:00,系统存储管理,
Push-2467,,携程旅行：酒店预定成功通知,【携程旅行】您已成功预定【长沙君悦酒店】豪华大床房，入住：2025-10-27，离店：2025-10-29，订单号：CTRIP1020123456，预定码：789012。,2025-10-20 23:25:00,携程旅行,
Push-2468,,携程旅行：入住提醒,【携程旅行】温馨提醒：您预定的长沙君悦酒店入住日期为10月27日，距入住还有7天，请提前规划行程。点击查看酒店详情与交通指引。,2025-10-20 23:28:00,携程旅行,
Push-2469,150-7-1,得到：您关注的课程更新,【得到】您订阅的《宏观经济学30讲》已更新第25讲：数字货币对货币政策的影响，主讲人：香帅。点击立即学习>>,2025-10-20 23:35:00,得到,150-g
Push-2470,,Keep：今日运动打卡提醒,【Keep】您已连续运动7天，今日核心训练已完成20分钟，消耗约150千卡。点击查看详细报告，保持自律，遇见更好的自己！,2025-10-21 07:38:00,Keep,
Push-2471,274-2-1,华泰证券涨乐财富通：委托成交提醒,【涨乐财富通】尊敬的客户，您的委托已部分成交。证券：贵州茅台(600519)，成交数量：100股，成交均价：1680.50元。详情请查看持仓。,2025-10-21 09:32:00,华泰证券涨乐财富通,274-b
Push-2472,,雪球：您关注的消费板块异动提醒,【雪球】您关注的消费板块早盘走强，贵州茅台涨超2%，五粮液、泸州老窖跟涨。点击查看机构最新解读。,2025-10-21 10:15:00,雪球,
Push-2473,,系统：存储空间不足提醒,【系统通知】您的手机存储空间已不足10%，部分应用可能运行缓慢。建议及时清理照片、视频或卸载不常用应用。,2025-10-21 11:45:00,系统存储管理,
Push-2474,,美团：订单支付成功,【美团】您已成功支付西湖楼美食城湘菜馆订单#202510211201，金额186元。商家已接单，预计12:30前可到店就餐。,2025-10-21 12:02:00,美团,
Push-2475,275-2-1,微信读书：为您推荐《数字货币革命》,【微信读书】根据您的阅读兴趣，为您推荐《数字货币革命：从比特币到央行数字货币》。本书深入探讨了数字人民币的技术架构与金融影响，点击立即阅读。,2025-10-21 15:20:00,微信读书,275-b
Push-2476,,京东健康：父母体检报告解读服务,【京东健康】关注父母健康，体检报告专业解读限时优惠。您关注的【血脂异常】专题解读包已上线，三甲医院医生在线答疑，点击了解详情。,2025-10-21 19:05:00,京东健康,
Push-2477,78-3,Lightroom：作品集新反馈待查看,【Adobe Lightroom】您参与的作品集《湘江夜话》收到了来自徐佳宁的新反馈，涉及色调与构图建议。点击进入社区查看详细评论。,2025-10-21 20:35:00,Adobe Lightroom,78-c
Push-2478,273-5,Keep：晨跑训练完成提醒,【Keep】您已完成今日的坡道晨跑训练，用时40分钟，消耗约420千卡。训练数据已同步至运动健康。,2025-10-22 07:21:00,Keep,273-e
Push-2479,74-2-2,腾讯会议：线上分享会即将开始,【腾讯会议】您预约的会议“数字化投研工具在主动管理中的应用”将于09:30开始，点击即可加入会议。,2025-10-22 09:00:00,腾讯会议,74-b
Push-2480,150-7-1,雪球：数字人民币板块行情异动,【雪球】您关注的数字人民币板块盘中拉升，银行IT概念股涨幅居前。点击查看最新研报解读。,2025-10-22 12:45:00,雪球,150-g
Push-2481,,系统：存储空间不足提醒,【系统通知】您的手机存储空间已不足10%，建议及时清理照片、视频或卸载不常用应用。,2025-10-22 13:15:00,系统存储管理,
Push-2482,132-7,支付宝：咖啡支付成功提醒,【支付宝】您已成功支付圣爵菲斯咖啡厅订单#SF202510221615，金额28元，使用数字人民币钱包支付。,2025-10-22 16:18:00,支付宝,132-g
Push-2483,,微信支付：晚餐支付成功提醒,【微信支付】支付成功，向老长沙味道湘菜馆（双塘路店）支付86元。点击查看账单详情。,2025-10-22 19:50:00,微信,
Push-2484,276-5,微信：文件传输助手提醒,【微信】文件“父母体检报告202510.pdf”已成功接收并下载，可在手机文件管理中查看。,2025-10-22 20:32:00,微信,276-e
Push-2485,275-3-2,Notion：页面更新同步成功,【Notion】您创建的页面“数字人民币专题-202510”已成功同步至云端。所有设备均可访问最新版本。,2025-10-22 22:32:00,Notion,275-c
Push-2486,273-5,天气：明日晨跑天气提醒,【天气】长沙市岳麓区，明日（10月23日）06:00-08:00，多云，气温15-18℃，东北风2级，空气质量良，适宜晨跑。,2025-10-22 22:40:00,天气,273-e
Push-2487,,系统：存储空间不足提醒,【系统通知】当前手机存储空间已使用超过90%，建议及时清理，以免影响应用运行和拍照功能。,2025-10-23 07:45:00,系统存储管理,
Push-2488,275-4,数字人民币：支付成功提醒,【数字人民币】您已成功支付金额12.5元，购买商品：饮料。支付方式：双离线支付。,2025-10-23 12:38:00,数字人民币,275-d
Push-2489,275-4,雪球：数字人民币板块异动提醒,【雪球】您关注的数字人民币板块出现异动，相关概念股午后拉升，建议关注最新研报。,2025-10-23 13:15:00,雪球,275-d
Push-2490,,系统：电量低提醒,【系统通知】当前手机电量已低于20%，请及时连接充电器，避免影响下午工作。,2025-10-23 16:30:00,系统电池管理,
Push-2491,,支付宝：咖啡支付成功提醒,【支付宝】您已成功支付圣爵菲斯咖啡厅订单#CS202510231700，金额28元，账单已同步至我的账单。,2025-10-23 17:03:00,支付宝,
Push-2492,,Keep：今日力量训练课程推荐,【Keep】根据您的训练历史，为您推荐今日上肢力量强化课程，时长40分钟，助力突破瓶颈。,2025-10-23 18:55:00,Keep,
Push-2493,,得到：私募数字化主题课程上新,【得到】您关注的金融科技领域上新课程《私募基金数字化实战》，主讲人分享投研平台建设心得，与您今日所学高度相关。,2025-10-23 21:45:00,得到,
Push-2494,,系统：存储空间不足提醒,【系统通知】您的手机存储空间已不足10%，建议及时清理照片、视频或卸载不常用应用，以保证系统流畅运行。,2025-10-24 10:05:00,系统存储管理,
Push-2495,271-1,美团：餐厅预定成功通知,【美团】您的生日聚餐包间已预订成功！预订码：B2025102401，商家：常聚湘菜馆（开福店），时间：10月28日 18:30，请准时到店。,2025-10-24 10:45:00,美团,271-a
Push-2496,,雪球：生日主题投资组合推荐,【雪球】生日快乐！为您精选了一份“成长型生日主题”投资组合，内含消费、娱乐板块优质标的，点击查看详情。,2025-10-24 11:15:00,雪球,
Push-2497,,支付宝：午餐支付成功提醒,【支付宝】您已成功支付兰州拉面订单#LS2025102401，金额38元，账单已同步至我的账单。,2025-10-24 12:05:00,支付宝,
Push-2498,,得到：数字人民币深度解读推荐,【得到】您关注的数字人民币话题有更新！专栏《金融科技前沿》上新：数字人民币对支付体系与投资市场的双重影响，点击收听。,2025-10-24 14:30:00,得到,
Push-2499,,微信支付：便利店消费提醒,【微信支付】您于Today便利店（风帆广场店）消费25元（咖啡），付款成功。,2025-10-24 17:08:00,微信,
Push-2500,51-6,小红书：江边夜景摄影技巧,【小红书】蓝调时刻怎么拍？首页为您推荐湘江边夜景人像拍摄全攻略，包含构图、参数与后期思路，快来看看吧！,2025-10-24 18:20:00,小红书,51-f
Push-2501,277-2-2,京东：户外装备补货提醒,【京东】您关注的户外燃气罐正在促销！火枫高山气罐（230g）2瓶装限时特价39元，露营季必备，点击立即补货。,2025-10-24 21:05:00,京东,277-b
Push-2502,273-6,Keep：本周运动数据分析报告,【Keep】您本周的运动报告已生成，平均心率稳中有降，但高强度训练后的恢复时间略长，建议明天安排休息。点击查看详细分析。,2025-10-25 08:22:00,Keep,273-f
Push-2503,114-13,长沙市摄影协会：作品投稿状态更新,【长沙市摄影协会】您的作品《湘江夜话》系列（共9张）已成功提交至秋季影展，审核结果将于5个工作日内公布，请留意后续通知。,2025-10-25 10:05:00,长沙市摄影协会,114-m
Push-2504,,雪球：金融科技沙龙相关动态,【雪球】您关注的区块链+供应链金融话题有最新讨论，多位分析师分享了应用案例与投资逻辑，点击查看。,2025-10-25 14:35:00,雪球,
Push-2505,277-3-1,支付宝：农家乐消费支付成功,【支付宝】您已成功向【麓山南路农家乐】支付68元，订单号#2025102516357789。,2025-10-25 16:38:00,支付宝,277-c
Push-2506,277-3-1,小红书：露营星空摄影技巧推荐,【小红书】您关注的露营话题下，有博主分享了秋季星空摄影的实战参数与构图技巧，快来学习吧！,2025-10-25 21:15:00,小红书,277-c
Push-2507,,系统：电量低提醒,【系统通知】当前手机电量已低于 20%，请及时充电，避免影响使用,2025-10-26 08:45:00,系统电池管理,
Push-2508,,支付宝：支付成功提醒,【支付宝】您已成功支付罗比零食专卖店订单#R2025102601，金额 86.5 元，账单已同步至我的账单,2025-10-26 10:58:00,支付宝,
Push-2509,,下厨房：食谱推荐,【下厨房】根据您的浏览记录，为您推荐高蛋白健身餐：香煎鸡胸肉三明治，简单快手，营养均衡,2025-10-26 11:30:00,下厨房,
Push-2510,,京东：装备清洁用品推荐,【京东】露营季装备保养正当时！帐篷清洁剂、睡袋收纳袋限时特惠，点击查看,2025-10-26 12:20:00,京东,
Push-2511,,系统：存储空间不足提醒,【系统通知】手机存储空间已使用超过 90%，建议清理照片、视频或应用以释放空间,2025-10-26 13:50:00,系统存储管理,
Push-2512,277-4-3,Lightroom：照片处理完成提醒,【Adobe Lightroom】您的 3 张星空夜景照片已完成云端同步与增强处理，可在作品集中查看,2025-10-26 16:32:00,Adobe Lightroom,277-d
Push-2513,,大众点评：餐厅预订成功通知,【大众点评】您已成功预订【湘味楼】10月31日 19:00 4人位，预订码 854732，请准时到店,2025-10-26 18:55:00,大众点评,
Push-2514,,雪球：明日市场前瞻,【雪球】明日开盘前瞻：关注美股科技股财报影响及原油价格波动对A股相关板块的传导，点击查看深度分析,2025-10-26 20:30:00,雪球,
Push-2515,,支付宝：午餐支付成功提醒,【支付宝】您已成功支付老长沙粉面馆订单#LS202510271201，金额 38 元，账单已同步至我的账单,2025-10-27 12:02:00,支付宝,
Push-2516,,系统：存储空间不足提醒,【系统通知】当前手机存储空间已使用超过90%，部分应用运行可能受影响。建议及时清理照片、视频或卸载不常用应用。,2025-10-27 14:20:00,系统存储管理,
Push-2517,,支付宝：咖啡支付成功提醒,【支付宝】您已成功支付圣爵菲斯咖啡厅订单#SJFS202510271531，金额 32 元，账单已同步至我的账单,2025-10-27 15:32:00,支付宝,
Push-2518,,雪球：今日市场复盘与明日策略,【雪球】今日A股震荡收跌，新能源板块回调。明日关注美联储议息会议纪要及国内三季度GDP数据，建议关注消费电子与医药防御板块。点击查看机构观点>>,2025-10-27 16:30:00,雪球,
Push-2519,,美团外卖：订单确认通知,【美团外卖】您的订单#MT202510271742 已确认，清炒时蔬+小炒黄牛肉，预计 18:30 送达。请留意骑手电话。,2025-10-27 17:43:00,美团外卖,
Push-2520,,小红书：长沙街拍灵感 | 秋日光影构图技巧,【小红书】秋日街头摄影正当时！3个光影构图技巧，让你的街拍作品质感升级。点击查看达人@摄影师阿哲的实战分享>>,2025-10-27 18:50:00,小红书,
Push-2521,78-5,500px：热门摄影赛事投稿提醒,【500px】2025年度城市之光摄影大赛火热征稿中！截稿日期11月15日，最高奖金5万元。您关注的星空摄影类别投稿量已达1200+。立即查看详情>>,2025-10-27 21:15:00,500px,78-e
Push-2522,132-8,支付宝：基金定投提醒,【支付宝】您设置的沪深300指数基金定投将于今日15:00自动扣款，金额500元。如需调整，请在14:55前操作。,2025-10-28 14:30:00,支付宝,132-h
Push-2523,,雪球：数字人民币投资机会提醒,【雪球】您关注的数字人民币板块今日盘中异动，多家支付机构股价拉升。结合您近期分享的洞察，为您筛选出3只潜力概念股，点击查看详情。,2025-10-28 14:45:00,雪球,
Push-2524,140-12,支付宝：咖啡支付成功提醒,【支付宝】您已成功支付圣爵菲斯咖啡厅订单#SF202510281502，金额38元，账单已同步至我的账单。,2025-10-28 15:02:00,支付宝,140-l
Push-2525,,美团：餐厅预定成功通知,【美团】您已成功预定壹盏灯(蚂蚁工房店)18:00的4人包间，预定码123456。请准时到店，祝您用餐愉快！,2025-10-28 17:05:00,美团,
Push-2526,271-2-2,支付宝：聚餐支付成功提醒,【支付宝】您已成功支付壹盏灯(蚂蚁工房店)订单#YZD202510281945，金额486元，账单已同步至我的账单。,2025-10-28 19:45:00,支付宝,271-b
Push-2527,,系统：存储空间不足提醒,【系统通知】当前手机存储空间已低于10%，建议及时清理照片、视频或卸载不常用应用，以保证系统流畅运行。,2025-10-28 21:15:00,系统存储管理,
Push-2528,,系统：存储空间不足提醒,【系统通知】当前手机存储空间已使用超过90%，部分应用运行可能受影响，建议及时清理。,2025-10-29 08:15:00,系统存储管理,
Push-2529,,支付宝：线下支付成功提醒,【支付宝】您已成功支付诚兴园文具店订单#CS202510291242，金额 68.50 元，账单已同步至我的账单,2025-10-29 12:42:00,支付宝,
Push-2530,273-8-2,Keep：个性化跑步计划推荐,【Keep】根据您近期的跑步数据，我们为您定制了一份间歇跑进阶计划，助您十一月突破自我，点击查看详情。,2025-10-29 21:25:00,Keep,273-h
Push-2531,,雪球：热门投资话题推荐,【雪球】您关注的行为金融学领域有新的深度分析文章发布，探讨市场非理性行为与投资机会，点击阅读。,2025-10-29 21:35:00,雪球,
Push-2532,,系统：电量低提醒,【系统通知】当前手机电量已低于 20%，请及时充电，避免影响使用,2025-10-30 07:40:00,系统电池管理,
Push-2533,,雪球：早盘行情速递,【雪球】早盘速递：隔夜美股科技股普涨，中概股指数上涨1.2%。今日关注新能源板块及欧元区CPI数据。,2025-10-30 08:20:00,雪球,
Push-2534,,Wind：财经快讯推送,【Wind】快讯：美联储官员最新讲话暗示加息周期或近尾声，市场风险偏好回升。,2025-10-30 09:15:00,Wind,
Push-2535,,大众点评：餐厅推荐,【大众点评】为您推荐西湖楼美食城新开的湘菜馆“辣味坊”，人均约60元，评分4.8。,2025-10-30 11:45:00,大众点评,
Push-2536,128-11-3,Artlist：新音乐上架通知,【Artlist】您关注的“Cinematic Ambient”分类上新了5首免版权音乐，适合自驾游视频使用。,2025-10-30 15:20:00,Artlist,128-k
Push-2537,,支付宝：便利店支付成功,【支付宝】您已成功支付归心苑便利店订单#CT202510301845，金额 38.5 元，账单已同步至我的账单,2025-10-30 18:47:00,支付宝,
Push-2538,128-11-3,色影无忌：论坛新帖提醒,【色影无忌】您关注的“视频剪辑”版块有新帖：Premiere Pro 2025 运动跟踪实战技巧分享。,2025-10-30 21:05:00,色影无忌,128-k
Push-2539,128-11-3,Bilibili：关注UP主更新,【Bilibili】您关注的影视飓风更新了视频：自驾游视频的节奏与音乐搭配全攻略。,2025-10-30 21:30:00,Bilibili,128-k
Push-2540,,雪球：早盘行情速递,【雪球】早盘观察：隔夜美股三大指数涨跌不一，科技股表现分化。A股今日关注金融科技板块，数字人民币概念股或受政策预期提振。点击查看机构最新观点。,2025-10-31 08:20:00,雪球,
Push-2541,,支付宝：午餐支付成功提醒,【支付宝】您已成功支付老长沙湘菜馆订单#202510311201，金额 86 元，账单已同步至我的账单。,2025-10-31 12:02:00,支付宝,
Push-2542,,同花顺：数字人民币板块异动,【同花顺】数字人民币板块盘中拉升，多只概念股涨幅超3%。您关注的飞天诚信、长亮科技等均有表现。点击查看详情。,2025-10-31 12:45:00,同花顺,
Push-2543,,系统：存储空间不足提醒,【系统通知】手机存储空间已不足10%，部分应用运行可能受影响。建议及时清理照片、视频或卸载不常用应用。,2025-10-31 16:30:00,系统存储管理,
Push-2544,,微信支付：便利店支付成功提醒,【微信支付】支付成功 68.5 元。收款方：归心苑小区便利店。时间：2025-10-31 20:26。,2025-10-31 20:26:00,微信,
Push-2545,,知乎：摄影技巧深度解析,【知乎】您收藏的“复杂运动跟踪”摄影技巧文章已更新深度解析。多位资深摄影师分享了实战心得与后期处理要点。,2025-10-31 21:50:00,知乎,
Push-2546,,微信读书：您的阅读时光,【微信读书】晚上好，您正在阅读的《投资最重要的事》已为您保留阅读进度。今日阅读30分钟，累计阅读本章节。,2025-10-31 22:50:00,微信读书,
Push-2547,146-7,系统：存储空间不足提醒,【系统通知】您的手机存储空间已使用超过90%，建议及时清理照片、视频等文件，以免影响系统运行。,2025-11-01 08:45:00,系统存储管理,146-g
Push-2548,96-1,得物：Brunello Cucinelli 秋冬新品上新,【得物】您关注的Brunello Cucinelli品牌已上新秋冬系列，包括经典羊绒大衣、针织衫等，即刻探索低调奢华质感。,2025-11-01 09:45:00,得物,96-a
Push-2549,44-9,Keep：马拉松赛前能量补给指南,【Keep】明日开跑！为您推送赛前能量胶使用指南与补给策略，助您安全完赛，刷新PB。,2025-11-01 13:45:00,Keep,44-i
Push-2550,,支付宝：餐厅支付成功提醒,【支付宝】您已成功支付蓝蛙西餐厅订单#C202511011801，金额128元，账单已同步至我的账单。,2025-11-01 18:03:00,支付宝,
Push-2551,,大众点评：为您推荐赛后恢复餐,【大众点评】跑完半马，来顿营养恢复餐吧！为您推荐附近高蛋白、易消化的优质餐厅。,2025-11-01 19:15:00,大众点评,
Push-2552,,长沙马拉松：赛前温馨提示,【长沙马拉松】尊敬的B区选手冯浩然，请再次确认已领取参赛包，号码布佩戴于胸前。明早请提前抵达存包区，祝您安全完赛，享受奔跑！,2025-11-01 21:30:00,长沙马拉松,
Push-2553,,Keep：今日跑步任务提醒,【Keep】今日有跑步计划，目标半程马拉松。记得做好动态拉伸，检查装备，合理分配体能。祝您跑出好成绩！,2025-11-02 05:15:00,Keep,
Push-2554,,高德地图：前往贺龙体育中心路线规划,【高德地图】为您规划前往贺龙体育中心的路线，当前路况良好，预计07:10到达。点击查看详情。,2025-11-02 05:25:00,高德地图,
Push-2555,44-10-1,悦跑圈：半程马拉松配速策略,【悦跑圈】您的半马配速策略已生成：前5公里控制配速5‘20，15公里处注意补给。点击查看详细分段目标。,2025-11-02 07:25:00,悦跑圈,44-j
Push-2556,44-10-2,大众点评：赛后营养餐推荐,【大众点评】根据您的运动记录，为您推荐赛后恢复餐：牛肉沙拉、全麦面包。附近评分4.8的独立咖啡馆有售。,2025-11-02 09:25:00,大众点评,44-j
Push-2557,,丁香医生：运动后淋浴注意事项,【丁香医生】长跑后建议温水淋浴，避免水温过高加重肌肉疲劳。及时补充水分和电解质。,2025-11-02 11:45:00,丁香医生,
Push-2558,,系统：存储空间不足提醒,【系统通知】您的手机存储空间已使用超过90%，建议及时清理照片、视频或卸载不常用应用。,2025-11-02 12:50:00,系统存储管理,
Push-2559,,潮汐：午间放松音乐推荐,【潮汐】为您精选午间放松歌单：轻音乐与自然白噪音，助您进行肌肉放松与浅度休息。,2025-11-02 13:05:00,潮汐,
Push-2560,96-2,什么值得买：您关注的羊绒大衣降价了,【什么值得买】您关注的XX品牌羊绒大衣（95%羊绒含量）直降300元，现价1899元。点击查看比价详情。,2025-11-02 15:55:00,什么值得买,96-b
Push-2561,96-2,京东：冬季徒步装备上新,【京东】GORE-TEX防水徒步靴新品上市，限时9折，搭配防风抓绒衣购买更优惠。,2025-11-02 16:05:00,京东,96-b
Push-2562,,大众点评：炊烟小炒黄牛肉餐厅提醒,【大众点评】您收藏的炊烟小炒黄牛肉(五一广场店)今晚用餐高峰预计排队30分钟，建议错峰或提前在线取号。,2025-11-02 17:35:00,大众点评,
Push-2563,,长沙地铁：五一广场站客流提醒,【长沙地铁】当前五一广场站为客流大站，进站预计等候5分钟。请预留充足时间，感谢您的配合。,2025-11-02 18:50:00,长沙地铁,
Push-2564,,国家地理：每日一图更新,【国家地理】今日精选：挪威峡湾的极光。点击欣赏震撼的自然风光摄影作品。,2025-11-02 21:45:00,国家地理,
Push-2565,,微信读书：您关注的《行为经济学》更新了书评,【微信读书】您正在阅读的《行为经济学》有3条新书评，来自金融领域读者，点击查看深度解读。,2025-11-02 22:20:00,微信读书,
Push-2566,,系统：存储空间不足提醒,【系统通知】您的手机存储空间已使用超过90%，建议及时清理照片、视频或应用缓存，以保证系统流畅运行。,2025-11-03 11:30:00,系统存储管理,
Push-2567,278-1,雪球：金融科技板块行情异动,【雪球】您关注的金融科技板块出现异动，多只龙头股涨幅超3%。市场分析认为与近期政策利好有关，点击查看详情。,2025-11-03 15:20:00,雪球,278-a
Push-2568,44-11,Keep：为您推荐跑后恢复训练,【Keep】检测到您近期有高强度运动，为您推荐跑后深度拉伸与泡沫轴放松课程，帮助缓解肌肉酸痛，加速恢复。,2025-11-03 18:40:00,Keep,44-k
Push-2569,44-11,微信读书：行为经济学新书推荐,【微信读书】根据您的阅读兴趣，为您推荐《助推：如何做出更优选择》等行为经济学相关书籍，睡前阅读正合适。,2025-11-03 23:35:00,微信读书,44-k
Push-2570,,系统：存储空间不足提醒,【系统通知】您的手机存储空间已使用超过90%，部分应用运行可能受影响，建议及时清理。,2025-11-04 07:15:00,系统存储管理,
Push-2571,,大众点评：湘菜馆推荐,【大众点评】根据您的口味，为您推荐公司附近评分4.8的湘菜馆【炊烟小炒黄牛肉】，人均约80元，步行5分钟可达。,2025-11-04 11:50:00,大众点评,
Push-2572,,Keep：运动恢复提醒,【Keep】半马赛后恢复期，为您推荐一组15分钟的肩颈放松与泡沫轴筋膜放松课程，帮助缓解肌肉酸痛。,2025-11-04 13:20:00,Keep,
Push-2573,,雪球：A股收盘快报,【雪球】今日A股三大指数收跌，创业板指跌1.2%。您关注的金融科技板块表现分化，建议关注明日央行公开市场操作。,2025-11-04 15:05:00,雪球,
Push-2574,,美团：外卖预订成功通知,【美团】您已成功预订晚餐外卖，订单号#MH202511041750，预计送达时间18:20，商家已接单。,2025-11-04 17:52:00,美团,
Push-2575,,网易云音乐：播客更新提醒,【网易云音乐】您订阅的播客《科技与伦理》已更新：人工智能在资产管理中的伦理边界探讨，适合通勤路上收听。,2025-11-04 19:25:00,网易云音乐,
Push-2576,,系统：电量低提醒,【系统通知】当前手机电量已低于20%，请及时连接充电器，避免自动关机。,2025-11-04 22:30:00,系统电池管理,
Push-2577,,系统：电量低提醒,【系统通知】当前手机电量已低于 20%，请及时充电，避免影响使用,2025-11-05 06:45:00,系统电池管理,
Push-2578,,系统：存储空间不足提醒,【系统通知】手机存储空间已不足 10%，建议清理照片、视频或卸载不常用应用,2025-11-05 12:15:00,系统存储管理,
Push-2579,,支付宝：咖啡支付成功提醒,【支付宝】您已成功支付圣爵菲斯咖啡厅订单#CS202511051305，金额 28.5 元，账单已同步至我的账单,2025-11-05 13:03:00,支付宝,
Push-2580,150-7-1,系统：应用更新完成通知,【系统通知】雪球、同花顺等 3 个应用已更新至最新版本，优化了行情推送速度和稳定性,2025-11-05 13:25:00,系统应用商店,150-g
Push-2581,278-3,雪球：科技板块异动提醒,【雪球】您关注的科技龙头股出现异动，最新研报显示AI算力需求超预期，点击查看详细分析,2025-11-05 13:35:00,雪球,278-c
Push-2582,153-11,Keep：瑜伽课程提醒,【Keep】您预约的今晚 19:30 哈他瑜伽课程即将开始，地点：王府井购物中心健身中心，请提前 10 分钟到场准备,2025-11-05 19:15:00,Keep,153-k
Push-2583,153-11,小红书：户外摄影技巧推荐,【小红书】根据您的兴趣，为您推荐秋日户外人像摄影的 5 个构图技巧和调色思路，助您拍出大片感,2025-11-05 20:05:00,小红书,153-k
Push-2584,128-12-2,剪映：视频剪辑模板上新,【剪映】适合自驾游 Vlog 的 10 款新转场模板和背景音乐已上线，一键应用让您的湘西之旅视频更出彩,2025-11-05 21:10:00,剪映,128-l
Push-2585,,系统：存储空间不足提醒,【系统通知】当前手机存储空间已使用超过90%，建议及时清理照片、视频等文件，释放空间以保证系统流畅运行。,2025-11-06 06:45:00,系统存储管理,
Push-2586,,系统：电量低提醒,【系统通知】当前手机电量已低于20%，请及时连接充电器，避免影响下午工作使用。,2025-11-06 13:15:00,系统电池管理,
Push-2587,,雪球：热门板块异动提醒,【雪球】您关注的云计算板块午后异动拉升，相关ETF涨幅超2%。近期政策利好频出，板块景气度有望持续。,2025-11-06 14:20:00,雪球,
Push-2588,278-4,同花顺：固收+产品上新提醒,【同花顺】根据您的偏好，为您筛选到一款新发高信用等级固收+产品【稳盈添利】，年化基准4.2%-5.0%，风险等级R2，适合稳健型投资者配置。,2025-11-06 15:50:00,同花顺,278-d
Push-2589,97-1,得物：您关注的商品降价提醒,【得物】您关注的Salomon X Ultra 4 GTX徒步靴（黑色/42码）价格降至¥1299，库存紧张，支持7天无理由退换。,2025-11-06 17:05:00,得物,97-a
Push-2590,,支付宝：便利店支付成功提醒,【支付宝】您已成功支付便利店订单#CS202511061730，金额 68.50 元，支付方式：花呗。账单已同步至我的账单。,2025-11-06 17:32:00,支付宝,
Push-2591,,系统：应用更新提醒,【系统通知】检测到华泰证券、企业微信等5个应用有可用更新，建议连接Wi-Fi后更新以获得更好体验。,2025-11-06 18:50:00,系统应用商店,
Push-2592,97-1,小红书：户外装备测评上新,【小红书】您关注的户外装备测评师【山野老哥】发布了最新视频：三款主流GTX徒步靴（Salomon/Merrell/Scarpa）横向评测，防水与透气性实测对比。,2025-11-06 21:40:00,小红书,97-a
Push-2593,,微信读书：您可能感兴趣的新书,【微信读书】根据您的阅读历史，为您推荐《投资最重要的事》精华解读版。霍华德·马克斯深度剖析市场周期与风险控制，助您完善投资框架。,2025-11-06 22:10:00,微信读书,
Push-2594,139-15-1,知乎：摄影技巧推荐,【知乎】你关注的摄影话题“电影感色调”有了新讨论，资深摄影师分享了青橙色调实战案例与Lightroom预设，快来围观学习吧！,2025-11-07 10:35:00,知乎,139-o
Push-2595,,系统：存储空间提醒,【系统通知】手机存储空间已使用超过90%，建议及时清理照片、视频等文件，释放空间以保证流畅运行。,2025-11-07 11:20:00,系统存储管理,
Push-2596,139-15-2,图虫：作品互动提醒,【图虫】你的教程“电影感青橙色调后期”发布后收到15条新评论和32个赞，快去看看摄友们的反馈吧！,2025-11-07 13:50:00,图虫,139-o
Push-2597,,支付宝：便利店支付成功,【支付宝】支付成功 28.50元。收款方：归心苑便利店。订单号：202511071725431234。点击查看账单详情。,2025-11-07 17:26:00,支付宝,
Push-2598,,微信读书：个性化推荐,【微信读书】根据你的阅读兴趣，为你推荐《周期》——霍华德·马克斯带你穿越投资市场波动，洞察周期规律。,2025-11-07 21:05:00,微信读书,
Push-2599,,Keep：睡前放松提醒,【Keep】睡前是筋膜放松的黄金时间，你收藏的“睡前全身筋膜球放松”跟练已为你准备好，助你缓解肌肉紧张，提升睡眠质量。,2025-11-07 21:20:00,Keep,
Push-2600,1-13,Keep：您的晨跑路线已规划,【Keep】根据您的偏好，已为您规划岳麓山8.5公里恢复跑路线。明早07:30，从东门出发，途经麓山南路、桃子湖，预计耗时约55分钟。,2025-11-08 07:35:00,Keep,1-s
Push-2601,,系统：存储空间不足提醒,【系统通知】当前手机存储空间已使用超过90%，建议及时清理照片、视频等文件，确保系统流畅运行。,2025-11-08 08:45:00,系统存储管理,
Push-2602,,支付宝：户外用品支付成功,【支付宝】您已成功支付王府井FAMILY PARK购物中心户外用品店订单，金额 899.00 元。支付方式：花呗。,2025-11-08 09:05:00,支付宝,
Push-2603,,京东：徒步装备推荐,【京东】根据您的浏览，为您推荐Gore-Tex防水冲锋衣、登山杖等徒步装备，部分商品享会员专属折扣。,2025-11-08 10:00:00,京东,
Push-2604,35-1-2,铁路12306：车票预定成功,【铁路12306】您已成功预定11月08日 G1102次 长沙南-武汉 列车，12:47开，15:07到，02车08F号，订单号 E20251108123456。,2025-11-08 10:35:00,铁路12306,35-a
Push-2605,35-1-2,铁路12306：列车发车前提醒,【铁路12306】您乘坐的G1102次列车将于今日12:47从长沙南站发车，请提前到达车站完成安检。检票口：A12。,2025-11-08 11:47:00,铁路12306,35-a
Push-2606,,支付宝：加油/便利店支付成功,【支付宝】您已成功支付长沙南站附近便利店订单，金额 28.50 元，购买商品：三明治、矿泉水。,2025-11-08 12:05:00,支付宝,
Push-2607,,雪球：医疗健康板块异动提醒,【雪球】您关注的医疗健康板块盘中拉升，多只龙头股涨幅超3%。脑卒中治疗相关概念股受关注。,2025-11-08 13:30:00,雪球,
Push-2608,,丁香医生：急性脑梗就医指南,【丁香医生】家人突发脑梗怎么办？查看ICU探视注意事项、术后护理要点及康复期饮食建议。,2025-11-08 16:20:00,丁香医生,
Push-2609,,美团外卖：您的晚餐订单,【美团外卖】您预订的柏曼酒店附近【粥铺】订单#WH202511081234 已由骑手李师傅（电话138****5678）取货，预计19:25送达。,2025-11-08 19:15:00,美团外卖,
Push-2610,,华泰证券涨乐财富通：明日市场前瞻,【涨乐财富通】明日A股关注医疗、保险板块。为您推送最新机构观点及持仓调整建议，点击查看详情。,2025-11-08 22:50:00,华泰证券涨乐财富通,
Push-2611,1-14-2,滴滴出行：行程结束提醒,【滴滴出行】您从老长沙粉面馆(银盆岭万达广场店)到长沙南站的行程已结束，支付金额28.5元，感谢使用。,2025-11-09 09:05:00,滴滴出行,1-t
Push-2612,,系统：存储空间不足提醒,【系统通知】您的手机存储空间已使用超过90%，建议及时清理，以保证系统流畅运行。,2025-11-09 09:15:00,系统存储管理,
Push-2613,1-14-3,Keep：运动计划更新提醒,【Keep】您分享的维持性低强度运动计划已收到跑友高云飞的点赞，快来看看吧。,2025-11-09 10:20:00,Keep,1-t
Push-2614,1-14-3,雪球：自选股行情提醒,【雪球】您关注的贵州茅台(SH600519)当前涨幅+1.5%，股价报1780.5元，成交量放大。,2025-11-09 11:30:00,雪球,1-t
Push-2615,35-2,滴滴出行：行程结束提醒,【滴滴出行】您从武汉站到华中科技大学同济医学院附属协和医院的行程已结束，支付金额42.8元，感谢使用。,2025-11-09 16:18:00,滴滴出行,35-b
Push-2616,,大众点评：个性化餐厅推荐,【大众点评】根据您的口味偏好，为您推荐协和医院附近的楚乡味家常菜馆，主打清淡湖北菜，人均约65元。,2025-11-09 18:05:00,大众点评,
Push-2617,,滴滴出行：行程结束提醒,【滴滴出行】您从协和医院到解放大道368号的行程已结束，支付金额18.2元，感谢使用。,2025-11-09 19:35:00,滴滴出行,
Push-2618,,系统：电量低提醒,【系统通知】当前手机电量已低于15%，请及时连接充电器。,2025-11-09 22:30:00,系统电池管理,
Push-2619,34-2-1,支付宝：住院费用支付成功提醒,【支付宝】您已成功支付华中科技大学同济医学院附属同济医院住院费用，金额 5000.00 元，支付时间 2025-11-10 08:15:00，账单已同步至我的账单,2025-11-10 08:16:00,支付宝,34-b
Push-2620,34-2-2,微信支付：便利店消费成功提醒,【微信支付】您已成功支付 Today 便利店消费，金额 86.50 元，商品：脸盆、毛巾等。付款时间 2025-11-10 11:05:00,2025-11-10 11:06:00,微信,34-b
Push-2621,,雪球：今日市场热点速递,【雪球】今日早盘医疗板块受政策利好影响表现活跃，关注创新药及医疗器械龙头。您关注的沪深300指数目前上涨0.8%。,2025-11-10 11:35:00,雪球,
Push-2622,36-2-3,同济医院：康复科会诊预约成功通知,【同济医院】您已成功预约神经内科康复会诊。时间：2025-11-11 09:30，地点：康复科门诊3楼308室，预约号：TH20251111093001。请提前15分钟到达。,2025-11-10 16:20:00,同济医院APP,36-b
Push-2623,,小红书：武汉街拍灵感推荐,【小红书】武汉Citywalk路线推荐！江岸区老建筑与雨景氛围感大片拍摄点位已更新，快来看看摄影达人们的取景秘籍吧。,2025-11-10 17:15:00,小红书,
Push-2624,,微信支付：医院餐厅消费成功提醒,【微信支付】您已成功支付同济医院职工餐厅消费，金额 38.00 元（两份晚餐）。付款时间 2025-11-10 18:05:00,2025-11-10 18:06:00,微信,
Push-2625,,得到：睡前财经知识精选,【得到】面对市场波动，如何构建稳健的长期投资组合？今晚8点，特邀嘉宾分享资产配置的底层逻辑与实战案例。,2025-11-10 20:30:00,得到,
Push-2626,,系统：存储空间不足提醒,【系统通知】当前手机存储空间已使用超过90%，部分应用运行可能受影响。建议及时清理照片、视频等文件释放空间。,2025-11-10 22:10:00,系统存储管理,
Push-2627,,支付宝：早餐支付成功提醒,【支付宝】您已成功支付华中科技大学同济医学院丁香园食堂早餐订单#DH202511110701，金额 18.5 元，账单已同步至我的账单,2025-11-11 07:02:00,支付宝,
Push-2628,115-1-2,雪球：今日市场早报,【雪球】早盘速递：A股三大指数集体高开，科技板块领涨。您关注的沪深300ETF（510300）上涨0.8%。点击查看详情>>,2025-11-11 10:15:00,雪球,115-a
Push-2629,115-1-2,美团外卖：午餐订单已送达,【美团外卖】您的订单#MT202511111205 已送达至华中科技大学同济医学院附属同济医院神经内科病房，金额 56 元。期待您的评价！,2025-11-11 12:08:00,美团外卖,115-a
Push-2630,35-4-3,企业微信：工作消息提醒,【企业微信】您有来自钱总（钱永强）的1条新消息，请及时查看。,2025-11-11 13:05:00,企业微信,35-d
Push-2631,115-1-2,瑞幸咖啡：订单完成通知,【瑞幸咖啡】您的美式咖啡（大杯）订单#RL202511111715 已完成，取餐码 2378，请前往瑞幸咖啡(汉口K11店)取餐。,2025-11-11 17:18:00,瑞幸咖啡,115-a
Push-2632,115-1-2,知乎：金融投资话题推荐,【知乎】为您推荐：后疫情时代，家庭资产配置如何优化？多位资深顾问分享了他们的观点，点击查看>>,2025-11-11 17:35:00,知乎,115-a
Push-2633,,支付宝：晚餐支付成功提醒,【支付宝】您已成功支付华中科技大学同济医学院丁香园食堂晚餐订单#DH202511111835，金额 42 元，账单已同步至我的账单,2025-11-11 18:38:00,支付宝,
Push-2634,,系统：存储空间不足提醒,【系统通知】您的手机存储空间已使用超过90%，建议及时清理照片、视频或卸载不常用应用以释放空间。,2025-11-11 20:15:00,系统存储管理,
Push-2635,115-1-1,Keep：今日运动记录,【Keep】今日运动报告已生成：您今日晨间快走约30分钟，消耗约180千卡。坚持就是胜利，明天继续加油！,2025-11-11 22:45:00,Keep,115-a
Push-2636,279-4,支付宝：住院费用支付成功提醒,【支付宝】您已成功支付华中科技大学同济医学院附属同济医院住院费用，金额 8，500.00 元，账单已同步至我的账单。,2025-11-12 08:18:00,支付宝,279-d
Push-2637,279-4,雪球：科技股行情提醒,【雪球】您关注的科技板块早盘波动较大，相关ETF（如科创50）现价 0.950 元，涨跌幅 -1.5%，建议关注。,2025-11-12 09:15:00,雪球,279-d
Push-2638,153-11,美团外卖：订单确认提醒,【美团外卖】您的订单#WH202511121140 已确认，商家【老长沙湘菜馆】已接单，预计 12:20 送达。,2025-11-12 11:42:00,美团外卖,153-k
Push-2639,153-11,小红书：肩颈放松教程推荐,【小红书】根据您的浏览记录，为您推荐办公室肩颈拉伸跟练教程，每天5分钟，告别酸痛。,2025-11-12 12:30:00,小红书,153-k
Push-2640,,天鹅到家：护工面试预定成功,【天鹅到家】您已成功预定护工面试服务，面试时间：2025-11-13 10:00，面试方式：视频面试，面试码：TG202511121530。,2025-11-12 15:32:00,天鹅到家,
Push-2641,,系统：存储空间不足提醒,【系统通知】您的手机存储空间已使用超过 90%，建议及时清理照片、视频和应用缓存。,2025-11-12 16:20:00,系统存储管理,
Push-2642,34-4,微信支付：晚餐支付成功提醒,【微信支付】支付成功 186 元。收款方：楚湘阁（航空路店）。时间：2025-11-12 18:05。,2025-11-12 18:06:00,微信,34-d
Push-2643,,Keep：晨跑打卡提醒,【Keep】您已连续晨跑打卡7天，今日目标5公里尚未完成。岳麓山今日天气晴，气温15-22℃，适宜跑步,2025-11-13 06:30:00,Keep,
Push-2644,,网易云音乐：每日推荐,【网易云音乐】根据您的收听习惯，今日为您推荐歌单《晨跑能量唤醒》，包含Lauv、Charlie Puth等歌手作品，点击立即播放,2025-11-13 06:45:00,网易云音乐,
Push-2645,,微信：好友生日提醒,【微信】今天是您的好友彭雨晴的生日，点击发送生日祝福,2025-11-13 08:00:00,微信,
Push-2646,,支付宝：基金定投扣款成功,【支付宝】您设置的华泰柏瑞沪深300ETF联接A（代码：460300）每月定投500元已扣款成功，资金将从余额宝扣除,2025-11-13 09:05:00,支付宝,
Push-2647,,系统：存储空间不足提醒,【系统通知】您的手机存储空间已不足10%，部分应用可能无法正常运行，建议及时清理,2025-11-13 09:15:00,系统存储管理,
Push-2648,2-7-1,华泰证券：客户服务通知,【华泰证券】尊敬的冯先生，您服务的客户黄思琪女士的季度投资报告已生成，请及时登录涨乐财富通查阅并准备沟通,2025-11-13 10:00:00,华泰证券,2-k
Push-2649,2-7-1,雪球：自选股异动提醒,【雪球】您关注的贵州茅台（600519）盘中涨幅超过3%，最新价985.6元，成交额放大，建议关注,2025-11-13 10:30:00,雪球,2-k
Push-2650,,招商银行：信用卡还款提醒,【招商银行】您尾号8899的信用卡本期账单应还12，358.50元，最低还款额1，235.85元，还款日11月15日，请及时还款,2025-11-13 14:00:00,招商银行,
Push-2651,,美团：用餐前提醒,【美团】您预定的【湘聚楼（芙蓉中路店）】今晚19:00用餐，预定码A7B9C2，建议提前10分钟到店。餐厅电话：0731-88886666,2025-11-13 18:15:00,美团,
Push-2652,,美团：餐厅预定成功通知,【美团】您已成功预定【湘聚楼（芙蓉中路店）】11月13日19:00，4人位，预定码A7B9C2，请准时到店,2025-11-13 18:30:00,美团,
Push-2653,,滴滴出行：行程结束通知,【滴滴出行】您从华泰证券（芙蓉中路88号）到湘聚楼（芙蓉中路店）的行程已结束，费用28.5元，已通过支付宝免密支付。感谢使用，期待再次为您服务,2025-11-13 18:55:00,滴滴出行,
Push-2654,,Keep：今日训练完成提醒,【Keep】恭喜你完成今日核心训练！本次训练时长25分钟，消耗约180千卡。坚持就是胜利，明天继续加油！,2025-11-14 07:05:00,Keep,
Push-2655,279-6,支付宝：医疗缴费成功通知,【支付宝】您已成功支付华中科技大学同济医学院附属同济医院CT增强扫描费用，金额1280元。电子票据已保存至卡包。,2025-11-14 09:58:00,支付宝,279-f
Push-2656,2-8,钉钉：紧急审批已处理,【钉钉】您提交的客户调仓申请（编号：TK20251114001）和部门费用单据（编号：FY20251114015）已由冯浩然完成审批，请知悉。,2025-11-14 10:45:00,钉钉,2-l
Push-2657,36-4,备忘录：医生沟通要点已保存,【备忘录】您于2025-11-14 12:25创建的笔记“与王主任沟通要点”已成功保存至iCloud。,2025-11-14 12:26:00,iOS备忘录,36-d
Push-2658,,系统：存储空间不足提醒,【系统通知】您的iPhone存储空间即将用尽（剩余不足10%）。建议您管理照片、信息和App以释放空间。,2025-11-14 13:15:00,系统存储管理,
Push-2659,2-8,雪球：您关注的板块有异动,【雪球】您关注的金融科技板块午后拉升，相关ETF涨幅超2%。市场关注数字人民币试点扩大消息。,2025-11-14 14:20:00,雪球,2-l
Push-2660,,高德地图：明日返程路线规划完成,【高德地图】您规划的从武汉江岸区到长沙岳麓区的路线已保存。全程约350公里，预计驾车时间4小时10分（含休息）。,2025-11-14 16:05:00,高德地图,
Push-2661,,12306：车票购买提醒,【铁路12306】温馨提醒：您关注的G1035次列车（汉口-长沙南）明日有余票。如需为家人购买，请及时下单。,2025-11-14 16:50:00,铁路12306,
Push-2662,,美团：外卖订单支付成功,【美团】您的外卖订单#WH202511141758已支付成功，金额286元。商家【老村长湖北菜】已接单，正在准备中。,2025-11-14 17:18:00,美团,
Push-2663,34-6,滴答清单：家庭事务交接提醒,【滴答清单】您设置的“与父母交接医疗事项”提醒将于今晚19:30开始。请确保云盘资料、用药清单已准备就绪。,2025-11-14 19:00:00,滴答清单,34-f
Push-2664,,日历：妹妹到站提醒,【日历】事件“接妹妹冯欣然”即将开始。地点：汉口站。时间：今晚19:40。,2025-11-14 19:10:00,iOS日历,
Push-2665,,微信：朋友发来消息,【微信】彭雨晴：浩然，周末回长沙了吧？周六下午老地方喝咖啡？顺便聊聊你爸的情况。,2025-11-14 22:05:00,微信,
Push-2666,,微信读书：您订阅的专栏已更新,【微信读书】您订阅的《家庭资产配置实战》专栏已更新：第五章“应急资金池与高端医疗险搭配策略”。,2025-11-14 22:35:00,微信读书,
Push-2667,,支付宝：午餐支付成功提醒,【支付宝】您已成功支付胖胖湘菜馆订单#WH202511151130，金额 186 元，账单已同步至我的账单,2025-11-15 12:05:00,支付宝,
Push-2668,,雪球：午间行情速递,【雪球】午间快讯：A股三大指数震荡整理，大金融板块表现活跃。您关注的华泰证券(601688)现价18.76元，涨1.35%。点击查看深度分析>>,2025-11-15 12:30:00,雪球,
Push-2669,,中石化：加油支付成功通知,【中石化加油】您在中国石化头道街加油站（枪号03）的加油订单#CSH202511151335已支付成功，金额 320 元，加油量 40.0L。,2025-11-15 13:38:00,中石化加油,
Push-2670,,武商超市：订单支付成功,【武商超市】您的订单#WS202511151520已支付成功，金额 278.5 元，包含周黑鸭锁鲜装、孝感麻糖、牛奶等商品。,2025-11-15 15:23:00,武商超市,
Push-2671,34-7,Keep：家庭健康计划推荐,【Keep】为您推荐家庭健康管理计划：包含父母适用的低强度有氧课程、健康饮食指南及家庭运动打卡挑战。健康是最高回报的投资，点击开启>>,2025-11-15 16:45:00,Keep,34-g
Push-2672,,美团外卖：晚餐订单已接单,【美团外卖】您在三镇民生甜食馆的订单#MT202511151835商家已接单，预计18:50前送达。包含豆皮、糊米酒等。,2025-11-15 18:37:00,美团外卖,
Push-2673,,系统：存储空间不足提醒,【系统通知】当前手机存储空间已使用超过90%，部分功能可能受限。建议及时清理照片、视频或应用缓存。,2025-11-15 22:15:00,系统存储管理,
Push-2674,121-9,米家：智能设备任务执行完成,【米家】您设置的冬季浇灌模式已执行完成。设备：客厅绿植系统，执行时间：06:45。,2025-11-16 06:46:00,米家,121-i
Push-2675,36-5-1,支付宝：医疗费用支付成功,【支付宝】您已成功向华中科技大学同济医学院附属同济医院支付治疗费用，金额 1280.50 元。账单已同步至我的账单。,2025-11-16 12:05:00,支付宝,36-e
Push-2676,36-5-1,雪球：今日市场热点速递,【雪球】今日医疗板块受政策利好影响表现活跃，关注创新药及医疗器械龙头。您关注的恒瑞医药上涨2.3%。,2025-11-16 12:30:00,雪球,36-e
Push-2677,280-1-1,系统：存储空间不足提醒,【系统通知】您的手机存储空间已不足10%，建议清理照片、视频或卸载不常用应用以释放空间。,2025-11-16 15:20:00,系统存储管理,280-a
Push-2678,,高德地图：实时路况与路线推荐,【高德地图】当前解放大道往江岸区方向路况畅通，预计17:26到达目的地。为您推荐避开晚高峰的最佳路线。,2025-11-16 17:01:00,高德地图,
Push-2679,,携程旅行：返程列车提醒,【携程旅行】您预订的11月17日 G1032 次列车（武汉→长沙）将于08:30发车，请提前1小时到达武汉站。订单号：TC202511161234。,2025-11-16 20:45:00,携程旅行,
Push-2680,,Keep：今日晨练打卡提醒,【Keep】您已连续坚持晨练15天！今日推荐高强度核心激活与动态拉伸课程，缓解肩背僵硬，为高强度工作预热身体。点击查看今日训练计划。,2025-11-17 06:50:00,Keep,
Push-2681,,雪球：隔夜全球市场简报,【雪球】隔夜全球市场简报已生成。重点关注：新能源板块异动、债券市场波动及资金流向逻辑。点击查看详细分析。,2025-11-17 07:35:00,雪球,
Push-2682,115-2,大众点评：康复机构推荐,【大众点评】根据您的搜索，为您推荐武汉本地专业康复机构：同济医院社区康复站、江岸区老年康复中心。查看用户评价、费用及医保细则对比。,2025-11-17 10:20:00,大众点评,115-b
Push-2683,,滴滴出行：网约车行程确认,【滴滴出行】您的快车行程已确认。司机张师傅（车牌鄂A****8）正在前往解放大道368号，预计12:45到达。点击查看实时位置。,2025-11-17 12:42:00,滴滴出行,
Push-2684,36-6,腾讯会议：家庭会议即将开始,【腾讯会议】您预约的会议“家庭核心决策”将于13:30开始。点击链接快速入会，会议号：885 223 776，入会密码：1122。,2025-11-17 13:00:00,腾讯会议,36-f
Push-2685,280-2,58同城：护工需求匹配通知,【58同城】您发布的护工需求（持有高级证书）已有3位候选人匹配。查看候选人资料：李阿姨（5年经验）、王师傅（康复护理专长）。,2025-11-17 15:15:00,58同城,280-b
Push-2686,,高德地图：返程路况提醒,【高德地图】当前从同济医院至解放大道368号路段严重拥堵，预计通行时间45分钟。为您推荐备选路线，可节省约10分钟。,2025-11-17 17:45:00,高德地图,
Push-2687,,下厨房：晚餐食谱推荐,【下厨房】根据您的烹饪喜好，为您推荐快手湘菜食谱：小炒黄牛肉、手撕包菜。附详细步骤和所需食材清单。,2025-11-17 18:30:00,下厨房,
Push-2688,281-1-1,京东：健康监测设备降价提醒,【京东】您关注的欧姆龙电子血压计U30、鱼跃血糖仪GT-1960正在促销，满减后到手价分别为299元、158元。支持远程查看，操作简易。,2025-11-17 19:35:00,京东,281-a
Push-2689,,系统：存储空间不足,【系统通知】当前手机存储空间已使用超过90%，建议清理缓存或卸载不常用应用，以确保系统流畅运行。,2025-11-17 20:50:00,系统存储管理,
Push-2690,,支付宝：支付成功提醒,【支付宝】您已成功向袁记红油热干面支付 45.00 元，账单已同步至我的账单,2025-11-18 08:02:00,支付宝,
Push-2691,279-8,微信支付：支付成功提醒,【微信支付】您已成功支付华中科技大学同济医学院附属同济医院住院费用 12856.37 元，点击查看账单详情,2025-11-18 09:18:00,微信,279-h
Push-2692,81-1,雪球：内容更新提醒,【雪球】您关注的个人养老金投资策略专题已更新，包含养老目标基金费率对比与配置建议,2025-11-18 11:45:00,雪球,81-a
Push-2693,115-3,铁路12306：预定成功提醒,【铁路12306】您已成功预定 11月19日 G1035 次列车（武汉-长沙南），座位：08车12F号，订单号：E2025111809453271,2025-11-18 12:05:00,铁路12306,115-c
Push-2694,,亚朵酒店：预定成功提醒,【亚朵酒店】您已成功预定 11月18日-11月19日 武汉汉口江滩解放大道亚朵酒店，房型：江景大床房，预定码：AD202511181632，欢迎入住,2025-11-18 16:32:00,亚朵酒店,
Push-2695,,支付宝：支付成功提醒,【支付宝】您已成功支付信用卡账单 3560.50 元，还款已到账,2025-11-18 21:05:00,支付宝,
Push-2696,,系统：存储空间不足提醒,【系统通知】当前手机存储空间已使用超过90%，建议清理照片、视频或卸载不常用应用,2025-11-18 22:45:00,系统存储管理,
Push-2697,150-7-1,雪球：今日市场动态与投资机会,【雪球】早盘观察：隔夜美股三大指数收涨，中概股表现活跃。医疗健康板块受政策利好提振，建议关注相关ETF及龙头公司。点击查看详细分析>>,2025-11-19 07:45:00,雪球,150-g
Push-2698,2-11,邮件发送成功,"邮件已发送至钱永强
关于市场策略的思考",2025-11-19 10:30:00,邮件,2-o
Push-2699,,支付宝：外卖支付成功提醒,【支付宝】您已成功支付美团外卖订单#WH20251119001，金额 128.50 元，账单已同步至我的账单,2025-11-19 10:33:00,支付宝,
Push-2700,,美团外卖：订单配送提醒,【美团外卖】您的老通城豆皮大王订单#WH20251119001 已由骑手张师傅取货，正在快马加鞭配送中，预计10:55前送达解放大道368号。,2025-11-19 10:40:00,美团外卖,
Push-2701,281-2-1,微信支付：线下消费成功通知,"【微信支付】您于飞利浦伟康睡眠呼吸体验中心消费 2,880.00 元已支付成功。支付方式：零钱。",2025-11-19 14:05:00,微信,281-b
Push-2702,,系统：存储空间不足提醒,【系统通知】手机存储空间已不足10%，部分应用运行可能受影响。建议及时清理照片、视频或卸载不常用应用。,2025-11-19 16:20:00,系统存储管理,
Push-2703,279-9-1,铁路12306：购票成功通知,【铁路12306】订单E2025111917001购票成功！G1109次，武汉站19:40开，长沙南站21:39到，02车08D号，二等座。,2025-11-19 17:03:00,铁路12306,279-i
Push-2704,,铁路12306：列车即将检票提醒,【铁路12306】您乘坐的G1109次列车（武汉站19:40开）即将开始检票，请前往A12检票口。,2025-11-19 19:25:00,铁路12306,
Push-2705,,Keep：您的跑步周报已生成,【Keep】上周您累计跑步15公里，平均配速5‘30“，坚持就是胜利！点击查看详细数据，制定下周晨跑计划。,2025-11-19 22:45:00,Keep,
Push-2706,,系统：闹钟设置提醒,【系统通知】您设置的明日06:30闹钟已开启。晚安，祝好眠。,2025-11-19 23:35:00,系统时钟,
Push-2707,121-10,淘宝：植物补光灯推荐,【淘宝】根据您的浏览记录，为您推荐这款全光谱植物补光灯，适合阳台花卉，下单享限时折扣！,2025-11-20 08:20:00,淘宝,121-j
Push-2708,,雪球：A股早盘行情速递,【雪球】A股三大指数早盘震荡，新能源板块领涨，为您推送最新市场动态与机构观点。,2025-11-20 09:40:00,雪球,
Push-2709,,招商银行：消费支付成功提醒,"【招商银行】您尾号5678的储蓄卡于12:05在归心苑便利店消费28.50元，当前余额为125,678.90元。",2025-11-20 12:06:00,招商银行,
Push-2710,154-14,订单已发货,您购买的瑜伽垫已由XX物流承运，预计明日送达。,2025-11-20 14:30:00,淘宝,154-n
Push-2711,,微信支付：消费支付成功提醒,【微信支付】您已在罗比零食专卖店使用零钱通支付成功，金额76.80元。点击查看账单详情。,2025-11-20 17:10:00,微信,
Push-2712,53-1,中国邮政邮票博物馆开放信息,中国邮政邮票博物馆：周六开放时间 9:00-17:00，地址：XX路XX号,2025-11-20 18:30:00,地图,53-a
Push-2713,63-1-1,湖南省天文台：预约成功通知,【湖南省天文台】您已成功预约2025年11月21日19:45的公众开放日活动，预约码为CS202511211945，请凭此码准时参加。,2025-11-21 07:15:00,湖南省天文台,63-a
Push-2714,,雪球：早盘市场动态,【雪球】早盘观察：沪深两市小幅低开，金融板块表现稳健。您关注的华泰证券现价18.65元，微涨0.5%。点击查看深度分析。,2025-11-21 08:35:00,雪球,
Push-2715,115-4,待办事项提醒,提醒：今天需要整理机构信息并确定初步考察目标。,2025-11-21 09:00:00,待办事项,115-d
Push-2716,81-3-1,支付宝：健康保险咨询提醒,【支付宝】您咨询的商业健康保险产品（好医保·长期医疗）保障详情已更新，包含200万保额与住院垫付服务，点击查看完整条款。,2025-11-21 10:30:00,支付宝,81-c
Push-2717,,华泰证券：客户持仓报告生成,【华泰证券】您为客户生成的持仓分析报告初稿已完成，可登录涨乐财富通APP【我的工作台-报告中心】查看与编辑。,2025-11-21 11:45:00,华泰证券,
Push-2718,,大众点评：湘菜馆推荐,【大众点评】根据您的口味，为您推荐传媒路附近的【老长沙味道】，招牌菜剁椒鱼头评分4.8，人均约65元。,2025-11-21 12:05:00,大众点评,
Push-2719,,雪球：收盘行情速递,【雪球】今日收盘：上证指数收于3250.21点，跌0.3%。您自选中的科技ETF（515000）上涨1.2%。市场复盘观点已发布。,2025-11-21 15:05:00,雪球,
Push-2720,63-1-3,高德地图：实时路况提醒,【高德地图】前往岳麓山湖南省天文台（登高路58号）路线：当前西二环北向南车流较大，预计行驶时间32分钟，建议19:10前出发。,2025-11-21 17:50:00,高德地图,63-a
Push-2721,81-3-2,微信：视频通话结束提醒,【微信】您与父亲冯建国的视频通话已结束，时长28分钟。通话中提及的健康数据已保存至文件传输助手。,2025-11-21 19:05:00,微信,81-c
Push-2722,63-1-5,小红书：天文摄影技巧,【小红书】夜间观星怎么拍？达人分享单反拍土星参数：ISO 800，快门1/30，使用三脚架。更多天文摄影攻略等你发现。,2025-11-21 19:20:00,小红书,63-a
Push-2723,,系统：存储空间不足,【系统通知】您的手机存储空间已使用超过90%，建议清理相册、应用缓存或大文件以释放空间。,2025-11-21 20:15:00,系统存储管理,
Push-2724,63-1-6,网易云音乐：驾驶模式推荐,【网易云音乐】驾驶模式已为您切换至【深夜治愈歌单】，包含《Starry Starry Night》等放松曲目，伴您安心归途。,2025-11-21 21:35:00,网易云音乐,63-a
Push-2725,281-3,小米运动：健康数据同步,【小米运动】您关联的智能血压仪数据已同步：父亲冯建国今日血压 128/85 mmHg，血糖 5.6 mmol/L，数据稳定，已生成周报。,2025-11-21 22:30:00,小米运动,281-c
Push-2726,81-4,系统：存储空间不足提醒,【系统通知】您的手机存储空间已使用超过90%，部分应用运行可能受影响，建议及时清理。,2025-11-22 09:15:00,系统存储管理,81-d
Push-2727,109-2,小红书：您收藏的笔记有更新,【小红书】您收藏的笔记【长沙流浪天使救助中心】发布了新内容：橘猫【小橘子】已找到领养家庭，感谢关注！,2025-11-22 13:10:00,小红书,109-b
Push-2728,,高德地图：为您推荐湘江风光带停车点,【高德地图】根据您的习惯，为您推荐湘江风光带附近停车场：滨江新城地下停车场，当前车位充足，步行至江边约5分钟。,2025-11-22 13:30:00,高德地图,
Push-2729,40-1,雪球：您关注的保险板块有异动,【雪球】您关注的保险板块今日上涨2.3%，中国平安领涨。最新研报《商业健康险发展新趋势》已发布，点击查看。,2025-11-22 15:20:00,雪球,40-a
Push-2730,,美团：湘菜馆推荐,【美团】根据您的口味，为您推荐湘菜馆【老街鱼嘴巴】新品【秘制鱼头王】，凭此推送到店可享9折优惠，优惠码：XY20251122。,2025-11-22 17:45:00,美团,
Push-2731,,Keep：您的跑步周报已生成,【Keep】本周您累计跑步15公里，平均配速5‘30“，消耗约1200大卡。继续保持，下周目标已为您设定为18公里。,2025-11-22 20:45:00,Keep,
Push-2732,,小红书：摄影博主更新提醒,【小红书】你关注的摄影博主【街头光影】发布了新作品《秋日岳麓》，快来欣赏他捕捉的麓山秋色吧！,2025-11-23 11:15:00,小红书,
Push-2733,,雪球：A股午盘快讯,【雪球】午盘速递：金融板块异动拉升，保险股午后走强。你关注的【中国平安】涨2.3%，最新价68.5元。,2025-11-23 12:00:00,雪球,
Push-2734,,支付宝：午餐支付成功提醒,【支付宝】你已成功支付湘菜馆订单，金额78元。支付方式：花呗。账单已同步至我的账单。,2025-11-23 12:35:00,支付宝,
Push-2735,,大众点评：湘菜馆推荐,【大众点评】猜你喜欢：附近新开【老长沙口味虾】，地道口味，评分4.8。点击查看优惠套餐。,2025-11-23 12:40:00,大众点评,
Push-2736,109-3-1,高德地图：行程时间提醒,【高德地图】您设置的【前往小尾巴动物救助站】行程即将开始，当前路况良好，预计17:25到达。,2025-11-23 16:45:00,高德地图,109-c
Push-2737,,支付宝：晚餐支付成功提醒,【支付宝】你已成功支付味千拉面订单，金额52元。支付方式：余额宝。,2025-11-23 19:05:00,支付宝,
Push-2738,,京东：宠物用品推荐,【京东】根据你的浏览，为你推荐【渴望六种鱼猫粮 5.4kg】，plus会员价699元，评价4.9星。,2025-11-23 19:15:00,京东,
Push-2739,,微信支付：便利店支付成功,【微信支付】支付成功 28.5元。收款方：归心苑便利店。时间：20:15。,2025-11-23 20:16:00,微信,
Push-2740,,系统：存储空间不足提醒,【系统通知】手机存储空间已不足10%，建议清理照片、视频或卸载不常用应用以释放空间。,2025-11-23 22:10:00,系统存储管理,
Push-2741,,得到：睡前知识推荐,【得到】睡前听本书：《行为经济学与投资决策》，用30分钟了解非理性如何影响市场。点击免费试听。,2025-11-23 23:25:00,得到,
Push-2742,,雪球：今日A股市场早盘观察,【雪球】早盘三大指数震荡整理，新能源板块受政策利好提振。您关注的宁德时代、隆基绿能等标的开盘表现活跃，点击查看深度分析。,2025-11-24 09:45:00,雪球,
Push-2743,,腾讯会议：会议预定成功通知,【腾讯会议】您已成功预定线上会议。会议主题：医疗保险条款确认，会议号：785 632 441，时间：2025-11-24 13:10-13:30。请准时加入。,2025-11-24 12:55:00,腾讯会议,
Push-2744,,京东到家：便利店商品推荐,【京东到家】根据您的购物习惯，为您推荐归心苑小区便利店热销：新鲜沙拉菜组合9.9元、即食鸡胸肉12.8元、特仑苏纯牛奶。新人专享满30减5元。,2025-11-24 18:20:00,京东到家,
Push-2745,129-7,剪映：音效素材上新提醒,【剪映】您的音效库已更新！新增【自然环绕】系列，包含高清风声、流水声、篝火声等环境音效，助力您的《湘黔行纪》短片创作更出彩。,2025-11-24 19:45:00,剪映,129-g
Push-2746,,系统：存储空间不足提醒,【系统通知】手机存储空间已不足10%，主要占用为照片、视频和应用数据。建议及时清理，确保设备流畅运行。,2025-11-24 21:15:00,系统存储管理,
Push-2747,,飞猪旅行：明日天气与出行提醒,【飞猪旅行】长沙明日（11月25日）天气：多云转晴，8-15°C，空气质量良。适宜户外活动。您关注的保险签约事宜，建议携带相关证件。,2025-11-24 22:45:00,飞猪旅行,
Push-2748,,系统：电量低提醒,【系统通知】当前手机电量已低于 20%，请及时充电，避免影响使用,2025-11-25 07:15:00,系统电池管理,
Push-2749,154-15,系统：存储空间不足提醒,【系统通知】您的手机存储空间已不足 10%，建议清理缓存或卸载不常用应用,2025-11-25 12:45:00,系统存储管理,154-o
Push-2750,,雪球：您关注的股票有异动,【雪球】您关注的贵州茅台（600519）午后涨幅扩大至 2.5%，最新价 1850.00 元，成交额 45.2 亿。点击查看详情,2025-11-25 13:45:00,雪球,
Push-2751,81-5,招商银行：养老金账户开户成功,【招商银行】恭喜您！个人养老金资金账户（尾号 8899）已成功开立，并完成首笔 12000 元资金缴存。您选择的养老目标日期基金（2045）已开始为您进行投资管理。,2025-11-25 15:02:00,招商银行,81-e
Push-2752,81-5,支付宝：基金定投扣款成功,【支付宝】您设置的易方达沪深300ETF联接A（代码：110020）每月定投 1000 元已扣款成功，当前持仓市值 15200.00 元。,2025-11-25 15:05:00,支付宝,81-e
Push-2753,110-3,小红书：您关注的健身博主更新了,【小红书】您关注的运动康复师【李教练】发布了新笔记：办公室人群颈椎自救指南（含5个跟练动作）。,2025-11-25 16:30:00,小红书,110-c
Push-2754,110-3,大众点评：发现优质运动康复机构,【大众点评】根据您的浏览记录，为您推荐【长沙脊动力运动康复中心】，4.8分，专注办公室人群颈肩腰问题，距您 3.2km。,2025-11-25 17:05:00,大众点评,110-c
Push-2755,116-1,健康长沙：体检报告已生成,【健康长沙】您于2025-11-20在湘雅医院健康管理中心的年度体检报告已生成。发现异常提示：颈椎生理曲度变直。建议您及时查看详情并咨询专科医生。,2025-11-25 17:25:00,健康长沙,116-a
Push-2756,154-15,支付宝：聚餐AA收款成功,【支付宝】您发起的聚餐AA收款（订单号：20251125184235678）已成功，共收到 3 笔款项合计 450 元，已存入您的余额。,2025-11-25 20:05:00,支付宝,154-o
Push-2757,154-15,美团：湘菜馆收藏店铺上新,【美团】您收藏的【老长沙龙虾馆】上新了招牌口味虾套餐，原价 298 元，现团购价 238 元，限量 50 份。,2025-11-25 20:15:00,美团,154-o
Push-2758,129-8-1,哔哩哔哩：您的视频审核通过,【哔哩哔哩】您投稿的视频【湘西秘境·自驾露营vlog】已通过审核并成功发布，快去看看吧！,2025-11-25 21:05:00,哔哩哔哩,129-h
Push-2759,,微信读书：您订阅的专栏已更新,【微信读书】您订阅的专栏《霍华德·马克斯投资备忘录》已更新最新一期：在周期中定位。,2025-11-25 22:25:00,微信读书,
Push-2760,,雪球：今日市场早报,【雪球】隔夜美股三大指数涨跌不一，中概股表现活跃。A股今日关注新能源车产业链及消费电子板块。您的自选股【宁德时代】、【立讯精密】有最新研报更新。,2025-11-26 08:45:00,雪球,
Push-2761,,微信支付：咖啡支付成功提醒,【微信支付】您已成功支付圣爵菲斯咖啡厅订单，金额28元。支付时间：13:15。可在支付凭证中查看详情。,2025-11-26 13:16:00,微信,
Push-2762,,东方财富：年度策略报告专题,【东方财富】2026年度投资策略专题上线！内含宏观展望、行业配置建议及风险提示，为您撰写报告提供参考。点击查看详情。,2025-11-26 15:35:00,东方财富,
Push-2763,,支付宝：便利店支付成功提醒,【支付宝】您已成功支付归心苑便利店订单#CD202511261735，金额56.8元。账单已同步至我的账单。,2025-11-26 17:36:00,支付宝,
Push-2764,,盒马：健康食材推荐,【盒马】您常购的鸡胸肉、西兰花正在特惠中！另有新鲜蓝莓、牛油果搭配，助力您的健康晚餐。点击立即选购。,2025-11-26 17:40:00,盒马,
Push-2765,129-9-1,小红书：摄影后期技巧,【小红书】您关注的摄影博主【光影捕手】发布了新笔记：Final Cut Pro转场与色温微调全攻略，快来看看吧！,2025-11-26 19:05:00,小红书,129-i
Push-2766,,系统：存储空间不足提醒,【系统通知】您的手机存储空间已不足10%，建议清理照片、视频或卸载不常用应用以释放空间。,2025-11-26 21:50:00,系统存储管理,
Push-2767,,支付宝：午餐支付成功提醒,【支付宝】您已成功支付老湘食湘菜馆订单#202511271201，金额 168 元，账单已同步至我的账单,2025-11-27 12:03:00,支付宝,
Push-2768,,美团：咖啡订单待取餐,【美团】您的圣爵菲斯咖啡厅订单#SF202511271215 已制作完成，取餐码为 358，请及时到店取餐,2025-11-27 12:18:00,美团,
Push-2769,,系统：存储空间不足提醒,【系统通知】当前手机存储空间已低于 10%，建议及时清理照片、视频或应用缓存,2025-11-27 17:50:00,系统存储管理,
Push-2770,,系统：电量低提醒,【系统通知】当前手机电量已低于 20%，请及时充电，避免影响使用,2025-11-27 19:15:00,系统电池管理,
Push-2771,116-2,高德地图：目的地导航提醒,【高德地图】您已成功设置目的地【长沙优动运动康复中心】，距离约8公里，预计驾车时间25分钟。,2025-11-28 07:50:00,高德地图,116-b
Push-2772,,雪球：早盘行情速递,【雪球】早盘观察：A股三大指数小幅高开，新能源板块领涨。您关注的【宁德时代】涨1.2%，【贵州茅台】微跌0.3%。,2025-11-28 08:45:00,雪球,
Push-2773,,雪球：年度策略专题更新,【雪球】年度策略专题【2026年资产配置展望】已更新，特邀首席经济学家解读宏观政策与板块轮动机会。,2025-11-28 11:30:00,雪球,
Push-2774,,支付宝：餐饮支付成功提醒,【支付宝】您已成功支付金鹰路轻食派沙拉店订单#LS202511281205，金额68元，账单已同步至我的账单。,2025-11-28 12:02:00,支付宝,
Push-2775,,微信支付：咖啡支付成功提醒,【微信支付】支付成功。您向圣爵菲斯咖啡厅支付25元，获得积分2点。,2025-11-28 12:48:00,微信,
Push-2776,,系统：存储空间不足提醒,【系统通知】手机存储空间已使用超过90%，建议及时清理照片、视频或卸载不常用应用以释放空间。,2025-11-28 16:20:00,系统存储管理,
Push-2777,,美团外卖：订单确认通知,【美团外卖】您的订单#MT202511281935（西湖建新安置小区湘菜馆-小炒黄牛肉）已确认，预计20:40送达，骑手接单后将通知您。,2025-11-28 19:32:00,美团外卖,
Push-2778,81-6,支付宝：保险支付成功提醒,【支付宝】您已成功支付【平安健康】医疗险及重疾险首期保费，合计金额3280元。电子保单已生成。,2025-11-28 21:03:00,支付宝,81-f
Push-2779,81-6,平安健康：保单生效通知,【平安健康】尊敬的冯先生，您投保的【父母医疗意外综合保障计划】及【个人消费型重疾险】已生效，保单号PH202511282105。,2025-11-28 21:15:00,平安健康,81-f
Push-2780,114-14,剪映：模板上新提醒,【剪映】新上架【城市VLOG】系列模板，内含跑者视角转场与日出延时特效，助力您的创作构思。,2025-11-28 22:05:00,剪映,114-n
Push-2781,,雪球：今日市场热点速递,【雪球】早盘观察：科技板块受政策利好提振，半导体、人工智能概念股表现活跃。您关注的几只标的开盘均有小幅上涨，建议关注盘中资金流向。,2025-11-29 09:05:00,雪球,
Push-2782,,得到：新课程上线提醒,【得到】您订阅的《行为经济学实战课》已更新第8讲：如何利用禀赋效应提升投资决策质量。课程时长25分钟，可在通勤路上收听。,2025-11-29 12:35:00,得到,
Push-2783,114-15,美团：餐厅预定成功通知,【美团】您已成功预定麓筵餐厅（湘江中路二段店）包厢，预定码：LY2025112917，用餐时间：17:45，请准时到店。,2025-11-29 17:02:00,美团,114-o
Push-2784,,系统：存储空间不足提醒,【系统通知】您的手机存储空间已不足10%，部分应用运行可能受影响。建议及时清理照片、视频或卸载不常用应用。,2025-11-29 19:30:00,系统存储管理,
Push-2785,106-2-2,知乎：您关注的话题有更新,【知乎】您关注的‘高端私立体检机构如何选择？’问题下新增了3条高质量回答，来自医疗行业从业者，提供了详细的对比分析。,2025-11-29 21:00:00,知乎,106-b
Push-2786,,Keep：今日晨跑数据已生成,【Keep】您今日的晨跑已完成，用时45分钟，距离5.2公里，平均配速8分39秒。点击查看详细数据报告。,2025-11-30 08:20:00,Keep,
Push-2787,,支付宝：午餐支付成功提醒,【支付宝】您已成功支付湘菜馆订单#202511301201，金额68元。账单已同步至我的账单。,2025-11-30 12:05:00,支付宝,
Push-2788,,大众点评：湘菜馆用餐评价邀请,【大众点评】您今天在西湖建新安置小区湘菜馆的用餐体验如何？分享评价，为其他食客提供参考吧。,2025-11-30 13:20:00,大众点评,
Push-2789,40-4-1,中国平安：保单支付成功通知,【中国平安】您为父亲投保的健康险保单#PA20251130001首期保费已支付成功，金额3800元。电子保单已发送至您的邮箱。,2025-11-30 14:58:00,中国平安,40-d
Push-2790,154-16,支付宝：瑜伽课程续费成功,【支付宝】您已成功续费梵音瑜伽季度课程包，金额899元。课程有效期至2026-02-28。,2025-11-30 15:02:00,支付宝,154-p
Push-2791,57-1,京东到家：超市采购订单送达提醒,【京东到家】您在好又多生活超市的订单#JD202511301700已打包完成，骑手李师傅正在配送，预计17:30前送达。,2025-11-30 17:15:00,京东到家,57-a
Push-2792,57-1,携程旅行：澳门酒店预定成功通知,【携程旅行】您预定的澳门威尼斯人酒店豪华大床房已确认，订单号CTRIP202511301740，入住日期12-03至12-05，预定码VCE123456。,2025-11-30 17:45:00,携程旅行,57-a
Push-2793,57-1,小红书：澳门旅行攻略推荐,【小红书】发现澳门小众打卡地和地道美食攻略，收藏量过万，助你规划完美行程。,2025-11-30 18:10:00,小红书,57-a
Push-2794,,系统：存储空间不足提醒,【系统通知】您的手机存储空间已不足10%，建议清理照片、视频或卸载不常用应用以释放空间。,2025-11-30 21:30:00,系统存储管理,
Push-2795,288-1,雪球：热门板块异动提醒,【雪球】您关注的【新能源】板块盘中拉升，宁德时代涨超3%，相关ETF同步走强。点击查看机构最新解读。,2025-12-01 11:15:00,雪球,288-a
Push-2796,,支付宝：午餐支付成功提醒,【支付宝】您已成功支付老长沙口味湘菜馆订单#LS202512011201，金额 128 元，账单已同步至我的账单。,2025-12-01 12:03:00,支付宝,
Push-2797,288-1,同花顺：自选股收盘提醒,【同花顺】今日收盘，您的自选股【贵州茅台】报收 1688.00 元，上涨 1.5%。点击查看详细盘后数据与机构观点。,2025-12-01 15:05:00,同花顺,288-a
Push-2798,288-1,支付宝：咖啡支付成功提醒,【支付宝】您已成功支付圣爵菲斯咖啡厅订单#SJF202512011520，金额 28 元，账单已同步至我的账单。,2025-12-01 15:22:00,支付宝,288-a
Push-2799,,微信读书：新书章节更新提醒,【微信读书】您正在阅读的《周期》已更新至第15章，作者霍华德·马克斯深入探讨了信贷周期。点击继续阅读。,2025-12-01 21:10:00,微信读书,
Push-2800,,系统：存储空间不足提醒,【系统通知】手机存储空间已不足 10%，可能影响应用运行和照片保存，建议及时清理。,2025-12-01 22:30:00,系统存储管理,
Push-2801,,Keep：今日训练计划提醒,【Keep】您今日的核心强化与拉伸训练计划已准备就绪，包含平板支撑、鸟狗式等动作，预计耗时25分钟，点击开始今日健康打卡。,2025-12-02 06:45:00,Keep,
Push-2802,,高德地图：通勤路况提醒,【高德地图】为您规划从岳麓区机关金星住宅小区至开福区芙蓉中路88号的最佳路线，当前岳麓大道、银盆岭大桥车多缓行，小雨天气，预计09:10到达，耗时约55分钟。,2025-12-02 08:05:00,高德地图,
Push-2803,,雪球：科技板块早盘异动提醒,【雪球】您关注的科技板块早盘出现异动，多只成分股上涨超3%，可能与最新行业政策传闻有关，建议关注相关ETF及龙头股表现。,2025-12-02 09:50:00,雪球,
Push-2804,53-5-1,钉钉：待办事项提醒,【钉钉】您有1项高优先级待办：发送会议纪要给客户黄思琪并确认，请及时处理。,2025-12-02 11:35:00,钉钉,53-e
Push-2805,,大众点评：餐厅到号提醒,【大众点评】您预约的老湘食(晚报店)小桌已到号（A25号），请及时前往就餐，过号将顺延3桌。,2025-12-02 12:02:00,大众点评,
Push-2806,,悦动圈：午间活动提醒,【悦动圈】检测到您已静坐超过2小时，建议进行5-10分钟颈肩拉伸，已为您推荐“办公室肩颈放松”跟练课程。,2025-12-02 12:55:00,悦动圈,
Push-2807,,同花顺：收盘快报,【同花顺】今日A股收盘，沪指涨0.58%，深成指涨1.02%，创业板指涨1.45%。您自选股中的科技与消费板块表现强势，多只个股涨幅超5%。,2025-12-02 15:05:00,同花顺,
Push-2808,,星巴克：会员专属优惠,【星巴克】亲爱的金星级会员，今日15:30后凭此条推送到店购买任意大杯手工饮品，可享第二杯半价优惠，券码：SB20251202CA。,2025-12-02 15:25:00,星巴克,
Push-2809,,系统：存储空间不足提醒,【系统通知】您的手机存储空间已不足10%，部分应用运行可能受影响，建议及时清理照片、视频或卸载不常用应用。,2025-12-02 16:20:00,系统存储管理,
Push-2810,,微信支付：支付成功通知,【微信支付】您已成功向一丹咖啡厅支付258元，购买埃塞俄比亚古吉日晒咖啡豆250g*2包，支付方式：零钱。,2025-12-02 17:45:00,微信,
Push-2811,116-3,跃动康复中心：预约成功提醒,【跃动康复中心】您已成功预约今日18:20的运动康复评估与治疗，治疗师：王老师。请提前10分钟到达中心前台签到，预约号：YD2025120201。,2025-12-02 17:50:00,跃动康复中心,116-c
Push-2812,116-3,支付宝：医疗健康支付成功,【支付宝】您已成功支付跃动运动康复中心康复课程费用，金额880元，订单号：2025120218203542。健康是最大的财富！,2025-12-02 20:28:00,支付宝,116-c
Push-2813,,下厨房：鸡胸肉健康食谱推荐,【下厨房】为您推荐“香煎鸡胸肉配西兰花”，低脂高蛋白，适合运动后补充，点击查看详细步骤与营养分析。,2025-12-02 20:58:00,下厨房,
Push-2814,,小米运动：今日运动数据已生成,【小米运动】您今日的晨间康复拉伸已完成，运动时长15分钟，消耗约65千卡。继续保持，为健康加油！,2025-12-03 07:05:00,小米运动,
Push-2815,150-7-1,雪球：财经早报速览,【雪球】早盘必读：隔夜美股三大指数收涨，A股今日关注新能源与消费板块。您标记的宏观政策分析已更新，点击查看详情。,2025-12-03 07:20:00,雪球,150-g
Push-2816,,高德地图：上班路况提醒,【高德地图】您常走的西二环、芙蓉中路当前车多缓行，预计通行时间较平时增加15分钟。建议您提前规划出行。,2025-12-03 07:55:00,高德地图,
Push-2817,,企业微信：会议即将开始提醒,【企业微信】团队晨会（钱总、郑文博）将于09:00在会议室开始，请准时参加。点击可查看会议纪要草稿。,2025-12-03 08:55:00,企业微信,
Push-2818,,Keep：个性化健身推荐,【Keep】根据您的划船机训练记录，为您推荐一组10分钟办公室肩颈放松课程，适合午间碎片时间练习，缓解伏案疲劳。,2025-12-03 12:45:00,Keep,
Push-2819,150-7-1,雪球：您关注的板块异动提醒,【雪球】快讯：新能源板块午后拉升，宁德时代涨超3%。您关注的报告相关标的出现资金流入迹象，点击查看实时行情。,2025-12-03 14:20:00,雪球,150-g
Push-2820,,特斯拉：车辆状态更新,【Tesla】您的Model 3已完成本次行程记录。行驶里程18公里，平均能耗142Wh/km。点击查看详情或预约服务。,2025-12-03 18:30:00,Tesla,
Push-2821,,小米健康：家人健康数据更新,【小米健康】您关注的家人（武汉）今日血压、体脂数据已同步。父亲血压126/82mmHg，趋势平稳。点击查看详细报告。,2025-12-03 19:05:00,小米健康,
Push-2822,,京东：您浏览的商品降价提醒,【京东】您关注的华为智能手表 WATCH GT 4 尊享款限时直降200元，现价1499元。支持血氧、心率监测，适合长辈使用。,2025-12-03 19:25:00,京东,
Push-2823,,Adobe Lightroom：云存储空间提醒,【Adobe Lightroom】您的创意云照片库已同步完成，今日新增3张照片（后湖暮秋）。当前存储空间使用85%，建议管理您的图库。,2025-12-03 20:15:00,Adobe Lightroom,
Push-2824,,微信读书：您阅读的书籍更新提醒,【微信读书】您正在阅读的《周期》（霍华德·马克斯）有2条新的好友批注，可能与您标记的“风险态度周期”章节相关。,2025-12-03 20:45:00,微信读书,
Push-2825,,500px：为您推荐摄影灵感,【500px】根据您的喜好，为您推荐“城市光影”主题作品集，内含多位摄影师的城市晨跑系列作品，或许能激发您的创作灵感。,2025-12-03 21:30:00,500px,
Push-2826,,系统：存储空间不足提醒,【系统通知】手机存储空间已不足10%，部分应用运行可能受影响。建议及时清理照片、视频或卸载不常用应用。,2025-12-03 22:10:00,系统存储管理,
Push-2827,40-5,雪球：早盘要闻与自选股提醒,【雪球】早盘速递：隔夜美股科技股普涨，A股开盘在即，您关注的沪深300ETF、贵州茅台等标的或有波动。点击查看深度解读。,2025-12-04 07:50:00,雪球,40-e
Push-2828,,Keep：您的运动记录已生成,【Keep】恭喜您完成今日晨间运动！您在岳麓山快走40分钟，消耗约320大卡。点击查看详细数据与健康建议。,2025-12-04 08:45:00,Keep,
Push-2829,40-5,大众点评：湘菜馆收藏提醒,【大众点评】您收藏的金鹰路湘菜馆有新的用户评价和菜品图片更新，午餐时段人气旺，建议提前规划。,2025-12-04 11:05:00,大众点评,40-e
Push-2830,,美团外卖：订单支付成功,【美团外卖】您已成功支付晚餐订单#CS202512041728，金额68元，商家【湘味小厨】已接单，预计19:40前送达。,2025-12-04 17:32:00,美团外卖,
Push-2831,,支付宝：外卖账单同步通知,【支付宝】您通过美团外卖消费68元，账单已同步至“我的账单”，支付方式为花呗。,2025-12-04 17:33:00,支付宝,
Push-2832,,系统：存储空间不足提醒,【系统通知】手机存储空间已使用超过90%，部分应用运行可能受影响。建议及时清理照片、视频或卸载不常用应用。,2025-12-04 22:15:00,系统存储管理,
Push-2833,,支付宝：个性化健康餐推荐,【支付宝】根据您的健康饮食偏好，为您推荐附近低脂高蛋白餐厅，点击查看详情。,2025-12-05 11:45:00,支付宝,
Push-2834,,美团：餐厅预定成功通知,【美团】您已成功预定羽衣甘蓝轻食坊，预定码 789012，用餐时间 12:00，请准时到店。,2025-12-05 11:58:00,美团,
Push-2835,288-4,雪球：地产行业投资策略更新,【雪球】您关注的房地产行业板块策略更新，为您下午客户面谈提供最新市场观点参考。,2025-12-05 13:40:00,雪球,288-d
Push-2836,288-4,大众点评：咖啡厅预定成功提醒,【大众点评】您已成功预定圣爵菲斯咖啡厅，预定码 345678，预定时间 14:50，请准时到店。,2025-12-05 14:48:00,大众点评,288-d
Push-2837,,大众点评：运动康复预约成功,【大众点评】您已成功预约 TYPES运动康复空间，预约码 456789，预约时间 18:30，请准时到店。,2025-12-05 17:33:00,大众点评,
Push-2838,,京东到家：健康食材优惠推送,【京东到家】您常买的鸡胸肉、巴沙鱼、西兰花等健康食材正在促销，满99减30，点击立即选购。,2025-12-05 19:25:00,京东到家,
Push-2839,,系统：存储空间不足提醒,【系统通知】当前手机存储空间已低于 10%，建议清理照片、视频等文件以释放空间。,2025-12-05 20:05:00,系统存储管理,
Push-2840,,微信：公众号内容更新提醒,【微信】您关注的公众号【投资笔记】发布了新文章《年度市场复盘与展望》，点击查看。,2025-12-05 21:15:00,微信,
Push-2841,,雪球：今日市场快讯,【雪球】午盘速递：沪深两市震荡整理，券商板块午后异动。您关注的华泰证券(601688)当前报18.75元，微涨0.8%。点击查看深度分析,2025-12-06 13:05:00,雪球,
Push-2842,,京东到家：生鲜食材推荐,【京东到家】您常买的牛奶、鸡蛋有优惠！蒙牛特仑苏纯牛奶250ml*16盒券后仅需59.9元，正大鲜鸡蛋30枚券后29.9元，点击查看,2025-12-06 14:35:00,京东到家,
Push-2843,,支付宝：超市支付成功提醒,【支付宝】您已成功向步步高超市(金星路店)付款 128.50 元，账单已同步至我的账单,2025-12-06 14:48:00,支付宝,
Push-2844,,系统：存储空间不足提醒,【系统通知】您的手机存储空间已使用超过90%，建议及时清理照片、视频等文件，确保系统流畅运行,2025-12-06 22:15:00,系统存储管理,
Push-2845,,雪球：早盘市场快讯,【雪球】早盘观察：隔夜美股三大指数小幅收涨，今日A股关注新能源及大消费板块。您关注的沪深300ETF（510300）现价3.85元，微涨0.5%。,2025-12-07 07:15:00,雪球,
Push-2846,,京东到家：超市采购优惠提醒,【京东到家】步步高超市（金星路店）今日满99减20，您常买的鸡胸肉、西兰花、酸奶均有折扣，点击查看清单。,2025-12-07 08:30:00,京东到家,
Push-2847,,支付宝：日料午餐支付成功,【支付宝】您已成功支付鱼米家日式料理订单#20251207001，金额68元。支付方式：花呗。,2025-12-07 09:33:00,支付宝,
Push-2848,,下厨房：健康食谱推荐,【下厨房】您购买的鸡胸肉和西兰花，可以试试香煎鸡胸肉配蒜蓉西兰花食谱，低脂高蛋白，点击查看详细做法。,2025-12-07 10:25:00,下厨房,
Push-2849,106-4,平安好车主：健康险投保成功,【平安好车主】您为冯建国先生投保的平安e生保长期医疗险（计划C）已承保成功！保单号 PA20251207123456，电子保单已发送至您的邮箱。,2025-12-07 12:02:00,平安好车主,106-d
Push-2850,141-3,Lightroom：照片同步完成,【Lightroom】您昨日在湖南大学拍摄的35张照片已完成云端同步与智能整理，点击查看优化建议。,2025-12-07 13:35:00,Lightroom,141-c
Push-2851,,支付宝：咖啡厅消费提醒,【支付宝】您在一丹咖啡厅消费38元（耶加雪菲手冲），使用余额宝支付。,2025-12-07 15:33:00,支付宝,
Push-2852,,东方财富：晚间财经速递,【东方财富】晚间要闻：央行发布最新金融数据，美股期指小幅走高。您关注的贵州茅台现价1685元，日内涨幅1.2%。,2025-12-07 18:25:00,东方财富,
Push-2853,106-4,京东健康：健康设备降价提醒,【京东健康】您浏览过的鱼跃血压计YX306 限时直降50元！现价249元，支持30天试用，适合送给父母。,2025-12-07 19:55:00,京东健康,106-d
Push-2854,37-3-1,雪球：CFA成绩出炉，恭喜持证！,【雪球】恭喜您通过CFA三级考试！成为持证人后，可关注ESG投资、另类资产等前沿领域，雪球社区已为您推荐相关专题和资深分析师。,2025-12-08 08:35:00,雪球,37-c
Push-2855,,东方财富：早盘市场速览,【东方财富】早盘沪深两市小幅高开，金融板块表现活跃。您关注的华泰证券现价18.75元，上涨1.35%。点击查看最新研报。,2025-12-08 11:30:00,东方财富,
Push-2856,157-5,美团：餐厅预定成功通知,【美团】您已成功预定湘聚楼（金鹰路店）12:20的4人桌，预定码#789012。请按时到店，祝您用餐愉快！,2025-12-08 12:02:00,美团,157-e
Push-2857,,支付宝：便利店支付成功提醒,【支付宝】您已成功支付便利蜂（广电中心店）订单#334455，金额18.5元，购买商品：冰美式咖啡。账单已同步至我的账单。,2025-12-08 13:25:00,支付宝,
Push-2858,,高德地图：晚高峰出行提醒,【高德地图】当前岳麓区至天心区坡子街路段拥堵，预计通行时间35分钟。建议您18:40前出发，已为您规划最优路线。,2025-12-08 18:25:00,高德地图,
Push-2859,,支付宝：晚餐支付成功提醒,【支付宝】您已成功支付焱魔胡同烧肉居酒屋（坡子街店）订单#556677，金额486元。账单已同步至我的账单。,2025-12-08 22:03:00,支付宝,
Push-2860,,滴滴出行：行程结束通知,【滴滴出行】您的快车行程（坡子街→岳麓区机关金星住宅小区）已结束，费用28.6元。感谢使用滴滴，期待再次为您服务。,2025-12-08 22:35:00,滴滴出行,
Push-2861,,系统：存储空间不足提醒,【系统通知】您的手机存储空间已不足10%，部分应用运行可能受影响。建议及时清理照片、视频或卸载不常用应用。,2025-12-08 22:40:00,系统存储管理,
Push-2862,,系统：电量低提醒,【系统通知】当前手机电量已低于 20%，请及时连接充电器，避免影响使用,2025-12-09 07:50:00,系统电池管理,
Push-2863,99-4,雪球：热门话题推荐,【雪球】年末货币政策展望引热议，多位分析师解读对A股影响，点击查看详情,2025-12-09 10:25:00,雪球,99-d
Push-2864,,支付宝：午餐支付成功提醒,【支付宝】您已成功支付库迪咖啡订单#CD202512091145，金额 68.5 元，账单已同步至我的账单,2025-12-09 11:47:00,支付宝,
Push-2865,,国家地理：每日一图推荐,【国家地理】今日精选：冬日阿尔卑斯山星空，摄影师用镜头捕捉极致静谧，点击欣赏,2025-12-09 16:45:00,国家地理,
Push-2866,116-4-3,Keep：肩颈舒缓课程提醒,【Keep】您的肩颈舒缓放松课程即将开始，请提前准备瑜伽垫，课程时长15分钟,2025-12-09 18:05:00,Keep,116-d
Push-2867,,支付宝：晚餐支付成功提醒,【支付宝】您已成功支付味千拉面订单#WQ202512092001，金额 52 元，账单已同步至我的账单,2025-12-09 20:02:00,支付宝,
Push-2868,,大众点评：日式拉面榜单更新,【大众点评】长沙日式拉面人气榜更新！您收藏的味千拉面（运达汇店）排名上升，查看最新评价,2025-12-09 20:35:00,大众点评,
Push-2869,,携程旅行：滑雪场早鸟票推荐,【携程旅行】湖南湖北周边滑雪场早鸟票开售！张家界冰雪世界、神农架国际滑雪场限时优惠，立即查看,2025-12-09 21:15:00,携程旅行,
Push-2870,39-1-1,支付宝：湘雅二医院挂号成功通知,【支付宝】您已成功预约中南大学湘雅二医院骨科门诊，就诊时间 2025-12-10 08:30，请提前30分钟到院签到。,2025-12-10 07:10:00,支付宝,39-a
Push-2871,,系统：电量低提醒,【系统通知】当前手机电量已低于 20%，请及时充电，避免影响使用,2025-12-10 07:35:00,系统电池管理,
Push-2872,,美团：羽衣甘蓝轻食坊预定成功,【美团】您已成功预定羽衣甘蓝轻食坊（金鹰路店）12:15的2人位，预定码 789012，请准时到店。,2025-12-10 11:45:00,美团,
Push-2873,156-1-2,雪球：A股市场异动提醒,【雪球】您关注的沪深300指数盘中拉升，涨幅超1.5%，金融板块领涨。点击查看实时行情与解读。,2025-12-10 14:20:00,雪球,156-a
Push-2874,,系统：存储空间不足提醒,【系统通知】手机存储空间已不足10%，建议清理照片、视频或卸载不常用应用以释放空间。,2025-12-10 17:15:00,系统存储管理,
Push-2875,,支付宝：咖啡馆消费支付成功,【支付宝】您已在屿时咖啡馆消费 38.00 元，支付成功。账单已同步至我的账单。,2025-12-10 17:43:00,支付宝,
Push-2876,,下厨房：营养汤面食谱推荐,【下厨房】根据您的浏览记录，为您推荐【10分钟快手营养汤面】食谱，简单易做，暖心暖胃。,2025-12-10 19:25:00,下厨房,
Push-2877,,小红书：滑雪场攻略更新,【小红书】您关注的滑雪话题有更新！浏阳赤马湖滑雪场2025-2026雪季最新开放信息及游玩攻略已发布，快来看看吧。,2025-12-10 21:15:00,小红书,
Push-2878,156-1-2,微信读书：财经杂志更新提醒,【微信读书】您订阅的《财经》杂志2025年12月刊已更新，本期深度解读货币政策走向。,2025-12-10 21:55:00,微信读书,156-a
Push-2879,,雪球：早盘行情速递,【雪球】A股三大指数小幅高开，新能源板块领涨。您关注的宁德时代涨1.5%，比亚迪涨0.8%。点击查看详情。,2025-12-11 07:05:00,雪球,
Push-2880,,高德地图：通勤路况提醒,【高德地图】从双塘路99号到芙蓉中路88号，当前路况畅通，预计全程50分钟。地铁2号线运行正常。,2025-12-11 08:52:00,高德地图,
Push-2881,,小红书：摄影灵感推荐,【小红书】浏阳河风光带最新打卡机位分享！光影与建筑的完美结合，快来看看摄影大神们怎么拍。,2025-12-11 12:50:00,小红书,
Push-2882,,Wind金融终端：行业研报更新,【Wind金融终端】您关注的《2025年四季度新能源产业链投资策略》报告已更新，新增储能板块深度分析。,2025-12-11 14:30:00,Wind金融终端,
Push-2883,,系统：存储空间不足,【系统通知】您的手机存储空间已使用超过90%，部分应用运行可能变慢。建议及时清理照片、视频等文件。,2025-12-11 17:35:00,系统存储管理,
Push-2884,289-3,Keep：康复训练提醒,【Keep】您的今日康复训练计划已准备就绪：弹力带抗阻练习（3组*15次）、单腿平衡练习（2分钟）。坚持就是胜利！,2025-12-11 18:15:00,Keep,289-c
Push-2885,,支付宝：晚餐支付成功,【支付宝】您已成功支付同心园湘菜厨房订单#CD202512111920，金额68元。账单已同步至我的账单。,2025-12-11 19:23:00,支付宝,
Push-2886,,系统：电量低提醒,【系统通知】当前手机电量已低于20%，请及时连接充电器，避免自动关机。,2025-12-11 20:05:00,系统电池管理,
Push-2887,,CFA协会：ESG投资文章更新,【CFA协会】您订阅的ESG投资专题已更新：整合ESG因素进行股票估值的实用框架。登录官网阅读全文。,2025-12-11 21:45:00,CFA协会App,
Push-2888,,微信读书：投资书籍推荐,【微信读书】根据您的阅读历史，为您推荐《周期》作者的新作《投资最重要的事（实践篇）》，会员免费读。,2025-12-11 22:15:00,微信读书,
Push-2889,288-8,支付宝：便利店支付成功提醒,【支付宝】您已成功支付新佳宜便利店订单#C202512120812，金额 18.5 元，账单已同步至我的账单,2025-12-12 08:12:00,支付宝,288-h
Push-2890,288-8,雪球：今日市场早报,【雪球】早盘观察：隔夜美股三大指数收涨，中概股表现活跃。今日关注国内CPI数据发布及央行公开市场操作。您关注的沪深300ETF（510300）当前涨幅+0.3%。,2025-12-12 09:15:00,雪球,288-h
Push-2891,288-8,同花顺：行业快讯推送,【同花顺】快讯：金融科技板块早盘走强，多家券商发布年度策略报告，看好明年结构性机会。点击查看最新研报摘要。,2025-12-12 11:30:00,同花顺,288-h
Push-2892,57-2,铁路12306：购票成功通知,【铁路12306】您已成功购买12月13日 G1002次 长沙南-武汉 08:30开 的车票，订单号 E202512121205，座位号 06车12F号。请携带购票证件准时乘车。,2025-12-12 12:05:00,铁路12306,57-b
Push-2893,,大众点评：聚餐餐厅推荐,【大众点评】根据您的口味，为您推荐五一广场附近高分湘菜馆：炊烟小炒黄牛肉（人均85元）、费大厨辣椒炒肉（人均80元）。查看详情或在线订座。,2025-12-12 15:35:00,大众点评,
Push-2894,55-1-1,美团：餐厅预定成功通知,【美团】您已成功预定武汉巴厘龙虾（万松园店）12月13日晚餐，预定码 857321，人数2位。请于约定时间到店出示此码。,2025-12-12 19:42:00,美团,55-a
Push-2895,,Keep：个性化课程提醒,【Keep】您关注的肩颈放松与脊柱灵活课程已更新。根据您的训练记录，今日推荐完成一组15分钟的康复性拉伸，巩固治疗效果。,2025-12-12 20:25:00,Keep,
Push-2896,,得到：每日听书推荐,【得到】睡前听本书：《原则》作者瑞·达利欧最新访谈精华已上线，探讨经济周期与投资原则。点击收听，助您复盘今日思考。,2025-12-12 22:05:00,得到,
Push-2897,,Keep：晨跑打卡提醒,【Keep】今天天气晴，气温 8-15℃，空气质量良。是时候开始您的晨跑计划了，别忘了打卡记录哦！,2025-12-13 06:30:00,Keep,
Push-2898,,网易云音乐：每日推荐更新,【网易云音乐】根据您的听歌习惯，今日推荐歌单《工作学习专注钢琴曲》已更新，点击收听。,2025-12-13 07:00:00,网易云音乐,
Push-2899,,高德地图：通勤路况提醒,【高德地图】您常走的芙蓉中路→岳麓山南路通勤路线当前畅通，预计用时 42 分钟。,2025-12-13 08:00:00,高德地图,
Push-2900,,华泰证券：市场早报推送,【华泰证券】早报：隔夜美股收涨，A股今日或高开。重点关注科技与消费板块。点击查看完整报告。,2025-12-13 08:45:00,华泰证券,
Push-2901,,支付宝：信用卡还款提醒,【支付宝】您的招商银行信用卡（尾号5678）本期账单 3250.00 元，最后还款日为 2025-12-15，请及时还款。,2025-12-13 09:30:00,支付宝,
Push-2902,,雪球：沪深300指数异动提醒,【雪球】您关注的沪深300指数盘中快速拉升，涨幅超1.5%，当前点位 3850.25 点。点击查看详情。,2025-12-13 10:15:00,雪球,
Push-2903,,微信：订阅号文章更新,【微信】您关注的公众号【财经早餐】发布了新文章《2026年资产配置前瞻：科技与消费双主线》。,2025-12-13 11:20:00,微信,
Push-2904,,支付宝：外卖支付成功提醒,【支付宝】您已成功支付美团外卖订单#A20251213001，金额 68 元，账单已同步至我的账单,2025-12-13 12:03:00,支付宝,
Push-2905,,美团外卖：订单备餐提醒,【美团外卖】您的订单#A20251213001 正在备餐中，预计 12:45 送达，骑手已接单（姓名：李师傅，电话：139****5678）,2025-12-13 12:10:00,美团外卖,
Push-2906,,BOSS直聘：新职位推荐,【BOSS直聘】根据您的简历，为您推荐【高级投资分析师】职位，薪资范围 25-40K，点击查看详情。,2025-12-13 13:30:00,BOSS直聘,
Push-2907,,京东：商品降价提醒,【京东】您关注的【索尼微单相机镜头】价格已降至 4899 元，比关注时降了 300 元，库存紧张。,2025-12-13 14:05:00,京东,
Push-2908,,系统：存储空间不足提醒,【系统通知】手机存储空间已使用超过 90%，建议清理照片、视频或卸载不常用应用以释放空间。,2025-12-13 16:20:00,系统存储管理,
Push-2909,,雪球：早盘市场观察,【雪球】A股三大指数开盘涨跌不一，金融板块表现活跃。您关注的华泰证券（601688）现价28.65元，微涨0.7%。点击查看深度分析。,2025-12-14 09:02:00,雪球,
Push-2910,,高德地图：行程结束提醒,【高德地图】您从江城明珠豪生大酒店到黎黄陂路路口的行程已结束，全程约5.2公里，用时25分钟。感谢使用高德打车。,2025-12-14 09:25:00,高德地图,
Push-2911,141-4,500px：发现武汉建筑摄影佳作,【500px】探索武汉历史建筑摄影灵感！摄影师【江城光影】的汉口老建筑系列获社区推荐，点击欣赏阴天氛围下的光影构图。,2025-12-14 10:15:00,500px,141-d
Push-2912,,系统：存储空间不足提醒,【系统通知】您的手机存储空间已使用超过90%，部分功能可能受限。建议及时清理照片、视频或卸载不常用应用。,2025-12-14 12:05:00,系统存储管理,
Push-2913,,滴滴出行：行程结束提醒,【滴滴出行】您从黎黄陂路到解放大道368号的行程已结束，车费28.5元已支付。订单号DD2025121412001234，感谢您的使用。,2025-12-14 12:28:00,滴滴出行,
Push-2914,55-3,铁路12306：行程提醒,【铁路12306】您购买的G1109次列车（武汉16:50开，长沙南20:35到）将于今天发车。请提前到达武汉站候车，检票口为A12。订单号E20251214123456。,2025-12-14 15:30:00,铁路12306,55-c
Push-2915,55-3,微信读书：您关注的书籍更新,【微信读书】您正在阅读的《原则》更新了书友热门划线笔记，关于“极度求真”的讨论获得356条新回复，点击查看。,2025-12-14 18:05:00,微信读书,55-c
Push-2916,55-3,滴滴出行：行程结束提醒,【滴滴出行】您从长沙南站到双塘路99号的行程已结束，车费35.8元已支付。订单号DD2025121420355678，感谢您的使用。,2025-12-14 21:08:00,滴滴出行,55-c
Push-2917,,Keep：明日晨跑天气提醒,【Keep】明日（12月15日）长沙岳麓区天气晴，气温5-12℃，空气质量良，适宜晨跑。您已连续跑步3天，继续加油！,2025-12-14 21:25:00,Keep,
Push-2918,,系统：电量低提醒,【系统通知】当前手机电量已低于20%，请及时连接充电器，预计剩余使用时间约1小时。,2025-12-14 21:35:00,系统电池管理,
Push-2919,55-3,Lightroom：新照片导入完成,【Adobe Lightroom】今日从相机导入的48张照片已完成备份。智能标签建议为“建筑”、“街景”。点击开始编辑您的汉口摄影作品。,2025-12-14 21:45:00,Adobe Lightroom,55-c
Push-2920,55-3,系统：iCloud照片备份提醒,【系统通知】今日新拍摄的48张照片已通过Wi-Fi自动备份至iCloud。您当前的iCloud存储空间使用率为78%。,2025-12-14 22:05:00,系统iCloud,55-c
Push-2921,,得到：金融好书夜读推荐,【得到】睡前充电时间！为您推荐《投资最重要的事》作者霍华德·马克斯的最新访谈音频，深度解读当前市场周期。,2025-12-14 22:55:00,得到,
Push-2922,,系统：夜间模式已开启,【系统通知】已根据设定时间自动开启夜间模式与勿扰模式，助您拥有更好睡眠。所有通知将被静音。,2025-12-14 23:00:00,系统显示与亮度,
Push-2923,,美团：餐厅预定成功通知,【美团】您已成功预定能量碗（晴岚路店）双人位，预定码：202512151201，请于12:00准时到店。,2025-12-15 12:01:00,美团,
Push-2924,,雪球：午间行情快讯,【雪球】午间快讯：消费板块异动，您关注的食品饮料ETF（515170）上涨1.2%。点击查看深度解读>>,2025-12-15 12:15:00,雪球,
Push-2925,,系统：存储空间不足提醒,【系统通知】手机存储空间已使用超过90%，建议清理照片、视频或卸载不常用应用以释放空间。,2025-12-15 15:30:00,系统存储管理,
Push-2926,,得到：每日听书推荐,【得到】为您推荐《周期》有声书精讲，深度解读风险态度与市场波动，助您完善投资认知。,2025-12-15 16:45:00,得到,
Push-2927,,支付宝：生鲜支付成功提醒,【支付宝】您已成功支付钱大妈生鲜超市订单#CS202512151845，金额86.5元，账单已同步至我的账单。,2025-12-15 18:46:00,支付宝,
Push-2928,,系统：电量低提醒,【系统通知】当前手机电量已低于20%，建议连接充电器，预计剩余使用时间约1小时。,2025-12-15 19:15:00,系统电池管理,
Push-2929,107-1-2,支付宝：体检机构套餐推荐,【支付宝】为您推荐美年大健康父母关爱体检套餐，心脑血管专项+低剂量CT，全国门店通用，预约灵活，限时优惠价1288元。,2025-12-16 11:45:00,支付宝,107-a
Push-2930,,雪球：ESG投资趋势解读,【雪球】ESG投资成新风口，双碳目标下绿色金融板块迎来机遇，点击查看机构最新配置策略与核心标的分析。,2025-12-16 14:30:00,雪球,
Push-2931,,系统：存储空间不足提醒,【系统通知】您的手机存储空间已不足10%，部分应用运行可能受影响，建议及时清理照片、视频或卸载不常用应用。,2025-12-16 16:20:00,系统存储管理,
Push-2932,,华尔街见闻：明日市场前瞻,【华尔街见闻】明日关注央行公开市场操作及科技股财报季，为您梳理可能影响市场的三大关键事件与潜在交易机会。,2025-12-16 17:05:00,华尔街见闻,
Push-2933,,支付宝：生鲜订单支付成功,【支付宝】您已成功支付钱大妈生鲜订单#CD202512161825，金额68.5元，包含蓝莓、橙子、西兰花、鸡胸肉等商品。,2025-12-16 18:23:00,支付宝,
Push-2934,,盒马：健康食谱推荐,【盒马】根据您的购物记录，为您推荐香煎鸡胸肉配西兰花的低脂高蛋白食谱，点击查看详细做法与营养分析。,2025-12-16 18:45:00,盒马,
Push-2935,290-1-1,大麦：话剧购票成功通知,【大麦】恭喜您成功购买沉浸式话剧《时间旅行者的妻子》演出票！场次：12月18日 19:30，座位：中区5排12座，电子票码：DM731202512182130。,2025-12-16 20:48:00,大麦,290-a
Push-2936,,微信读书：投资经典限免阅读,【微信读书】您书架上的《周期》关联书籍《投资最重要的事》电子版限时免费阅读，霍华德·马克斯深度解读市场周期与风险。,2025-12-16 21:15:00,微信读书,
Push-2937,150-7-1,雪球：今日市场热点与研报速递,【雪球】今日关注：中央经济工作会议政策预期升温，新能源、消费板块获机构看好。您关注的XX新能源公司产业链分析报告已有多位分析师更新观点。,2025-12-17 09:00:00,雪球,150-g
Push-2938,150-7-1,华尔街见闻：全球央行观察音频更新,【华尔街见闻】您订阅的《全球央行观察》音频节目已更新最新一期：通胀黏性下的资产配置策略，时长25分钟，点击即可收听。,2025-12-17 10:30:00,华尔街见闻,150-g
Push-2939,117-2-1,Keep：您的健康周报已生成,【Keep】冯浩然，您本周已累计完成3次肩背康复训练，总时长45分钟。坚持训练对改善圆肩体态效果显著，查看详细数据。,2025-12-17 13:05:00,Keep,117-b
Push-2940,150-7-1,同花顺：板块异动与资金流向,【同花顺】快讯：午后新能源板块获主力资金净流入超5亿元，XX新能源公司股价拉升2.3%。您设置的股价提醒已触发。,2025-12-17 14:45:00,同花顺,150-g
Push-2941,117-2-2,支付宝：运动康复治疗支付成功,【支付宝】您已成功支付7K运动体能康复训练馆费用268元。订单号：20251217173546894，可在“我的账单”中查看详情。,2025-12-17 17:36:00,支付宝,117-b
Push-2942,117-2-3,提醒事项：工作间歇提醒设置成功,【提醒事项】您设置的重复提醒“起身活动2分钟！拉伸、远眺、喝水”已生效。将于每个工作日9:00至17:30期间，每45分钟提醒一次。,2025-12-17 20:12:00,iOS 提醒事项,117-b
Push-2943,286-2,京东：智能健康设备降价提醒,【京东】您关注的A品牌上臂式血压计（型号X1）限时直降50元，现价349元！B品牌八电极体脂秤同步参与满减，为父母健康添保障。,2025-12-17 21:50:00,京东,286-b
Push-2944,,系统：存储空间不足提醒,【系统通知】iPhone存储空间将满，可用空间不足10%。建议前往“设置”管理存储或清理不需要的照片、视频和应用。,2025-12-17 22:45:00,iOS 存储管理,
Push-2945,117-3,雪球：早盘财经要闻速递,【雪球】早盘必读：央行今日开展MLF操作，科技股开盘走强。您关注的沪深300ETF（510300）开盘报4.125元，微涨0.12%。点击查看实时行情。,2025-12-18 08:15:00,雪球,117-c
Push-2946,117-3,Keep：今日跑步数据已生成,【Keep】您今日的晨跑记录已生成，总里程 5.2 公里，平均配速 5‘30“，消耗热量 420 大卡。查看详细分析，保持自律！,2025-12-18 08:50:00,Keep,117-c
Push-2947,38-1,印象笔记：您的工作周报模板已更新,【印象笔记】您收藏的【金融投资顾问年度总结模板】已根据最新绩效评估标准完成更新，新增管理者视角模块，助您高效准备面谈材料。,2025-12-18 10:05:00,印象笔记,38-a
Push-2948,286-3,京东：订单支付成功,【京东】您已成功支付订单#JD2025121812034567，商品【欧姆龙智能血压计U32】*1、【云康宝智能体脂秤CS20E】*1，实付金额 698.00 元，预计12月20日送达武汉。,2025-12-18 12:05:00,京东,286-c
Push-2949,,网易云音乐：您关注的播客更新了,【网易云音乐】您订阅的播客【财经郎眼】已更新最新一期：2026年资产配置前瞻。点击立即收听，把握市场先机。,2025-12-18 13:30:00,网易云音乐,
Push-2950,,系统：存储空间不足提醒,【系统通知】您的手机存储空间已不足10%，部分应用运行可能受影响。建议及时清理照片、视频或卸载不常用应用。,2025-12-18 16:20:00,系统存储管理,
Push-2951,290-2-1,大麦：演出预定成功通知,【大麦】恭喜您！沉浸式话剧《时间旅行者的妻子》演出预定成功。订单号：DM20251215A789，场次：2025-12-18 19:30，座位：A区12排8座，电子票码：87654321。请提前30分钟到场验票。,2025-12-18 17:35:00,大麦,290-b
Push-2952,290-2-1,大众点评：拉面店到号提醒,【大众点评】您排号的【北辰丰穰鸡白汤拉面】当前已到号A18，请及时前往就餐，过号将顺延3桌。,2025-12-18 18:45:00,大众点评,290-b
Push-2953,38-1,WPS Office：文档协作更新提醒,【WPS Office】您正在协作编辑的文档【2025年度绩效汇报-冯浩然】已被保存最新版本。团队成员孙晓雅添加了客户满意度数据图表。点击查看详情。,2025-12-18 23:05:00,WPS Office,38-a
Push-2954,,小睡眠：助眠白噪音已为您开启,【小睡眠】检测到您已进入睡前放松时段，为您自动播放【雨夜篝火】助眠场景。祝您今夜好眠，明日精力充沛。,2025-12-18 23:25:00,小睡眠,
Push-2955,,雪球：早盘市场前瞻,【雪球】隔夜美股三大指数收涨，A股今日关注金融、科技板块。央行货币政策会议释放稳健信号，市场流动性预期稳定。,2025-12-19 08:25:00,雪球,
Push-2956,,企业微信：会议即将开始,【企业微信】您参与的会议“客户紧急需求处理”将于09:30开始，地点：公司会议室，请准时参加。,2025-12-19 09:00:00,企业微信,
Push-2957,,Wind：财经早报,【Wind】今日财经要闻：央行会议强调精准有力，年末流动性无忧。多家券商看好明年一季度行情。,2025-12-19 09:15:00,Wind,
Push-2958,,Keep：肩颈放松课程推荐,【Keep】检测到您近期关注肩颈健康，为您推荐办公室肩颈放松7分钟课程，利用午休时间缓解疲劳。,2025-12-19 13:05:00,Keep,
Push-2959,,高德地图：下班路况播报,【高德地图】当前三一大道、西二环交通拥堵，预计通行时间45分钟。为您推荐备选路线，可节省约10分钟。,2025-12-19 19:05:00,高德地图,
Push-2960,,支付宝：湘菜馆支付成功,【支付宝】您已成功支付西湖建新安置小区湘菜馆订单#20251219001，金额286元，账单已同步至我的账单。,2025-12-19 21:18:00,支付宝,
Push-2961,,喜马拉雅：晚间财经精选,【喜马拉雅】《财经夜话》更新：年末机构调仓路径解析，深度访谈多位基金经理。点击收听>>,2025-12-19 21:20:00,喜马拉雅,
Push-2962,107-2-1,瑞慈医疗：体检套餐预定成功,【瑞慈医疗】您已成功预定高端心脑血管筛查套餐（家庭版），预约码：RC20251219001。请于预约日期携带身份证到指定分院体检。,2025-12-19 22:35:00,瑞慈医疗,107-b
Push-2963,107-2-1,京东健康：智能健康设备推荐,【京东健康】为您推荐同款智能血压计与体脂秤，支持数据云端同步与家庭共享，现参与满减活动。,2025-12-19 22:40:00,京东健康,107-b
Push-2964,,系统：存储空间不足提醒,【系统通知】当前手机存储空间已不足10%，建议清理照片、视频或卸载不常用应用以释放空间。,2025-12-19 22:50:00,系统存储管理,
Push-2965,,微信读书：行为经济学书籍更新,【微信读书】您正在阅读的《“错误”的行为》有新的读者笔记和解读，快来查看吧。,2025-12-19 23:05:00,微信读书,
Push-2966,154-18-2,Keep：瑜伽课程提醒,【Keep】您预约的芯玥瑜伽普拉提肩颈放松课程将于10:15开始，请提前到达进行热身。今日主题：脊柱灵活与深度拉伸。,2025-12-20 09:45:00,Keep,154-r
Push-2967,,小红书：街拍灵感推荐,【小红书】冬日光影怎么拍？为你推荐长沙河西王府井商圈的5个绝佳街拍机位，附调色参数>>,2025-12-20 11:05:00,小红书,
Push-2968,,支付宝：照片冲印支付成功,【支付宝】您已成功支付拾光摄影照片冲印订单#PH20251220001，金额68元。照片预计今日可取。,2025-12-20 11:42:00,支付宝,
Push-2969,,美团外卖：订单确认通知,【美团外卖】西湖建新安置小区湘菜馆已接单！订单号#MF12512201825，小炒黄牛肉、剁椒鱼头等菜品正在制作中，预计19:10前送达。,2025-12-20 18:25:00,美团外卖,
Push-2970,,系统：存储空间不足,【系统通知】手机存储空间已使用超过90%，建议及时清理照片、视频或卸载不常用应用以释放空间。,2025-12-20 18:50:00,系统存储管理,
Push-2971,,Adobe Lightroom：调色预设上新,【Adobe Lightroom】新上架城市街拍胶片感预设包，包含10款适合冬日光影的滤镜，一键提升照片质感。,2025-12-20 20:35:00,Adobe Lightroom,
Push-2972,,雪球：热门文章推荐,【雪球】首席分析师解读：2026年全球宏观经济展望与A股资产配置新趋势（深度长文，附核心观点摘要）,2025-12-20 21:20:00,雪球,
Push-2973,,潮汐：睡前放松引导,【潮汐】收获满满的一天后，来一段10分钟的睡前正念呼吸引导，助你放松身心，提升睡眠质量。,2025-12-20 22:15:00,潮汐,
Push-2974,,系统：存储空间不足提醒,【系统通知】您的手机存储空间已使用超过90%，建议及时清理照片、视频或应用缓存，以保证手机流畅运行。,2025-12-21 12:15:00,系统存储管理,
Push-2975,,美团：个性化餐厅推荐,【美团】根据您的口味，为您推荐附近评分4.8的日料店“一鳗”，主打活鳗现烤和招牌拉面，点击查看详情。,2025-12-21 12:45:00,美团,
Push-2976,,支付宝：午餐支付成功提醒,【支付宝】您已成功支付“万科西街花园日式拉面店”订单#202512211305，金额68元，账单已同步至我的账单。,2025-12-21 13:02:00,支付宝,
Push-2977,,雪球：午间行情快讯,【雪球】午盘快讯：恒生科技指数涨1.5%，您关注的腾讯控股（00700）涨2.1%，点击查看详情。,2025-12-21 13:20:00,雪球,
Push-2978,87-2,大众点评：预订成功通知,【大众点评】您预订的“西湖春天”（开福店）12月25日18:30包间（清风阁）已确认成功，预订码：XHCT20251225，最低消费800元。,2025-12-21 14:35:00,大众点评,87-b
Push-2979,,瑞慈医疗：体检预约提醒,【瑞慈医疗】您关注的父母体检套餐（心脑血管专项）尚有预约名额，建议提前准备身份证号及过往病历，点击立即预约。,2025-12-21 15:05:00,瑞慈医疗,
Push-2980,285-2-1,美团外卖：外卖支付成功提醒,【美团外卖】您已成功支付家庭聚餐外卖订单#MT202512211525，金额128元，预计17:50送达，骑手接单后将通知您。,2025-12-21 15:23:00,美团外卖,285-b
Push-2981,,得到：睡前知识推荐,【得到】睡前听本书：《投资最重要的事》精华解读已更新，助您深化价值投资思维，点击收听。,2025-12-21 21:50:00,得到,
Push-2982,282-2-1,钉钉：会议即将开始提醒,【钉钉】您参与的部门年终总结会议将于09:15开始，地点：华泰证券会议室，请准时参加。,2025-12-22 08:45:00,钉钉,282-b
Push-2983,286-4-1,雪球：AI算力板块行情速递,【雪球】您关注的AI算力板块早盘活跃，相关ETF涨幅超2%，【中科曙光】、【浪潮信息】领涨。点击查看深度解读。,2025-12-22 11:15:00,雪球,286-d
Push-2984,286-4-1,健康守护：新设备绑定成功通知,【健康守护】您已成功绑定家庭健康监测设备（设备号：HS20251222001），可在家庭看板查看成员健康数据。,2025-12-22 11:45:00,健康守护,286-d
Push-2985,282-2-2,美团：餐厅预定成功通知,【美团】您已成功预定老灶台湘菜馆（金鹰路店）包厢，预定码：87654321，用餐时间：12:00，请准时到店。,2025-12-22 11:50:00,美团,282-b
Push-2986,150-7-2,支付宝：个人养老金账户开通提醒,【支付宝】个人养老金账户已为您开通，年度缴费上限12000元，可享税收优惠。立即查看推荐产品。,2025-12-22 13:45:00,支付宝,150-g
Push-2987,,京东：订单发货提醒,【京东】您购买的健康设备备用电池和腕带（订单号：JD20251222123456）已由京东物流揽收，预计明日送达。,2025-12-22 15:30:00,京东,
Push-2988,,系统：存储空间不足提醒,【系统通知】当前手机存储空间已使用超过90%，建议清理缓存或卸载不常用应用以释放空间。,2025-12-22 16:20:00,系统存储管理,
Push-2989,,网易云音乐：每日推荐,【网易云音乐】根据您的收听历史，今日为您推荐古典钢琴放松歌单《静谧时光》，内含肖邦、德彪西等作品。,2025-12-22 18:05:00,网易云音乐,
Push-2990,286-4-2,微信：视频通话邀请,【微信】父亲邀请您进行视频通话，点击接听。,2025-12-22 19:30:00,微信,286-d
Push-2991,,同花顺：今日市场复盘简报,【同花顺】今日A股三大指数收涨，高股息板块表现强势，半导体材料板块尾盘拉升。点击查看详细复盘数据。,2025-12-22 21:00:00,同花顺,
Push-2992,,美团外卖：订单配送提醒,【美团外卖】您的小炒黄牛肉和手撕包菜订单#MT202512231915已由骑手张师傅（电话138****5678）取餐，正火速送往岳麓区双塘路99号，预计19:40前送达。,2025-12-23 19:35:00,美团外卖,
Push-2993,117-4,京东：支付成功提醒,【京东】您已成功支付订单#JD202512232014，金额 298.00 元，商品：网易严选人体工学腰靠*1，北弧笔记本电脑支架*1，预计12月25日送达。,2025-12-23 20:14:00,京东,117-d
Push-2994,117-4,京东：订单确认通知,【京东】您的订单#JD202512232014已确认，商品已开始拣货，预计12月25日送达，请保持电话畅通。,2025-12-23 20:16:00,京东,117-d
Push-2995,,系统：存储空间不足提醒,【系统通知】您的手机存储空间已使用超过90%，建议及时清理照片、视频或卸载不常用应用以释放空间。,2025-12-23 21:50:00,系统存储管理,
Push-2996,,雪球：市场行情快讯,【雪球】今日A股三大指数收涨，金融板块表现活跃。您关注的华泰证券（601688）收涨1.2%，报18.88元。点击查看深度解读。,2025-12-23 22:25:00,雪球,
Push-2997,,得到：财经知识推荐,【得到】为您推荐《周期》作者霍华德·马克斯最新专栏：当前市场周期下的风险识别与机遇，与您正在阅读的书籍主题契合。,2025-12-23 22:30:00,得到,
Push-2998,,墨迹天气：今日天气提醒,【墨迹天气】长沙今日阴天，气温 5~9°C，东北风2级，空气质量良。晨跑请注意保暖，建议穿着防风外套。,2025-12-24 06:50:00,墨迹天气,
Push-2999,,喜马拉雅：财经播客更新提醒,【喜马拉雅】您订阅的播客《商业就是这样》已更新第245期：年终投资策略复盘与展望，可在通勤路上收听。,2025-12-24 09:10:00,喜马拉雅,
Push-3000,,大众点评：新店开业提醒,【大众点评】您关注的轻食店【沙拉日记】已开业，位于传媒路，主打自选沙拉套餐。已有23条优质评价，快去尝尝吧！,2025-12-24 12:05:00,大众点评,
Push-3001,,美团：餐厅预定成功通知,【美团】您已成功预定【西湖春天（广电店）】12月25日 18:30 的6人包间，预定码 658742。请准时到店。,2025-12-24 14:02:00,美团,
Push-3002,,高德地图：实时路况提醒,【高德地图】您常走的韶山中路（雨花区段）当前车流量较大，预计通行时间增加5分钟。建议您规划好出行时间。,2025-12-24 19:15:00,高德地图,
Push-3003,,支付宝：支付成功提醒,【支付宝】您已成功支付双层巴士精酿啤酒餐吧消费，金额 168 元，账单已同步至我的账单。,2025-12-24 20:52:00,支付宝,
Push-3004,,微信读书：阅读进度提醒,【微信读书】您正在阅读的《债务危机》已为您保存阅读进度至第85页。睡前读几页，放松一下吧。,2025-12-24 23:15:00,微信读书,
Push-3005,,美团外卖：订单确认通知,【美团外卖】您的小炒黄牛肉套餐订单#202512251130已确认，商家【湘味小厨】已接单，预计12:05送达，请留意骑手电话。,2025-12-25 11:31:00,美团外卖,
Push-3006,86-2-3,脉脉：职业发展推荐,【脉脉】为你推荐：华泰证券投资总监钱永强分享的团队管理心得，以及3个与你职业规划匹配的晋升案例，点击查看详情。,2025-12-25 12:35:00,脉脉,86-b
Push-3007,,企业微信：客户报告跟进提醒,【企业微信】客户【星城科技】已查收并回复年度报告，评价为结构清晰数据详实。点击查看完整对话。,2025-12-25 14:32:00,企业微信,
Push-3008,,系统：存储空间不足提醒,【系统通知】手机存储空间已使用超过90%，建议清理微信缓存或卸载不常用应用，以保证系统流畅运行。,2025-12-25 16:20:00,系统存储管理,
Push-3009,86-2-2,大众点评：圣诞聚餐餐厅推荐,【大众点评】圣诞特辑！你收藏的【西湖建新安置小区湘菜馆】推出节日双人套餐，内含招牌剁椒鱼头，凭此通知到店可享9折优惠。,2025-12-25 18:15:00,大众点评,86-b
Push-3010,,支付宝：AA聚餐支付成功提醒,【支付宝】你已成功支付AA聚餐费用268元至彭雨晴，账单已同步至我的账单。祝你们圣诞快乐！,2025-12-25 21:18:00,支付宝,
Push-3011,,华为运动健康：今日活动总结,【华为运动健康】今日步数统计：步行12560步，消耗热量420千卡，久坐提醒达标率80%。点击查看详细报告。,2025-12-25 22:05:00,华为运动健康,
Push-3012,,图虫：摄影作品新评价,【图虫】你的湘江系列作品《暮色渔火》收到一条来自摄影师【徐佳宁】的专业评价：构图巧妙，光影层次感强。点击查看并回复。,2025-12-25 22:35:00,图虫,
Push-3013,,墨迹天气：今日天气提醒,【墨迹天气】长沙今日（12月26日）多云转阴，气温 3-8°C，北风2-3级，空气质量良。建议您进行室内康复训练，注意保暖。,2025-12-26 06:45:00,墨迹天气,
Push-3014,,华尔街见闻：早间市场速递,【华尔街见闻】隔夜美股三大指数收涨，科技股领跑。A股今日关注AI算力板块及高股息策略。点击查看最新研报解读。,2025-12-26 07:15:00,华尔街见闻,
Push-3015,,Keep：今日训练提醒,【Keep】您今日的肩颈拉伸与核心训练计划已准备就绪，预计时长25分钟。点击开始，缓解久坐僵硬，开启活力一天。,2025-12-26 07:55:00,Keep,
Push-3016,92-7,喜马拉雅：华尔街见闻播客更新,【喜马拉雅】您订阅的《华尔街见闻早餐》已更新：2026年Q1投资展望，聚焦AI算力与宏观政策。点击收听，通勤路上充电。,2025-12-26 08:05:00,喜马拉雅,92-g
Push-3017,,雪球：自选股异动提醒,【雪球】您关注的AI算力板块个股【中科曙光】早盘高开3.2%，成交额放大。点击查看实时行情与机构观点。,2025-12-26 09:05:00,雪球,
Push-3018,,系统：存储空间不足提醒,【系统通知】您的手机存储空间已使用超过90%，部分功能可能受限。建议您及时清理照片、视频或应用缓存。,2025-12-26 09:10:00,系统存储管理,
Push-3019,92-7,有道云笔记：工作文档同步成功,【有道云笔记】您于09:45编辑的文档【客户A年度持仓报告】已成功同步至云端。所有设备均可查看最新版本。,2025-12-26 09:46:00,有道云笔记,92-g
Push-3020,87-3,美团：餐厅预定成功通知,【美团】您已成功预定【吃饭皇帝大（王府井河西店）】12月26日 12:50 的2人位，预定码 658742。请准时到店。,2025-12-26 11:50:00,美团,87-c
Push-3021,87-3,支付宝：支付成功提醒,【支付宝】您已成功支付 LAMY专卖店 订单#LY202512261225，金额 598.00 元。账单已同步至我的账单。,2025-12-26 12:26:00,支付宝,87-c
Push-3022,,大众点评：午餐餐厅到店提醒,【大众点评】您预定的【吃饭皇帝大】已到店时间，餐厅当前等位0桌。点击出示预定码658742，祝您用餐愉快！,2025-12-26 12:48:00,大众点评,
Push-3023,92-7,Wind资讯：您关注的研报已更新,【Wind资讯】您关注的《2026年AI算力产业链投资策略》深度研报已发布。涉及芯片、服务器、光模块等细分领域。,2025-12-26 14:30:00,Wind资讯,92-g
Push-3024,,Microsoft OneNote：本周工作摘要已生成,【OneNote】根据您本周的记录，已自动生成工作摘要，包含3份客户报告、1次晋升申请归档。点击查看详情。,2025-12-26 16:30:00,Microsoft OneNote,
Push-3025,,下厨房：蛋炒饭食谱推荐,【下厨房】看到您购买了鸡蛋，为您推荐【黄金蛋炒饭】秘籍：隔夜饭、蛋黄先拌，粒粒分明。点击查看详细步骤。,2025-12-26 18:10:00,下厨房,
Push-3026,,微信读书：财经杂志更新提醒,【微信读书】您常读的《财经》杂志2025年第50期已上线，封面文章：《2026宏观经济：挑战与机遇》。点击阅读。,2025-12-26 18:40:00,微信读书,
Push-3027,,B站：您关注的摄影UP主更新,【B站】您关注的摄影UP主【极光猎人】发布了新视频：《冰岛追光之旅：延时摄影全记录》。快来围观吧！,2025-12-26 20:00:00,Bilibili,
Push-3028,,得到：睡前听书推荐,【得到】为您推荐《大空头》精讲版，45分钟听完经典金融案例，反思风险与人性。助您睡前放松与思考。,2025-12-26 21:05:00,得到,
Push-3029,,系统：电量低提醒,【系统通知】当前手机电量已低于 20%，请及时连接充电器，避免自动关机影响使用。,2025-12-26 21:50:00,系统电池管理,
Push-3030,,Keep：今日运动成就,【Keep】恭喜你完成今日晨跑目标！今日在岳麓山跑步5.2公里，用时35分钟，平均配速6‘44”，已连续坚持7天，继续加油！,2025-12-27 07:15:00,Keep,
Push-3031,154-19-1,支付宝：课程续费支付成功,【支付宝】您已成功向芯玥瑜伽普拉提(王府井店)支付季度课程续费，金额2888元。支付方式：花呗。订单号：YZ20251227084321,2025-12-27 10:28:00,支付宝,154-s
Push-3032,,支付宝：咖啡消费支付成功,【支付宝】您在心怡手冲咖啡馆消费成功，金额38元。支付方式：余额宝。账单已同步至我的账单。,2025-12-27 11:25:00,支付宝,
Push-3033,,系统：存储空间不足提醒,【系统通知】您的手机存储空间已不足10%，部分应用可能运行缓慢。建议及时清理照片、视频或卸载不常用应用。,2025-12-27 14:05:00,系统存储管理,
Push-3034,,小红书：岳麓山徒步摄影灵感,【小红书】发现岳麓山爱晚亭新晋打卡机位！冬日光影与古亭结合，出片率超高。点击查看摄影达人的调色参数与构图技巧。,2025-12-27 15:20:00,小红书,
Push-3035,,淘宝：男士休闲西装推荐,【淘宝】根据您的浏览记录，为您推荐这款简约修身休闲西装，年末聚会、商务场合皆宜。限时优惠，领券立减100元。,2025-12-27 17:45:00,淘宝,
Push-3036,108-1,丁香医生：中老年体检指南更新,【丁香医生】您关注的“心脑血管疾病早期筛查”指南已更新。新增关于低剂量螺旋CT在肺癌筛查中的应用建议与专家解读。,2025-12-27 23:05:00,丁香医生,108-a
Push-3037,,Keep：今日训练计划提醒,【Keep】您今日的肩颈与核心康复训练计划已就绪，预计用时15分钟。坚持训练，收获健康！,2025-12-28 08:25:00,Keep,
Push-3038,,雪球：全球市场早报,【雪球】全球市场动态速览：美股三大指数收盘涨跌不一，A股今日关注板块...点击查看详情，保持信息敏感度。,2025-12-28 08:45:00,雪球,
Push-3039,42-2-2,目标规划提醒,开始构思2026年目标：职业提升、家庭规划、资产学习,2025-12-28 09:00:00,目标规划助手,42-b
Push-3040,42-2-3,招商银行：个人养老金账户预约提醒,【招商银行】您关注的个人养老金账户开设服务已可预约。2026年1月初缴存，享税收优惠，立即预约锁定权益。,2025-12-28 10:15:00,招商银行,42-b
Push-3041,42-2-1,滴答清单：年度复盘目标设置提醒,【滴答清单】检测到您有年度复盘任务待完成。建议为2026年职业发展、家庭健康等目标设置清晰里程碑。,2025-12-28 11:00:00,滴答清单,42-b
Push-3042,,系统：存储空间不足提醒,【系统通知】您的手机存储空间已使用超过90%，部分应用运行可能受影响。建议及时清理照片、视频等文件。,2025-12-28 16:30:00,系统存储管理,
Push-3043,139-16,图虫：您关注的摄影师更新了作品,【图虫】您关注的街拍摄影师【城市捕手】发布了新作品《老街暮色》，快来欣赏灵感吧！,2025-12-28 21:10:00,图虫,139-p
Push-3044,,微信读书：《投资最重要的事》阅读进度提醒,【微信读书】您正在阅读的《投资最重要的事》已为您保存阅读进度。今日阅读25分钟，累计笔记3条，继续坚持！,2025-12-28 21:40:00,微信读书,
Push-3045,,雪球：今日财经早报,【雪球】早间速递：A股三大指数集体高开，科技板块领涨。您关注的沪深300ETF（510300）开盘上涨0.8%。点击查看最新行情与机构观点。,2025-12-29 07:15:00,雪球,
Push-3046,158-9-1,高德地图：出行提醒,【高德地图】您设定的目的地【圣爵菲斯咖啡厅】预计驾车需要45分钟。当前路况良好，建议您于08:15前出发。,2025-12-29 08:00:00,高德地图,158-i
Push-3047,158-9-1,美团：餐厅预定成功通知,【美团】您已成功预定圣爵菲斯咖啡厅，预定码：SJFS2025122901，时间：12月29日 10:00，人数：3位。请准时到店。,2025-12-29 08:05:00,美团,158-i
Push-3048,,系统：存储空间不足提醒,【系统通知】当前手机存储空间已使用超过90%，建议及时清理照片、视频或卸载不常用应用以释放空间。,2025-12-29 18:50:00,系统存储管理,
Push-3049,,支付宝：便利店支付成功提醒,【支付宝】您已成功支付归心苑便利店订单#202512291837，金额 68.5 元，账单已同步至我的账单。,2025-12-29 19:08:00,支付宝,
Push-3050,,高德地图：通勤路况提醒,【高德地图】早高峰路况提醒：您常走的西二环、三一大道方向车流量大，建议您提前5分钟出发。点击查看实时路况与备选路线。,2025-12-30 08:05:00,高德地图,
Push-3051,,雪球：热门行业动态,【雪球】您关注的金融科技板块早盘异动，相关ETF涨幅超2%。多家券商发布行业年度展望报告，点击查看深度解读。,2025-12-30 11:30:00,雪球,
Push-3052,,美团：附近美食推荐,【美团】为您推荐传媒路附近评分4.8+的湘菜馆：老长沙口味虾、小炒黄牛肉套餐限时优惠。点击查看详情与预定。,2025-12-30 11:50:00,美团,
Push-3053,42-4-1,星巴克中国：订单确认,【星巴克中国】您的啡快订单#ST20251230124015已确认，包含大杯耶加雪菲手冲咖啡一杯。请前往心怡手冲咖啡馆取餐。,2025-12-30 12:41:00,星巴克中国,42-d
Push-3054,,支付宝：支付成功提醒,【支付宝】您已成功支付归心苑便利店订单#GY202512301740，金额298元。购买商品：鱼跃上臂式电子血压计。,2025-12-30 18:05:00,支付宝,
Push-3055,,500px：您关注的作品有更新,【500px】您关注的摄影师【城市之眼】发布了新作品《午夜霓虹》，并获得本周城市纪实类精选推荐。快来欣赏吧！,2025-12-30 21:05:00,500px,
Push-3056,,飞猪旅行：酒店预定成功,【飞猪旅行】恭喜您！酒店预定成功。订单号：FJ202512302125。长沙君悦酒店，豪华江景大床房，入住日期2026-01-02，离店日期2026-01-04。,2025-12-30 21:26:00,飞猪旅行,
Push-3057,,得到：您订阅的课程已更新,【得到】您订阅的《行为经济学经典案例解读》已更新第15讲：禀赋效应与投资决策。睡前充电，点击收听。,2025-12-30 22:35:00,得到,
Push-3058,,系统：存储空间不足提醒,【系统通知】您的手机存储空间已不足10%，部分应用运行可能受影响。建议及时清理照片、视频或卸载不常用应用。,2025-12-30 22:40:00,系统存储管理,
Push-3059,117-8,墨迹天气：明日低温预警,【墨迹天气】长沙市岳麓区明日（2026-01-01）最低气温将降至0℃，昼夜温差大，请注意防寒保暖，出行前请关注最新预报。,2025-12-31 06:35:00,墨迹天气,117-h
Push-3060,,得到：财经播客更新提醒,【得到】您订阅的《吴晓波频道》已更新：2025年终盘点，哪些行业在逆势增长？点击收听最新市场洞见。,2025-12-31 09:05:00,得到,
Push-3061,117-8,Notion：年度计划模板推荐,【Notion】发现适合金融从业者的年度目标分解模板，助您将“晋升投资总监”等目标拆解为季度任务，高效规划2026。,2025-12-31 11:15:00,Notion,117-h
Push-3062,,大众点评：湘菜馆收藏提醒,【大众点评】您收藏的“老湘食”（金鹰路店）近期有新品“腊味合蒸”上架，多位食客推荐，午餐时段可前往品尝。,2025-12-31 12:15:00,大众点评,
Push-3063,139-17-1,500px：摄影展归档完成通知,【500px】您的线上影展“城市切片”已成功转为存档模式，所有作品、留言及互动数据（总计点赞1520次）已备份至您的个人空间。,2025-12-31 14:45:00,500px,139-q
Push-3064,139-17-1,索尼影像：镜头清洁保养贴士,【索尼影像】长时间拍摄后，别忘了清洁镜头与传感器。点击查看专业清洁教程，让您的索尼相机时刻保持最佳状态。,2025-12-31 15:30:00,索尼影像,139-q
Push-3065,284-2,莉景天气：湘江边日落黄金时刻预报,【莉景天气】长沙市杜甫江阁附近，今日（12月31日）日落时间为17:45，黄金拍摄时段为17:20-18:10，天空云量适中，适合延时摄影。,2025-12-31 16:30:00,莉景天气,284-a
Push-3066,,系统：存储空间不足提醒,【系统通知】您的手机存储空间已使用超过90%，建议及时清理照片、视频或卸载不常用应用，以确保设备流畅运行。,2025-12-31 17:15:00,系统存储管理,
Push-3067,284-4,小红书：长沙跨年烟花拍摄机位分享,【小红书】您关注的摄影达人“长沙拍客”刚分享了杜甫江阁西侧观景平台的跨年烟花拍摄参数与构图技巧，快来收藏学习吧！,2025-12-31 19:20:00,小红书,284-a
Push-3068,284-6,微信：视频通话邀请,【微信】您的好友吴俊杰、彭雨晴邀请您加入视频通话，共同迎接2026年。点击即可加入群聊，隔空举杯庆新年！,2025-12-31 23:55:00,微信,284-a
